_source_file,time_raw,human_time,map_start_time_raw,map_end_time_raw,mod_name,consensus,extreme_99th,prob_rf,prob_et,prob_lr,prob_gb,prob_xgb,prob_lsvc,prob_csvc,prob_knn,prob_mlp,prob_gnb,view_delta_deg,view_speed_deg_per_ms,view_best_delta_deg,view_best_speed_deg_per_sec,attacker_target_distance,attacker_xy_speed,attacker_z_speed,attacker_distance_last_second,target_xy_speed,target_z_speed,target_distance_last_second,missile_lifetime,missile_pitch,target_corpse_travel_distance,target_corpse_travel_z_distance,attacker_name,target_name
10 Xen_Crypt ctf_dantooine_v3 2025-10-21_23-57-12.dm_26.dm_meta,127850,00:01:09.007,59276,1273907,MOD_REPEATER_ALT_SPLASH,bad,False,0.15666666666666668,0.24666666666666667,0.11688479585744553,0.10194255811856068,0.062324557453393936,-0.7664158253990447,0.16298007606852394,0.4,2.248190847967405e-06,0.4803138569667675,0.0,0.0,0.653294026851654,19.796789169311523,213.0,553,89,555,453.0,392.0,519.0,,,415.0,295.0,^3Xen_Crypt,^7enab
10 Xen_Crypt ctf_dantooine_v3 2025-10-21_23-57-12.dm_26.dm_meta,168968,00:01:50.125,59276,1273907,MOD_REPEATER_ALT_SPLASH,bad,False,0.23,0.32,0.07177649828266824,0.212258034072775,0.6485103964805603,-0.9480295402578148,0.1272830998578474,0.2,1.9753708958732404e-05,0.251626067785788,0.0,0.0,39.344966888427734,1192.271728515625,150.0,451,104,390,336.0,238.0,228.0,,,158.0,36.0,^3Xen_Crypt,^7cfan
10 Xen_Crypt ctf_dantooine_v3 2025-10-21_23-57-12.dm_26.dm_meta,238697,00:02:59.854,59276,1273907,MOD_REPEATER_ALT,bad,False,0.12666666666666668,0.19666666666666666,0.04286993760272755,0.10641012510729922,0.009748146869242191,-1.051595155547576,0.1189724819946496,0.2,1.924337898729063e-20,0.19686883496665403,0.0,0.0,11.533061027526855,349.4866943359375,319.0,557,493,580,131.0,333.0,327.0,165.0,-21.0,55.0,51.0,^3Xen_Crypt,^7enab
10 Xen_Crypt ctf_dantooine_v3 2025-10-21_23-57-12.dm_26.dm_meta,241997,00:03:03.154,59276,1273907,MOD_REPEATER_ALT_SPLASH,bad,False,0.17333333333333334,0.24,0.10314739261475277,0.19089760649466603,0.015284092165529728,-0.8171585447609597,0.1553903009604958,0.0,1.1708266495671138e-06,0.3236769294613576,3.6756820678710938,0.1113843023777008,6.819565773010254,206.65350341796875,182.0,482,6,344,160.0,111.0,549.0,,,50.0,0.0,^3Xen_Crypt,^7cfan
10 Xen_Crypt ctf_dantooine_v3 2025-10-21_23-57-12.dm_26.dm_meta,334925,00:04:36.082,59276,1273907,MOD_REPEATER_ALT_SPLASH,bad,True,0.2733333333333333,0.2733333333333333,0.2625117299757204,0.2106334596643054,0.09705699980258942,-0.40895144217757484,0.2798972875051466,0.4,0.0004673734054679581,0.005849810654286424,11.490199089050293,0.3481878638267517,36.882503509521484,1117.651611328125,689.0,265,0,255,531.0,341.0,490.0,,,489.0,16.0,^3Xen_Crypt,^7enab
10 Xen_Crypt ctf_dantooine_v3 2025-10-21_23-57-12.dm_26.dm_meta,462173,00:06:43.330,59276,1273907,MOD_CONC,bad,False,,,,,,,,,,,0.0,0.0,11.318490982055664,342.9845886230469,345.0,492,0,445,48.0,18.0,291.0,,,2.0,0.0,^3Xen_Crypt,^7enab
10 Xen_Crypt ctf_dantooine_v3 2025-10-21_23-57-12.dm_26.dm_meta,513290,00:07:34.447,59276,1273907,MOD_FLECHETTE_ALT_SPLASH,bad,False,0.02,0.05,0.08991641318478057,0.0008899324469503111,0.002325640758499503,-0.783093143087041,0.15895214617789652,0.0,1.1142292193883006e-07,0.36722954610649594,0.6488447785377502,0.01966196298599243,26.971670150756836,817.3233642578125,273.0,329,0,279,302.0,257.0,312.0,,,288.0,3.0,^3Xen_Crypt,^7enab
10 Xen_Crypt ctf_dantooine_v3 2025-10-21_23-57-12.dm_26.dm_meta,623378,00:09:24.535,59276,1273907,MOD_BRYAR_PISTOL_ALT,bad,False,0.26666666666666666,0.21333333333333335,0.3606947366488436,0.04527505077013656,0.11652549356222153,-0.23105414995603035,0.48867370489669515,0.4,0.9999999631640415,0.7610614257217106,0.1318359375,0.0039950283244252205,0.7586137056350708,22.98829460144043,1584.0,345,0,320,432.0,80.0,0.0,891.0,-10.0,36.0,0.0,^3Xen_Crypt,^3spdy
10 Xen_Crypt ctf_dantooine_v3 2025-10-21_23-57-12.dm_26.dm_meta,765509,00:11:46.666,59276,1273907,MOD_ROCKET,bad,True,0.11,0.06666666666666667,0.004049375512937611,0.0035723478332802304,0.00048447304288856685,-1.891113822305342,0.043884721110289536,0.4,4.2702676849246093e-32,3.254337135223375e-10,75.4030990600586,0.5712355971336365,89.21034240722656,2703.34375,69.0,956,15,786,212.0,380.0,242.0,66.0,-49.0,37.0,0.0,^3Xen_Crypt,^3spdy
10 Xen_Crypt ctf_dantooine_v3 2025-10-21_23-57-12.dm_26.dm_meta,852002,00:13:13.159,59276,1273907,MOD_REPEATER_ALT_SPLASH,bad,False,0.15666666666666668,0.16333333333333333,0.2224590578066825,0.2267243750122365,0.11439163982868195,-0.4771312296029384,0.2514792682487737,0.2,1.46413084743898e-09,0.5110896078351033,0.2197265625,0.006658380851149559,18.921794891357422,573.3877563476562,650.0,513,189,594,413.0,18.0,498.0,,,18.0,0.0,^3Xen_Crypt,^7enab
10 Xen_Crypt ctf_dantooine_v3 2025-10-21_23-57-12.dm_26.dm_meta,1026407,00:16:07.564,59276,1273907,MOD_ROCKET_SPLASH,bad,False,0.10333333333333333,0.11833333333333333,0.05880476419431489,0.16802568485778632,0.21667376160621643,-1.035924814266619,0.11419611714904038,0.2,0.043433263297758345,0.3079729759665581,2.3931100368499756,0.0725184828042984,2.3931100368499756,72.51848602294922,67.0,304,147,319,99.0,333.0,322.0,,,88.0,0.0,^3Xen_Crypt,^7enab
10 Xen_Crypt ctf_dantooine_v3 2025-10-21_23-57-12.dm_26.dm_meta,1096499,00:17:17.656,59276,1273907,MOD_ROCKET,bad,True,0.08,0.08,0.0065206637207519125,0.01217188125234692,0.0007813813863322139,-1.7720842165115411,0.04728062051292797,0.2,3.918801329486483e-70,0.01523565011763986,15.071104049682617,0.22835005819797516,29.00252914428711,878.864501953125,38.0,1637,745,1272,186.0,245.0,393.0,,,11.0,0.0,^3Xen_Crypt,^7cfan
10 Xen_Crypt ctf_dantooine_v3 2025-10-21_23-57-12.dm_26.dm_meta,1107620,00:17:28.777,59276,1273907,MOD_REPEATER_ALT_SPLASH,bad,False,0.14,0.12666666666666668,0.16727145546969574,0.0402401630288785,0.005754615180194378,-0.6148139499166418,0.204026896374637,0.2,0.00019844155759142257,0.48328033589269725,1.6820207834243774,0.01699010841548443,4.308605670928955,130.56381225585938,329.0,436,0,418,421.0,3.0,580.0,,,77.0,7.0,^3Xen_Crypt,^7lg
10 Xen_Crypt ctf_dantooine_v3 2025-10-21_23-57-12.dm_26.dm_meta,1235165,00:19:36.322,59276,1273907,MOD_THERMAL_SPLASH,bad,False,,,,,,,,,,,1.0628952980041504,0.03220894932746887,12.524715423583984,379.5368347167969,396.0,332,53,319,360.0,70.0,199.0,,,82.0,0.0,^3Xen_Crypt,^3spdy
10 Xen_Crypt ctf_dantooine_v3 2025-10-21_23-57-12.dm_26.dm_meta,1252655,00:19:53.812,59276,1273907,MOD_BOWCASTER,bad,False,,,,,,,,,,,3.1943633556365967,0.09679888933897018,7.984158515930176,241.94419860839844,47.0,97,0,505,653.0,35.0,797.0,,,241.0,24.0,^3Xen_Crypt,^7cfan
10 Xen_Crypt ctf_hagrent_v8 2025-08-31_19-11-49.dm_26.dm_meta,236981,00:00:51.946,186062,1426994,MOD_REPEATER_ALT_SPLASH,bad,False,0.07,0.09333333333333334,0.1263163487351637,0.11841059697973023,0.0080832215026021,-0.7262044026253374,0.17016714583195125,0.2,0.029535455345805112,0.30492344032176005,0.0,0.0,60.297969818115234,1827.211181640625,193.0,426,0,331,503.0,32.0,407.0,,,68.0,0.0,^3Xen_Crypt,^7burrowfan
10 Xen_Crypt ctf_hagrent_v8 2025-08-31_19-11-49.dm_26.dm_meta,255263,00:01:10.228,186062,1426994,MOD_BRYAR_PISTOL_ALT,bad,False,0.14,0.20666666666666667,0.21802845995234849,0.08083719252619356,0.02708940953016281,-0.3554418012542029,0.4667360598851424,0.0,1.4458918625510075e-16,1.7838626090216366e-07,28.04698371887207,0.12141551077365875,35.54053497314453,1076.9859619140625,67.0,449,30,748,567.0,280.0,617.0,,,102.0,22.0,^3Xen_Crypt,^7burrowfan
10 Xen_Crypt ctf_hagrent_v8 2025-08-31_19-11-49.dm_26.dm_meta,265361,00:01:20.326,186062,1426994,MOD_FALLING,bad,False,,,,,,,,,,,0.0,0.0,0.0,0.0,439.0,655,603,654,694.0,0.0,865.0,,,92.0,0.0,^3Xen_Crypt,^7burrowfan
10 Xen_Crypt ctf_hagrent_v8 2025-08-31_19-11-49.dm_26.dm_meta,416303,00:03:51.268,186062,1426994,MOD_FALLING,bad,False,,,,,,,,,,,2.3029725551605225,0.023262349888682365,106.78328704833984,3235.857177734375,,564,182,632,,,,,,,,^3Xen_Crypt,^7ez
10 Xen_Crypt ctf_hagrent_v8 2025-08-31_19-11-49.dm_26.dm_meta,448214,00:04:23.179,186062,1426994,MOD_ROCKET_SPLASH,bad,False,0.17,0.17666666666666667,0.07863330227001154,0.10084637699473124,0.04827430844306946,-0.9157977966759301,0.1305757386626819,0.4,7.287077648755382e-08,0.3349401048836259,0.0,0.0,69.62378692626953,2109.811767578125,62.0,120,303,403,109.0,186.0,533.0,,,54.0,0.0,^3Xen_Crypt,^7ez
10 Xen_Crypt ctf_hagrent_v8 2025-08-31_19-11-49.dm_26.dm_meta,483590,00:04:31.851,186062,1426994,MOD_FLECHETTE_ALT_SPLASH,bad,False,0.07,0.07333333333333333,0.07961838781766807,0.0016592293706821995,0.04219307005405426,-0.8279840957614778,0.15852528785514827,0.2,5.225881542260485e-28,0.0074773610853095486,4.848198890686035,0.02938302420079708,13.789711952209473,417.87005615234375,516.0,508,334,475,226.0,119.0,565.0,,,74.0,0.0,^3Xen_Crypt,^7ez
10 Xen_Crypt ctf_hagrent_v8 2025-08-31_19-11-49.dm_26.dm_meta,493556,00:04:41.817,186062,1426994,MOD_FLECHETTE_ALT_SPLASH,bad,False,0.04,0.13333333333333333,0.10026298308238615,0.0012303451511988133,0.009271157905459404,-0.7610340693103197,0.15928877330065624,0.4,9.965826565266349e-11,0.14916356001482628,5.4247822761535645,0.08219367265701294,38.79092788696289,1175.482666015625,74.0,377,3,672,539.0,62.0,470.0,,,30.0,0.0,^3Xen_Crypt,^7burrowfan
10 Xen_Crypt ctf_hagrent_v8 2025-08-31_19-11-49.dm_26.dm_meta,517811,00:05:06.072,186062,1426994,MOD_DISRUPTOR,bad,False,0.03666666666666667,0.023333333333333334,0.03110871162662456,0.000273995162412367,0.000551394943613559,-0.8996220218066495,0.06445502381233163,0.0,6.525009802360715e-31,0.8322619764805412,0.0,0.0,1.3931859731674194,42.21775817871094,455.0,250,0,305,519.0,282.0,367.0,,,75.0,24.0,^3Xen_Crypt,^7burrowfan
10 Xen_Crypt ctf_hagrent_v8 2025-08-31_19-11-49.dm_26.dm_meta,608858,00:06:37.119,186062,1426994,MOD_ROCKET_SPLASH,bad,False,0.25666666666666665,0.12,0.09014659033852036,0.3858975518614197,0.01216021180152893,-0.8386123319355996,0.17637604852274483,0.0,7.586814204344123e-05,0.13431085512732124,1.405069351196289,0.04257785901427269,3.746422529220581,113.5279541015625,797.0,512,239,738,38.0,10.0,71.0,,,0.0,0.0,^3Xen_Crypt,^5derpy^7TIGER
10 Xen_Crypt ctf_hagrent_v8 2025-08-31_19-11-49.dm_26.dm_meta,610970,00:06:39.231,186062,1426994,MOD_ROCKET_SPLASH,bad,False,0.39,0.29,0.2699647973240661,0.4698191789320237,0.8916645646095276,-0.38919494570909907,0.2636922770798793,0.0,0.0016826300725576353,0.6676066965450546,0.0,0.0,3.7051544189453125,112.27740478515625,552.0,465,237,404,634.0,325.0,600.0,,,643.0,2.0,^3Xen_Crypt,^7burrowfan
10 Xen_Crypt ctf_hagrent_v8 2025-08-31_19-11-49.dm_26.dm_meta,643475,00:07:11.736,186062,1426994,MOD_FLECHETTE_ALT_SPLASH,bad,True,0.12333333333333334,0.07666666666666666,0.22525954303321205,0.049504780873402945,0.0016504626255482435,-0.5082277406059984,0.17315292798366735,0.0,0.09528018244086445,0.4914904356542367,19.769258499145508,0.29953423142433167,109.02436828613281,3303.768798828125,222.0,502,125,376,589.0,456.0,524.0,,,373.0,0.0,^3Xen_Crypt,^7ez
10 Xen_Crypt ctf_hagrent_v8 2025-08-31_19-11-49.dm_26.dm_meta,654266,00:07:22.527,186062,1426994,MOD_REPEATER_ALT_SPLASH,bad,False,0.19666666666666666,0.2633333333333333,0.05900745157304494,0.13938290132614287,0.06411710381507874,-1.0197342089595418,0.11621361581948002,0.2,0.00011518141349550983,0.18298374878830087,0.0,0.0,60.634883880615234,1837.4207763671875,85.0,189,84,313,78.0,156.0,272.0,,,33.0,0.0,^3Xen_Crypt,^7burrowfan
10 Xen_Crypt ctf_hagrent_v8 2025-08-31_19-11-49.dm_26.dm_meta,690533,00:07:58.794,186062,1426994,MOD_REPEATER_ALT_SPLASH,bad,False,0.18666666666666668,0.23,0.1004215644750837,0.15878764121535494,0.13633203506469727,-0.8223193226000232,0.15351814424003987,0.6,0.1045677105949162,0.3414398124387882,0.0,0.0,31.722286224365234,961.2814331054688,165.0,172,0,309,320.0,71.0,404.0,,,68.0,0.0,^3Xen_Crypt,^7ez
10 Xen_Crypt ctf_hagrent_v8 2025-08-31_19-11-49.dm_26.dm_meta,767687,00:09:15.948,186062,1426994,MOD_ROCKET_SPLASH,bad,False,0.21666666666666667,0.15,0.0950257275304219,0.08360129611458784,0.0030646943487226963,-0.8544267749781833,0.1589421316603105,0.2,3.412572921126602e-13,0.32735218708389047,0.0,0.0,0.0,0.0,199.0,0,0,684,606.0,150.0,456.0,,,162.0,0.0,^3Xen_Crypt,^7burrowfan
10 Xen_Crypt ctf_hagrent_v8 2025-08-31_19-11-49.dm_26.dm_meta,809201,00:09:57.462,186062,1426994,MOD_ROCKET_SPLASH,bad,False,0.10666666666666667,0.09333333333333334,0.042851898277974476,0.10917464072804506,0.02730533853173256,-1.140593509408194,0.10504452244172165,0.0,2.2077193698354355e-05,0.04644275850689614,5.002273082733154,0.15158402919769287,44.20840072631836,1339.6485595703125,221.0,403,177,434,205.0,173.0,46.0,,,111.0,12.0,^3Xen_Crypt,^7ez
10 Xen_Crypt ctf_hagrent_v8 2025-08-31_19-11-49.dm_26.dm_meta,885893,00:11:14.154,186062,1426994,MOD_ROCKET,bad,True,0.12333333333333334,0.26,0.17283430944916053,0.19021839565397755,0.0010762884048745036,-0.560412599324577,0.2243627531909372,0.4,2.452424904116968e-10,0.1181633693132328,7.695703029632568,0.03331473097205162,26.30030632019043,796.97900390625,44.0,890,255,474,955.0,104.0,1047.0,,,1208.0,412.0,^3Xen_Crypt,^7burrowfan
10 Xen_Crypt ctf_hagrent_v8 2025-08-31_19-11-49.dm_26.dm_meta,912854,00:11:41.115,186062,1426994,MOD_REPEATER_ALT,bad,True,0.14333333333333334,0.15333333333333332,0.024939208222945305,0.049301949690536924,0.018909264355897903,-1.2745362776188343,0.07328612110644755,0.2,1.0,5.72525964776785e-17,46.56623840332031,0.3527745306491852,109.58966064453125,3320.89892578125,106.0,293,422,274,436.0,126.0,361.0,33.0,40.0,1718.0,1521.0,^3Xen_Crypt,^7burrowfan
10 Xen_Crypt ctf_hagrent_v8 2025-08-31_19-11-49.dm_26.dm_meta,1002680,00:13:10.941,186062,1426994,MOD_ROCKET_SPLASH,bad,False,0.38333333333333336,0.31666666666666665,0.1380990518687555,0.19575978860692494,0.13770602643489838,-0.6677703460877796,0.18789164848753528,0.2,0.002297965615804718,0.05970915527346196,18.08057975769043,0.09131605923175812,139.43275451660156,4225.23486328125,329.0,293,0,561,615.0,104.0,481.0,,,423.0,80.0,^3Xen_Crypt,^7burrowfan
10 Xen_Crypt ctf_hagrent_v8 2025-08-31_19-11-49.dm_26.dm_meta,1048253,00:13:56.514,186062,1426994,MOD_REPEATER,bad,False,,,,,,,,,,,2.1806201934814453,0.016519850119948387,19.284446716308594,584.377197265625,113.0,250,0,223,319.0,9.0,299.0,,,6.0,0.0,^3Xen_Crypt,^5derpy^7TIGER
10 Xen_Crypt ctf_hagrent_v8 2025-08-31_19-11-49.dm_26.dm_meta,1083332,00:14:31.593,186062,1426994,MOD_REPEATER_ALT,bad,True,0.06333333333333334,0.09,0.008934212848684248,0.025438547801729407,0.011709916405379772,-1.473164869216961,0.0856098228143991,0.4,5.074158273137852e-16,5.753561503007899e-17,27.172151565551758,0.8233985304832458,55.24217224121094,1674.0052490234375,86.0,368,27,370,153.0,142.0,383.0,66.0,-24.0,8.0,0.0,^3Xen_Crypt,^7burrowfan
10 Xen_Crypt ctf_hagrent_v8 2025-08-31_19-11-49.dm_26.dm_meta,1178702,00:16:06.963,186062,1426994,MOD_FLECHETTE_ALT_SPLASH,bad,False,0.17,0.14,0.13441928525266517,0.3402928424817905,0.12107980251312256,-0.6784270836475172,0.1608427116387162,0.0,6.027155410450541e-13,0.16329958651792884,0.0,0.0,18.212039947509766,551.8800048828125,111.0,33,19,229,563.0,59.0,282.0,,,22.0,0.0,^3Xen_Crypt,^7ez
10 Xen_Crypt ctf_hagrent_v8 2025-08-31_19-11-49.dm_26.dm_meta,1210580,00:16:38.841,186062,1426994,MOD_ROCKET,bad,False,0.2833333333333333,0.24333333333333335,0.1865780161561548,0.05476470529402039,0.025815755128860474,-0.5730400317139215,0.19407281082455555,0.2,9.592734683390726e-28,0.005023315410040203,8.694933891296387,0.13174141943454742,67.46288299560547,2044.329833984375,279.0,50,663,726,338.0,600.0,511.0,330.0,61.0,2119.0,1844.0,^3Xen_Crypt,^7burrowfan
10 Xen_Crypt ctf_hagrent_v8 2025-08-31_19-11-49.dm_26.dm_meta,1218335,00:16:46.596,186062,1426994,MOD_FLECHETTE_ALT_SPLASH,bad,False,0.05333333333333334,0.10666666666666667,0.12962790536776586,0.0029434629202857734,0.06721007823944092,-0.7068523566725926,0.17457352204493,0.0,1.8774505316414683e-18,0.1534612411945621,14.960041046142578,0.15111152827739716,29.022859573364258,879.4805908203125,65.0,186,11,239,734.0,73.0,351.0,,,51.0,0.0,^3Xen_Crypt,^7ez
10 Xen_Crypt ctf_hagrent_v8 2025-08-31_19-11-49.dm_26.dm_meta,1251071,00:17:19.332,186062,1426994,MOD_ROCKET,bad,False,0.023333333333333334,0.09333333333333334,0.047717231555196096,0.018302425822639006,4.557628199108876e-05,-1.0908895621959696,0.10428200706435581,0.0,9.424839551668823e-08,0.22673177619212215,10.22775936126709,0.10331070423126221,15.138101577758789,458.7303466796875,79.0,515,85,366,605.0,142.0,368.0,33.0,12.0,319.0,125.0,^3Xen_Crypt,"^7comepeople,letmedestroyo"
10 Xen_Crypt ctf_hagrent_v8 2025-08-31_19-11-49.dm_26.dm_meta,1284566,00:17:52.827,186062,1426994,MOD_BRYAR_PISTOL_ALT,bad,False,0.21333333333333335,0.10333333333333333,0.050635911009436874,0.008114049167563451,0.0022499978076666594,-1.117669445258662,0.5382892124699454,0.2,0.9204202393321824,0.19526987299799015,4.592958450317383,0.13918055593967438,21.170047760009766,641.5166015625,281.0,0,0,62,430.0,20.0,191.0,132.0,-2.0,35.0,0.0,^3Xen_Crypt,^7burrowfan
10 Xen_Crypt ctf_hagrent_v8 2025-08-31_19-11-49.dm_26.dm_meta,1332383,00:18:40.644,186062,1426994,MOD_REPEATER_ALT_SPLASH,bad,False,0.21333333333333335,0.18666666666666668,0.4103071591466872,0.27524198365167585,0.004933579824864864,-0.16668094675195277,0.34432445256733096,0.0,0.9998498218678501,0.7654913216973792,0.0,0.0,0.0,0.0,746.0,260,264,308,656.0,116.0,653.0,,,388.0,79.0,^3Xen_Crypt,^7ez
10 Xen_Crypt ctf_hagrent_v8 2025-08-31_19-11-49.dm_26.dm_meta,1340963,00:18:49.224,186062,1426994,MOD_BRYAR_PISTOL_ALT,bad,False,0.2733333333333333,0.20666666666666667,0.21983768881843183,0.12631829953859713,0.016620012000203133,-0.5283555369293935,0.4765468960641818,0.0,1.2726034605167158e-42,0.0018242072712024073,0.0,0.0,13.205288887023926,400.1602783203125,424.0,334,0,340,605.0,601.0,580.0,231.0,-20.0,1583.0,1382.0,^3Xen_Crypt,"^7comepeople,letmedestroyo"
10 Xen_Crypt ctf_hagrent_v8 2025-08-31_19-11-49.dm_26.dm_meta,1353338,00:19:01.599,186062,1426994,MOD_FLECHETTE_ALT_SPLASH,bad,False,0.12,0.15666666666666668,0.13920551604552905,0.0007936465667692775,0.0035068995784968138,-0.6449422221975329,0.16023816582078249,0.2,1.3141984916263098e-12,0.8391021679765592,0.0,0.0,16.50745391845703,500.22589111328125,102.0,170,59,409,599.0,811.0,395.0,,,1150.0,1026.0,^3Xen_Crypt,^7ez
10 Xen_Crypt ctf_illimiran_v2 2025-10-21_23-38-06.dm_26.dm_meta,76238,00:00:21.553,55118,947273,MOD_ROCKET_SPLASH,bad,False,0.15666666666666668,0.19666666666666666,0.12896485735885152,0.208073987800894,0.021644961088895798,-0.7232271823791976,0.16666742022759662,0.0,0.0016662797535463693,0.4602850314086215,0.0,0.0,56.72046661376953,1718.802001953125,82.0,446,119,444,508.0,196.0,645.0,,,280.0,0.0,^3Xen_Crypt,^7tmacfan
10 Xen_Crypt ctf_illimiran_v2 2025-10-21_23-38-06.dm_26.dm_meta,240248,00:03:05.563,55118,947273,MOD_ROCKET,bad,True,0.04666666666666667,0.07666666666666666,0.05884638065111744,0.007229191057763501,0.0002223084302386269,-1.0270484237207218,0.10844573600929482,0.0,1.9209158872714803e-27,0.00023765077219529854,13.651755332946777,0.4136895537376404,44.91489028930664,1361.0572509765625,157.0,745,631,603,407.0,234.0,517.0,66.0,42.0,476.0,186.0,^3Xen_Crypt,^7LGCarrier9000
10 Xen_Crypt ctf_illimiran_v2 2025-10-21_23-38-06.dm_26.dm_meta,297602,00:04:02.917,55118,947273,MOD_BRYAR_PISTOL_ALT,bad,False,0.11666666666666667,0.07333333333333333,0.049612945323786684,0.0031079971328481716,0.0016547683626413345,-1.1273100625070203,0.5098868778686937,0.2,9.033236247283061e-10,0.013003012748123493,0.0,0.0,103.93233489990234,3149.464599609375,85.0,79,0,307,493.0,82.0,233.0,33.0,-11.0,27.0,0.0,^3Xen_Crypt,^7tmacfan
10 Xen_Crypt ctf_illimiran_v2 2025-10-21_23-38-06.dm_26.dm_meta,317237,00:04:22.552,55118,947273,MOD_FALLING,bad,False,,,,,,,,,,,10.0112943649292,0.15168628096580505,24.440120697021484,740.6097412109375,3515.0,139,0,504,0.0,0.0,0.0,,,0.0,0.0,^3Xen_Crypt,^7tmacfan
10 Xen_Crypt ctf_illimiran_v2 2025-10-21_23-38-06.dm_26.dm_meta,331361,00:04:36.676,55118,947273,MOD_FLECHETTE_ALT_SPLASH,bad,True,0.05333333333333334,0.056666666666666664,0.06932630489251139,0.002064877916605534,0.003370922291651368,-0.8873051006538222,0.16053715120693332,0.2,7.533283501318611e-08,0.0006603980789798579,10.726991653442383,0.3250603675842285,18.55745506286621,562.3471069335938,239.0,256,0,817,798.0,32.0,400.0,,,219.0,12.0,^3Xen_Crypt,^7tmacfan
10 Xen_Crypt ctf_illimiran_v2 2025-10-21_23-38-06.dm_26.dm_meta,496658,00:07:21.973,55118,947273,MOD_REPEATER_ALT_SPLASH,bad,False,0.17,0.20666666666666667,0.09749110033405126,0.1630659673200975,0.04206319525837898,-0.8364809538640605,0.15073367348244496,0.2,0.017403536249775198,0.08441324992163453,5.619549751281738,0.17028938233852386,71.55591583251953,2168.361083984375,143.0,417,63,256,557.0,78.0,330.0,,,134.0,0.0,^3Xen_Crypt,^7tmacfan
10 Xen_Crypt ctf_illimiran_v2 2025-10-21_23-38-06.dm_26.dm_meta,504116,00:07:29.431,55118,947273,MOD_THERMAL_SPLASH,bad,False,,,,,,,,,,,3.079627513885498,0.09332204610109329,17.185270309448242,520.7657470703125,313.0,200,0,225,522.0,277.0,410.0,,,508.0,59.0,^3Xen_Crypt,^7LGCarrier9000
10 Xen_Crypt ctf_illimiran_v2 2025-10-21_23-38-06.dm_26.dm_meta,515270,00:07:40.585,55118,947273,MOD_REPEATER_ALT_SPLASH,bad,True,0.11666666666666667,0.12666666666666668,0.031000945588088927,0.056589833870980884,0.0013653544010594487,-1.2656726958843751,0.09206000957318984,0.0,3.4998167462176384e-10,0.0006746151109118701,31.399188995361328,0.31716352701187134,39.073570251464844,1184.047607421875,77.0,346,56,655,229.0,24.0,277.0,,,21.0,4.0,^3Xen_Crypt,^7tmacfan
10 Xen_Crypt ctf_illimiran_v2 2025-10-21_23-38-06.dm_26.dm_meta,698552,00:10:43.867,55118,947273,MOD_REPEATER_ALT,bad,False,0.15333333333333332,0.24666666666666667,0.1994717253221513,0.044436768105766175,0.0003292794863227755,-0.4930449139201344,0.24896892589946693,0.0,7.354621137737724e-06,0.9001803931407685,0.7586137056350708,0.004597658757120371,9.724489212036133,294.6814880371094,385.0,473,0,449,756.0,249.0,560.0,528.0,13.0,317.0,70.0,^3Xen_Crypt,^7tmacfan
10 Xen_Crypt ctf_illimiran_v2 2025-10-21_23-38-06.dm_26.dm_meta,703799,00:10:49.114,55118,947273,MOD_REPEATER_ALT_SPLASH,bad,False,0.13333333333333333,0.15,0.14287608597306803,0.18147913616332242,0.023389840498566628,-0.6772410685309347,0.18965783660476254,0.0,0.0003524375090996223,0.46410922469944244,4.311294078826904,0.0326613187789917,11.728843688964844,355.41949462890625,340.0,451,0,466,355.0,68.0,518.0,,,81.0,0.0,^3Xen_Crypt,^7Flk
10 Xen_Crypt ctf_illimiran_v2 2025-10-21_23-38-06.dm_26.dm_meta,753596,00:11:38.911,55118,947273,MOD_BRYAR_PISTOL_ALT,bad,False,0.09333333333333334,0.1,0.1256340732971407,0.010376791981862395,0.0011108779581263661,-0.7581413189783257,0.5209242527512618,0.0,2.435047925548033e-26,0.636848287937255,0.0,0.0,25.999357223510742,787.8593139648438,57.0,22,1,308,472.0,403.0,413.0,,,37.0,11.0,^3Xen_Crypt,^7enab
10 Xen_Crypt ctf_illimiran_v2 2025-10-21_23-38-06.dm_26.dm_meta,782966,00:12:08.281,55118,947273,MOD_REPEATER_ALT_SPLASH,bad,False,0.17666666666666667,0.15666666666666668,0.0486706974265816,0.1387018282847958,0.36080461740493774,-1.1032612826870853,0.1088773931080335,0.2,0.00014383595739828737,0.23220132131041873,11.66496753692627,0.11782795190811157,34.3500862121582,1040.9117431640625,34.0,109,93,536,260.0,120.0,387.0,,,91.0,0.0,^3Xen_Crypt,^7LGCarrier9000
10 Xen_Crypt ctf_illimiran_v2 2025-10-21_23-38-06.dm_26.dm_meta,877940,00:13:43.255,55118,947273,MOD_BRYAR_PISTOL_ALT,bad,True,0.17333333333333334,0.33,0.39406016679328876,0.04839729112144771,0.010522357188165188,-0.14732060109029743,0.4946262911536645,0.2,0.9791907645330206,6.947728956279235e-08,13.414871215820312,0.40651124715805054,24.66539192199707,747.4360961914062,60.0,562,111,490,350.0,132.0,729.0,33.0,23.0,186.0,112.0,^3Xen_Crypt,^7tmacfan
10 Xen_Crypt ctf_illimiran_v2 2025-10-21_23-38-06.dm_26.dm_meta,886322,00:13:51.637,55118,947273,MOD_REPEATER_ALT_SPLASH,bad,False,0.12,0.14,0.13019142602691916,0.09954584579614774,0.01434941403567791,-0.7181949218411193,0.17896953285805947,0.4,0.13339038066431527,0.38276043796522063,0.0,0.0,5.567632675170898,168.7161407470703,307.0,425,0,378,534.0,60.0,343.0,,,117.0,0.0,^3Xen_Crypt,^7LGCarrier9000
10 Xen_Crypt ctf_illimiran_v2 2025-10-21_23-38-06.dm_26.dm_meta,892889,00:13:58.204,55118,947273,MOD_FLECHETTE_ALT_SPLASH,bad,False,0.12,0.19,0.11592122997852024,0.0041120581300416945,0.013188546523451805,-0.7036218524860667,0.16133127301073757,0.4,6.539904395197852e-06,0.6178532178478962,0.13896727561950684,0.0007018549367785454,5.334473133087158,161.65069580078125,293.0,476,302,499,960.0,136.0,533.0,,,91.0,23.0,^3Xen_Crypt,^7tmacfan
10 Xen_Crypt mpctf_telti 2025-10-22_00-23-21.dm_26.dm_meta,92969,00:00:35.083,58319,1306346,MOD_ROCKET_SPLASH,bad,False,0.06666666666666667,0.08666666666666667,0.06635156885406052,0.0774230801861468,0.011590744368731976,-0.9868195025831424,0.12202134294768181,0.0,5.3833067472990796e-08,0.4183157371702667,0.0,0.0,16.54519271850586,501.3694763183594,44.0,341,135,535,278.0,43.0,506.0,,,128.0,44.0,^3Xen_Crypt,^7tmacfan
10 Xen_Crypt mpctf_telti 2025-10-22_00-23-21.dm_26.dm_meta,119831,00:01:01.945,58319,1306346,MOD_REPEATER_ALT,bad,False,0.09,0.16333333333333333,0.036962357839001515,0.01920184362516877,0.014631948433816433,-1.1317823471943942,0.10728196831646612,0.2,1.4243558819155772e-10,0.40193139859391275,0.0,0.0,7.962238788604736,241.27996826171875,166.0,621,281,559,603.0,2.0,316.0,198.0,0.0,148.0,5.0,^3Xen_Crypt,^7cfan
10 Xen_Crypt mpctf_telti 2025-10-22_00-23-21.dm_26.dm_meta,128840,00:01:10.954,58319,1306346,MOD_ROCKET_SPLASH,bad,False,0.13333333333333333,0.2,0.04521033833743661,0.04907204790707994,0.021765924990177155,-1.125836449071247,0.10347049633558407,0.2,4.367000134015075e-12,0.005850251118057943,35.31736755371094,0.2675558030605316,35.31736755371094,1070.2232666015625,54.0,340,117,531,302.0,440.0,333.0,,,295.0,2.0,^3Xen_Crypt,^7tmacfan
10 Xen_Crypt mpctf_telti 2025-10-22_00-23-21.dm_26.dm_meta,132140,00:01:14.254,58319,1306346,MOD_THERMAL_SPLASH,bad,False,,,,,,,,,,,0.0439453125,0.0013316761469468474,14.732312202453613,446.4337158203125,31.0,576,100,351,567.0,254.0,415.0,,,780.0,293.0,^3Xen_Crypt,^7cfan
10 Xen_Crypt mpctf_telti 2025-10-22_00-23-21.dm_26.dm_meta,218699,00:02:40.813,58319,1306346,MOD_ROCKET_SPLASH,bad,False,0.2,0.14666666666666667,0.09729209096270923,0.11075884368259313,0.010665569454431534,-0.8260961169741972,0.15151250105591152,0.2,2.858229015323776e-06,0.08909148189146662,0.0,0.0,128.18960571289062,3884.533447265625,125.0,54,198,426,607.0,84.0,345.0,,,139.0,21.0,^3Xen_Crypt,^7tmacfan
10 Xen_Crypt mpctf_telti 2025-10-22_00-23-21.dm_26.dm_meta,275558,00:03:37.672,58319,1306346,MOD_ROCKET_SPLASH,bad,False,0.14666666666666667,0.11,0.08253528623803559,0.06555146887260543,0.0019361150916665792,-0.8843207231583181,0.14536249684008748,0.2,5.86200729779647e-05,0.053784493531703566,0.4328111410140991,0.006557744462043047,3.2561075687408447,98.66992950439453,406.0,56,0,497,339.0,431.0,361.0,,,1535.0,1419.0,^3Xen_Crypt,^7cfan
10 Xen_Crypt mpctf_telti 2025-10-22_00-23-21.dm_26.dm_meta,297635,00:03:59.749,58319,1306346,MOD_ROCKET,bad,False,0.14666666666666667,0.11666666666666667,0.015836018998523205,0.006133345330437592,0.00043014067341573536,-1.461218812382222,0.06923239605660475,0.2,9.924975498161961e-18,0.10147045085744685,0.0,0.0,33.90450668334961,1027.4093017578125,66.0,79,174,261,481.0,189.0,218.0,66.0,-22.0,50.0,0.0,^3Xen_Crypt,^7cfan
10 Xen_Crypt mpctf_telti 2025-10-22_00-23-21.dm_26.dm_meta,313772,00:04:15.886,58319,1306346,MOD_DISRUPTOR,bad,False,0.10333333333333333,0.056666666666666664,0.010019997745959955,0.0008982346882796412,0.0011283401399850845,-1.0905229084962131,0.05903629099990751,0.0,4.3939302287207826e-51,8.319006673406921e-19,0.0,0.0,4.668869495391846,141.48089599609375,138.0,0,0,116,428.0,75.0,424.0,,,1566.0,1519.0,^3Xen_Crypt,^7tmacfan
10 Xen_Crypt mpctf_telti 2025-10-22_00-23-21.dm_26.dm_meta,401156,00:05:43.270,58319,1306346,MOD_ROCKET_SPLASH,bad,False,0.18333333333333332,0.25,0.08129938553804382,0.09371534245783673,0.4400583505630493,-0.9088066051015131,0.13834005859763296,0.4,1.5871202728626534e-06,0.4359428603189395,0.0,0.0,2.5587592124938965,77.53815460205078,135.0,298,50,604,334.0,328.0,500.0,,,307.0,7.0,^3Xen_Crypt,^7tmacfan
10 Xen_Crypt mpctf_telti 2025-10-22_00-23-21.dm_26.dm_meta,408284,00:05:50.398,58319,1306346,MOD_ROCKET,bad,False,0.06,0.07,0.06048458091111429,0.022784418790814963,0.0002163863682653755,-0.9722237737480048,0.11971497404020011,0.0,1.769629560431624e-18,0.3319682598481097,0.0,0.0,26.266695022583008,795.96044921875,41.0,122,284,564,480.0,236.0,761.0,66.0,-21.0,346.0,216.0,^3Xen_Crypt,^7cfan
10 Xen_Crypt mpctf_telti 2025-10-22_00-23-21.dm_26.dm_meta,479135,00:07:01.249,58319,1306346,MOD_DISRUPTOR,bad,False,0.08,0.07666666666666666,0.0345694727656646,0.0013685518054297218,0.013750984333455563,-0.9489051089008178,0.06570292207310853,0.0,2.159631589726097e-123,0.8165713516561016,0.0,0.0,18.245389938354492,552.890625,670.0,858,353,865,728.0,21.0,505.0,,,271.0,58.0,^3Xen_Crypt,^7tmacfan
10 Xen_Crypt mpctf_telti 2025-10-22_00-23-21.dm_26.dm_meta,580478,00:08:09.526,58319,1306346,MOD_THERMAL_SPLASH,bad,False,,,,,,,,,,,5.701179027557373,0.17276300489902496,65.21302032470703,1976.152099609375,96.0,443,87,487,634.0,340.0,594.0,,,611.0,92.0,^3Xen_Crypt,^7cfan
10 Xen_Crypt mpctf_telti 2025-10-22_00-23-21.dm_26.dm_meta,647699,00:09:16.747,58319,1306346,MOD_ROCKET,bad,False,0.04,0.11666666666666667,0.05658131594476705,0.019449041399235412,0.00036622784682549536,-1.0282488685076832,0.11221554462977616,0.0,0.0021910552311102086,0.16771201187708504,3.213125467300415,0.09736743569374084,7.176624774932861,217.47348022460938,181.0,258,25,422,490.0,17.0,293.0,132.0,17.0,246.0,75.0,^3Xen_Crypt,^7cfan
10 Xen_Crypt mpctf_telti 2025-10-22_00-23-21.dm_26.dm_meta,690533,00:09:59.581,58319,1306346,MOD_REPEATER_ALT_SPLASH,bad,False,0.07666666666666666,0.16333333333333333,0.07935467012535119,0.08923793997680908,0.08087529987096786,-0.9088463558360582,0.13992196744474353,0.2,1.9594069754728174e-06,0.23798707550262344,0.0,0.0,23.365238189697266,708.0375366210938,245.0,343,0,394,318.0,118.0,205.0,,,71.0,10.0,^3Xen_Crypt,^7tmacfan
10 Xen_Crypt mpctf_telti 2025-10-22_00-23-21.dm_26.dm_meta,699080,00:10:08.128,58319,1306346,MOD_ROCKET,bad,True,0.02666666666666667,0.05333333333333334,0.011528750831374392,0.01152147521714642,0.0006309902528300881,-1.582684775782678,0.04822907704084415,0.0,5.533998694191816e-22,7.297876749476801e-08,18.35064125061035,0.5560800433158875,78.81053924560547,2388.1982421875,34.0,495,340,281,234.0,255.0,391.0,,,11.0,3.0,^3Xen_Crypt,^7cfan
10 Xen_Crypt mpctf_telti 2025-10-22_00-23-21.dm_26.dm_meta,712379,00:10:21.427,58319,1306346,MOD_REPEATER_ALT_SPLASH,bad,False,0.2,0.19333333333333333,0.11760640033447674,0.18344695587218154,0.23060311377048492,-0.7542260147700814,0.15681084173010382,0.2,0.03642384155691336,0.22917287144862294,0.0,0.0,78.72195434570312,2385.513671875,66.0,470,57,198,509.0,189.0,423.0,,,274.0,0.0,^3Xen_Crypt,^7tmacfan
10 Xen_Crypt mpctf_telti 2025-10-22_00-23-21.dm_26.dm_meta,726074,00:10:35.122,58319,1306346,MOD_REPEATER_ALT_SPLASH,bad,False,0.12,0.2,0.06749136220797973,0.10502918261477305,0.004884330090135336,-0.9702306065150549,0.12397382079451193,0.2,4.675714208710906e-12,0.3500741780256419,0.0,0.0,10.37198543548584,314.3025817871094,215.0,539,252,579,351.0,347.0,337.0,,,622.0,333.0,^3Xen_Crypt,^7cfan
10 Xen_Crypt mpctf_telti 2025-10-22_00-23-21.dm_26.dm_meta,729011,00:10:38.059,58319,1306346,MOD_ROCKET_SPLASH,bad,False,0.1,0.24666666666666667,0.09153923533403799,0.14875557107942816,0.11620961874723434,-0.8729317085659787,0.1443300430911488,0.2,1.378312743499941e-07,0.31929695923011414,5.024683952331543,0.15226314961910248,38.67696762084961,1172.029296875,36.0,262,150,393,763.0,139.0,469.0,,,357.0,7.0,^3Xen_Crypt,^7tmacfan
10 Xen_Crypt mpctf_telti 2025-10-22_00-23-21.dm_26.dm_meta,916022,00:13:45.070,58319,1306346,MOD_ROCKET_SPLASH,bad,False,0.10333333333333333,0.10333333333333333,0.18038058241221921,0.12777402712836658,0.011393950320780277,-0.5902882278762538,0.20333153980287455,0.2,4.004011192387687e-06,0.4375554981320528,0.0,0.0,2.2704317569732666,68.80096435546875,223.0,358,20,247,583.0,108.0,535.0,,,113.0,0.0,^3Xen_Crypt,^7cfan
10 Xen_Crypt mpctf_telti 2025-10-22_00-23-21.dm_26.dm_meta,997598,00:15:06.646,58319,1306346,MOD_ROCKET_SPLASH,bad,False,0.178,0.19333333333333333,0.1565355200833545,0.17589902217505668,0.03403530642390251,-0.6409703082472199,0.19705581897225413,0.0,0.16177826158561945,0.5022927505130559,0.0,0.0,5.409338474273682,163.91934204101562,370.0,332,0,399,444.0,278.0,420.0,,,241.0,70.0,^3Xen_Crypt,^7tmacfan
10 Xen_Crypt mpctf_telti 2025-10-22_00-23-21.dm_26.dm_meta,1024856,00:15:33.904,58319,1306346,MOD_ROCKET,bad,False,0.14,0.3433333333333333,0.15210921681290893,0.04689450358223012,0.002079235389828682,-0.6445891150959493,0.17603272421160931,0.4,8.321965004523298e-05,0.35159374975346025,3.6706833839416504,0.05561641603708267,44.38018798828125,1344.854248046875,173.0,323,109,355,976.0,141.0,494.0,198.0,16.0,1055.0,268.0,^3Xen_Crypt,^7tmacfan
10 Xen_Crypt mpctf_telti 2025-10-22_00-23-21.dm_26.dm_meta,1039145,00:15:48.193,58319,1306346,MOD_REPEATER_ALT_SPLASH,bad,False,0.1,0.11666666666666667,0.05916948541548376,0.14153518373692636,0.029466791078448296,-1.0347122939124236,0.11541542747464706,0.2,4.096420879750794e-06,0.18287976196463804,5.197732448577881,0.1575070470571518,25.608184814453125,776.005615234375,55.0,435,69,366,120.0,467.0,337.0,,,96.0,24.0,^3Xen_Crypt,^7cfan
10 Xen_Crypt mpctf_telti 2025-10-22_00-23-21.dm_26.dm_meta,1199822,00:18:28.870,58319,1306346,MOD_ROCKET_SPLASH,bad,False,0.2,0.25333333333333335,0.038715267391510655,0.1476137784055311,0.3635261058807373,-1.1777927284399656,0.10063881947018193,0.2,3.258505628366642e-13,0.05272360633063316,0.0,0.0,62.82954406738281,1903.925537109375,89.0,315,103,846,421.0,72.0,227.0,,,102.0,0.0,^3Xen_Crypt,^7cfan
10 Xen_Crypt mpctf_telti 2025-10-22_00-23-21.dm_26.dm_meta,1219589,00:18:48.637,58319,1306346,MOD_FALLING,bad,False,,,,,,,,,,,0.0,0.0,6.564468860626221,198.9232940673828,2309.0,799,278,725,0.0,0.0,0.0,,,0.0,0.0,^3Xen_Crypt,^7tmacfan
10 Xen_Crypt mpctf_telti 2025-10-22_00-23-21.dm_26.dm_meta,1231601,00:19:00.649,58319,1306346,MOD_ROCKET_SPLASH,bad,False,0.2,0.25,0.12381823529673021,0.1930860402581962,0.09286073595285416,-0.7529442121028593,0.17196153384010016,0.0,0.0009236482258820686,0.3961813371882632,4.014029502868652,0.1216372549533844,20.876420974731445,632.6188354492188,163.0,197,22,367,598.0,244.0,477.0,,,174.0,42.0,^3Xen_Crypt,^7tmacfan
10 Xen_Crypt mpctf_telti 2025-10-22_00-23-21.dm_26.dm_meta,1240082,00:19:09.130,58319,1306346,MOD_ROCKET_SPLASH,bad,False,0.12333333333333334,0.10666666666666667,0.1046716770277087,0.11683348888704698,0.010484444908797741,-0.804313404177045,0.1608156500575136,0.0,0.0008203195003321939,0.41523277823317667,1.3419631719589233,0.010166388005018234,29.432504653930664,891.8941040039062,233.0,216,0,446,527.0,156.0,355.0,,,246.0,0.0,^3Xen_Crypt,^7cfan
10 Xen_Crypt mpctf_telti 2025-10-22_00-23-21.dm_26.dm_meta,1245923,00:19:14.971,58319,1306346,MOD_ROCKET,bad,True,0.05333333333333334,0.14666666666666667,0.01436818210628774,0.014219841688666527,0.00020744273206219077,-1.4859639052367668,0.06249363719155678,0.0,5.292895685943878e-18,0.2007889168790068,0.0,0.0,95.46294403076172,2892.81640625,61.0,575,912,296,373.0,117.0,379.0,,,169.0,76.0,^3Xen_Crypt,^7tmacfan
2 Star_Killer ctf_dantooine_v3 2025-07-19_19-56-34.dm_26.dm_meta,101219,00:00:23.929,77723,1292354,MOD_ROCKET_SPLASH,bad,False,0.11666666666666667,0.12333333333333334,0.07976783064032668,0.0726383218637912,0.010418534278869629,-0.9163109635061631,0.13372646882391412,0.0,1.3429051663574138e-08,0.37336016375396613,0.0,0.0,6.999373435974121,212.10223388671875,153.0,236,139,352,215.0,383.0,328.0,,,206.0,189.0,^3Star_Killer,^7lg
2 Star_Killer ctf_dantooine_v3 2025-07-19_19-56-34.dm_26.dm_meta,127091,00:00:49.801,77723,1292354,MOD_CONC,bad,False,,,,,,,,,,,2.8167989253997803,0.028452513739466667,97.62955474853516,2958.471435546875,44.0,482,80,310,158.0,267.0,398.0,,,22.0,0.0,^3Star_Killer,^7lg
2 Star_Killer ctf_dantooine_v3 2025-07-19_19-56-34.dm_26.dm_meta,312980,00:03:55.690,77723,1292354,MOD_REPEATER_ALT,bad,False,0.21333333333333335,0.23,0.12579971607582674,0.05546893220656702,0.0046849544160068035,-0.8150355156789048,0.1770097244044829,0.0,1.8609493867209065e-25,0.46376664728258454,0.0,0.0,22.624385833740234,685.5874633789062,302.0,661,302,800,1026.0,100.0,800.0,1023.0,25.0,451.0,84.0,^3Star_Killer,^7Jak of the Shadows
2 Star_Killer ctf_dantooine_v3 2025-07-19_19-56-34.dm_26.dm_meta,340667,00:04:23.377,77723,1292354,MOD_REPEATER_ALT,bad,False,0.17,0.14666666666666667,0.031831625807785584,0.10906347127914623,0.013367210514843464,-1.094623045696551,0.10597730163852369,0.4,0.0014855527228117152,0.05824240309359248,6.092968940734863,0.18463541567325592,92.45042419433594,2801.528076171875,100.0,164,145,243,206.0,196.0,470.0,66.0,4.0,685.0,606.0,^3Star_Killer,^7lg
2 Star_Killer ctf_dantooine_v3 2025-07-19_19-56-34.dm_26.dm_meta,363239,00:04:45.949,77723,1292354,MOD_REPEATER_ALT_SPLASH,bad,False,0.26,0.27,0.07688712442618882,0.06498891707136543,0.15170927345752716,-0.923552720143324,0.13215610308949202,0.4,1.7832286559422232e-14,0.14209960375506017,0.0,0.0,22.838106155395508,692.0638427734375,72.0,840,17,872,586.0,410.0,600.0,,,669.0,24.0,^3Star_Killer,^7lg
2 Star_Killer ctf_dantooine_v3 2025-07-19_19-56-34.dm_26.dm_meta,380399,00:05:03.109,77723,1292354,MOD_REPEATER_ALT_SPLASH,bad,False,0.18333333333333332,0.17166666666666666,0.09521742732245991,0.11488045254989246,0.03474694490432739,-0.8415772750155042,0.14757577678210101,0.2,0.3451888574290277,0.3374509892124358,0.0,0.0,7.901244163513184,239.431640625,227.0,436,0,331,132.0,404.0,323.0,,,119.0,54.0,^3Star_Killer,^7Jak of the Shadows
2 Star_Killer ctf_dantooine_v3 2025-07-19_19-56-34.dm_26.dm_meta,403895,00:05:26.605,77723,1292354,MOD_REPEATER_ALT,bad,False,0.3333333333333333,0.38333333333333336,0.23227366645893033,0.16909980016063925,0.055685099214315414,-0.3465582630284183,0.2769915398482891,0.2,6.037134341059328e-07,0.8010998950174447,0.0,0.0,42.78621292114258,1296.5518798828125,318.0,263,0,398,212.0,369.0,369.0,330.0,34.0,273.0,223.0,^3Star_Killer,^7lg
2 Star_Killer ctf_dantooine_v3 2025-07-19_19-56-34.dm_26.dm_meta,423662,00:05:46.372,77723,1292354,MOD_ROCKET_SPLASH,bad,False,0.25,0.22333333333333333,0.10786370486388407,0.15610045154691207,0.008075986988842487,-0.7825814827658033,0.16886027334164108,0.6,3.993325202514028e-07,0.5209554426911711,1.006928563117981,0.0050854976288974285,8.953730583190918,271.3251647949219,529.0,132,479,599,371.0,278.0,339.0,,,670.0,399.0,^3Star_Killer,^7Jak of the Shadows
2 Star_Killer ctf_dantooine_v3 2025-07-19_19-56-34.dm_26.dm_meta,473426,00:06:36.136,77723,1292354,MOD_DET_PACK_SPLASH,bad,False,,,,,,,,,,,0.0,0.0,0.34958282113075256,10.593419075012207,106.0,597,52,583,635.0,916.0,468.0,,,85.0,13.0,^3Star_Killer,^7Jak of the Shadows
2 Star_Killer ctf_dantooine_v3 2025-07-19_19-56-34.dm_26.dm_meta,512267,00:07:14.977,77723,1292354,MOD_FLECHETTE_ALT_SPLASH,bad,False,0.06,0.08333333333333333,0.09990288477027148,0.0008347053269828791,0.01533700805157423,-0.7488307245853086,0.15956313787765955,0.2,9.881691660545596e-15,0.162284622949518,5.180461406707764,0.05232789367437363,11.863568305969238,359.5020751953125,113.0,162,123,674,773.0,38.0,404.0,,,90.0,0.0,^3Star_Killer,^7Jak of the Shadows
2 Star_Killer ctf_dantooine_v3 2025-07-19_19-56-34.dm_26.dm_meta,535433,00:07:38.143,77723,1292354,MOD_DET_PACK_SPLASH,bad,False,,,,,,,,,,,0.0,0.0,0.27515214681625366,8.337944030761719,117.0,377,34,466,184.0,517.0,400.0,,,212.0,87.0,^3Star_Killer,^7Jak of the Shadows
2 Star_Killer ctf_dantooine_v3 2025-07-19_19-56-34.dm_26.dm_meta,583910,00:08:26.620,77723,1292354,MOD_REPEATER_ALT_SPLASH,bad,False,0.13333333333333333,0.20333333333333334,0.10248013146470379,0.24363522804293894,0.03175538405776024,-0.8135560073442101,0.15021093240620154,0.2,2.4465784407365977e-07,0.48713378173709204,7.458893775939941,0.03767118230462074,38.16396713256836,1156.48388671875,103.0,439,7,390,548.0,436.0,411.0,,,431.0,26.0,^3Star_Killer,^7lg
2 Star_Killer ctf_dantooine_v3 2025-07-19_19-56-34.dm_26.dm_meta,601334,00:08:44.044,77723,1292354,MOD_THERMAL_SPLASH,bad,False,,,,,,,,,,,3.964139223098755,0.015015678480267525,38.765628814697266,1174.716064453125,148.0,462,0,601,410.0,51.0,407.0,,,88.0,19.0,^3Star_Killer,^7Jak of the Shadows
2 Star_Killer ctf_dantooine_v3 2025-07-19_19-56-34.dm_26.dm_meta,634103,00:09:16.813,77723,1292354,MOD_ROCKET_SPLASH,bad,False,0.18,0.19666666666666666,0.0934427942328517,0.09426344582055139,0.1408042162656784,-0.8579787872298537,0.145207809842065,0.4,5.338672376911899e-10,0.4666139640957883,0.0,0.0,9.905415534973145,300.16412353515625,73.0,285,48,539,226.0,207.0,657.0,,,130.0,0.0,^3Star_Killer,^7lg
2 Star_Killer ctf_dantooine_v3 2025-07-19_19-56-34.dm_26.dm_meta,696473,00:10:19.183,77723,1292354,MOD_ROCKET,bad,False,0.15,0.12333333333333334,0.06295081278889043,0.010882862134956988,0.0020886778365820646,-0.9410824337954409,0.1278570532380107,0.2,2.2654368532283657e-28,0.14347623876314933,0.0604248046875,0.0018310546875,104.60790252685547,3169.9365234375,185.0,286,240,278,388.0,240.0,660.0,198.0,-28.0,0.0,0.0,^3Star_Killer,^7Jak of the Shadows
2 Star_Killer ctf_dantooine_v3 2025-07-19_19-56-34.dm_26.dm_meta,699113,00:10:21.823,77723,1292354,MOD_ROCKET_SPLASH,bad,False,0.32666666666666666,0.33666666666666667,0.2834574835257543,0.38233769290267716,0.22128590941429138,-0.38402317410881115,0.25457060685627364,0.6,0.006993259827599082,0.510473689058554,9.015453338623047,0.03902793675661087,42.67463302612305,1293.170654296875,236.0,237,133,354,1063.0,316.0,759.0,,,764.0,676.0,^3Star_Killer,^7lg
2 Star_Killer ctf_dantooine_v3 2025-07-19_19-56-34.dm_26.dm_meta,721058,00:10:43.768,77723,1292354,MOD_REPEATER_ALT_SPLASH,bad,False,0.25666666666666665,0.27,0.09890868526723538,0.13546406304881564,0.2719249427318573,-0.8347594033107636,0.1548284794748036,0.2,0.00022174385474551958,0.0051145844722033495,9.1217041015625,0.27641528844833374,108.60032653808594,3290.9189453125,83.0,131,71,210,554.0,110.0,444.0,,,189.0,0.0,^3Star_Killer,^7lg
2 Star_Killer ctf_dantooine_v3 2025-07-19_19-56-34.dm_26.dm_meta,815042,00:12:17.752,77723,1292354,MOD_REPEATER_ALT_SPLASH,bad,False,0.16,0.13,0.12523802836599063,0.1450705044426527,0.003752601332962513,-0.7342268940927932,0.17426547432691306,0.2,0.7623920026834824,0.27088627624494555,1.1198108196258545,0.01696683093905449,37.16743087768555,1126.2857666015625,224.0,0,0,202,541.0,155.0,324.0,,,249.0,0.0,^3Star_Killer,^7lg
2 Star_Killer ctf_dantooine_v3 2025-07-19_19-56-34.dm_26.dm_meta,845435,00:12:48.145,77723,1292354,MOD_REPEATER_ALT_SPLASH,bad,False,0.15,0.20666666666666667,0.12897767716942773,0.16683935291521532,0.30526307225227356,-0.7206261349570033,0.17257430394735418,0.0,0.0010803197169888907,0.5338342790570272,0.1910800039768219,0.0019301010761409998,17.56810188293457,532.36669921875,208.0,462,0,442,504.0,249.0,535.0,,,461.0,66.0,^3Star_Killer,^7lg
2 Star_Killer ctf_dantooine_v3 2025-07-19_19-56-34.dm_26.dm_meta,955160,00:14:37.870,77723,1292354,MOD_REPEATER_ALT_SPLASH,bad,False,0.12666666666666668,0.15333333333333332,0.12661074784174245,0.051956487357462625,0.002380009274929762,-0.726052860977867,0.17922351818842985,0.2,0.4049532544398336,0.3611825581104393,0.7693960070610046,0.023315031081438065,0.9248276352882385,28.02507972717285,430.0,240,280,317,214.0,22.0,358.0,,,17.0,0.0,^3Star_Killer,^7lg
2 Star_Killer ctf_dantooine_v3 2025-07-19_19-56-34.dm_26.dm_meta,969020,00:14:51.730,77723,1292354,MOD_FLECHETTE_ALT_SPLASH,bad,False,0.09333333333333334,0.18,0.12160907186128944,0.00731650936958531,0.02388688363134861,-0.6918033643094327,0.16231724316365206,0.2,0.983561225568431,0.3805033842563633,13.518730163574219,0.10241462290287018,63.452754974365234,1922.810791015625,127.0,120,2,535,240.0,42.0,365.0,,,7.0,0.0,^3Star_Killer,^7Jak of the Shadows
2 Star_Killer ctf_dantooine_v3 2025-07-19_19-56-34.dm_26.dm_meta,1028618,00:15:51.328,77723,1292354,MOD_FLECHETTE_ALT_SPLASH,bad,False,0.18,0.14333333333333334,0.09729745375637737,0.010263326756817574,0.011673557572066784,-0.7416323646597398,0.16179851094388786,0.2,0.00010619760531235428,0.628324116597487,2.6661770343780518,0.04039662331342697,14.255058288574219,431.9714660644531,287.0,431,256,397,761.0,321.0,384.0,,,777.0,295.0,^3Star_Killer,^7Jak of the Shadows
2 Star_Killer ctf_dantooine_v3 2025-07-19_19-56-34.dm_26.dm_meta,1043435,00:16:06.145,77723,1292354,MOD_ROCKET,bad,False,0.1,0.04666666666666667,0.012884018369814778,0.005399571233419196,0.0025679839309304953,-1.5142868244395373,0.06378940763639376,0.0,4.833544170961555e-19,0.09726707097925558,0.0,0.0,69.37028503417969,2102.1298828125,77.0,561,9,255,234.0,240.0,307.0,33.0,-22.0,17.0,4.0,^3Star_Killer,^7Jak of the Shadows
2 Star_Killer ctf_dantooine_v3 2025-07-19_19-56-34.dm_26.dm_meta,1079504,00:16:42.214,77723,1292354,MOD_DET_PACK_SPLASH,bad,False,,,,,,,,,,,2.0029571056365967,0.015173917636275291,2.0029571056365967,60.69567108154297,50.0,438,60,457,973.0,82.0,792.0,,,1268.0,313.0,^3Star_Killer,^7lg
2 Star_Killer ctf_dantooine_v3 2025-07-19_19-56-34.dm_26.dm_meta,1250840,00:19:33.550,77723,1292354,MOD_REPEATER_ALT,bad,False,0.11,0.07666666666666666,0.005047350591697988,0.022530466925677565,0.0013888922985643148,-1.653263987154287,0.039775383435817595,0.2,6.559760663774594e-25,0.08035061417948576,0.0,0.0,40.7330207824707,1234.333984375,75.0,38,138,269,97.0,610.0,505.0,33.0,-79.0,164.0,163.0,^3Star_Killer,^7master baiter
2 Star_Killer ctf_dantooine_v3 2025-07-19_19-56-34.dm_26.dm_meta,1276250,00:19:58.960,77723,1292354,MOD_ROCKET,bad,False,0.08333333333333333,0.07,0.01327434427887926,0.06112220478469505,0.008336984552443027,-1.510590108494474,0.06515517824124716,0.0,4.685813970009344e-11,0.13249441201923925,0.9706904292106628,0.029414862394332886,8.249817848205566,249.99447631835938,100.0,173,97,431,165.0,94.0,281.0,132.0,-15.0,8.0,0.0,^3Star_Killer,^7lg
2 xen ctf_dantooine_v3 2025-08-29_20-39-30.dm_26.dm_meta,269882,00:03:22.459,67856,1308095,MOD_REPEATER_ALT_SPLASH,bad,False,0.15,0.12333333333333334,0.13693944138782743,0.155947755572856,0.03676409646868706,-0.6893418612587832,0.18798496034768378,0.2,4.7141519167514326e-08,0.39771478564679513,14.099081993103027,0.05340561270713806,14.099081993103027,427.2449035644531,371.0,426,0,473,307.0,48.0,498.0,,,52.0,0.0,^3xen,^7burrowfan
2 xen ctf_dantooine_v3 2025-08-29_20-39-30.dm_26.dm_meta,489299,00:06:36.334,67856,1308095,MOD_FLECHETTE_ALT_SPLASH,bad,False,0.14333333333333334,0.23,0.1281300972763454,0.004037761025361959,0.002766998251900077,-0.6937126398524303,0.15703514459500026,0.0,5.011453205446087e-16,0.5259331868868076,0.0,0.0,31.077301025390625,941.7363891601562,246.0,508,284,513,367.0,314.0,596.0,,,69.0,34.0,^3xen,^7enab
2 xen ctf_dantooine_v3 2025-08-29_20-39-30.dm_26.dm_meta,500948,00:06:47.983,67856,1308095,MOD_FLECHETTE_ALT_SPLASH,bad,True,0.19,0.11333333333333333,0.13459943089756204,0.0070046241980242915,0.022753912955522537,-0.5864136477874959,0.3243453736516955,0.2,4.979445725205287e-08,1.252826547391075e-05,141.31529235839844,0.6117545366287231,163.75929260253906,4962.40283203125,200.0,207,0,207,778.0,99.0,502.0,,,37.0,0.0,^3xen,^7enab
2 xen ctf_dantooine_v3 2025-08-29_20-39-30.dm_26.dm_meta,717956,00:10:24.991,67856,1308095,MOD_REPEATER_ALT_SPLASH,bad,True,0.17666666666666667,0.14666666666666667,0.045724909421649314,0.10438292940651092,0.7034992575645447,-1.1497565354114545,0.11381866642489809,0.2,0.0070459559645106576,1.0657491918873807e-11,22.513046264648438,0.682213544845581,63.830780029296875,1934.26611328125,72.0,269,68,274,449.0,136.0,331.0,,,159.0,0.0,^3xen,^7enab
2 xen ctf_dantooine_v3 2025-08-29_20-39-30.dm_26.dm_meta,862232,00:12:49.267,67856,1308095,MOD_BOWCASTER,bad,False,,,,,,,,,,,0.0,0.0,26.15361976623535,792.533935546875,42.0,368,9,439,331.0,87.0,153.0,,,13.0,0.0,^3xen,^7tmacfan
2 xen ctf_dantooine_v3 2025-08-29_20-39-30.dm_26.dm_meta,922457,00:13:49.492,67856,1308095,MOD_SABER,bad,False,,,,,,,,,,,0.0,0.0,107.82640075683594,3267.466796875,31.0,10,0,305,196.0,0.0,201.0,,,2.0,0.0,^3xen,^7enab
2 xen ctf_dantooine_v3 2025-08-29_20-39-30.dm_26.dm_meta,991955,00:14:58.990,67856,1308095,MOD_REPEATER_ALT_SPLASH,bad,False,0.16,0.24333333333333335,0.15667793393548354,0.12086786485897806,0.11751051247119904,-0.6265906501910142,0.20049335720969289,0.2,1.4543324776598163e-09,0.33727281789769814,0.0,0.0,43.3662223815918,1314.1279296875,483.0,471,89,379,292.0,51.0,352.0,,,45.0,0.0,^3xen,^7enab
2 xen ctf_dantooine_v3 2025-08-29_20-39-30.dm_26.dm_meta,1072442,00:16:19.477,67856,1308095,MOD_REPEATER_ALT_SPLASH,bad,False,0.08666666666666667,0.18666666666666668,0.0916782169881842,0.124920915074661,0.013811332173645496,-0.8630013443448395,0.1411472989389478,0.4,6.490280265633003e-07,0.46028321349686413,0.0,0.0,11.267678260803223,341.4447937011719,86.0,637,206,535,609.0,182.0,484.0,,,352.0,6.0,^3xen,^7burrowfan
2 xen ctf_dantooine_v3 2025-08-29_20-39-30.dm_26.dm_meta,1278593,00:19:45.628,67856,1308095,MOD_BRYAR_PISTOL_ALT,bad,False,0.15666666666666668,0.19666666666666666,0.034259870167489964,0.05920075800082595,0.006548899691551924,-1.0932568808456296,0.5075456362400382,0.4,6.029784778972364e-38,2.3958090237874757e-17,38.25086975097656,0.14488965272903442,114.52167510986328,3470.353759765625,60.0,224,354,523,274.0,408.0,520.0,,,693.0,560.0,^3xen,^7enab
2 xen mpctf_paulking 2025-08-24_21-43-35.dm_26.dm_meta,226784,00:01:49.267,117950,975884,MOD_FALLING,bad,False,,,,,,,,,,,1.3376728296279907,0.0067559233866631985,48.11346435546875,1457.9837646484375,,11,0,284,,,,,,,,^3xen,^7burrowfan
2 xen mpctf_paulking 2025-08-24_21-43-35.dm_26.dm_meta,265328,00:02:27.811,117950,975884,MOD_ROCKET_SPLASH,bad,True,0.20666666666666667,0.24333333333333335,0.059969221131700744,0.050808868552841474,0.05964403972029686,-1.0034508200772008,0.11670839910412246,0.4,0.00059572072964191,4.902003767271428e-06,58.66604995727539,0.3555518090724945,79.1162109375,2397.4609375,96.0,209,153,126,511.0,138.0,287.0,,,672.0,334.0,^3xen,^7lg
2 xen mpctf_paulking 2025-08-24_21-43-35.dm_26.dm_meta,305720,00:03:08.203,117950,975884,MOD_CONC,bad,False,,,,,,,,,,,0.0,0.0,16.88681983947754,511.7218017578125,89.0,122,135,473,768.0,74.0,436.0,,,426.0,126.0,^3xen,^7lg
2 xen mpctf_paulking 2025-08-24_21-43-35.dm_26.dm_meta,331130,00:03:33.613,117950,975884,MOD_ROCKET_SPLASH,bad,False,0.16466666666666666,0.16333333333333333,0.18153504640152104,0.10501610083727243,0.011985049583017826,-0.5788371321790711,0.21959359211697108,0.0,0.00411956466849972,0.4543128355177685,0.0,0.0,0.0,0.0,438.0,0,0,328,454.0,125.0,441.0,,,173.0,0.0,^3xen,^7burrowfan
2 xen mpctf_paulking 2025-08-24_21-43-35.dm_26.dm_meta,390563,00:04:33.046,117950,975884,MOD_FLECHETTE_ALT_SPLASH,bad,False,0.18333333333333332,0.2,0.14166453884974875,0.0258769732845676,0.017888009548187256,-0.6431131251458417,0.16004498543796955,0.2,1.3426936742678453e-10,0.744656316741531,0.0,0.0,14.915506362915039,451.98504638671875,271.0,351,289,393,601.0,787.0,468.0,,,184.0,131.0,^3xen,^7burrowfan
2 xen mpctf_paulking 2025-08-24_21-43-35.dm_26.dm_meta,423761,00:05:06.244,117950,975884,MOD_ROCKET,bad,False,0.04666666666666667,0.07666666666666666,0.054545725147727084,0.012279588244519446,0.0006190186250023544,-1.0266145382001954,0.11495641297065175,0.0,1.1861107136481877e-20,0.07625092398391485,29.992074966430664,0.18177014589309692,46.998260498046875,1424.189697265625,61.0,344,73,456,772.0,238.0,451.0,66.0,-14.0,291.0,12.0,^3xen,^7lg
2 xen mpctf_paulking 2025-08-24_21-43-35.dm_26.dm_meta,440492,00:05:22.975,117950,975884,MOD_ROCKET_SPLASH,bad,False,0.11666666666666667,0.20333333333333334,0.16049915726274636,0.13604403816698316,0.013387192040681839,-0.6337002023206046,0.19517042783771588,0.2,0.5315249719383026,0.4997896550380959,0.06591796875,0.0019975141622126102,7.661813735961914,232.17617797851562,298.0,599,189,514,672.0,170.0,532.0,,,307.0,0.0,^3xen,^7lg
2 xen mpctf_paulking 2025-08-24_21-43-35.dm_26.dm_meta,556487,00:07:18.970,117950,975884,MOD_FALLING,bad,False,,,,,,,,,,,1.8521822690963745,0.014031684026122093,8.322624206542969,252.2007293701172,,144,49,399,,,,,,,,^3xen,^7lg
2 xen mpctf_paulking 2025-08-24_21-43-35.dm_26.dm_meta,559259,00:07:21.742,117950,975884,MOD_DISRUPTOR_SNIPER,bad,False,0.03,0.04,0.07857038198752647,0.031206254127625503,0.01812322810292244,-0.8225825566649865,0.08443672970657091,0.0,1.2388203525092498e-84,0.3333709268999345,0.157108336687088,0.004760858602821827,11.478378295898438,347.82965087890625,786.0,223,74,17,552.0,153.0,489.0,,,308.0,136.0,^3xen,^7DragonSlayer99
2 xen mpctf_paulking 2025-08-24_21-43-35.dm_26.dm_meta,729176,00:10:11.659,117950,975884,MOD_FALLING,bad,False,,,,,,,,,,,0.0,0.0,27.341323852539062,828.5249633789062,,427,0,626,,,,,,,,^3xen,^7lg
2 xen mpctf_paulking 2025-08-24_21-43-35.dm_26.dm_meta,754685,00:10:37.168,117950,975884,MOD_ROCKET_SPLASH,bad,True,0.21666666666666667,0.16666666666666666,0.03681973895467755,0.07447513971203114,0.014457953162491322,-1.1861056394681528,0.10171632923227251,0.2,4.140198779957376e-06,1.6004072509243978e-31,126.07372283935547,0.9551039338111877,129.27476501464844,3917.417236328125,88.0,529,205,474,406.0,156.0,490.0,,,181.0,0.0,^3xen,^7lg
2 xen mpctf_paulking 2025-08-24_21-43-35.dm_26.dm_meta,813557,00:11:36.040,117950,975884,MOD_SABER,bad,False,,,,,,,,,,,0.0,0.0,109.12146759033203,3306.711181640625,31.0,193,0,277,253.0,0.0,208.0,,,8.0,0.0,^3xen,^7burrowfan
2 xen mpctf_paulking 2025-08-24_21-43-35.dm_26.dm_meta,819761,00:11:42.244,117950,975884,MOD_ROCKET_SPLASH,bad,False,0.19333333333333333,0.15666666666666668,0.0740483620159498,0.07147649495498618,0.04813139885663986,-0.9426623321595806,0.12875822601399747,0.2,0.0001569126452214094,0.019725127224311655,22.950572967529297,0.23182396590709686,69.04375457763672,2092.235107421875,77.0,234,302,233,509.0,148.0,334.0,,,201.0,0.0,^3xen,^7lg
2 xen mpctf_paulking 2025-08-24_21-43-35.dm_26.dm_meta,911534,00:13:14.017,117950,975884,MOD_ROCKET_SPLASH,bad,False,0.11333333333333333,0.16333333333333333,0.11561192218015545,0.07640850311870831,0.003363468451425433,-0.7678422425732991,0.16206534464240283,0.2,0.6753908040742834,0.5202340379949183,0.39462944865226746,0.0029896169435232878,1.0767862796783447,32.629886627197266,280.0,489,506,405,214.0,32.0,534.0,,,23.0,0.0,^3xen,^7burrowfan
2 xen mpctf_paulking 2025-08-24_21-43-35.dm_26.dm_meta,932489,00:13:34.972,117950,975884,MOD_ROCKET,bad,False,0.04,0.043333333333333335,0.034757220362100785,0.009935276384005012,0.00030535622499883175,-1.190502443795984,0.10008292240556187,0.0,4.1609750892162476e-22,0.013099112151224139,44.84175109863281,0.22647349536418915,46.1947135925293,1399.83984375,30.0,394,226,367,666.0,43.0,334.0,,,120.0,6.0,^3xen,^7lg
2 xen mpctf_paulking 2025-08-24_21-43-35.dm_26.dm_meta,959549,00:14:02.032,117950,975884,MOD_ROCKET_SPLASH,bad,False,0.14333333333333334,0.11333333333333333,0.04613560314150793,0.11501336777924577,0.0023287050426006317,-1.1146902324968837,0.10855515350795597,0.0,5.526021130843955e-13,0.17009816428458666,7.193138599395752,0.07265796512365341,52.96859359741211,1605.10888671875,125.0,105,214,671,94.0,59.0,401.0,,,15.0,0.0,^3xen,^7lg
2 xen mpctf_sikurd 2025-10-19_23-38-42.dm_26.dm_meta,74324,00:00:15.184,60893,1274204,MOD_ROCKET_SPLASH,bad,False,0.17666666666666667,0.21333333333333335,0.07943927234411102,0.15060426215225522,0.04349421337246895,-0.916666274590757,0.13469354277486628,0.2,1.0503084691541394e-07,0.11875849035267214,5.230698108673096,0.15850600600242615,12.245214462280273,371.0671081542969,175.0,794,100,325,254.0,116.0,360.0,,,88.0,0.0,^7xen,^7play
2 xen mpctf_sikurd 2025-10-19_23-38-42.dm_26.dm_meta,105740,00:00:46.600,60893,1274204,MOD_ROCKET_SPLASH,bad,False,0.13333333333333333,0.09,0.021866511257024174,0.06940584072699577,0.04105186462402344,-1.3940195491958731,0.07660219282881206,0.0,2.724191021665657e-13,0.04573214437774485,3.62376070022583,0.05490546673536301,7.53313684463501,228.27687072753906,68.0,195,159,819,88.0,322.0,89.0,,,80.0,11.0,^7xen,^7play
2 xen mpctf_sikurd 2025-10-19_23-38-42.dm_26.dm_meta,107258,00:00:48.118,60893,1274204,MOD_ROCKET,bad,False,0.07333333333333333,0.04666666666666667,0.01156085314161892,0.0043393000579283825,0.0005661696777679026,-1.5661712228803573,0.05896527249767941,0.0,2.056321399574761e-21,0.10120698255558863,3.9952828884124756,0.12106917798519135,44.80227279663086,1357.6446533203125,36.0,350,242,305,457.0,235.0,308.0,33.0,-28.0,26.0,0.0,^7xen,^7enab
2 xen mpctf_sikurd 2025-10-19_23-38-42.dm_26.dm_meta,126068,00:01:06.928,60893,1274204,MOD_ROCKET_SPLASH,bad,False,0.15,0.25666666666666665,0.1331018067045431,0.13378863395086463,0.02708234079182148,-0.6993533372149527,0.17127032865990358,0.4,0.0035975338348024862,0.19597700475333807,1.4171937704086304,0.021472632884979248,111.26292419433594,3371.603759765625,165.0,324,188,324,468.0,226.0,489.0,,,251.0,24.0,^7xen,^7play
2 xen mpctf_sikurd 2025-10-19_23-38-42.dm_26.dm_meta,139895,00:01:20.755,60893,1274204,MOD_REPEATER_ALT_SPLASH,bad,True,0.08,0.08333333333333333,0.060761827435712554,0.18147853758645963,0.002744728233665228,-1.0101303188587782,0.12027379810636961,0.0,0.000132203024433027,0.00014518085279340468,52.533721923828125,0.3183861970901489,52.83551025390625,1601.0760498046875,60.0,430,56,378,450.0,22.0,386.0,,,49.0,0.0,^7xen,^7LGCarrier9000
2 xen mpctf_sikurd 2025-10-19_23-38-42.dm_26.dm_meta,214904,00:02:35.764,60893,1274204,MOD_FLECHETTE_ALT_SPLASH,bad,False,0.03333333333333333,0.08,0.07197090040339243,0.0032095565978125296,0.009803611785173416,-0.8327681568326767,0.15734115696521125,0.0,2.061208589366724e-11,0.35383926722610914,0.0,0.0,20.09485626220703,608.93505859375,180.0,339,75,303,447.0,121.0,194.0,,,40.0,0.0,^7xen,^7LGCarrier9000
2 xen mpctf_sikurd 2025-10-19_23-38-42.dm_26.dm_meta,221801,00:02:42.661,60893,1274204,MOD_REPEATER_ALT_SPLASH,bad,False,0.19,0.23333333333333334,0.06840749106603879,0.14821524899774238,0.3736079931259155,-0.9658889650633027,0.12241133579858443,0.4,0.0020325568983102383,0.11026425275147757,21.22553253173828,0.09188542515039444,31.112049102783203,942.7893676757812,71.0,392,28,195,367.0,95.0,237.0,,,109.0,0.0,^7xen,^7play
2 xen mpctf_sikurd 2025-10-19_23-38-42.dm_26.dm_meta,255065,00:03:15.925,60893,1274204,MOD_BRYAR_PISTOL_ALT,bad,False,0.44,0.39,0.41170015679849936,0.2766384645903588,0.2091091126203537,-0.15012867959340026,0.5166447626547864,0.2,0.9999999999999996,0.9040473461798124,0.0,0.0,18.398672103881836,557.5355224609375,644.0,103,0,464,782.0,201.0,464.0,297.0,0.0,215.0,52.0,^7xen,^7LGCarrier9000
2 xen mpctf_sikurd 2025-10-19_23-38-42.dm_26.dm_meta,266615,00:03:27.475,60893,1274204,MOD_ROCKET_SPLASH,bad,False,0.11,0.16333333333333333,0.06565717705157088,0.0635120613471648,0.0020048944279551506,-0.9962908642987343,0.12561792190644672,0.2,1.4930295181912296e-10,0.04553337796263661,7.624173641204834,0.23103556036949158,32.194847106933594,975.6014404296875,117.0,685,194,633,501.0,161.0,455.0,,,218.0,4.0,^7xen,^7LGCarrier9000
2 xen mpctf_sikurd 2025-10-19_23-38-42.dm_26.dm_meta,305489,00:04:06.349,60893,1274204,MOD_FLECHETTE_ALT_SPLASH,bad,False,0.07333333333333333,0.056666666666666664,0.16114936926865125,0.0013833766592102087,0.0051897745579481125,-0.6213093602596516,0.16783570260423128,0.0,3.892142418627543e-17,0.6242110673132224,0.0,0.0,10.231246948242188,310.03778076171875,157.0,192,2,215,1004.0,43.0,417.0,,,261.0,19.0,^7xen,^7LGCarrier9000
2 xen mpctf_sikurd 2025-10-19_23-38-42.dm_26.dm_meta,340997,00:04:41.857,60893,1274204,MOD_FLECHETTE_ALT_SPLASH,bad,False,0.15333333333333332,0.22333333333333333,0.09707360002080384,0.02303903519354731,0.07128678262233734,-0.8255065337199146,0.16151937169686895,0.2,1.5269764113120623e-16,0.2623200773848989,3.521392345428467,0.10670886188745499,16.551651000976562,501.565185546875,94.0,450,280,244,225.0,149.0,425.0,,,98.0,69.0,^7xen,^7play
2 xen mpctf_sikurd 2025-10-19_23-38-42.dm_26.dm_meta,613115,00:09:13.975,60893,1274204,MOD_REPEATER_ALT,bad,False,0.09333333333333334,0.07,0.04256440354294354,0.012137915399245431,0.0009021233418025076,-1.0113115584240737,0.12765608889955218,0.4,8.337484823633336e-29,0.015770011106401513,8.064118385314941,0.24436722695827484,52.51188659667969,1591.269287109375,101.0,206,9,105,472.0,482.0,696.0,66.0,-6.0,1325.0,815.0,^7xen,^7play
2 xen mpctf_sikurd 2025-10-19_23-38-42.dm_26.dm_meta,624368,00:09:25.228,60893,1274204,MOD_CONC,bad,True,,,,,,,,,,,62.11708450317383,0.3137226402759552,62.11708450317383,1882.3359375,69.0,253,188,368,1145.0,335.0,825.0,,,309.0,71.0,^7xen,^7LGCarrier9000
2 xen mpctf_sikurd 2025-10-19_23-38-42.dm_26.dm_meta,675419,00:10:16.279,60893,1274204,MOD_REPEATER_ALT,bad,False,0.05,0.1,0.02119882861868751,0.021937517835806844,0.00136789761018008,-1.2072586971056807,0.08922751788131285,0.0,1.743324840390154e-17,0.4856492106441698,0.9176050424575806,0.02780621312558651,29.479324340820312,893.3128662109375,113.0,201,31,295,500.0,84.0,295.0,99.0,-18.0,68.0,3.0,^7xen,^7LGCarrier9000
2 xen mpctf_sikurd 2025-10-19_23-38-42.dm_26.dm_meta,792140,00:12:13.000,60893,1274204,MOD_DISRUPTOR_SNIPER,bad,False,0.07333333333333333,0.17666666666666667,0.015128444742294137,0.014193775105113915,0.004272161517292261,-1.107324211678381,0.07972610870213416,0.0,4.414044881153367e-50,0.19035489662096444,0.0,0.0,2.4052281379699707,72.88570404052734,996.0,0,0,41,535.0,300.0,433.0,,,492.0,12.0,^7xen,^7LGCarrier9000
2 xen mpctf_sikurd 2025-10-19_23-38-42.dm_26.dm_meta,834512,00:12:55.372,60893,1274204,MOD_ROCKET_SPLASH,bad,False,0.16,0.19666666666666666,0.10442603057818739,0.16195736614691683,0.03629743680357933,-0.8071438893843045,0.15946498544942855,0.2,4.213449204270125e-05,0.4269360016109709,3.307600975036621,0.01670505478978157,4.737547397613525,143.56204223632812,212.0,454,35,659,620.0,103.0,568.0,,,590.0,303.0,^7xen,^7play
2 xen mpctf_sikurd 2025-10-19_23-38-42.dm_26.dm_meta,849923,00:13:10.783,60893,1274204,MOD_FLECHETTE_ALT_SPLASH,bad,False,0.07333333333333333,0.07666666666666666,0.06469744830352009,0.03774414485980065,0.008318547159433365,-0.9240664534636405,0.15993992832091314,0.0,1.032743003409469e-15,0.20283365098636777,2.823133707046509,0.0855495035648346,2.823133707046509,85.54950714111328,316.0,329,0,283,152.0,30.0,371.0,,,4.0,0.0,^7xen,^7play
2 xen mpctf_sikurd 2025-10-19_23-38-42.dm_26.dm_meta,922094,00:14:22.954,60893,1274204,MOD_FLECHETTE_ALT_SPLASH,bad,False,0.08333333333333333,0.13333333333333333,0.11575904275926215,0.0020856845461116936,0.04628041759133339,-0.7287003032749203,0.15927724196989493,0.4,0.00014522713557347077,0.07188271406938272,0.0,0.0,32.046112060546875,971.0942993164062,30.0,134,0,163,287.0,47.0,220.0,,,15.0,0.0,^7xen,^7LGCarrier9000
2 xen mpctf_sikurd 2025-10-19_23-38-42.dm_26.dm_meta,989150,00:15:30.010,60893,1274204,MOD_CONC,bad,False,,,,,,,,,,,5.765179634094238,0.04367560148239136,10.690353393554688,323.9501037597656,909.0,809,31,818,689.0,238.0,729.0,,,119.0,8.0,^7xen,^7LGCarrier9000
2 xen mpctf_sikurd 2025-10-19_23-38-42.dm_26.dm_meta,1099007,00:17:19.867,60893,1274204,MOD_CONC,bad,False,,,,,,,,,,,9.307968139648438,0.05641192942857742,11.131932258605957,337.3312683105469,148.0,183,14,459,589.0,336.0,456.0,,,595.0,27.0,^7xen,^7LGCarrier9000
2 xen mpctf_sikurd 2025-10-19_23-38-42.dm_26.dm_meta,1118576,00:17:39.436,60893,1274204,MOD_ROCKET,good,False,0.3333333333333333,0.41,0.6230990489994304,0.3487144669565755,0.04193783178925514,0.13987791155118678,0.4578267526018011,0.2,5.91427117234303e-12,0.9513235002227489,1.7334741353988647,0.008754920214414597,4.371074676513672,132.45680236816406,787.0,557,80,462,906.0,17.0,592.0,1122.0,2.0,215.0,7.0,^7xen,^7play
2 xen mpctf_sikurd 2025-10-19_23-38-42.dm_26.dm_meta,1151312,00:18:12.172,60893,1274204,MOD_ROCKET_SPLASH,bad,False,0.24666666666666667,0.25,0.19717507609214907,0.20584904802158283,0.07070143520832062,-0.5367055491191995,0.21441922997997662,0.2,8.763365322776931e-05,0.5631149886000546,2.401870012283325,0.012130656279623508,38.29853820800781,1160.561767578125,257.0,391,15,364,773.0,383.0,625.0,,,851.0,31.0,^7xen,^7play
2 xen mpctf_sikurd 2025-10-19_23-38-42.dm_26.dm_meta,1171178,00:18:32.038,60893,1274204,MOD_FLECHETTE,bad,False,,,,,,,,,,,0.0,0.0,51.975955963134766,1575.0289306640625,259.0,90,0,288,231.0,745.0,347.0,66.0,-55.0,238.0,232.0,^7xen,^7LGCarrier9000
2 xen mpctf_sikurd 2025-10-19_23-38-42.dm_26.dm_meta,1210646,00:19:11.506,60893,1274204,MOD_ROCKET_SPLASH,bad,True,0.16333333333333333,0.185,0.06595678530593434,0.02620857897537481,0.001129547250457108,-0.9885768218103705,0.11942091707287845,0.0,1.6648645749300269e-06,0.03213335366955198,28.13606834411621,0.21315203607082367,34.103763580322266,1033.4473876953125,95.0,342,213,319,54.0,1045.0,306.0,,,378.0,357.0,^7xen,^7play
2 xen mpctf_sikurd 2025-10-19_23-38-42.dm_26.dm_meta,1225892,00:19:26.752,60893,1274204,MOD_THERMAL_SPLASH,bad,False,,,,,,,,,,,4.2097601890563965,0.06378424167633057,39.83168029785156,1207.0206298828125,208.0,353,237,454,461.0,722.0,438.0,,,242.0,208.0,^7xen,^7LGCarrier9000
2 xen mpctf_sikurd 2025-10-19_23-38-42.dm_26.dm_meta,1251335,00:19:52.195,60893,1274204,MOD_BRYAR_PISTOL_ALT,bad,False,0.29,0.36333333333333334,0.29368683347259983,0.11746496604564245,0.002897778060287237,-0.3642466259966225,0.47945017006452945,0.4,0.00486934353519375,0.9340178027978826,1.3498549461364746,0.00818093866109848,4.0874528884887695,123.86221313476562,387.0,646,162,703,828.0,331.0,451.0,330.0,-5.0,206.0,32.0,^7xen,^7play
2 xen mpctf_talay 2025-08-29_21-07-27.dm_26.dm_meta,320999,00:00:42.079,279353,1493984,MOD_FLECHETTE,bad,False,,,,,,,,,,,0.0,0.0,0.0,0.0,149.0,442,803,647,65.0,45.0,26.0,,,11.0,1.0,^3xen,^7burrowfan
2 xen mpctf_talay 2025-08-29_21-07-27.dm_26.dm_meta,453263,00:02:54.343,279353,1493984,MOD_FLECHETTE_ALT_SPLASH,bad,False,0.24,0.17666666666666667,0.034486067262328314,0.02002807096132644,0.015915269032120705,-0.9677310283802074,0.14619853008643338,0.0,1.570152928701802e-35,1.4391516476671901e-10,0.0,0.0,12.980803489685059,393.3576965332031,871.0,82,39,498,71.0,22.0,70.0,,,4.0,0.0,^3xen,^7tmacfan
2 xen mpctf_talay 2025-08-29_21-07-27.dm_26.dm_meta,527942,00:04:09.022,279353,1493984,MOD_FALLING,bad,False,,,,,,,,,,,4.874687194824219,0.14771778881549835,25.735206604003906,779.854736328125,523.0,476,0,442,304.0,0.0,642.0,,,7.0,0.0,^3xen,^7tmacfan
2 xen mpctf_talay 2025-08-29_21-07-27.dm_26.dm_meta,555926,00:04:37.006,279353,1493984,MOD_FLECHETTE_ALT_SPLASH,bad,False,0.04,0.09,0.15700963330245124,0.0033222124174071325,0.020083600655198097,-0.6048561489542676,0.1601275337300814,0.0,4.6816955954492045e-11,0.5509380691676489,0.0,0.0,61.981746673583984,1878.2347412109375,47.0,446,58,372,661.0,103.0,399.0,,,76.0,0.0,^3xen,^7burrowfan
2 xen mpctf_talay 2025-08-29_21-07-27.dm_26.dm_meta,562658,00:04:43.738,279353,1493984,MOD_FLECHETTE_ALT_SPLASH,bad,False,0.08666666666666667,0.07666666666666666,0.08769523874804702,0.009727311719840431,0.2952806353569031,-0.8123466763358937,0.15958476669319785,0.2,1.6546574064745166e-06,0.1519277267035727,0.0,0.0,21.62076187133789,655.1746215820312,54.0,306,17,209,292.0,66.0,255.0,,,16.0,0.0,^3xen,^7Bobo Fett
2 xen mpctf_talay 2025-08-29_21-07-27.dm_26.dm_meta,567278,00:04:48.358,279353,1493984,MOD_FLECHETTE_ALT_SPLASH,bad,False,0.14,0.14666666666666667,0.14404478985409122,0.0030014548122053817,0.021573644131422043,-0.6743372125199305,0.1593328589061813,0.2,0.27127967697619215,0.6525522046900261,0.0,0.0,47.4358024597168,1437.4486083984375,182.0,376,0,330,224.0,28.0,530.0,,,6.0,0.0,^3xen,^7burrowfan
2 xen mpctf_talay 2025-08-29_21-07-27.dm_26.dm_meta,593942,00:05:15.022,279353,1493984,MOD_FLECHETTE_ALT_SPLASH,bad,False,0.10333333333333333,0.1,0.05414083859208185,0.0036699937277870354,0.017557181417942047,-0.9314164653941104,0.15538446471757808,0.0,2.543090667217552e-10,0.2442254251164676,0.0,0.0,13.963834762573242,423.1465148925781,94.0,288,7,304,149.0,34.0,139.0,,,3.0,0.0,^3xen,^7tmacfan
2 xen mpctf_talay 2025-08-29_21-07-27.dm_26.dm_meta,653309,00:06:14.389,279353,1493984,MOD_REPEATER_ALT,bad,True,0.15,0.18,0.01682011480442825,0.021411634124123325,0.02153964899480343,-1.3266145346194935,0.07126227140456047,0.2,1.5428901035323455e-24,0.006600043855897831,0.0,0.0,149.25088500976562,4522.75390625,193.0,528,65,454,400.0,208.0,388.0,99.0,-39.0,38.0,0.0,^3xen,^7burrowfan
2 xen mpctf_talay 2025-08-29_21-07-27.dm_26.dm_meta,680237,00:06:41.317,279353,1493984,MOD_ROCKET_SPLASH,bad,False,0.11,0.10666666666666667,0.09321995282798257,0.06574302763334866,0.0037049339152872562,-0.8399842834708284,0.14761044234098322,0.2,4.264520432491153e-07,0.0007350358858290193,55.64126205444336,0.24087126553058624,75.6751937866211,2293.187744140625,175.0,387,274,436,617.0,172.0,378.0,,,29.0,12.0,^3xen,^7tmacfan
2 xen mpctf_talay 2025-08-29_21-07-27.dm_26.dm_meta,760427,00:08:01.507,279353,1493984,MOD_FLECHETTE,bad,False,,,,,,,,,,,0.0,0.0,25.289031982421875,766.3342895507812,314.0,587,40,775,431.0,7.0,517.0,66.0,-5.0,21.0,0.0,^3xen,^7tmacfan
2 xen mpctf_talay 2025-08-29_21-07-27.dm_26.dm_meta,774122,00:08:15.202,279353,1493984,MOD_FLECHETTE_ALT_SPLASH,bad,False,0.07333333333333333,0.09,0.17010512012215145,0.0034678298608246108,0.01850084774196148,-0.6495535927561549,0.16793206332044322,0.2,1.7461616829491656e-15,0.4909377322189818,0.0,0.0,5.0167388916015625,152.0223846435547,194.0,254,0,215,657.0,60.0,606.0,,,43.0,0.0,^3xen,^7burrowfan
2 xen mpctf_talay 2025-08-29_21-07-27.dm_26.dm_meta,792272,00:08:33.352,279353,1493984,MOD_FLECHETTE_ALT_SPLASH,bad,False,0.11666666666666667,0.06,0.08077014974974908,0.005104964104753381,0.011961397714912891,-0.8429499223075286,0.16121904011534174,0.0,2.219334283342318e-12,0.2485019133665555,6.1415934562683105,0.023263610899448395,8.797876358032227,266.6023254394531,327.0,227,81,345,112.0,44.0,429.0,,,1.0,0.0,^3xen,^7tmacfan
2 xen mpctf_talay 2025-08-29_21-07-27.dm_26.dm_meta,812798,00:08:53.878,279353,1493984,MOD_FLECHETTE,bad,False,,,,,,,,,,,2.7272329330444336,0.08264341950416565,9.71528434753418,294.4025573730469,438.0,633,585,652,217.0,301.0,217.0,99.0,10.0,19.0,13.0,^3xen,^7tmacfan
2 xen mpctf_talay 2025-08-29_21-07-27.dm_26.dm_meta,931433,00:10:52.513,279353,1493984,MOD_FLECHETTE_ALT_SPLASH,bad,False,0.04666666666666667,0.06333333333333334,0.07700385092263601,0.0032932506827789906,0.006227439269423485,-0.8506686124248639,0.17223055407884533,0.0,7.684323474176209e-16,0.2647427346080664,15.833229064941406,0.15993160009384155,17.99481964111328,545.2975463867188,195.0,332,0,373,604.0,49.0,363.0,,,38.0,0.0,^3xen,^7tmacfan
2 xen mpctf_talay 2025-08-29_21-07-27.dm_26.dm_meta,1036208,00:12:37.288,279353,1493984,MOD_ROCKET_SPLASH,bad,False,0.14666666666666667,0.16,0.14738500444684915,0.12829102104353662,0.0021076109260320663,-0.658703362742144,0.1914026830487706,0.0,0.8349192459527291,0.43994757504237897,0.0604248046875,0.0006103515625,9.171625137329102,277.92803955078125,517.0,317,281,336,238.0,350.0,290.0,,,276.0,249.0,^3xen,^7tmacfan
2 xen mpctf_talay 2025-08-29_21-07-27.dm_26.dm_meta,1067228,00:13:08.308,279353,1493984,MOD_CONC,bad,False,,,,,,,,,,,34.75904846191406,0.15047207474708557,96.66624450683594,2929.2802734375,567.0,229,0,339,858.0,313.0,963.0,,,193.0,52.0,^3xen,^7burrowfan
2 xen mpctf_talay 2025-08-29_21-07-27.dm_26.dm_meta,1097357,00:13:38.437,279353,1493984,MOD_FLECHETTE_ALT_SPLASH,bad,False,0.22333333333333333,0.14666666666666667,0.12261173453474136,0.01188623412617147,0.031042488291859627,-0.6880185904591438,0.15618153776451926,0.2,1.418104707857083e-07,0.8089833823115959,0.0,0.0,0.0,0.0,234.0,432,606,590,625.0,774.0,543.0,,,462.0,460.0,^3xen,^7tmacfan
2 xen mpctf_talay 2025-08-29_21-07-27.dm_26.dm_meta,1153325,00:14:34.405,279353,1493984,MOD_REPEATER_ALT_SPLASH,bad,False,0.14,0.15666666666666668,0.11244900689099015,0.1725619844486729,0.04810204356908798,-0.7764956987908971,0.1594289205447338,0.0,0.8948034371073782,0.4334929365604505,0.0,0.0,21.92840576171875,664.4971313476562,187.0,439,39,344,498.0,29.0,450.0,,,386.0,320.0,^3xen,^7burrowfan
2 xen mpctf_talay 2025-08-29_21-07-27.dm_26.dm_meta,1200185,00:15:21.265,279353,1493984,MOD_BRYAR_PISTOL_ALT,bad,True,0.11333333333333333,0.15666666666666668,0.018664195843292167,0.0037786475956541605,0.0008943186257965863,-1.6105194785124335,0.5288443297728248,0.0,9.837174181103568e-10,1.4067974342515784e-62,35.179325103759766,1.0660401582717896,71.09226989746094,2154.311279296875,104.0,268,0,407,708.0,76.0,284.0,33.0,-10.0,60.0,0.0,^3xen,^7tmacfan
2 xen mpctf_talay 2025-08-29_21-07-27.dm_26.dm_meta,1260080,00:16:21.160,279353,1493984,MOD_FLECHETTE_ALT_SPLASH,bad,False,0.03333333333333333,0.06333333333333334,0.09433091623344594,0.001092770140506771,0.0013581759994849563,-0.7813383885679377,0.15905353666601832,0.2,4.299973615202285e-19,0.41131615925754617,0.9092804193496704,0.013776975683867931,16.17636489868164,490.19287109375,248.0,335,151,342,457.0,7.0,385.0,,,55.0,6.0,^3xen,^7sid
2 xen mpctf_talay 2025-08-29_21-07-27.dm_26.dm_meta,1317335,00:17:18.415,279353,1493984,MOD_FLECHETTE_ALT_SPLASH,bad,True,0.24,0.18666666666666668,0.21890059206015391,0.15966603823316847,0.09797107428312302,-0.5178054106034129,0.17884104313810148,0.2,4.1045045174081728e-53,0.9916653047100182,11.046525001525879,0.16737158596515656,52.57713317871094,1593.2464599609375,171.0,406,15,209,1110.0,180.0,595.0,,,2724.0,1614.0,^3xen,^7tmacfan
2 xen mpctf_talay 2025-08-29_21-07-27.dm_26.dm_meta,1458410,00:19:39.490,279353,1493984,MOD_BRYAR_PISTOL_ALT,bad,True,0.15666666666666668,0.27666666666666667,0.563744334403531,0.006003441964948094,0.001449775299988687,0.13572850216420074,0.480217728710888,0.2,2.7033906020557912e-55,0.8017979017548853,3.570577621459961,0.027049830183386803,9.868403434753418,299.04254150390625,51.0,323,0,251,779.0,466.0,1152.0,,,117.0,8.0,^3xen,^7sid
2 xen mpctf_talay 2025-08-29_21-07-27.dm_26.dm_meta,1475933,00:19:57.013,279353,1493984,MOD_FLECHETTE_ALT_SPLASH,bad,False,0.07666666666666666,0.10333333333333333,0.1674987102732998,0.002132157042472148,0.0011737014865502715,-0.5606368586877133,0.15720574371674492,0.2,0.04237215557917288,0.7629859337398339,0.0,0.0,62.910888671875,1906.390625,194.0,249,83,427,591.0,217.0,367.0,,,535.0,86.0,^3xen,^7tmacfan
2 Xen_Crypt ctf_dantooine_v3 2025-10-19_22-44-34.dm_26.dm_meta,107720,00:00:29.968,78185,1100261,MOD_ROCKET_SPLASH,bad,True,0.17666666666666667,0.18,0.0390385716631538,0.047108570858358095,0.0036963054444640875,-1.1817802572582359,0.11481910171239462,0.2,0.00022598050490609754,1.9363314885601338e-07,16.357282638549805,0.4956752359867096,86.76143646240234,2629.134521484375,309.0,515,0,809,370.0,96.0,217.0,,,143.0,11.0,^3Xen_Crypt,^7play
2 Xen_Crypt ctf_dantooine_v3 2025-10-19_22-44-34.dm_26.dm_meta,121877,00:00:44.125,78185,1100261,MOD_FALLING,bad,False,,,,,,,,,,,0.0,0.0,9.379680633544922,284.2327575683594,2880.0,767,178,701,0.0,1.0,8.0,,,0.0,0.0,^3Xen_Crypt,^7LGCarrier9000
2 Xen_Crypt ctf_dantooine_v3 2025-10-19_22-44-34.dm_26.dm_meta,139631,00:01:01.879,78185,1100261,MOD_THERMAL,bad,False,0.1575,0.18,0.08063316116724747,0.11685709023803005,0.0035871544387191534,-0.7716898799524762,0.20432612780041706,0.4,0.9999895537556025,0.848813372161714,0.18119116127490997,0.005490641109645367,3.1427907943725586,95.236083984375,283.0,173,0,350,316.0,141.0,276.0,297.0,-1.0,26.0,0.0,^3Xen_Crypt,^7play
2 Xen_Crypt ctf_dantooine_v3 2025-10-19_22-44-34.dm_26.dm_meta,228533,00:02:30.781,78185,1100261,MOD_REPEATER_ALT_SPLASH,bad,False,0.19666666666666666,0.19833333333333333,0.08119444310845733,0.1895852397605152,0.10722728818655014,-0.901250022909085,0.13962615230817446,0.4,0.0015411571200823245,0.3502644993512603,0.0,0.0,21.772846221923828,659.783203125,222.0,69,120,356,139.0,154.0,383.0,,,269.0,203.0,^3Xen_Crypt,^7LGCarrier9000
2 Xen_Crypt ctf_dantooine_v3 2025-10-19_22-44-34.dm_26.dm_meta,292091,00:03:34.339,78185,1100261,MOD_FALLING,bad,False,,,,,,,,,,,0.0,0.0,18.368471145629883,556.620361328125,,764,265,674,,,,,,,,^3Xen_Crypt,^7LGCarrier9000
2 Xen_Crypt ctf_dantooine_v3 2025-10-19_22-44-34.dm_26.dm_meta,298691,00:03:40.939,78185,1100261,MOD_FLECHETTE_ALT_SPLASH,bad,False,0.17666666666666667,0.18333333333333332,0.22589987486409874,0.007314011760011552,0.19831690192222595,-0.48333235044662526,0.1596422855665992,0.2,2.326544736800841e-12,0.5864112357293731,0.0,0.0,82.65202331542969,2504.606689453125,82.0,189,13,136,289.0,611.0,276.0,,,17.0,2.0,^3Xen_Crypt,^7play
2 Xen_Crypt ctf_dantooine_v3 2025-10-19_22-44-34.dm_26.dm_meta,311429,00:03:53.677,78185,1100261,MOD_REPEATER_ALT_SPLASH,bad,False,0.12,0.15333333333333332,0.09429595315941375,0.10654983425353526,0.019314132630825043,-0.8535598867317169,0.14936566997963313,0.2,8.453668437798712e-06,0.4136526358275894,0.0,0.0,1.762749433517456,53.416648864746094,157.0,357,51,477,546.0,73.0,394.0,,,136.0,0.0,^3Xen_Crypt,^7LGCarrier9000
2 Xen_Crypt ctf_dantooine_v3 2025-10-19_22-44-34.dm_26.dm_meta,426698,00:05:48.946,78185,1100261,MOD_BOWCASTER,bad,True,,,,,,,,,,,51.626731872558594,0.3911116123199463,76.12126922607422,2306.705078125,100.0,436,0,607,597.0,155.0,460.0,33.0,41.0,778.0,338.0,^3Xen_Crypt,^7play
2 Xen_Crypt ctf_dantooine_v3 2025-10-19_22-44-34.dm_26.dm_meta,470819,00:06:33.067,78185,1100261,MOD_BRYAR_PISTOL_ALT,bad,False,0.20666666666666667,0.32666666666666666,0.19729089117591772,0.15885715826803362,0.15703733265399933,-0.5280567168072103,0.5279330502021443,0.4,6.983827145500469e-06,0.8464141893207489,1.265289306640625,0.03834209963679314,10.3124418258667,312.49822998046875,42.0,31,0,480,375.0,198.0,514.0,,,338.0,284.0,^3Xen_Crypt,^7enab
2 Xen_Crypt ctf_dantooine_v3 2025-10-19_22-44-34.dm_26.dm_meta,487220,00:06:49.468,78185,1100261,MOD_CONC,bad,False,,,,,,,,,,,0.0,0.0,0.0,0.0,116.0,220,17,166,200.0,71.0,280.0,,,43.0,0.0,^3Xen_Crypt,^7play
2 Xen_Crypt ctf_dantooine_v3 2025-10-19_22-44-34.dm_26.dm_meta,523157,00:07:25.405,78185,1100261,MOD_FLECHETTE_ALT_SPLASH,bad,False,0.12333333333333334,0.12333333333333334,0.06993289915780945,0.005634249883493353,0.15605148673057556,-0.8684352743616712,0.1553037858864921,0.0,1.917404109714993e-11,0.2835254340749469,0.0,0.0,15.417820930480957,467.2066955566406,93.0,258,20,429,223.0,3.0,279.0,,,8.0,0.0,^3Xen_Crypt,^7LGCarrier9000
2 Xen_Crypt ctf_dantooine_v3 2025-10-19_22-44-34.dm_26.dm_meta,599486,00:08:41.734,78185,1100261,MOD_DEMP2,bad,False,,,,,,,,,,,0.0,0.0,0.09826470911502838,2.9777185916900635,253.0,201,0,190,219.0,15.0,178.0,99.0,-5.0,8.0,0.0,^3Xen_Crypt,^7LGCarrier9000
2 Xen_Crypt ctf_dantooine_v3 2025-10-19_22-44-34.dm_26.dm_meta,659645,00:09:41.893,78185,1100261,MOD_REPEATER_ALT_SPLASH,bad,False,0.20333333333333334,0.20333333333333334,0.0641227004424185,0.10052327940152214,0.07790843397378922,-0.990460898977663,0.12137108443712323,0.2,7.627295243595831e-07,0.2837350958288535,0.0,0.0,34.74433517456055,1052.858642578125,180.0,338,191,463,67.0,351.0,287.0,,,93.0,62.0,^3Xen_Crypt,^7LGCarrier9000
2 Xen_Crypt ctf_dantooine_v3 2025-10-19_22-44-34.dm_26.dm_meta,711290,00:10:33.538,78185,1100261,MOD_REPEATER_ALT,bad,False,0.12,0.12666666666666668,0.017713366785307674,0.022843475216562784,0.05133192241191864,-1.331131384135722,0.07182277664395845,0.2,1.4258533620251365e-14,0.030493537368443447,17.446176528930664,0.1321680098772049,44.802207946777344,1357.6427001953125,103.0,472,33,443,480.0,103.0,476.0,66.0,-16.0,48.0,0.0,^3Xen_Crypt,^7play
2 Xen_Crypt ctf_dantooine_v3 2025-10-19_22-44-34.dm_26.dm_meta,730430,00:10:52.678,78185,1100261,MOD_BRYAR_PISTOL_ALT,bad,False,0.23666666666666666,0.34,0.31919971884480974,0.059539688973636144,0.038736436516046524,-0.28806258281435926,0.48015622173940153,0.4,0.9938167764195135,0.923717605313936,0.0,0.0,0.8667370676994324,26.264759063720703,115.0,662,236,646,830.0,115.0,509.0,66.0,-4.0,315.0,68.0,^3Xen_Crypt,^7LGCarrier9000
2 Xen_Crypt ctf_dantooine_v3 2025-10-19_22-44-34.dm_26.dm_meta,905396,00:13:47.644,78185,1100261,MOD_FLECHETTE,bad,True,,,,,,,,,,,4.290808200836182,0.0216707494109869,6.536126613616943,198.06443786621094,527.0,811,41,824,1184.0,273.0,1118.0,165.0,0.0,251.0,39.0,^3Xen_Crypt,^7LGCarrier9000
2 Xen_Crypt ctf_dantooine_v3 2025-10-19_22-44-34.dm_26.dm_meta,946085,00:14:28.333,78185,1100261,MOD_REPEATER_ALT_SPLASH,bad,False,0.09666666666666666,0.15,0.1342525615180738,0.11786055753253642,0.016734100878238678,-0.6916333632483317,0.18456116447606238,0.0,0.01670626692407932,0.3084889340270535,0.0,0.0,48.533607482910156,1470.71533203125,410.0,351,0,353,341.0,169.0,288.0,,,168.0,0.0,^3Xen_Crypt,^7LGCarrier9000
2 Xen_Crypt ctf_dantooine_v3 2025-10-19_22-44-34.dm_26.dm_meta,969713,00:14:51.961,78185,1100261,MOD_REPEATER_ALT,bad,True,0.24666666666666667,0.23666666666666666,0.0956698943424603,0.029618370179080117,0.0010248003527522087,-0.6664025160371797,0.19036508764913362,0.8,0.9999683180667162,0.5333643368989446,1.4999456405639648,0.022726448252797127,1.4999456405639648,45.45289993286133,285.0,140,67,381,533.0,981.0,417.0,231.0,-42.0,88.0,23.0,^3Xen_Crypt,^7LGCarrier9000
2 Xen_Crypt ctf_dantooine_v3 2025-10-19_22-44-34.dm_26.dm_meta,989216,00:15:11.464,78185,1100261,MOD_THERMAL,bad,True,0.02,0.02666666666666667,0.001850199710373027,0.0013643086324507884,0.0007938785129226744,-2.1421219775867515,0.23488152718619718,0.2,1.391241333574337e-18,8.285403329645372e-21,22.737703323364258,0.6890212893486023,42.95439147949219,1301.648193359375,35.0,475,81,561,120.0,405.0,317.0,33.0,-59.0,35.0,0.0,^3Xen_Crypt,^7play
2 Xen_Crypt ctf_dantooine_v3 2025-10-19_22-44-34.dm_26.dm_meta,1007432,00:15:29.680,78185,1100261,MOD_DET_PACK_SPLASH,bad,False,,,,,,,,,,,0.0,0.0,0.0,0.0,200.0,609,33,612,1005.0,103.0,864.0,,,78.0,0.0,^3Xen_Crypt,^7LGCarrier9000
2 Xen_Crypt ctf_emerido_v2 2025-10-19_23-14-47.dm_26.dm_meta,53402,00:00:13.699,40136,917672,MOD_FLECHETTE_ALT_SPLASH,bad,False,0.08666666666666667,0.07333333333333333,0.11104482852330645,0.003817160900060627,0.004146850202232599,-0.7168732551015399,0.16586406536348752,0.4,5.049901411210246e-09,0.5878861369167214,0.0,0.0,1.9507540464401245,59.1137580871582,335.0,385,0,343,1040.0,43.0,466.0,,,228.0,12.0,^3Xen_Crypt,^2h^0annah ^2(^0retired^2)
2 Xen_Crypt ctf_emerido_v2 2025-10-19_23-14-47.dm_26.dm_meta,96896,00:00:57.193,40136,917672,MOD_REPEATER_ALT,bad,False,0.13666666666666666,0.12333333333333334,0.033392281711563845,0.03155571743071684,0.006513384636491537,-1.1888082692270052,0.09712554630068322,0.2,5.509887213578046e-18,0.005351434159686674,19.81959342956543,0.20019792020320892,25.26432991027832,765.5857543945312,53.0,479,193,608,859.0,56.0,598.0,33.0,6.0,561.0,99.0,^3Xen_Crypt,^7enab
2 Xen_Crypt ctf_emerido_v2 2025-10-19_23-14-47.dm_26.dm_meta,106565,00:01:06.862,40136,917672,MOD_REPEATER_ALT_SPLASH,bad,False,0.12666666666666668,0.23333333333333334,0.05326733921103438,0.0711179475062167,0.060781948268413544,-1.0645918837912567,0.11271582803553348,0.4,8.892361564289427e-09,0.27642029459991413,0.0,0.0,34.40943145751953,1042.7100830078125,83.0,266,104,674,303.0,256.0,367.0,,,239.0,55.0,^3Xen_Crypt,^7play
2 Xen_Crypt ctf_emerido_v2 2025-10-19_23-14-47.dm_26.dm_meta,163985,00:02:04.282,40136,917672,MOD_ROCKET_SPLASH,bad,False,0.09,0.15333333333333332,0.06646006760229167,0.11624412202307065,0.052114006131887436,-0.9813904156079233,0.12394320472391085,0.0,1.455348403896773e-06,0.30264479043182146,0.8174300789833069,0.02477060817182064,20.940616607666016,634.5641479492188,139.0,332,112,379,260.0,164.0,277.0,,,124.0,0.0,^3Xen_Crypt,^7Flk
2 Xen_Crypt ctf_emerido_v2 2025-10-19_23-14-47.dm_26.dm_meta,231569,00:03:11.866,40136,917672,MOD_FLECHETTE_ALT_SPLASH,bad,False,0.06666666666666667,0.02666666666666667,0.08654375569465561,0.0017123378091993312,0.009735428728163242,-0.832868544631918,0.16004069566707058,0.0,0.9911445640568121,0.32691390982976265,0.0,0.0,0.9637959599494934,29.2059383392334,130.0,233,6,296,311.0,53.0,368.0,,,22.0,0.0,^3Xen_Crypt,^7Flk
2 Xen_Crypt ctf_emerido_v2 2025-10-19_23-14-47.dm_26.dm_meta,306314,00:04:26.611,40136,917672,MOD_BRYAR_PISTOL_ALT,bad,False,0.09,0.17,0.32600653407370983,0.09333297872758642,0.015814360231161118,-0.310290451621386,0.48451327494138413,0.2,9.40964219642389e-16,0.803177363517994,0.0,0.0,50.28860092163086,1523.89697265625,246.0,428,0,612,964.0,297.0,542.0,165.0,1.0,150.0,19.0,^3Xen_Crypt,^2h^0annah ^2(^0retired^2)
2 Xen_Crypt ctf_emerido_v2 2025-10-19_23-14-47.dm_26.dm_meta,337499,00:04:57.796,40136,917672,MOD_CONC,bad,False,,,,,,,,,,,0.0,0.0,11.719411849975586,355.1336975097656,211.0,239,9,347,472.0,94.0,445.0,,,134.0,0.0,^3Xen_Crypt,^7enab
2 Xen_Crypt ctf_emerido_v2 2025-10-19_23-14-47.dm_26.dm_meta,443165,00:06:43.462,40136,917672,MOD_FLECHETTE_ALT_SPLASH,bad,False,0.06333333333333334,0.09333333333333334,0.11229913685350032,0.004176500506788177,0.009419701062142849,-0.7439598456831285,0.1663550998482631,0.2,1.1921867998822198e-15,0.39984966672578015,0.0,0.0,4.815427780151367,145.92205810546875,273.0,427,0,221,735.0,77.0,486.0,,,53.0,0.0,^3Xen_Crypt,^7enab
2 Xen_Crypt ctf_emerido_v2 2025-10-19_23-14-47.dm_26.dm_meta,468278,00:07:08.575,40136,917672,MOD_BRYAR_PISTOL_ALT,bad,True,0.17333333333333334,0.11333333333333333,0.009032176313179718,0.004560394806047277,0.0018386582378298044,-1.8341052032916931,0.6055187907407688,0.4,1.6083248229939957e-65,3.660138378724153e-05,8.246930122375488,0.2499069720506668,48.39802551269531,1466.6068115234375,93.0,10,1003,367,670.0,87.0,257.0,33.0,-11.0,44.0,0.0,^3Xen_Crypt,^7enab
2 Xen_Crypt ctf_emerido_v2 2025-10-19_23-14-47.dm_26.dm_meta,517184,00:07:57.481,40136,917672,MOD_REPEATER_ALT,bad,False,0.09666666666666666,0.11666666666666667,0.0191043944184086,0.019597436024049782,0.010587843134999275,-1.2904962811581746,0.07963808055177746,0.0,1.9213719692398174e-26,0.5470683136908701,0.0,0.0,32.723182678222656,991.611572265625,57.0,363,118,391,594.0,132.0,344.0,33.0,-23.0,36.0,0.0,^3Xen_Crypt,^7enab
2 Xen_Crypt ctf_emerido_v2 2025-10-19_23-14-47.dm_26.dm_meta,538502,00:08:18.799,40136,917672,MOD_ROCKET,bad,True,0.10333333333333333,0.08666666666666667,0.07223135843677819,0.015439209826317093,0.008722485043108463,-0.9560059770088394,0.11482516203163302,0.0,2.4267834450906623e-52,5.2659485811980466e-05,14.900196075439453,0.451521098613739,39.344181060791016,1192.2479248046875,67.0,161,327,791,1044.0,286.0,568.0,99.0,-26.0,104.0,0.0,^3Xen_Crypt,^7enab
2 Xen_Crypt ctf_emerido_v2 2025-10-19_23-14-47.dm_26.dm_meta,551009,00:08:31.306,40136,917672,MOD_FLECHETTE_ALT_SPLASH,bad,False,0.25333333333333335,0.21,0.28781947043982453,0.22804759578014028,0.02554357424378395,-0.40825284149867425,0.1599893671618099,0.2,0.9966765675682274,0.7252571152701375,0.0,0.0,78.55963897705078,2380.59521484375,145.0,44,3,322,559.0,68.0,467.0,,,140.0,2.0,^3Xen_Crypt,^7enab
2 Xen_Crypt ctf_emerido_v2 2025-10-19_23-14-47.dm_26.dm_meta,660965,00:10:21.262,40136,917672,MOD_REPEATER_ALT_SPLASH,bad,False,0.19,0.3,0.08034057116480309,0.16190241235970354,0.2980118989944458,-0.896983424184236,0.139706137146084,0.4,7.006690920413622e-05,0.21657848122440057,0.0,0.0,77.76756286621094,2356.5927734375,194.0,240,0,451,156.0,169.0,356.0,,,71.0,0.0,^3Xen_Crypt,^2h^0annah ^2(^0retired^2)
2 Xen_Crypt ctf_emerido_v2 2025-10-19_23-14-47.dm_26.dm_meta,671426,00:10:31.723,40136,917672,MOD_REPEATER_ALT_SPLASH,bad,False,0.14333333333333334,0.21666666666666667,0.09287316259144612,0.15335725563360486,0.635679304599762,-0.8459260862955877,0.14773422526667335,0.0,0.015361680921483408,0.28663349948632283,0.0,0.0,61.44325256347656,1861.916748046875,187.0,278,56,389,416.0,197.0,315.0,,,213.0,7.0,^3Xen_Crypt,^7enab
2 Xen_Crypt ctf_emerido_v2 2025-10-19_23-14-47.dm_26.dm_meta,675353,00:10:35.650,40136,917672,MOD_BRYAR_PISTOL_ALT,bad,False,0.17,0.26,0.187563882849737,0.0706124733394927,0.010761319659650326,-0.5499297010359141,0.548099245844157,0.4,3.0623602230695876e-11,0.6609347004776148,8.526900291442871,0.0861303061246872,10.885457038879395,329.8623352050781,39.0,7,144,547,930.0,228.0,625.0,,,537.0,202.0,^3Xen_Crypt,^2h^0annah ^2(^0retired^2)
2 Xen_Crypt ctf_emerido_v2 2025-10-19_23-14-47.dm_26.dm_meta,692414,00:10:52.711,40136,917672,MOD_CONC,bad,False,,,,,,,,,,,0.0,0.0,10.215850830078125,309.57122802734375,93.0,366,43,437,563.0,135.0,466.0,,,35.0,0.0,^3Xen_Crypt,^2h^0annah ^2(^0retired^2)
2 Xen_Crypt ctf_emerido_v2 2025-10-19_23-14-47.dm_26.dm_meta,756236,00:11:56.533,40136,917672,MOD_REPEATER_ALT,bad,False,0.12666666666666668,0.11,0.011252713887591501,0.01608498080703424,0.004217582289129496,-1.4558258776730961,0.0537256176675276,0.0,2.5784055050395746e-40,0.020893084584789116,0.0,0.0,108.81137084960938,3297.314208984375,79.0,613,127,568,157.0,789.0,449.0,99.0,-56.0,178.0,30.0,^3Xen_Crypt,^2h^0annah ^2(^0retired^2)
2 Xen_Crypt ctf_emerido_v2 2025-10-19_23-14-47.dm_26.dm_meta,818507,00:12:58.804,40136,917672,MOD_ROCKET_SPLASH,bad,False,0.18333333333333332,0.22,0.24091346778626316,0.16178338619722707,0.013898731209337711,-0.45022666229873354,0.2457556468124714,0.2,0.10381102367957443,0.5408433465681485,1.0466604232788086,0.006343396380543709,1.0466604232788086,31.716981887817383,402.0,251,0,266,622.0,37.0,648.0,,,535.0,192.0,^3Xen_Crypt,^7enab
2 Xen_Crypt ctf_emerido_v2 2025-10-19_23-14-47.dm_26.dm_meta,874640,00:13:54.937,40136,917672,MOD_ROCKET_SPLASH,bad,False,0.17666666666666667,0.21,0.14204273696167605,0.10263719779104127,0.008175013586878777,-0.674988582486121,0.18769412606441427,0.2,0.999999992154872,0.2832442858887467,0.0,0.0,0.810311496257782,24.554893493652344,477.0,86,340,169,454.0,120.0,245.0,,,507.0,234.0,^3Xen_Crypt,^2h^0annah ^2(^0retired^2)
2 Xen_Crypt ctf_emerido_v2 2025-10-19_23-14-47.dm_26.dm_meta,882131,00:14:02.428,40136,917672,MOD_REPEATER_ALT_SPLASH,bad,False,0.25,0.3383333333333333,0.06453773877473215,0.09623811954394536,0.29782888293266296,-0.9724265119827707,0.12410476338724881,0.4,0.002104710542527339,0.0023598957959809017,45.43998336791992,0.2294948697090149,87.38017272949219,2647.884033203125,178.0,242,103,397,290.0,297.0,317.0,,,350.0,169.0,^3Xen_Crypt,^7enab
2 Xen_Crypt ctf_emerido_v2 2025-10-19_23-14-47.dm_26.dm_meta,899159,00:14:19.456,40136,917672,MOD_CONC,bad,False,,,,,,,,,,,0.0,0.0,18.375303268432617,556.827392578125,152.0,396,9,355,231.0,97.0,384.0,,,64.0,0.0,^3Xen_Crypt,^7enab
2 Xen_Crypt mpctf_barkhesh 2025-07-26_17-30-55.dm_26.dm_meta,141446,00:01:25.639,56240,1270871,MOD_ROCKET_SPLASH,bad,False,0.05333333333333334,0.12666666666666668,0.052306786349468684,0.06065161023004048,0.003429233795031905,-1.0657424895984458,0.1160604165161719,0.0,2.044692772757645e-11,0.1628354472923551,0.4652356505393982,0.007049025036394596,20.414833068847656,618.6312866210938,215.0,400,59,591,258.0,72.0,177.0,,,58.0,0.0,^3Xen_Crypt,^7Jak of the Shadows
2 Xen_Crypt mpctf_barkhesh 2025-07-26_17-30-55.dm_26.dm_meta,161807,00:01:46.000,56240,1270871,MOD_FLECHETTE_ALT_SPLASH,bad,False,0.09,0.16666666666666666,0.10890354094950613,0.007439995316817648,0.0009730078163556755,-0.7155492812375284,0.18220972627412635,0.2,0.9492266719906758,0.0009107250332323656,29.471235275268555,0.11163346469402313,40.47966384887695,1226.656494140625,588.0,331,188,392,305.0,232.0,611.0,,,227.0,15.0,^3Xen_Crypt,^1SCHWARZENEGGER.^7HarryTask
2 Xen_Crypt mpctf_barkhesh 2025-07-26_17-30-55.dm_26.dm_meta,244967,00:03:09.160,56240,1270871,MOD_REPEATER,bad,False,,,,,,,,,,,1.521963357925415,0.02306005172431469,9.363577842712402,283.7447814941406,147.0,464,603,555,155.0,245.0,376.0,,,62.0,54.0,^3Xen_Crypt,^7Jak of the Shadows
2 Xen_Crypt mpctf_barkhesh 2025-07-26_17-30-55.dm_26.dm_meta,293708,00:03:57.901,56240,1270871,MOD_FLECHETTE_ALT_SPLASH,bad,False,0.06,0.15,0.06676952657285264,0.004808362076703029,0.010186971165239811,-0.8667436302832813,0.1607326433282821,0.2,0.0001048585772384182,0.18260075116729466,0.0,0.0,8.277790069580078,250.8421173095703,75.0,452,116,221,569.0,164.0,183.0,,,56.0,24.0,^3Xen_Crypt,^1SCHWARZENEGGER.^7HarryTask
2 Xen_Crypt mpctf_barkhesh 2025-07-26_17-30-55.dm_26.dm_meta,313706,00:04:17.899,56240,1270871,MOD_REPEATER_ALT_SPLASH,bad,False,0.19333333333333333,0.21666666666666667,0.0876262102335791,0.1367776325007438,0.061575040221214294,-0.8765510899058419,0.14153737712365436,0.0,0.0007157405485941529,0.33521213226595753,1.7310353517532349,0.017485205084085464,57.3640022277832,1738.3031005859375,67.0,176,4,341,446.0,61.0,395.0,,,89.0,0.0,^3Xen_Crypt,^1SCHWARZENEGGER.^7HarryTask
2 Xen_Crypt mpctf_barkhesh 2025-07-26_17-30-55.dm_26.dm_meta,374096,00:05:18.289,56240,1270871,MOD_ROCKET_SPLASH,bad,False,0.14,0.18333333333333332,0.07322994075943026,0.1934936650672714,0.0602656751871109,-0.9379799869272782,0.13145407909662588,0.0,6.522944706337325e-10,0.3860545504084778,0.0,0.0,10.039054870605469,304.2137756347656,214.0,396,24,455,44.0,114.0,437.0,,,307.0,303.0,^3Xen_Crypt,^7Jak of the Shadows
2 Xen_Crypt mpctf_barkhesh 2025-07-26_17-30-55.dm_26.dm_meta,394358,00:05:38.551,56240,1270871,MOD_ROCKET_SPLASH,bad,False,0.16,0.17666666666666667,0.053232696327829176,0.06846678466981006,0.0020921481773257256,-1.0529569476155576,0.11107219485082682,0.6,2.756042630352104e-10,0.2180005004557943,0.1263427734375,0.0038285688497126102,78.68125915527344,2384.280517578125,138.0,126,388,488,504.0,122.0,247.0,,,735.0,408.0,^3Xen_Crypt,^1SCHWARZENEGGER.^7HarryTask
2 Xen_Crypt mpctf_barkhesh 2025-07-26_17-30-55.dm_26.dm_meta,439040,00:06:23.233,56240,1270871,MOD_REPEATER_ALT_SPLASH,bad,False,0.16333333333333333,0.17333333333333334,0.049702344446410356,0.09567380487692927,0.005644474644213915,-1.0916014984945195,0.11180587159490483,0.4,6.128690505371796e-05,0.008530554411089445,8.54572868347168,0.2589614689350128,78.88590240478516,2390.48193359375,116.0,508,77,462,366.0,61.0,231.0,,,71.0,0.0,^3Xen_Crypt,^1SCHWARZENEGGER.^7HarryTask
2 Xen_Crypt mpctf_barkhesh 2025-07-26_17-30-55.dm_26.dm_meta,479828,00:07:04.021,56240,1270871,MOD_FALLING,bad,False,,,,,,,,,,,0.0,0.0,4.607310771942139,139.615478515625,259.0,254,60,250,197.0,0.0,321.0,,,5.0,0.0,^3Xen_Crypt,^1SCHWARZENEGGER.^7HarryTask
2 Xen_Crypt mpctf_barkhesh 2025-07-26_17-30-55.dm_26.dm_meta,496889,00:07:21.082,56240,1270871,MOD_DISRUPTOR_SNIPER,bad,False,0.12666666666666668,0.07333333333333333,0.024621634120899228,0.03286553335507493,0.014348105527460575,-0.9877475516510437,0.07811219367618961,0.2,1.1830573905152167e-44,0.02069454191421316,0.6795556545257568,0.004118518903851509,1.8243012428283691,55.281856536865234,2432.0,261,0,502,379.0,302.0,373.0,,,51.0,23.0,^3Xen_Crypt,^7Jak of the Shadows
2 Xen_Crypt mpctf_barkhesh 2025-07-26_17-30-55.dm_26.dm_meta,525929,00:07:50.122,56240,1270871,MOD_REPEATER_ALT_SPLASH,bad,False,0.16,0.23333333333333334,0.0823609326364547,0.049533316546662765,0.009517454542219639,-0.8969879013941253,0.14640319314335273,0.2,0.00037955477452843856,0.17717939799362153,4.0062079429626465,0.12140023708343506,38.93319320678711,1179.793701171875,264.0,206,0,336,206.0,12.0,311.0,,,14.0,0.0,^3Xen_Crypt,^1SCHWARZENEGGER.^7HarryTask
2 Xen_Crypt mpctf_barkhesh 2025-07-26_17-30-55.dm_26.dm_meta,553550,00:08:17.743,56240,1270871,MOD_REPEATER_ALT_SPLASH,bad,False,0.14666666666666667,0.15,0.07871086939056386,0.17500539729673786,0.036021508276462555,-0.919101430661929,0.13309631555717175,0.2,7.989793040467762e-07,0.3546727704013449,1.1121859550476074,0.033702604472637177,58.76914978027344,1780.88330078125,43.0,446,47,517,530.0,56.0,431.0,,,107.0,0.0,^3Xen_Crypt,^1SCHWARZENEGGER.^7HarryTask
2 Xen_Crypt mpctf_barkhesh 2025-07-26_17-30-55.dm_26.dm_meta,591203,00:08:55.396,56240,1270871,MOD_DISRUPTOR_SNIPER,bad,False,0.07333333333333333,0.07333333333333333,0.0404132399903588,0.0030761285647936385,0.010540423914790154,-0.9059012456946941,0.08126279709175598,0.0,8.309047971428945e-66,0.22105862407496216,0.0,0.0,1.9833669662475586,60.102027893066406,2917.0,0,0,106,146.0,292.0,262.0,,,452.0,437.0,^3Xen_Crypt,^7Jak of the Shadows
2 Xen_Crypt mpctf_barkhesh 2025-07-26_17-30-55.dm_26.dm_meta,609419,00:09:13.612,56240,1270871,MOD_ROCKET_SPLASH,bad,True,0.19666666666666666,0.24666666666666667,0.11195214709932251,0.1158282969388259,0.006318668834865093,-0.7527819782755234,0.166863462639579,0.2,0.08119554151828343,2.6811697835484585e-06,74.37464904785156,0.3219681680202484,81.8050765991211,2478.941650390625,253.0,439,0,321,591.0,97.0,431.0,,,269.0,20.0,^3Xen_Crypt,^1SCHWARZENEGGER.^7HarryTask
2 Xen_Crypt mpctf_barkhesh 2025-07-26_17-30-55.dm_26.dm_meta,661922,00:10:06.115,56240,1270871,MOD_DET_PACK_SPLASH,bad,False,,,,,,,,,,,1.424520492553711,0.04316728934645653,19.402828216552734,587.9644775390625,843.0,577,343,557,647.0,44.0,653.0,,,275.0,32.0,^3Xen_Crypt,^1SCHWARZENEGGER.^7HarryTask
2 Xen_Crypt mpctf_barkhesh 2025-07-26_17-30-55.dm_26.dm_meta,718550,00:11:02.743,56240,1270871,MOD_REPEATER_ALT,bad,False,0.15333333333333332,0.10666666666666667,0.01554431093844645,0.015759777604878875,0.03476513549685478,-1.4047186143631416,0.0634626711071595,0.0,1.3405980082187888e-26,0.07916188774437094,14.951848983764648,0.06472662091255188,15.01108169555664,454.8812561035156,43.0,652,238,432,278.0,69.0,383.0,,,23.0,3.0,^3Xen_Crypt,^7Jak of the Shadows
2 Xen_Crypt mpctf_barkhesh 2025-07-26_17-30-55.dm_26.dm_meta,771779,00:11:55.972,56240,1270871,MOD_REPEATER_ALT,bad,False,0.23,0.22666666666666666,0.06535353206969062,0.055023052417282635,0.015379277989268303,-0.8678669804580486,0.14818668995178194,0.4,0.7822765669945014,0.5984404856114535,0.0,0.0,2.716679334640503,82.32361602783203,289.0,417,308,448,236.0,441.0,360.0,198.0,-14.0,25.0,15.0,^3Xen_Crypt,^1SCHWARZENEGGER.^7HarryTask
2 Xen_Crypt mpctf_barkhesh 2025-07-26_17-30-55.dm_26.dm_meta,808871,00:12:33.064,56240,1270871,MOD_REPEATER_ALT_SPLASH,bad,False,0.09333333333333334,0.17333333333333334,0.1001823061051047,0.09352147180000589,0.00975165143609047,-0.8209400782313732,0.15743392433635547,0.0,0.580112027534741,0.37215881506124027,1.1115753650665283,0.016842050477862358,6.818671703338623,206.6264190673828,274.0,428,0,441,277.0,53.0,391.0,,,50.0,0.0,^3Xen_Crypt,^1SCHWARZENEGGER.^7HarryTask
2 Xen_Crypt mpctf_barkhesh 2025-07-26_17-30-55.dm_26.dm_meta,847415,00:13:11.608,56240,1270871,MOD_FALLING,bad,False,,,,,,,,,,,0.3076171875,0.0031072443816810846,12.651759147644043,383.38665771484375,288.0,281,0,194,99.0,0.0,191.0,,,1.0,0.0,^3Xen_Crypt,^1SCHWARZENEGGER.^7HarryTask
2 Xen_Crypt mpctf_barkhesh 2025-07-26_17-30-55.dm_26.dm_meta,865994,00:13:30.187,56240,1270871,MOD_CONC,bad,False,,,,,,,,,,,11.665328979492188,0.05891580134630203,25.38426399230957,769.2201538085938,453.0,772,548,744,357.0,99.0,448.0,,,23.0,10.0,^3Xen_Crypt,^1SCHWARZENEGGER.^7HarryTask
2 Xen_Crypt mpctf_barkhesh 2025-07-26_17-30-55.dm_26.dm_meta,875960,00:13:40.153,56240,1270871,MOD_SABER,bad,True,,,,,,,,,,,49.46553039550781,0.374738872051239,58.4036979675293,1769.80908203125,32.0,156,0,251,1.0,0.0,110.0,,,0.0,0.0,^3Xen_Crypt,^1SCHWARZENEGGER.^7HarryTask
2 Xen_Crypt mpctf_barkhesh 2025-07-26_17-30-55.dm_26.dm_meta,968789,00:15:12.982,56240,1270871,MOD_ROCKET_SPLASH,bad,False,0.23333333333333334,0.21333333333333335,0.18514027653239884,0.16050162706854995,0.0704057440161705,-0.5467299339605651,0.20567521516625367,0.2,0.5466822952209913,0.029009431791204722,28.960647583007812,0.12537077069282532,136.15731811523438,4125.9794921875,311.0,290,183,269,412.0,492.0,525.0,,,347.0,56.0,^3Xen_Crypt,^1SCHWARZENEGGER.^7HarryTask
2 Xen_Crypt mpctf_barkhesh 2025-07-26_17-30-55.dm_26.dm_meta,1016474,00:16:00.667,56240,1270871,MOD_CONC,bad,False,,,,,,,,,,,4.767120361328125,0.14445818960666656,36.570247650146484,1108.1893310546875,337.0,418,90,373,497.0,41.0,303.0,,,72.0,0.0,^3Xen_Crypt,^1SCHWARZENEGGER.^7HarryTask
2 Xen_Crypt mpctf_barkhesh 2025-07-26_17-30-55.dm_26.dm_meta,1046372,00:16:30.565,56240,1270871,MOD_ROCKET_SPLASH,bad,False,0.27,0.2866666666666667,0.2794798891387158,0.14610300889782202,0.12016251683235168,-0.3815661978377125,0.2566227071258974,0.0,0.41950009314327574,0.477655557145104,0.1962989717721939,0.002974226837977767,39.955284118652344,1210.7662353515625,280.0,255,69,277,608.0,283.0,824.0,,,491.0,0.0,^3Xen_Crypt,^1SCHWARZENEGGER.^7HarryTask
2 Xen_Crypt mpctf_barkhesh 2025-07-26_17-30-55.dm_26.dm_meta,1050200,00:16:34.393,56240,1270871,MOD_DISRUPTOR_SNIPER,bad,False,0.07666666666666666,0.06,0.16671024395858342,0.04429728243387698,0.08682824671268463,-0.6054076388993459,0.08742134711661315,0.0,1.058104430097864e-130,0.9525277540831603,0.2197265625,0.006658380851149559,0.8654130697250366,26.224637985229492,3682.0,0,0,37,944.0,152.0,953.0,,,323.0,65.0,^3Xen_Crypt,^7Jak of the Shadows
2 Xen_Crypt mpctf_barkhesh 2025-07-26_17-30-55.dm_26.dm_meta,1076864,00:17:01.057,56240,1270871,MOD_FLECHETTE_ALT_SPLASH,bad,False,0.056666666666666664,0.07666666666666666,0.0836254734714349,0.0017878013404595743,0.00792165007442236,-0.8104463704532519,0.15803466379910455,0.0,1.1702061833811347e-11,0.2894276195817534,0.0,0.0,14.551213264465332,440.94586181640625,289.0,270,0,335,364.0,54.0,341.0,,,26.0,0.0,^3Xen_Crypt,^1SCHWARZENEGGER.^7HarryTask
2 Xen_Crypt mpctf_barkhesh 2025-07-26_17-30-55.dm_26.dm_meta,1112999,00:17:37.192,56240,1270871,MOD_SABER,bad,False,,,,,,,,,,,38.13774490356445,0.14446115493774414,115.7236099243164,3506.776123046875,37.0,17,0,200,256.0,0.0,235.0,,,8.0,0.0,^3Xen_Crypt,^1SCHWARZENEGGER.^7HarryTask
2 Xen_Crypt mpctf_barkhesh 2025-07-26_17-30-55.dm_26.dm_meta,1134020,00:17:58.213,56240,1270871,MOD_FLECHETTE,bad,False,,,,,,,,,,,0.0,0.0,13.89306354522705,421.0019226074219,211.0,67,0,357,417.0,294.0,386.0,33.0,2.0,216.0,145.0,^3Xen_Crypt,^7Jak of the Shadows
2 Xen_Crypt mpctf_barkhesh 2025-07-26_17-30-55.dm_26.dm_meta,1139135,00:18:03.328,56240,1270871,MOD_FLECHETTE,bad,False,,,,,,,,,,,5.247906684875488,0.07951373606920242,16.512929916381836,500.3918151855469,107.0,47,19,295,501.0,0.0,359.0,,,38.0,1.0,^3Xen_Crypt,^1SCHWARZENEGGER.^7HarryTask
2 Xen_Crypt mpctf_barkhesh 2025-07-26_17-30-55.dm_26.dm_meta,1212857,00:19:17.050,56240,1270871,MOD_ROCKET_SPLASH,bad,False,0.20333333333333334,0.3233333333333333,0.1922491328529535,0.17649844671890938,0.23395515978336334,-0.5485058080740234,0.21377906181608688,0.4,3.351659878548227e-07,0.5712118224911331,3.1977009773254395,0.019380005076527596,37.79509353637695,1145.305908203125,292.0,418,0,409,638.0,309.0,616.0,,,562.0,2.0,^3Xen_Crypt,^7Jak of the Shadows
2 Xen_Crypt mpctf_barkhesh 2025-07-26_17-30-55.dm_26.dm_meta,1213781,00:19:17.974,56240,1270871,MOD_ROCKET_SPLASH,bad,False,0.13333333333333333,0.25,0.06924844311172589,0.19152149085438328,0.12176662683486938,-0.9664811304786178,0.1278185513887795,0.4,1.6096988028111925e-05,0.25488973053570224,2.440807580947876,0.07396386563777924,62.21946716308594,1885.4383544921875,80.0,316,31,428,420.0,31.0,333.0,,,55.0,0.0,^3Xen_Crypt,^1SCHWARZENEGGER.^7HarryTask
2 Xen_Crypt mpctf_bilios 2025-07-26_18-02-41.dm_26.dm_meta,315521,00:01:46.924,209030,1485305,MOD_THERMAL,bad,False,0.016666666666666666,0.045,0.04402092201050873,0.003353207452117947,0.0009302297257818282,-0.9847074329840528,0.1988220464107596,0.0,1.594404219915422e-08,0.39089550404765694,0.0,0.0,6.741725921630859,204.2947235107422,130.0,279,12,392,308.0,242.0,214.0,99.0,1.0,170.0,21.0,^3Xen_Crypt,^7lg
2 Xen_Crypt mpctf_bilios 2025-07-26_18-02-41.dm_26.dm_meta,338192,00:02:09.595,209030,1485305,MOD_ROCKET,bad,False,0.043333333333333335,0.08,0.016564069479398886,0.008457893528470076,0.0011882393155246973,-1.4245545548746696,0.07137596706998427,0.0,0.0006227806090925426,0.16051751818050436,0.37296923995018005,0.0037673660553991795,7.968544006347656,241.47103881835938,207.0,330,266,341,177.0,148.0,312.0,330.0,-17.0,10.0,0.0,^3Xen_Crypt,^7.env
2 Xen_Crypt mpctf_bilios 2025-07-26_18-02-41.dm_26.dm_meta,357860,00:02:29.263,209030,1485305,MOD_ROCKET_SPLASH,bad,False,0.11666666666666667,0.07666666666666666,0.10206196738353246,0.08261911526758409,0.007181871682405472,-0.8088294517881087,0.16309317070396132,0.0,0.010966194116511084,0.33232839306644313,0.2224561870098114,0.00337054836563766,1.8695005178451538,56.65153121948242,385.0,425,0,498,338.0,210.0,263.0,,,192.0,0.0,^3Xen_Crypt,^7lg
2 Xen_Crypt mpctf_bilios 2025-07-26_18-02-41.dm_26.dm_meta,392378,00:03:03.781,209030,1485305,MOD_ROCKET_SPLASH,bad,False,0.12,0.30666666666666664,0.06928926802946402,0.10738848612072353,0.008459514938294888,-0.9614270380807308,0.12467708629187801,0.4,0.0027694096532325354,0.24121885607651722,11.168944358825684,0.04835040867328644,22.429424285888672,679.6795043945312,155.0,282,188,276,91.0,188.0,306.0,,,46.0,0.0,^3Xen_Crypt,^7Jak of the Shadows
2 Xen_Crypt mpctf_bilios 2025-07-26_18-02-41.dm_26.dm_meta,403994,00:03:15.397,209030,1485305,MOD_FALLING,bad,False,,,,,,,,,,,0.0,0.0,113.92919158935547,3452.399658203125,,441,0,394,,,,,,,,^3Xen_Crypt,^7.env
2 Xen_Crypt mpctf_bilios 2025-07-26_18-02-41.dm_26.dm_meta,473063,00:04:24.466,209030,1485305,MOD_ROCKET_SPLASH,bad,False,0.17,0.16666666666666666,0.04013301232940593,0.14618646557819398,0.13790187239646912,-1.1588774571101574,0.10316586742646594,0.4,2.6493176115916278e-06,0.10622308867940193,0.0,0.0,13.726655960083008,415.9592590332031,247.0,261,56,683,360.0,276.0,105.0,,,762.0,510.0,^3Xen_Crypt,^7Jak of the Shadows
2 Xen_Crypt mpctf_bilios 2025-07-26_18-02-41.dm_26.dm_meta,481379,00:04:32.782,209030,1485305,MOD_BRYAR_PISTOL_ALT,bad,True,0.17666666666666667,0.30666666666666664,0.18497366841184715,0.053224138296888546,0.016488205641508102,-0.5782683243873891,0.486047965645562,0.2,2.320548521744699e-07,1.9023172771883158e-08,13.378921508789062,0.4054218530654907,35.28297805786133,1069.18115234375,37.0,470,0,759,363.0,29.0,369.0,,,24.0,0.0,^3Xen_Crypt,^7.env
2 Xen_Crypt mpctf_bilios 2025-07-26_18-02-41.dm_26.dm_meta,548732,00:04:38.828,209030,1485305,MOD_ROCKET_SPLASH,bad,False,0.14,0.18,0.06975894310425751,0.09635275440014934,0.003328341757878661,-0.9595837551096338,0.12454942859817954,0.2,0.006884582585945921,0.42746187198215513,0.6163369417190552,0.009338438510894775,20.704015731811523,627.3944091796875,87.0,330,19,418,448.0,312.0,412.0,,,908.0,525.0,^3Xen_Crypt,^7lg
2 Xen_Crypt mpctf_bilios 2025-07-26_18-02-41.dm_26.dm_meta,562823,00:04:52.919,209030,1485305,MOD_ROCKET_SPLASH,bad,False,0.21,0.25,0.23364227786146574,0.1807215449550757,0.05374985933303833,-0.47118932841786576,0.23646060074466815,0.4,0.0003147893552167852,0.613532369153824,0.0,0.0,8.018689155578613,242.99058532714844,265.0,192,21,394,855.0,413.0,714.0,,,805.0,25.0,^3Xen_Crypt,^7lg
2 Xen_Crypt mpctf_bilios 2025-07-26_18-02-41.dm_26.dm_meta,580874,00:05:10.970,209030,1485305,MOD_ROCKET_SPLASH,bad,False,0.07333333333333333,0.12666666666666668,0.11830649550909257,0.08900422590593599,0.01494317501783371,-0.7477002109228261,0.17435005662163994,0.0,7.370244828704383e-11,0.3250681925085512,0.0,0.0,19.885498046875,602.5908813476562,401.0,330,34,378,259.0,102.0,298.0,,,78.0,0.0,^3Xen_Crypt,^7Jak of the Shadows
2 Xen_Crypt mpctf_bilios 2025-07-26_18-02-41.dm_26.dm_meta,590081,00:05:20.177,209030,1485305,MOD_FLECHETTE_ALT_SPLASH,bad,False,0.20666666666666667,0.15333333333333332,0.10591047040303715,0.005589313487212271,0.009845714084804058,-0.751454690505568,0.16841683384149678,0.4,5.249462297117815e-05,0.6051402950158764,15.107794761657715,0.07630199193954468,36.06796646118164,1092.9686279296875,246.0,396,277,364,219.0,209.0,498.0,,,395.0,294.0,^3Xen_Crypt,^7.env
2 Xen_Crypt mpctf_bilios 2025-07-26_18-02-41.dm_26.dm_meta,648986,00:06:19.082,209030,1485305,MOD_ROCKET_SPLASH,bad,False,0.14,0.15,0.041893252311939064,0.04136769367841182,0.0017249260563403368,-1.1584749245564994,0.10318393783097934,0.2,6.867254303601004e-15,0.17444921949098657,0.0,0.0,0.0,0.0,131.0,146,265,664,419.0,138.0,180.0,,,206.0,17.0,^3Xen_Crypt,^7lg
2 Xen_Crypt mpctf_bilios 2025-07-26_18-02-41.dm_26.dm_meta,682844,00:06:52.940,209030,1485305,MOD_FLECHETTE_ALT_SPLASH,bad,False,0.11333333333333333,0.15666666666666668,0.174337743168842,0.0008992029560485246,0.00679033063352108,-0.5830898391253025,0.16007071422805239,0.4,0.5038486113736006,0.7085597649226549,0.0,0.0,50.28653335571289,1523.8343505859375,149.0,172,55,257,519.0,3.0,405.0,,,988.0,775.0,^3Xen_Crypt,^7lg
2 Xen_Crypt mpctf_bilios 2025-07-26_18-02-41.dm_26.dm_meta,710696,00:07:20.792,209030,1485305,MOD_REPEATER_ALT_SPLASH,bad,False,0.21666666666666667,0.23,0.11284878667415392,0.17027493258858148,0.08139349520206451,-0.7546156811438129,0.17845656146669028,0.2,8.77871586571717e-07,0.12123842897144903,11.578991889953613,0.07017570734024048,101.97132873535156,3090.040283203125,412.0,66,0,644,174.0,164.0,465.0,,,79.0,0.0,^3Xen_Crypt,^7.env
2 Xen_Crypt mpctf_bilios 2025-07-26_18-02-41.dm_26.dm_meta,735380,00:07:45.476,209030,1485305,MOD_ROCKET_SPLASH,bad,False,0.11666666666666667,0.14,0.11467291500409292,0.14720293108529864,0.0119488425552845,-0.7730242303588291,0.16859526779666434,0.2,0.9997903071901663,0.38949212528773075,2.4132065773010254,0.07312747091054916,8.821093559265137,267.3058776855469,258.0,263,0,323,501.0,42.0,385.0,,,226.0,48.0,^3Xen_Crypt,^7.env
2 Xen_Crypt mpctf_bilios 2025-07-26_18-02-41.dm_26.dm_meta,770525,00:08:20.621,209030,1485305,MOD_SABER,bad,False,,,,,,,,,,,7.209450721740723,0.10923410207033157,109.42804718017578,3316.00146484375,36.0,307,0,349,230.0,302.0,308.0,,,168.0,23.0,^3Xen_Crypt,^7lg
2 Xen_Crypt mpctf_bilios 2025-07-26_18-02-41.dm_26.dm_meta,788444,00:08:38.540,209030,1485305,MOD_ROCKET_SPLASH,bad,False,0.2,0.16,0.25221653545064904,0.22531395030641688,0.058894991874694824,-0.4255135733021075,0.2632063732957769,0.4,0.033888982996476,0.6211739706096742,0.0,0.0,1.974003553390503,59.81829071044922,546.0,405,0,522,627.0,79.0,599.0,,,324.0,81.0,^3Xen_Crypt,^7.env
2 Xen_Crypt mpctf_bilios 2025-07-26_18-02-41.dm_26.dm_meta,810455,00:09:00.551,209030,1485305,MOD_TIMED_MINE_SPLASH,bad,False,,,,,,,,,,,4.9656291007995605,0.037618402391672134,16.501182556152344,500.03582763671875,334.0,491,0,806,572.0,13.0,881.0,,,223.0,63.0,^3Xen_Crypt,^7lg
2 Xen_Crypt mpctf_bilios 2025-07-26_18-02-41.dm_26.dm_meta,876323,00:10:06.419,209030,1485305,MOD_ROCKET,bad,False,0.06666666666666667,0.08666666666666667,0.0277713798255259,0.005574273809699417,0.0010469590779393911,-1.2878646735897574,0.07386603750739569,0.0,1.6549723274496435e-30,0.15530876999595847,4.493814468383789,0.136176198720932,45.318363189697266,1373.28369140625,80.0,271,423,829,204.0,196.0,282.0,99.0,23.0,180.0,75.0,^3Xen_Crypt,^7.env
2 Xen_Crypt mpctf_bilios 2025-07-26_18-02-41.dm_26.dm_meta,890612,00:10:20.708,209030,1485305,MOD_ROCKET,bad,False,0.10666666666666667,0.08333333333333333,0.023311627610330485,0.018949953269059062,0.0005703806527890265,-1.2941904196820917,0.08287693381176675,0.0,1.799988229926831e-16,0.13838570045654236,0.0,0.0,83.515380859375,2530.76904296875,119.0,710,162,566,712.0,54.0,419.0,99.0,-29.0,639.0,23.0,^3Xen_Crypt,^7lg
2 Xen_Crypt mpctf_bilios 2025-07-26_18-02-41.dm_26.dm_meta,926714,00:10:56.810,209030,1485305,MOD_FLECHETTE,bad,False,,,,,,,,,,,0.0,0.0,13.449164390563965,407.5504455566406,240.0,472,0,379,388.0,53.0,248.0,33.0,13.0,35.0,0.0,^3Xen_Crypt,^7lg
2 Xen_Crypt mpctf_bilios 2025-07-26_18-02-41.dm_26.dm_meta,1063664,00:13:13.760,209030,1485305,MOD_THERMAL_SPLASH,bad,False,,,,,,,,,,,4.302480220794678,0.02172969840466976,59.96909713745117,1817.245361328125,563.0,330,532,380,474.0,28.0,480.0,,,45.0,0.0,^3Xen_Crypt,^7lg
2 Xen_Crypt mpctf_bilios 2025-07-26_18-02-41.dm_26.dm_meta,1122173,00:14:12.269,209030,1485305,MOD_FLECHETTE_ALT_SPLASH,bad,False,0.06666666666666667,0.05,0.13259420305459838,0.002213339966258672,0.00309338653460145,-0.6856642252107532,0.16555671783999296,0.2,1.9426240033197712e-10,0.5394707105462877,1.093360424041748,0.016566067934036255,3.1645822525024414,95.89643096923828,243.0,211,47,279,844.0,103.0,438.0,,,140.0,17.0,^3Xen_Crypt,^7lg
2 Xen_Crypt mpctf_bilios 2025-07-26_18-02-41.dm_26.dm_meta,1163720,00:14:53.816,209030,1485305,MOD_THERMAL_SPLASH,bad,False,,,,,,,,,,,1.4981944561004639,0.007566638756543398,11.327165603637695,343.2474365234375,501.0,381,188,367,272.0,162.0,499.0,,,127.0,0.0,^3Xen_Crypt,^7.env
2 Xen_Crypt mpctf_bilios 2025-07-26_18-02-41.dm_26.dm_meta,1177646,00:15:07.742,209030,1485305,MOD_ROCKET_SPLASH,bad,False,0.18666666666666668,0.2633333333333333,0.09726869379812733,0.16304515467399436,0.010829031467437744,-0.8269512800730161,0.14928544141572822,0.4,0.2793045831403811,0.3544803504348398,5.499326705932617,0.04166156426072121,71.03746795654297,2152.650634765625,135.0,421,1,427,555.0,133.0,414.0,,,364.0,61.0,^3Xen_Crypt,^7lg
2 Xen_Crypt mpctf_bilios 2025-07-26_18-02-41.dm_26.dm_meta,1188041,00:15:18.137,209030,1485305,MOD_ROCKET,bad,False,0.14666666666666667,0.13666666666666666,0.1789397895956771,0.028425777247975622,0.006859849207103252,-0.62923044722849,0.1770252532664949,0.4,3.042487647665851e-13,0.1686649940979689,0.0,0.0,112.95198059082031,3422.787353515625,103.0,38,393,445,221.0,490.0,290.0,66.0,79.0,341.0,100.0,^3Xen_Crypt,^7.env
2 Xen_Crypt mpctf_bilios 2025-07-26_18-02-41.dm_26.dm_meta,1264106,00:16:34.202,209030,1485305,MOD_BRYAR_PISTOL_ALT,bad,False,0.18,0.16333333333333333,0.0699309133078933,0.01783973512588054,0.01062525250017643,-0.9836364310717565,0.5148238542249177,0.2,6.066020987181867e-13,0.051330213395819335,0.0,0.0,89.81827545166016,2721.765869140625,62.0,153,114,433,272.0,112.0,190.0,,,283.0,264.0,^3Xen_Crypt,^7.env
2 Xen_Crypt mpctf_bilios 2025-07-26_18-02-41.dm_26.dm_meta,1316675,00:17:26.771,209030,1485305,MOD_SABER,bad,False,,,,,,,,,,,0.0,0.0,12.709046363830566,385.12261962890625,53.0,377,0,362,471.0,0.0,423.0,,,18.0,0.0,^3Xen_Crypt,^7lg
2 Xen_Crypt mpctf_bilios 2025-07-26_18-02-41.dm_26.dm_meta,1416797,00:19:06.893,209030,1485305,MOD_ROCKET_SPLASH,bad,False,0.23083333333333333,0.18,0.03557920036862094,0.1080778132268215,0.005607332102954388,-1.2087595255002783,0.10202810732660927,0.0,1.796911930691023e-07,0.08388489404123778,3.276362657546997,0.014183388091623783,3.276362657546997,99.2837142944336,241.0,38,0,671,36.0,249.0,81.0,,,87.0,81.0,^3Xen_Crypt,^7.env
2 Xen_Crypt mpctf_corellia 2025-10-19_21-52-40.dm_26.dm_meta,174116,00:00:20.761,153788,918233,MOD_ROCKET_SPLASH,bad,False,0.24,0.24,0.14361607641895943,0.2323041133130276,0.09991292655467987,-0.687264580376266,0.18145662166186297,0.4,0.0011769996499010167,0.4928353152654837,0.1812744140625,0.0054931640625,4.0677947998046875,123.26651000976562,200.0,563,177,498,692.0,142.0,532.0,,,169.0,0.0,^3Xen_Crypt,^2h^0annah ^2(^0retired^2)
2 Xen_Crypt mpctf_corellia 2025-10-19_21-52-40.dm_26.dm_meta,228038,00:01:14.683,153788,918233,MOD_SABER,bad,False,,,,,,,,,,,0.0,0.0,20.83055305480957,631.2288818359375,35.0,224,0,211,130.0,0.0,7.0,,,1.0,0.0,^3Xen_Crypt,^7lg
2 Xen_Crypt mpctf_corellia 2025-10-19_21-52-40.dm_26.dm_meta,286976,00:02:13.621,153788,918233,MOD_THERMAL_SPLASH,bad,False,,,,,,,,,,,0.0,0.0,6.71821403503418,203.58224487304688,138.0,400,105,458,427.0,105.0,351.0,,,89.0,7.0,^3Xen_Crypt,^2h^0annah ^2(^0retired^2)
2 Xen_Crypt mpctf_corellia 2025-10-19_21-52-40.dm_26.dm_meta,377594,00:03:44.239,153788,918233,MOD_DISRUPTOR_SNIPER,bad,False,0.0,0.0033333333333333335,0.004482447786960882,0.025145433202102652,0.0003772142808884382,-1.326313733965984,0.0668423925117207,0.0,1.2585960839619388e-41,7.94204228752942e-07,0.0,0.0,5.332674026489258,161.59617614746094,652.0,46,481,229,75.0,271.0,232.0,,,182.0,179.0,^3Xen_Crypt,^2h^0annah ^2(^0retired^2)
2 Xen_Crypt mpctf_corellia 2025-10-19_21-52-40.dm_26.dm_meta,433694,00:04:40.339,153788,918233,MOD_REPEATER_ALT,bad,False,0.09333333333333334,0.15333333333333332,0.18849087275353837,0.030269632908866202,0.028782067820429802,-0.43756705921524675,0.26015979554377405,0.2,0.1342714358489653,0.6431921989841253,0.7207776308059692,0.02184174582362175,6.960794925689697,210.9331817626953,196.0,139,244,296,297.0,148.0,241.0,165.0,53.0,161.0,78.0,^3Xen_Crypt,^3ent
2 Xen_Crypt mpctf_corellia 2025-10-19_21-52-40.dm_26.dm_meta,455837,00:05:02.482,153788,918233,MOD_CONC,bad,True,,,,,,,,,,,13.319411277770996,0.4036185145378113,14.955888748168945,453.208740234375,92.0,363,22,407,364.0,67.0,273.0,,,380.0,351.0,^3Xen_Crypt,^3ent
2 Xen_Crypt mpctf_corellia 2025-10-19_21-52-40.dm_26.dm_meta,459533,00:05:06.178,153788,918233,MOD_CONC,bad,False,,,,,,,,,,,0.9963091611862183,0.03019118681550026,7.168715953826904,217.2338104248047,173.0,585,151,548,933.0,561.0,604.0,33.0,-22.0,294.0,40.0,^3Xen_Crypt,^2h^0annah ^2(^0retired^2)
2 Xen_Crypt mpctf_corellia 2025-10-19_21-52-40.dm_26.dm_meta,468245,00:05:14.890,153788,918233,MOD_FLECHETTE_ALT_SPLASH,bad,False,0.03,0.08333333333333333,0.08465305232492028,0.0014273289416532001,0.0018100868910551071,-0.8071489617368972,0.16170439749338064,0.2,1.892883948773315e-05,0.23702857574394265,2.283888339996338,0.06920874118804932,15.469915390014648,468.7853088378906,46.0,552,61,567,791.0,379.0,418.0,,,63.0,0.0,^3Xen_Crypt,^3ent
2 Xen_Crypt mpctf_corellia 2025-10-19_21-52-40.dm_26.dm_meta,485273,00:05:31.918,153788,918233,MOD_BRYAR_PISTOL_ALT,bad,False,0.2733333333333333,0.2966666666666667,0.7053810992955083,0.048129299501299704,0.01052040047943592,0.33808166776335824,0.4347518465842219,0.4,3.189192875760479e-30,0.03127108690198837,8.130302429199219,0.24637280404567719,11.154138565063477,338.00421142578125,48.0,884,56,996,582.0,213.0,801.0,,,160.0,63.0,^3Xen_Crypt,^7enab
2 Xen_Crypt mpctf_corellia 2025-10-19_21-52-40.dm_26.dm_meta,521936,00:06:08.581,153788,918233,MOD_REPEATER_ALT_SPLASH,bad,True,0.25,0.2733333333333333,0.11230119383878454,0.10678688005812449,0.17366372048854828,-0.7603121350795699,0.15901224663944827,0.4,8.847392788209201e-05,9.002685788809687e-07,77.42601013183594,0.33517754077911377,86.0635986328125,2607.98779296875,72.0,205,51,217,522.0,174.0,626.0,,,289.0,8.0,^3Xen_Crypt,^3ent
2 Xen_Crypt mpctf_corellia 2025-10-19_21-52-40.dm_26.dm_meta,529823,00:06:16.468,153788,918233,MOD_FALLING,bad,False,,,,,,,,,,,0.0,0.0,4.624973297119141,140.1507110595703,2596.0,767,278,717,0.0,60.0,9.0,,,57.0,57.0,^3Xen_Crypt,^2h^0annah ^2(^0retired^2)
2 Xen_Crypt mpctf_corellia 2025-10-19_21-52-40.dm_26.dm_meta,649514,00:08:16.159,153788,918233,MOD_REPEATER_ALT_SPLASH,bad,True,0.23333333333333334,0.21666666666666667,0.06238544030937543,0.10628720214551314,0.023843200877308846,-1.0149149829851933,0.12394237948143862,0.2,0.0010944897154112573,0.00032669832586640357,12.249645233154297,0.37120136618614197,99.57498168945312,3017.423583984375,39.0,423,55,371,518.0,93.0,381.0,,,160.0,0.0,^3Xen_Crypt,^3ent
2 Xen_Crypt mpctf_corellia 2025-10-19_21-52-40.dm_26.dm_meta,663044,00:08:29.689,153788,918233,MOD_ROCKET_SPLASH,bad,True,0.17,0.21,0.06691934233321088,0.07875249278941727,0.015999384224414825,-0.9746447660071137,0.1272672531520577,0.0,0.016220092838688596,1.4972288992269597e-05,40.615623474121094,0.41025882959365845,83.32427978515625,2524.978271484375,118.0,655,124,468,453.0,108.0,478.0,,,249.0,43.0,^3Xen_Crypt,^2h^0annah ^2(^0retired^2)
2 Xen_Crypt mpctf_corellia 2025-10-19_21-52-40.dm_26.dm_meta,711257,00:09:17.902,153788,918233,MOD_CONC,bad,False,,,,,,,,,,,0.0,0.0,0.0,0.0,233.0,412,130,272,209.0,51.0,428.0,,,32.0,0.0,^3Xen_Crypt,^2h^0annah ^2(^0retired^2)
2 Xen_Crypt mpctf_corellia 2025-10-19_21-52-40.dm_26.dm_meta,748547,00:09:55.192,153788,918233,MOD_CONC,bad,False,,,,,,,,,,,2.4701530933380127,0.07485312223434448,46.05203628540039,1395.5162353515625,266.0,593,44,510,363.0,67.0,620.0,,,43.0,8.0,^3Xen_Crypt,^3ent
2 Xen_Crypt mpctf_corellia 2025-10-19_21-52-40.dm_26.dm_meta,765509,00:10:12.154,153788,918233,MOD_BRYAR_PISTOL_ALT,bad,False,0.2,0.26,0.20496311568215506,0.10080728323285289,0.01752721145749092,-0.38953485957001965,0.4540597579492398,0.2,1.4400489906273961e-12,7.44117164569142e-11,31.280473709106445,0.23697328567504883,39.92583465576172,1209.873779296875,50.0,748,132,740,982.0,25.0,577.0,,,475.0,76.0,^3Xen_Crypt,^2h^0annah ^2(^0retired^2)
2 Xen_Crypt mpctf_corellia 2025-10-19_21-52-40.dm_26.dm_meta,779930,00:10:26.575,153788,918233,MOD_ROCKET_SPLASH,bad,True,0.17666666666666667,0.10666666666666667,0.03921543190743495,0.04068233014714485,0.002564521273598075,-1.1793468854126563,0.10445632253989297,0.4,0.0018366229908227752,6.417688680323602e-12,21.07745361328125,0.6387107372283936,165.7767333984375,5023.53759765625,162.0,816,229,701,408.0,429.0,294.0,,,326.0,9.0,^3Xen_Crypt,^3ent
2 Xen_Crypt mpctf_corellia 2025-10-19_21-52-40.dm_26.dm_meta,895331,00:12:21.976,153788,918233,MOD_ROCKET_SPLASH,bad,False,0.15333333333333332,0.22666666666666666,0.10737653564686704,0.21993961251940158,0.051180124282836914,-0.7916296022006808,0.1585012133750853,0.0,1.6231673802653782e-06,0.41624252415156987,4.516329288482666,0.06842923164367676,18.06405258178711,547.3955078125,252.0,626,95,419,482.0,158.0,426.0,,,454.0,143.0,^3Xen_Crypt,^2h^0annah ^2(^0retired^2)
2 Xen_Crypt mpctf_kejim 2025-10-03_23-40-32.dm_26.dm_meta,138740,00:01:12.406,66767,1347035,MOD_REPEATER_ALT_SPLASH,bad,False,0.15,0.19,0.07489289784458755,0.1474904809658223,0.02632121741771698,-0.9279606568405984,0.13554408034726448,0.4,0.0002636941094586932,0.26026085661927684,0.0,0.0,7.744810104370117,234.69122314453125,298.0,406,123,402,273.0,70.0,218.0,,,275.0,167.0,^3Xen_Crypt,^7Bobo Fett
2 Xen_Crypt mpctf_kejim 2025-10-03_23-40-32.dm_26.dm_meta,140522,00:01:14.188,66767,1347035,MOD_REPEATER_ALT_SPLASH,bad,False,0.08666666666666667,0.11333333333333333,0.10095786612909195,0.06475685155716267,0.0017823507077991962,-0.8181082030091136,0.15693078854582532,0.0,0.0003298863959777414,0.3045299950877203,16.845867156982422,0.07292582839727402,16.845867156982422,510.4808349609375,213.0,437,0,428,520.0,8.0,377.0,,,65.0,3.0,^3Xen_Crypt,^7flor
2 Xen_Crypt mpctf_kejim 2025-10-03_23-40-32.dm_26.dm_meta,292751,00:03:46.417,66767,1347035,MOD_ROCKET_SPLASH,bad,False,0.12666666666666668,0.20666666666666667,0.1175886385217912,0.053916299423631145,0.012816357426345348,-0.7573752769231848,0.1691788371869236,0.2,0.8672068359535092,0.3285980974395515,0.2142333984375,0.0016229803441092372,0.4888916015625,14.814897537231445,375.0,185,326,278,229.0,73.0,335.0,,,52.0,0.0,^3Xen_Crypt,^7Bobo Fett
2 Xen_Crypt mpctf_kejim 2025-10-03_23-40-32.dm_26.dm_meta,396569,00:05:30.235,66767,1347035,MOD_ROCKET_SPLASH,bad,False,0.21,0.19,0.08738135577437482,0.09096747190569172,0.026389015838503838,-0.8813865971098856,0.14187240500829568,0.4,5.782338858026587e-05,0.4473275404861117,0.0,0.0,0.0,0.0,121.0,340,0,418,378.0,107.0,441.0,,,194.0,32.0,^3Xen_Crypt,^7sid^4@^7parentmode
2 Xen_Crypt mpctf_kejim 2025-10-03_23-40-32.dm_26.dm_meta,446993,00:06:20.659,66767,1347035,MOD_ROCKET_SPLASH,bad,False,0.22666666666666666,0.23333333333333334,0.06642894594108457,0.11097031713004951,0.27178776264190674,-0.9824738210488599,0.11830994064476723,0.2,2.9384510541208653e-06,0.10352191943932407,1.1733403205871582,0.011851922608911991,29.348726272583008,889.3553466796875,45.0,318,168,94,409.0,186.0,138.0,,,227.0,4.0,^3Xen_Crypt,^7sid^4@^7parentmode
2 Xen_Crypt mpctf_kejim 2025-10-03_23-40-32.dm_26.dm_meta,452900,00:06:26.566,66767,1347035,MOD_SABER,bad,False,,,,,,,,,,,0.0,0.0,94.5542221069336,2865.279541015625,32.0,20,0,328,0.0,0.0,98.0,,,0.0,0.0,^3Xen_Crypt,^7enab
2 Xen_Crypt mpctf_kejim 2025-10-03_23-40-32.dm_26.dm_meta,467585,00:06:41.251,66767,1347035,MOD_FALLING,bad,False,,,,,,,,,,,0.0,0.0,65.67484283447266,1990.146728515625,322.0,499,500,505,549.0,0.0,862.0,,,29.0,0.0,^3Xen_Crypt,^7sid^4@^7parentmode
2 Xen_Crypt mpctf_kejim 2025-10-03_23-40-32.dm_26.dm_meta,478244,00:06:51.910,66767,1347035,MOD_REPEATER_ALT_SPLASH,bad,False,0.26,0.27,0.11386958932102607,0.13109989751478682,0.07039230316877365,-0.7638197738711747,0.16021359690330111,0.4,0.12825210502521464,0.08686890573898305,0.0,0.0,100.12362670898438,3034.04931640625,135.0,193,20,146,579.0,162.0,253.0,,,267.0,118.0,^3Xen_Crypt,^7Bobo Fett
2 Xen_Crypt mpctf_kejim 2025-10-03_23-40-32.dm_26.dm_meta,495404,00:07:09.070,66767,1347035,MOD_BRYAR_PISTOL_ALT,bad,False,0.6166666666666667,0.6166666666666667,0.5490560568809076,0.7606135295959628,0.554328978061676,0.041886957890058474,0.49518878568659846,0.8,0.9999890690382588,0.9653784558699351,0.0,0.0,1.0101747512817383,30.611356735229492,522.0,426,0,767,1070.0,304.0,700.0,429.0,-3.0,302.0,35.0,^3Xen_Crypt,^7sid^4@^7parentmode
2 Xen_Crypt mpctf_kejim 2025-10-03_23-40-32.dm_26.dm_meta,524609,00:07:38.275,66767,1347035,MOD_TIMED_MINE_SPLASH,bad,False,,,,,,,,,,,0.0,0.0,93.03379821777344,2819.2060546875,365.0,426,0,233,135.0,13.0,524.0,,,19.0,5.0,^3Xen_Crypt,^7sid^4@^7parentmode
2 Xen_Crypt mpctf_kejim 2025-10-03_23-40-32.dm_26.dm_meta,659348,00:09:53.014,66767,1347035,MOD_FLECHETTE_ALT_SPLASH,bad,False,0.16333333333333333,0.16666666666666666,0.28596789701691383,0.013229870825442185,0.038215816020965576,-0.47312682051935445,0.16487712578292035,0.0,3.09885255564192e-07,0.8494525649279413,3.7537646293640137,0.11375044286251068,91.71893310546875,2779.361572265625,110.0,400,4,254,322.0,39.0,664.0,,,11.0,0.0,^3Xen_Crypt,^7sid^4@^7parentmode
2 Xen_Crypt mpctf_kejim 2025-10-03_23-40-32.dm_26.dm_meta,783857,00:11:57.523,66767,1347035,MOD_FALLING,bad,True,,,,,,,,,,,0.0,0.0,13.87039566040039,420.3150329589844,6090.0,597,285,574,0.0,0.0,0.0,,,0.0,0.0,^3Xen_Crypt,^7flor
2 Xen_Crypt mpctf_kejim 2025-10-03_23-40-32.dm_26.dm_meta,830783,00:12:44.449,66767,1347035,MOD_FLECHETTE_ALT_SPLASH,bad,False,0.12,0.15666666666666668,0.10436259432173843,0.0119177645245395,0.01900799199938774,-0.7446775085690615,0.16308565548130002,0.2,0.0001247534484847908,0.21242130135537798,7.497527122497559,0.2271977961063385,51.65355682373047,1565.25927734375,207.0,350,0,350,779.0,78.0,244.0,,,53.0,0.0,^3Xen_Crypt,^7Bobo Fett
2 Xen_Crypt mpctf_kejim 2025-10-03_23-40-32.dm_26.dm_meta,883220,00:13:36.886,66767,1347035,MOD_ROCKET,bad,False,0.05333333333333334,0.13,0.16175154402043954,0.00890902580491119,0.00012899370631203055,-0.5881530956268943,0.22091657656514396,0.0,9.720906552707013e-20,0.009478645013485954,54.502567291259766,0.20644912123680115,66.47093200683594,2014.2706298828125,116.0,768,72,696,561.0,200.0,866.0,66.0,-9.0,97.0,72.0,^3Xen_Crypt,^7sid^4@^7parentmode
2 Xen_Crypt mpctf_kejim 2025-10-03_23-40-32.dm_26.dm_meta,895100,00:13:48.766,66767,1347035,MOD_ROCKET_SPLASH,bad,False,0.11333333333333333,0.05,0.34600215773754844,0.0352234440454868,0.009857863187789917,-0.27734989305409385,0.2968224584392631,0.0,1.0349809192151108e-11,0.18726302301126127,0.0,0.0,0.0,0.0,433.0,15,13,11,460.0,8.0,707.0,,,22.0,0.0,^3Xen_Crypt,^7Bobo Fett
2 Xen_Crypt mpctf_kejim 2025-10-03_23-40-32.dm_26.dm_meta,970010,00:15:03.676,66767,1347035,MOD_ROCKET_SPLASH,bad,False,0.14666666666666667,0.2,0.0889115802718737,0.18743620045807513,0.6979883909225464,-0.8637396219419011,0.14129539063521238,0.2,0.00186177782315686,0.09336713975833198,34.25921630859375,0.14830829203128815,37.4415168762207,1134.5914306640625,95.0,260,97,327,556.0,195.0,455.0,,,444.0,69.0,^3Xen_Crypt,^7flor
2 Xen_Crypt mpctf_kejim 2025-10-03_23-40-32.dm_26.dm_meta,994430,00:15:28.096,66767,1347035,MOD_FLECHETTE,bad,False,,,,,,,,,,,3.1215529441833496,0.03153083845973015,34.45414733886719,1044.0650634765625,312.0,276,0,368,322.0,10.0,446.0,66.0,-3.0,12.0,0.0,^3Xen_Crypt,^7Bobo Fett
2 Xen_Crypt mpctf_kejim 2025-10-03_23-40-32.dm_26.dm_meta,1020137,00:15:53.803,66767,1347035,MOD_FALLING,bad,False,,,,,,,,,,,0.0,0.0,12.757061958312988,386.57763671875,761.0,323,95,381,180.0,0.0,553.0,,,3.0,0.0,^3Xen_Crypt,^7sid^4@^7parentmode
2 Xen_Crypt mpctf_kejim 2025-10-03_23-40-32.dm_26.dm_meta,1049705,00:16:23.371,66767,1347035,MOD_REPEATER_ALT_SPLASH,bad,False,0.22,0.22,0.15814512255631763,0.0880039681126145,0.03422846272587776,-0.6334103991605684,0.20357093059493162,0.2,0.9294493979500934,0.4225192616749051,1.976821780204773,0.02995184436440468,6.015317916870117,182.28236389160156,532.0,35,407,270,271.0,51.0,348.0,,,46.0,0.0,^3Xen_Crypt,^7Bobo Fett
2 Xen_Crypt mpctf_kejim 2025-10-03_23-40-32.dm_26.dm_meta,1165403,00:18:19.069,66767,1347035,MOD_REPEATER_ALT_SPLASH,bad,False,0.11333333333333333,0.09666666666666666,0.11521577093840829,0.08654375544811783,0.005724182818084955,-0.7618132974252292,0.16931469982072686,0.4,7.655380060582278e-06,0.3565275231199328,0.0,0.0,15.038558006286621,455.7138671875,329.0,326,0,353,318.0,91.0,336.0,,,139.0,22.0,^3Xen_Crypt,^7sid^4@^7parentmode
2 Xen_Crypt mpctf_kejim 2025-10-03_23-40-32.dm_26.dm_meta,1257341,00:19:51.007,66767,1347035,MOD_FLECHETTE_ALT_SPLASH,bad,False,0.16666666666666666,0.10333333333333333,0.23583272708081668,0.0071238664885622215,0.027326634153723717,-0.4583934143749045,0.15367573013514377,0.0,6.021083382891608e-20,0.9338595439555494,1.668349027633667,0.025278015062212944,114.18797302246094,3460.24169921875,152.0,85,0,302,115.0,39.0,301.0,,,2.0,0.0,^3Xen_Crypt,^7sid^4@^7parentmode
2 Xen_Crypt mpctf_krildor 2025-10-19_22-10-24.dm_26.dm_meta,65414,00:00:25.942,39905,1298723,MOD_ROCKET_SPLASH,bad,False,0.24,0.25666666666666665,0.07759120129819629,0.12448946681212845,0.593903660774231,-0.9274191717198133,0.13538580007618597,0.4,6.757062249987715e-07,0.3017589976487388,0.0,0.0,5.288022518157959,160.24310302734375,144.0,249,70,372,448.0,52.0,275.0,,,80.0,0.0,^3Xen_Crypt,^7LGCarrier9000
2 Xen_Crypt mpctf_krildor 2025-10-19_22-10-24.dm_26.dm_meta,98480,00:00:59.008,39905,1298723,MOD_REPEATER_ALT_SPLASH,bad,False,0.26666666666666666,0.43333333333333335,0.10192215877147462,0.1785280599769926,0.5730001926422119,-0.8068546994883322,0.15160559694891895,0.4,0.08284894368003459,0.34294456825379394,0.0,0.0,81.49849700927734,2469.6513671875,116.0,335,38,415,559.0,331.0,429.0,,,562.0,35.0,^3Xen_Crypt,^7lg
2 Xen_Crypt mpctf_krildor 2025-10-19_22-10-24.dm_26.dm_meta,169265,00:02:09.793,39905,1298723,MOD_BRYAR_PISTOL_ALT,bad,False,0.18333333333333332,0.17666666666666667,0.12506939841004114,0.021684422323510744,0.002925324020907283,-0.6969016696129013,0.4854578019950288,0.4,0.8035371895487758,0.5272648091136489,7.425981521606445,0.07500991225242615,11.83493423461914,358.6343688964844,276.0,453,22,438,291.0,28.0,264.0,198.0,-4.0,8.0,0.0,^3Xen_Crypt,^7lg
2 Xen_Crypt mpctf_krildor 2025-10-19_22-10-24.dm_26.dm_meta,202397,00:02:42.925,39905,1298723,MOD_REPEATER,bad,False,,,,,,,,,,,0.0,0.0,25.325565338134766,767.44140625,253.0,450,0,322,462.0,5.0,376.0,132.0,-7.0,34.0,0.0,^3Xen_Crypt,^7LGCarrier9000
2 Xen_Crypt mpctf_krildor 2025-10-19_22-10-24.dm_26.dm_meta,257837,00:03:38.365,39905,1298723,MOD_ROCKET,bad,False,0.056666666666666664,0.07333333333333333,0.34905514036444385,0.0788914564652459,0.010463554412126541,-0.29349608880846256,0.2836915348572177,0.2,1.2791864081573406e-14,0.39683571068968637,0.0,0.0,82.71306610107422,2506.45654296875,146.0,228,294,235,549.0,450.0,656.0,99.0,64.0,869.0,209.0,^3Xen_Crypt,^7LGCarrier9000
2 Xen_Crypt mpctf_krildor 2025-10-19_22-10-24.dm_26.dm_meta,278792,00:03:59.320,39905,1298723,MOD_ROCKET_SPLASH,bad,False,0.15,0.16666666666666666,0.0568961036329613,0.08681403836504085,0.011350841261446476,-1.048190240816433,0.11296242240686709,0.0,1.6989853558797757e-13,0.4441484684097008,0.0,0.0,2.2036352157592773,66.77682495117188,38.0,154,93,514,276.0,447.0,384.0,,,465.0,347.0,^3Xen_Crypt,^7LGCarrier9000
2 Xen_Crypt mpctf_krildor 2025-10-19_22-10-24.dm_26.dm_meta,313178,00:04:33.706,39905,1298723,MOD_ROCKET,bad,False,0.07333333333333333,0.05,0.00992718011944751,0.006587848867951257,0.0005308291874825954,-1.5984367119807532,0.060415345260809376,0.0,1.942851062263786e-17,0.12536355686096956,0.0,0.0,43.766357421875,1326.2532958984375,61.0,710,136,429,290.0,193.0,380.0,33.0,-33.0,14.0,0.0,^3Xen_Crypt,^7lg
2 Xen_Crypt mpctf_krildor 2025-10-19_22-10-24.dm_26.dm_meta,336641,00:04:57.169,39905,1298723,MOD_BRYAR_PISTOL_ALT,bad,True,0.19333333333333333,0.31333333333333335,0.7930363993466781,0.058539295819906044,0.009528059512376785,0.5027214853371091,0.41244742889503483,0.2,7.06022262102097e-22,0.9144781695619995,6.1081342697143555,0.06169832497835159,33.039188385009766,1001.1875610351562,238.0,1179,71,1157,1279.0,310.0,838.0,198.0,-5.0,313.0,3.0,^3Xen_Crypt,^7LGCarrier9000
2 Xen_Crypt mpctf_krildor 2025-10-19_22-10-24.dm_26.dm_meta,494777,00:07:35.305,39905,1298723,MOD_ROCKET_SPLASH,bad,False,0.2633333333333333,0.13333333333333333,0.07716596719409789,0.06747289883507784,0.03950703889131546,-0.936566397549951,0.1328248026256047,0.2,7.170906459764678e-07,0.38395249591402547,0.0,0.0,0.0,0.0,24.0,0,0,310,358.0,86.0,425.0,,,92.0,0.0,^3Xen_Crypt,^7lg
2 Xen_Crypt mpctf_krildor 2025-10-19_22-10-24.dm_26.dm_meta,584471,00:09:04.999,39905,1298723,MOD_REPEATER_ALT_SPLASH,bad,False,0.175,0.24166666666666667,0.0698865352636335,0.07936066113177473,0.006310927681624889,-0.957980233737499,0.12792229214896858,0.4,7.691096488198035e-05,0.37845268939111176,0.0,0.0,27.98133087158203,847.9191284179688,201.0,179,249,464,54.0,146.0,426.0,,,208.0,202.0,^3Xen_Crypt,^7lg
2 Xen_Crypt mpctf_krildor 2025-10-19_22-10-24.dm_26.dm_meta,623741,00:09:44.269,39905,1298723,MOD_ROCKET_SPLASH,bad,False,0.17,0.15666666666666668,0.12250710670747135,0.09995802752860804,0.011303980834782124,-0.7429141045812702,0.16105838424589247,0.4,2.1212299934667654e-05,0.25957779910076534,0.0,0.0,64.45414733886719,1953.156005859375,180.0,139,449,145,544.0,175.0,340.0,,,296.0,219.0,^3Xen_Crypt,^7LGCarrier9000
2 Xen_Crypt mpctf_krildor 2025-10-19_22-10-24.dm_26.dm_meta,676706,00:10:37.234,39905,1298723,MOD_ROCKET,bad,False,0.04666666666666667,0.06,0.046067412703663616,0.007102865097245071,0.00010918983025476336,-1.0989573129936763,0.1069440968022165,0.0,1.988740338524699e-12,0.20599122767140915,0.0,0.0,0.0,0.0,118.0,218,92,467,481.0,40.0,336.0,165.0,4.0,40.0,13.0,^3Xen_Crypt,^7LGCarrier9000
2 Xen_Crypt mpctf_krildor 2025-10-19_22-10-24.dm_26.dm_meta,688322,00:10:48.850,39905,1298723,MOD_ROCKET_SPLASH,bad,True,0.21333333333333335,0.10666666666666667,0.06714285673994819,0.07703902747813786,0.03696296364068985,-1.00916605871611,0.13592505180235293,0.0,2.2450598767506194e-11,5.025598132157596e-06,15.817361831665039,0.47931399941444397,23.78066062927246,720.6260986328125,95.0,16,34,264,556.0,96.0,368.0,,,47.0,1.0,^3Xen_Crypt,^7play
2 Xen_Crypt mpctf_krildor 2025-10-19_22-10-24.dm_26.dm_meta,709145,00:11:09.673,39905,1298723,MOD_REPEATER_ALT_SPLASH,bad,False,0.22,0.18666666666666668,0.0562287060860882,0.10505369925698067,0.596342921257019,-1.0482715377481002,0.1137635169543469,0.4,8.739963235157318e-05,0.18508741989540617,0.0,0.0,18.018665313720703,546.0201416015625,45.0,60,61,240,280.0,144.0,193.0,,,118.0,0.0,^3Xen_Crypt,^7LGCarrier9000
2 Xen_Crypt mpctf_krildor 2025-10-19_22-10-24.dm_26.dm_meta,722708,00:11:23.236,39905,1298723,MOD_ROCKET_SPLASH,bad,False,0.33666666666666667,0.30333333333333334,0.09525818944761696,0.17318879753105926,0.5936842560768127,-0.8456791062439771,0.14800940929859077,0.2,0.01565564793498634,0.4429406370054641,0.0,0.0,0.0,0.0,167.0,443,35,446,365.0,213.0,439.0,,,222.0,0.0,^3Xen_Crypt,^7LGCarrier9000
2 Xen_Crypt mpctf_krildor 2025-10-19_22-10-24.dm_26.dm_meta,845831,00:12:42.231,39905,1298723,MOD_REPEATER_ALT,bad,False,0.18666666666666668,0.08333333333333333,0.015990777941765996,0.013778909621095908,0.00616476871073246,-1.23949100493892,0.08337977743127419,0.2,0.9999949599918799,0.05198213962543443,0.0,0.0,0.0,0.0,45.0,207,42,43,181.0,94.0,25.0,,,2.0,0.0,^3Xen_Crypt,^7lg
2 Xen_Crypt mpctf_krildor 2025-10-19_22-10-24.dm_26.dm_meta,912194,00:13:48.594,39905,1298723,MOD_ROCKET_SPLASH,bad,False,0.19666666666666666,0.22666666666666666,0.04090468219349253,0.11856737921522197,0.11541201919317245,-1.1647194428455026,0.09940388450888804,0.0,3.1146629769642605e-18,0.23681536393594654,14.664107322692871,0.06348098069429398,14.675577163696289,444.7144470214844,45.0,105,130,631,152.0,292.0,339.0,,,120.0,0.0,^3Xen_Crypt,^7play
2 Xen_Crypt mpctf_krildor 2025-10-19_22-10-24.dm_26.dm_meta,928661,00:14:05.061,39905,1298723,MOD_ROCKET_SPLASH,bad,False,0.23666666666666666,0.27666666666666667,0.1438075656014918,0.21996723870436305,0.03279415890574455,-0.6692192903221726,0.18591889296244077,0.2,0.0020389588329158097,0.14697259489820924,4.471803188323975,0.0677545964717865,107.4490737915039,3256.032470703125,254.0,231,102,320,596.0,32.0,401.0,,,83.0,0.0,^3Xen_Crypt,^7LGCarrier9000
2 Xen_Crypt mpctf_krildor 2025-10-19_22-10-24.dm_26.dm_meta,941267,00:14:17.667,39905,1298723,MOD_ROCKET_SPLASH,bad,False,0.1,0.06666666666666667,0.10708666672530476,0.09742127060156182,0.010171491652727127,-0.799495986965871,0.16067460823118448,0.4,0.0005424561060617227,0.3652323633063461,0.0,0.0,15.87735366821289,481.1319274902344,210.0,304,0,382,506.0,25.0,350.0,,,56.0,0.0,^3Xen_Crypt,^7lg
2 Xen_Crypt mpctf_krildor 2025-10-19_22-10-24.dm_26.dm_meta,977270,00:14:53.670,39905,1298723,MOD_REPEATER_ALT_SPLASH,bad,False,0.09,0.17333333333333334,0.08740022120093555,0.13941827771212867,0.17986132204532623,-0.8778941703534986,0.13973395389547125,0.2,0.00024997783477176926,0.4010932169163606,0.0,0.0,11.044407844543457,334.67901611328125,178.0,576,320,489,308.0,92.0,451.0,,,83.0,0.0,^3Xen_Crypt,^7lg
2 Xen_Crypt mpctf_krildor 2025-10-19_22-10-24.dm_26.dm_meta,1157945,00:17:54.345,39905,1298723,MOD_FALLING,bad,True,,,,,,,,,,,0.0,0.0,7.915228366851807,239.85540771484375,6459.0,637,261,597,0.0,0.0,0.0,,,0.0,0.0,^3Xen_Crypt,^7LGCarrier9000
2 Xen_Crypt mpctf_krildor 2025-10-19_22-10-24.dm_26.dm_meta,1225727,00:19:02.127,39905,1298723,MOD_ROCKET_SPLASH,bad,True,0.22333333333333333,0.14666666666666667,0.13543007689302708,0.1334709254818397,0.027742762118577957,-0.6791859231969493,0.18415071473974678,0.0,2.7679692155579807e-08,0.01997561205788744,13.274715423583984,0.10056602954864502,167.43992614746094,5073.93701171875,263.0,244,0,563,355.0,121.0,589.0,,,98.0,11.0,^3Xen_Crypt,^7LGCarrier9000
2 Xen_Crypt mpctf_nelvaan 2025-07-26_17-04-47.dm_26.dm_meta,181211,00:00:18.154,163490,1378121,MOD_DISRUPTOR,bad,False,0.15666666666666668,0.14,0.12304149313865752,0.003508720925280005,0.08581354469060898,-0.7644990084444863,0.07335865530896483,0.0,0.0,7.643360681426924e-124,8.927512168884277,0.03864723816514015,124.6211929321289,3776.39990234375,799.0,886,647,937,371.0,210.0,405.0,,,1915.0,1863.0,^3Xen_Crypt,^7Jak of the Shadows
2 Xen_Crypt mpctf_nelvaan 2025-07-26_17-04-47.dm_26.dm_meta,200351,00:00:37.294,163490,1378121,MOD_DISRUPTOR,bad,True,0.14666666666666667,0.11333333333333333,0.027786060289379515,0.182604060063907,0.3646422326564789,-1.0205868507652414,0.06283740630439223,0.0,1.9597193043454865e-159,1.1466860095845493e-16,6.77739143371582,0.02933935634791851,25.026884078979492,758.3904418945312,1104.0,446,28,338,1076.0,192.0,1147.0,,,214.0,36.0,^3Xen_Crypt,^7lg
2 Xen_Crypt mpctf_nelvaan 2025-07-26_17-04-47.dm_26.dm_meta,208997,00:00:45.940,163490,1378121,MOD_DISRUPTOR,bad,False,0.02,0.01,0.029693979118644024,0.0002942429682187325,0.002005205489695072,-0.9101728084548836,0.06387176915202943,0.0,4.490759006922734e-28,0.3920030849425585,0.9252027869224548,0.02803644724190235,3.5273642539978027,106.88982391357422,158.0,425,0,351,145.0,0.0,200.0,,,3.0,0.0,^3Xen_Crypt,^7Jak of the Shadows
2 Xen_Crypt mpctf_nelvaan 2025-07-26_17-04-47.dm_26.dm_meta,227444,00:01:04.387,163490,1378121,MOD_DISRUPTOR,bad,False,0.03666666666666667,0.01,0.02139907053048035,0.0002942429682187325,0.0025065478403121233,-0.952075240481269,0.06098543562048078,0.0,3.532622864697073e-21,1.3292379214445397e-29,10.16921615600586,0.038519758731126785,11.154074668884277,338.00225830078125,325.0,238,0,316,127.0,31.0,170.0,,,2.0,0.0,^3Xen_Crypt,^7Jak of the Shadows
2 Xen_Crypt mpctf_nelvaan 2025-07-26_17-04-47.dm_26.dm_meta,233021,00:01:09.964,163490,1378121,MOD_DISRUPTOR,bad,False,0.023333333333333334,0.03333333333333333,0.009756013008852576,0.0004831086523071405,0.009474124759435654,-1.2660914758435888,0.060054794398983764,0.0,8.028198745962129e-189,7.985437394619851e-134,19.598390579223633,0.0848415195941925,67.72813415527344,2052.36767578125,353.0,593,53,599,182.0,0.0,897.0,,,2.0,0.0,^3Xen_Crypt,^7lg
2 Xen_Crypt mpctf_nelvaan 2025-07-26_17-04-47.dm_26.dm_meta,241601,00:01:18.544,163490,1378121,MOD_DISRUPTOR,bad,True,0.17666666666666667,0.06,0.019325755951022375,0.3548249935247864,0.05525163188576698,-1.135206842091528,0.05926215109851606,0.0,0.0,0.0,38.794151306152344,0.14694754779338837,154.12547302246094,4670.46875,762.0,259,683,365,724.0,208.0,620.0,,,906.0,287.0,^3Xen_Crypt,^7Jak of the Shadows
2 Xen_Crypt mpctf_nelvaan 2025-07-26_17-04-47.dm_26.dm_meta,253811,00:01:30.754,163490,1378121,MOD_DISRUPTOR,bad,False,0.01,0.056666666666666664,0.05111377787666013,0.002241734807344609,0.0038364287465810776,-0.8526447775206536,0.06832068307569003,0.0,1.0317536169133167e-65,0.7643972561518312,1.109619140625,0.008406206034123898,5.559407711029053,168.46690368652344,1095.0,365,0,499,687.0,232.0,775.0,,,157.0,53.0,^3Xen_Crypt,^7lg
2 Xen_Crypt mpctf_nelvaan 2025-07-26_17-04-47.dm_26.dm_meta,261830,00:01:38.773,163490,1378121,MOD_DISRUPTOR,bad,False,0.02666666666666667,0.006666666666666667,0.0314956775866812,0.0003606959220650753,0.009413927793502808,-0.8921673543594133,0.06075770010101595,0.0,9.232414567768717e-114,8.835060410968049e-96,16.969173431396484,0.06427717208862305,54.7364616394043,1658.6806640625,303.0,242,0,189,110.0,0.0,134.0,,,0.0,0.0,^3Xen_Crypt,^7lg
2 Xen_Crypt mpctf_nelvaan 2025-07-26_17-04-47.dm_26.dm_meta,263282,00:01:40.225,163490,1378121,MOD_DISRUPTOR,bad,False,0.28,0.20666666666666667,0.3838789160831535,0.9553678481170119,0.48882827162742615,-0.39332960350839763,0.08719952773970907,0.2,7.617334561435176e-51,0.5812219401846576,3.078765392303467,0.02332398109138012,8.356563568115234,253.2292022705078,1410.0,461,0,434,238.0,282.0,426.0,,,357.0,233.0,^3Xen_Crypt,^7Jak of the Shadows
2 Xen_Crypt mpctf_nelvaan 2025-07-26_17-04-47.dm_26.dm_meta,267737,00:01:44.680,163490,1378121,MOD_DISRUPTOR,bad,False,0.043333333333333335,0.03,0.0007901032458300742,0.00040729735029302076,0.0074516055174171925,-1.6756373082464178,0.047505640016004415,0.0,1.428814486996227e-239,0.0,52.584354400634766,0.2276379019021988,62.18145751953125,1884.28662109375,169.0,438,0,369,944.0,136.0,869.0,,,201.0,84.0,^3Xen_Crypt,^7lg
2 Xen_Crypt mpctf_nelvaan 2025-07-26_17-04-47.dm_26.dm_meta,269882,00:01:46.825,163490,1378121,MOD_DISRUPTOR,bad,False,0.09666666666666666,0.03333333333333333,0.02857069896843942,0.0003002427747986467,0.0029991029296070337,-1.0171633127864133,0.06547770867541948,0.2,2.4290918973705715e-131,0.00012306388170584595,2.5366764068603516,0.07686898112297058,11.526382446289062,349.2843322753906,483.0,426,0,418,1067.0,202.0,900.0,,,738.0,1.0,^3Xen_Crypt,^7Jak of the Shadows
2 Xen_Crypt mpctf_nelvaan 2025-07-26_17-04-47.dm_26.dm_meta,273479,00:01:50.422,163490,1378121,MOD_DISRUPTOR,bad,False,0.006666666666666667,0.016666666666666666,0.006708053833811641,0.0002942429682187325,0.0019339629216119647,-1.2734376289638578,0.06000796013771383,0.0,1.3960536185658592e-104,0.023178231788584212,1.380621314048767,0.04183701053261757,8.941995620727539,270.9695739746094,401.0,412,102,423,762.0,192.0,929.0,,,82.0,52.0,^3Xen_Crypt,^7lg
2 Xen_Crypt mpctf_nelvaan 2025-07-26_17-04-47.dm_26.dm_meta,276119,00:01:53.062,163490,1378121,MOD_DISRUPTOR,bad,False,0.09333333333333334,0.02666666666666667,0.026856777050299874,0.0002998139720314769,0.0967167317867279,-1.0378455879412407,0.06728293591521982,0.0,3.3049046715859014e-192,6.321450030779667e-20,4.205870151519775,0.1274506151676178,55.819190979003906,1691.4906005859375,262.0,320,0,399,526.0,585.0,703.0,,,72.0,23.0,^3Xen_Crypt,^7Jak of the Shadows
2 Xen_Crypt mpctf_nelvaan 2025-07-26_17-04-47.dm_26.dm_meta,289748,00:02:06.691,163490,1378121,MOD_DISRUPTOR,bad,False,0.03333333333333333,0.013333333333333334,0.002552756946116317,0.0003606959220650753,0.008144453167915344,-1.3872667124424114,0.05010621039389924,0.0,1.4880554584868204e-153,0.0,41.747249603271484,0.21084469556808472,57.12934112548828,1731.192138671875,189.0,316,0,387,465.0,0.0,399.0,,,18.0,0.0,^3Xen_Crypt,^7lg
2 Xen_Crypt mpctf_nelvaan 2025-07-26_17-04-47.dm_26.dm_meta,301133,00:02:18.076,163490,1378121,MOD_DISRUPTOR,bad,False,0.26666666666666666,0.2966666666666667,0.07509469194423071,0.9877797434042102,0.14523953199386597,-0.7230283916269403,0.06996716731071896,0.6,3.962581349053898e-30,0.9764608523716233,0.0,0.0,2.126826524734497,64.44928741455078,1596.0,108,0,453,892.0,80.0,779.0,,,383.0,73.0,^3Xen_Crypt,^7Jak of the Shadows
2 Xen_Crypt mpctf_nelvaan 2025-07-26_17-04-47.dm_26.dm_meta,304532,00:02:21.475,163490,1378121,MOD_DISRUPTOR,bad,False,0.06333333333333334,0.023333333333333334,0.0041261446375321685,0.0003606959220650753,0.006896238308399916,-1.3123396594387782,0.058627966111106704,0.0,1.9517066742700814e-67,6.246720496253552e-05,3.1412158012390137,0.09518835693597794,13.076224327087402,396.2492370605469,147.0,273,0,481,500.0,0.0,670.0,,,24.0,0.0,^3Xen_Crypt,^7Jak of the Shadows
2 Xen_Crypt mpctf_nelvaan 2025-07-26_17-04-47.dm_26.dm_meta,312881,00:02:29.824,163490,1378121,MOD_DISRUPTOR,bad,True,0.17333333333333334,0.15333333333333332,0.6162486589463392,0.015687453024079232,0.3796139657497406,-0.18581929116650442,0.09675301264207294,0.2,0.9999999997256042,0.9994308168467289,0.7440348267555237,0.007515503093600273,11.419870376586914,346.0566711425781,1589.0,989,103,967,130.0,0.0,52.0,,,1.0,0.0,^3Xen_Crypt,^7lg
2 Xen_Crypt mpctf_nelvaan 2025-07-26_17-04-47.dm_26.dm_meta,318821,00:02:35.764,163490,1378121,MOD_DISRUPTOR,bad,False,0.03,0.016666666666666666,0.012369706813631972,0.0002942429682187325,0.002831612713634968,-1.1535571791644306,0.06152378892787358,0.0,6.064954663208658e-88,0.00029555002464296063,3.0785889625549316,0.01554842945188284,7.272096633911133,220.36656188964844,638.0,426,0,403,569.0,0.0,951.0,,,30.0,0.0,^3Xen_Crypt,^7Jak of the Shadows
2 Xen_Crypt mpctf_nelvaan 2025-07-26_17-04-47.dm_26.dm_meta,341492,00:02:58.435,163490,1378121,MOD_DISRUPTOR,bad,False,0.08333333333333333,0.08333333333333333,0.004733259828349584,0.0004338204152382598,0.0008965821471065283,-1.223693130445394,0.0609618390822701,0.0,5.0688632830779776e-80,0.00031116690021158923,0.0,0.0,41.0510368347168,1243.9708251953125,130.0,254,0,1016,419.0,0.0,257.0,,,17.0,0.0,^3Xen_Crypt,^7lg
2 Xen_Crypt mpctf_nelvaan 2025-07-26_17-04-47.dm_26.dm_meta,350072,00:03:07.015,163490,1378121,MOD_DISRUPTOR,bad,False,0.02,0.013333333333333334,0.019839626445912913,0.000273995162412367,0.0003420536813791841,-0.9757580259840238,0.061397517143056295,0.0,2.666645620329368e-31,0.38358503419743534,1.5632468461990356,0.009474223479628563,2.3612236976623535,71.55223083496094,305.0,426,0,411,474.0,0.0,317.0,,,29.0,0.0,^3Xen_Crypt,^7Jak of the Shadows
2 Xen_Crypt mpctf_nelvaan 2025-07-26_17-04-47.dm_26.dm_meta,358784,00:03:15.727,163490,1378121,MOD_DISRUPTOR,bad,False,0.04666666666666667,0.016666666666666666,0.023024899192759535,0.0005317843350026735,0.011741623282432556,-0.9652658738092283,0.062065486754638195,0.0,3.071970657160083e-77,0.03063266511924663,2.593622922897339,0.03929731622338295,18.126609802246094,549.2911987304688,314.0,441,0,393,445.0,0.0,367.0,,,17.0,0.0,^3Xen_Crypt,^7lg
2 Xen_Crypt mpctf_nelvaan 2025-07-26_17-04-47.dm_26.dm_meta,366407,00:03:23.350,163490,1378121,MOD_DISRUPTOR,bad,False,0.03333333333333333,0.013333333333333334,0.01289179863099515,0.0005317843350026735,0.016100110486149788,-1.1679516315865301,0.0626395258032695,0.0,2.177969039579016e-227,2.6450043548053793e-23,0.6429583430290222,0.01948358677327633,72.77925109863281,2205.431884765625,451.0,442,0,427,782.0,0.0,1011.0,,,39.0,0.0,^3Xen_Crypt,^7lg
2 Xen_Crypt mpctf_nelvaan 2025-07-26_17-04-47.dm_26.dm_meta,372116,00:03:29.059,163490,1378121,MOD_DISRUPTOR,bad,False,0.04666666666666667,0.05,0.016547766743564785,0.00036014502715938013,0.008710713125765324,-1.1076219901090871,0.060544717461212615,0.0,1.0605509000840034e-164,6.498294419566491e-46,11.712644577026367,0.05915477126836777,42.006309509277344,1272.91845703125,327.0,425,0,322,743.0,62.0,777.0,,,489.0,107.0,^3Xen_Crypt,^7lg
2 Xen_Crypt mpctf_nelvaan 2025-07-26_17-04-47.dm_26.dm_meta,374030,00:03:30.973,163490,1378121,MOD_DISRUPTOR,bad,True,0.14333333333333334,0.10333333333333333,0.008190683148698452,0.0025582475735849764,0.0203518345952034,-1.4194353930581793,0.06955753709559644,0.0,1.2433013111711716e-120,3.2409542823857284e-21,0.5274581909179688,0.0022833687253296375,0.719751238822937,21.810644149780273,1213.0,303,0,377,185.0,50.0,2096.0,,,2.0,0.0,^3Xen_Crypt,^7lg
2 Xen_Crypt mpctf_nelvaan 2025-07-26_17-04-47.dm_26.dm_meta,380762,00:03:37.705,163490,1378121,MOD_DISRUPTOR,bad,False,0.07666666666666666,0.02666666666666667,0.044299151942115804,0.0013110408049304652,0.0253293439745903,-0.9003710408506991,0.06389654561868585,0.0,9.076059679940306e-122,7.582022644309648e-34,1.7249321937561035,0.0065338341519236565,2.8177576065063477,85.3865966796875,626.0,319,0,267,604.0,465.0,748.0,,,1936.0,1901.0,^3Xen_Crypt,^7Jak of the Shadows
2 Xen_Crypt mpctf_nelvaan 2025-07-26_17-04-47.dm_26.dm_meta,391850,00:03:48.793,163490,1378121,MOD_DISRUPTOR,bad,False,0.11666666666666667,0.07666666666666666,0.029566203061382253,0.036634919579828104,0.39258235692977905,-1.0088400629005716,0.06506423244573852,0.0,1.6155362955349363e-175,4.1414993051472794e-08,1.6227256059646606,0.01229337602853775,43.17359161376953,1308.2906494140625,863.0,412,109,363,1038.0,304.0,1005.0,,,222.0,54.0,^3Xen_Crypt,^7lg
2 Xen_Crypt mpctf_nelvaan 2025-07-26_17-04-47.dm_26.dm_meta,405413,00:04:02.356,163490,1378121,MOD_DISRUPTOR,bad,False,0.013333333333333334,0.0033333333333333335,0.03548492246346559,0.0003606959220650753,0.006466371938586235,-0.9216247901010949,0.06313262416424018,0.0,1.9954587745378056e-182,1.791380117161977e-49,10.499919891357422,0.053029898554086685,68.6876220703125,2081.443115234375,184.0,429,0,240,221.0,0.0,350.0,,,5.0,0.0,^3Xen_Crypt,^7Jak of the Shadows
2 Xen_Crypt mpctf_nelvaan 2025-07-26_17-04-47.dm_26.dm_meta,411386,00:04:08.329,163490,1378121,MOD_DISRUPTOR,bad,False,0.18666666666666668,0.16333333333333333,0.07455759728405673,0.042069455692515856,0.06706471741199493,-0.8037409480197195,0.07203249481423754,0.0,2.2619290219201076e-53,0.6452294064327644,2.1567087173461914,0.021784937009215355,8.007356643676758,242.6471710205078,1268.0,659,104,750,412.0,0.0,762.0,,,23.0,0.0,^3Xen_Crypt,^7lg
2 Xen_Crypt mpctf_nelvaan 2025-07-26_17-04-47.dm_26.dm_meta,414092,00:04:11.035,163490,1378121,MOD_DISRUPTOR,bad,False,0.02,0.013333333333333334,0.054710658789703825,0.0005317843350026735,0.02492586337029934,-0.9048694618657432,0.07028245277226035,0.0,8.353732686948222e-263,5.521266173953664e-35,0.7440348267555237,0.02254650928080082,90.95838165283203,2756.314697265625,547.0,435,0,361,683.0,224.0,847.0,,,171.0,50.0,^3Xen_Crypt,^7Jak of the Shadows
2 Xen_Crypt mpctf_nelvaan 2025-07-26_17-04-47.dm_26.dm_meta,421319,00:04:18.262,163490,1378121,MOD_DISRUPTOR,bad,False,0.11666666666666667,0.013333333333333334,0.033858001326567556,0.0015672459653198504,0.0006795756635256112,-0.878488628941261,0.06679703998761727,0.0,3.7897281649062185e-13,0.8376972505400389,0.0,0.0,8.716296195983887,264.13018798828125,419.0,198,0,334,8.0,0.0,267.0,,,0.0,0.0,^3Xen_Crypt,^7lg
2 Xen_Crypt mpctf_nelvaan 2025-07-26_17-04-47.dm_26.dm_meta,439403,00:04:36.346,163490,1378121,MOD_DISRUPTOR,bad,False,0.01,0.013333333333333334,0.008586249593801793,0.0004338204152382598,0.0009493287652730942,-1.1827747347564355,0.06077196405161381,0.0,5.975914707018094e-86,0.3018236096924855,0.0,0.0,15.973698616027832,484.0514831542969,322.0,381,0,487,583.0,0.0,701.0,,,26.0,0.0,^3Xen_Crypt,^7lg
2 Xen_Crypt mpctf_nelvaan 2025-07-26_17-04-47.dm_26.dm_meta,454187,00:04:51.130,163490,1378121,MOD_DISRUPTOR,bad,False,0.26,0.16333333333333333,0.31416503351437564,0.8394056956520619,0.3987479507923126,-0.4321878062918242,0.08368796184029786,0.2,3.776980927841002e-22,0.9922530631896472,0.0,0.0,7.064785957336426,214.0844268798828,1541.0,586,84,547,236.0,0.0,433.0,,,4.0,0.0,^3Xen_Crypt,^7lg
2 Xen_Crypt mpctf_nelvaan 2025-07-26_17-04-47.dm_26.dm_meta,456959,00:04:53.902,163490,1378121,MOD_DISRUPTOR,bad,False,0.006666666666666667,0.02,0.017018047505140264,0.0003606959220650753,0.0046754940412938595,-1.0922900152514559,0.060693988258936404,0.0,6.993326702633686e-177,4.077035758174805e-76,14.646370887756348,0.05547867715358734,60.50822448730469,1833.58251953125,330.0,429,0,434,485.0,162.0,622.0,,,128.0,46.0,^3Xen_Crypt,^7Jak of the Shadows
2 Xen_Crypt mpctf_nelvaan 2025-07-26_17-04-47.dm_26.dm_meta,468146,00:05:05.089,163490,1378121,MOD_DISRUPTOR,bad,False,0.06,0.013333333333333334,0.023292367388588992,0.0002461817405011066,0.01731444150209427,-1.044120319153803,0.06560952624573185,0.0,2.7719658548153853e-79,0.017379461583312387,2.653289318084717,0.020100677385926247,5.339606761932373,161.80625915527344,512.0,316,0,407,613.0,601.0,772.0,,,136.0,92.0,^3Xen_Crypt,^7lg
2 Xen_Crypt mpctf_nelvaan 2025-07-26_17-04-47.dm_26.dm_meta,476726,00:05:13.669,163490,1378121,MOD_DISRUPTOR,bad,False,0.19666666666666666,0.09333333333333334,0.016614910182268162,0.2303254174755292,0.2254006713628769,-1.1247285982271982,0.06124916007091321,0.0,3.61979132490741e-153,2.79232615647958e-17,7.271658897399902,0.027544163167476654,19.909164428710938,603.3080444335938,948.0,574,234,559,1192.0,334.0,1027.0,,,279.0,69.0,^3Xen_Crypt,^7lg
2 Xen_Crypt mpctf_nelvaan 2025-07-26_17-04-47.dm_26.dm_meta,488837,00:05:25.780,163490,1378121,MOD_DISRUPTOR,bad,False,0.016666666666666666,0.016666666666666666,0.0076157797368517155,0.0003606959220650753,0.009109629318118095,-1.1782261602757216,0.05529100298368328,0.0,3.3993176641739144e-81,1.0071674460296086e-184,24.51628875732422,0.10613112151622772,31.78409194946289,963.154296875,104.0,409,0,487,206.0,27.0,233.0,,,4.0,0.0,^3Xen_Crypt,^7lg
2 Xen_Crypt mpctf_nelvaan 2025-07-26_17-04-47.dm_26.dm_meta,502301,00:05:39.244,163490,1378121,MOD_DISRUPTOR,bad,False,0.09333333333333334,0.043333333333333335,0.004675118431786655,0.0003606959220650753,0.04842991754412651,-1.3250421933392276,0.056572239098981875,0.0,4.4739138461014556e-104,3.5711484273557066e-87,16.222558975219727,0.1228981763124466,22.591123580932617,684.5795288085938,639.0,418,730,494,348.0,0.0,519.0,,,11.0,0.0,^3Xen_Crypt,^7lg
2 Xen_Crypt mpctf_nelvaan 2025-07-26_17-04-47.dm_26.dm_meta,516194,00:05:53.137,163490,1378121,MOD_DISRUPTOR,bad,False,0.07666666666666666,0.056666666666666664,0.04700134858709657,0.0005317843350026735,0.09175392240285873,-0.8114953109417699,0.06433478684568171,0.0,3.734246700436254e-46,5.869638490112956e-25,9.219503402709961,0.03492236137390137,23.15947914123535,701.8024291992188,578.0,326,0,340,164.0,0.0,211.0,,,4.0,0.0,^3Xen_Crypt,^7Jak of the Shadows
2 Xen_Crypt mpctf_nelvaan 2025-07-26_17-04-47.dm_26.dm_meta,519758,00:05:56.701,163490,1378121,MOD_DISRUPTOR,bad,False,0.21666666666666667,0.19,0.149540402954459,0.8605017575714732,0.08430547267198563,-0.622284830844757,0.07530186131703666,0.2,2.2653573598113664e-43,0.9673142198639038,0.6991656422615051,0.0026483547408133745,3.7581353187561035,113.88288879394531,1409.0,319,0,357,597.0,320.0,687.0,,,69.0,19.0,^3Xen_Crypt,^7Jak of the Shadows
2 Xen_Crypt mpctf_nelvaan 2025-07-26_17-04-47.dm_26.dm_meta,541439,00:06:18.382,163490,1378121,MOD_DISRUPTOR,bad,False,0.13333333333333333,0.08,0.022570094819005453,0.0005317843350026735,0.07600373774766922,-1.0182455906664063,0.06330196879117296,0.0,2.0086874894684538e-67,4.88861608512877e-17,7.74099063873291,0.029321935027837753,14.28232192993164,432.7976379394531,750.0,358,293,327,216.0,0.0,579.0,,,6.0,0.0,^3Xen_Crypt,^7Jak of the Shadows
2 Xen_Crypt mpctf_nelvaan 2025-07-26_17-04-47.dm_26.dm_meta,548303,00:06:25.246,163490,1378121,MOD_DISRUPTOR,bad,False,0.26,0.07666666666666666,0.02290044342058387,0.0038407617281227113,0.022295895963907242,-1.014366602640258,0.06211483173570149,0.4,2.359814388463731e-149,8.869472305238143e-09,2.8446156978607178,0.08620047569274902,25.32630157470703,767.4636840820312,811.0,489,262,520,947.0,19.0,746.0,,,959.0,659.0,^3Xen_Crypt,^7lg
2 Xen_Crypt mpctf_nelvaan 2025-07-26_17-04-47.dm_26.dm_meta,549029,00:06:25.972,163490,1378121,MOD_DISRUPTOR,bad,False,0.056666666666666664,0.03333333333333333,0.016414817276528736,0.00030055871354554994,0.021698692813515663,-1.1000872057751279,0.06389674850948013,0.0,1.1799122775519844e-74,0.021975288968820762,2.3451950550079346,0.07106651365756989,9.931641578674316,300.9588317871094,199.0,503,223,540,373.0,371.0,481.0,,,66.0,39.0,^3Xen_Crypt,^7Jak of the Shadows
2 Xen_Crypt mpctf_nelvaan 2025-07-26_17-04-47.dm_26.dm_meta,560249,00:06:37.192,163490,1378121,MOD_DISRUPTOR,bad,True,0.18666666666666668,0.16666666666666666,0.05251079864774683,0.0009290253466596563,0.007210907526314259,-0.8270161678362342,0.0668472804350279,0.2,2.1698162421970146e-35,3.9114050188135764e-05,4.443141460418701,0.0269281305372715,9.418846130371094,285.4195861816406,367.0,944,271,951,130.0,0.0,0.0,,,1.0,0.0,^3Xen_Crypt,^7lg
2 Xen_Crypt mpctf_nelvaan 2025-07-26_17-04-47.dm_26.dm_meta,573911,00:06:50.854,163490,1378121,MOD_DISRUPTOR,bad,False,0.03666666666666667,0.02,0.01901590902038199,0.0002942429682187325,0.004173217806965113,-1.018806827660844,0.06397506593345818,0.0,4.635173251375049e-44,0.7661854512766934,1.1333104372024536,0.03434273973107338,9.89219856262207,299.7635803222656,409.0,239,0,331,175.0,0.0,510.0,,,1.0,0.0,^3Xen_Crypt,^7lg
2 Xen_Crypt mpctf_nelvaan 2025-07-26_17-04-47.dm_26.dm_meta,577013,00:06:53.956,163490,1378121,MOD_DISRUPTOR,bad,False,0.36,0.20666666666666667,0.11006705316342597,0.8546870322740646,0.5416030287742615,-0.7236644357953969,0.06791742982198996,0.2,4.852759460333387e-143,5.30056799976409e-44,11.358037948608398,0.04916899651288986,16.9597110748291,513.9306640625,1516.0,233,0,172,834.0,63.0,1018.0,,,1306.0,829.0,^3Xen_Crypt,^7Jak of the Shadows
2 Xen_Crypt mpctf_nelvaan 2025-07-26_17-04-47.dm_26.dm_meta,581138,00:06:58.081,163490,1378121,MOD_DISRUPTOR,bad,False,0.03666666666666667,0.006666666666666667,0.004803659730092304,0.0003606959220650753,0.008473404683172703,-1.3823182300078645,0.06115933727796263,0.0,3.8577465179314856e-129,7.579262288281857e-08,2.2875382900238037,0.06931934505701065,33.748653411865234,1022.6864624023438,27.0,324,0,345,190.0,0.0,1024.0,,,2.0,0.0,^3Xen_Crypt,^7lg
2 Xen_Crypt mpctf_nelvaan 2025-07-26_17-04-47.dm_26.dm_meta,590807,00:07:07.750,163490,1378121,MOD_DISRUPTOR,bad,False,0.043333333333333335,0.03333333333333333,0.013985984768821676,0.0002942429682187325,0.0020567949395626783,-1.1403941922832628,0.062376112103257726,0.0,6.76044572936172e-110,0.012993125904070733,0.4888916015625,0.014814897440373898,4.39196252822876,133.0897674560547,640.0,443,0,433,896.0,167.0,1023.0,,,246.0,56.0,^3Xen_Crypt,^7lg
2 Xen_Crypt mpctf_nelvaan 2025-07-26_17-04-47.dm_26.dm_meta,592622,00:07:09.565,163490,1378121,MOD_DISRUPTOR,bad,False,0.10666666666666667,0.043333333333333335,0.021413764721937848,0.000273995162412367,0.001968028489500284,-1.0349804621630332,0.06427493149017992,0.0,3.8053503373720273e-78,0.07290156955612828,0.08942223340272903,0.0003871092339977622,0.8181126713752747,24.79129409790039,802.0,339,0,400,748.0,116.0,911.0,,,211.0,17.0,^3Xen_Crypt,^7Jak of the Shadows
2 Xen_Crypt mpctf_nelvaan 2025-07-26_17-04-47.dm_26.dm_meta,618296,00:07:35.239,163490,1378121,MOD_DISRUPTOR,bad,False,0.32,0.27,0.5762810589015025,0.19184954501018656,0.16636279225349426,-0.2708959113651721,0.09414247025290479,0.2,6.693130102704198e-78,0.9918512488117072,1.9031494855880737,0.007208899594843388,24.963830947875977,756.479736328125,2152.0,729,232,696,831.0,331.0,644.0,,,259.0,93.0,^3Xen_Crypt,^7Jak of the Shadows
2 Xen_Crypt mpctf_nelvaan 2025-07-26_17-04-47.dm_26.dm_meta,625787,00:07:42.730,163490,1378121,MOD_DISRUPTOR,bad,False,0.10666666666666667,0.16,0.16434255751071755,0.0628822246517409,0.136081725358963,-0.5663013523280636,0.07460753269304708,0.2,1.67154687370861e-30,0.07648478128697102,3.8257431983947754,0.01932193525135517,5.085569381713867,154.10816955566406,1233.0,124,0,248,576.0,230.0,448.0,,,435.0,32.0,^3Xen_Crypt,^7lg
2 Xen_Crypt mpctf_nelvaan 2025-07-26_17-04-47.dm_26.dm_meta,633212,00:07:50.155,163490,1378121,MOD_DISRUPTOR,bad,True,0.02666666666666667,0.0033333333333333335,0.07116703905466175,0.0005317843350026735,0.0063820891082286835,-0.7848514882636914,0.068797752761509,0.0,0.0,1.1555003326261699e-102,4.3537821769714355,0.01649159938097,147.79376220703125,4478.59912109375,217.0,380,0,305,461.0,0.0,326.0,,,16.0,0.0,^3Xen_Crypt,^7lg
2 Xen_Crypt mpctf_nelvaan 2025-07-26_17-04-47.dm_26.dm_meta,640736,00:07:57.679,163490,1378121,MOD_DISRUPTOR,bad,True,0.31333333333333335,0.19333333333333333,0.02188943154810951,0.5783824504557511,0.4596041142940521,-1.0549590712813655,0.06375830625314642,0.2,5.174970182668649e-147,0.00019765745822502475,2.3214190006256104,0.010049432516098022,16.26698875427246,492.9390563964844,894.0,316,0,388,1006.0,220.0,1084.0,,,644.0,338.0,^3Xen_Crypt,^7lg
2 Xen_Crypt mpctf_nelvaan 2025-07-26_17-04-47.dm_26.dm_meta,665321,00:08:22.264,163490,1378121,MOD_DISRUPTOR,bad,False,0.14666666666666667,0.15,0.004578101134595144,0.0005317843350026735,0.021924590691924095,-1.246204291809983,0.06045614337006378,0.0,2.898775115293892e-63,3.37324303561955e-09,4.173492908477783,0.04215649515390396,37.441810607910156,1134.600341796875,691.0,82,441,815,393.0,0.0,373.0,,,10.0,0.0,^3Xen_Crypt,^7lg
2 Xen_Crypt mpctf_nelvaan 2025-07-26_17-04-47.dm_26.dm_meta,668225,00:08:25.168,163490,1378121,MOD_DISRUPTOR,bad,False,0.36333333333333334,0.19333333333333333,0.08970773921334031,0.992080878486407,0.5693972110748291,-0.7055283300923376,0.07370305113765223,0.2,5.0714602775179206e-18,0.7047594956160361,2.789846181869507,0.012077256105840206,15.957610130310059,483.5639343261719,1451.0,170,0,576,559.0,338.0,622.0,,,46.0,12.0,^3Xen_Crypt,^7lg
2 Xen_Crypt mpctf_nelvaan 2025-07-26_17-04-47.dm_26.dm_meta,672086,00:08:29.029,163490,1378121,MOD_DISRUPTOR,bad,False,0.03,0.02,0.020983114244552514,0.0002942429682187325,0.0025065478403121233,-0.9866665573407669,0.060675814338682126,0.0,3.1794193330627304e-42,1.2847553551351672e-39,11.70655632019043,0.0443430170416832,11.70655632019043,354.744140625,275.0,376,24,334,95.0,0.0,255.0,,,1.0,0.0,^3Xen_Crypt,^7Jak of the Shadows
2 Xen_Crypt mpctf_nelvaan 2025-07-26_17-04-47.dm_26.dm_meta,674726,00:08:31.669,163490,1378121,MOD_DISRUPTOR,bad,False,0.04666666666666667,0.013333333333333334,0.013080938229233938,0.0002942429682187325,0.004237098153680563,-1.04855789237081,0.05939859751175039,0.0,6.639668448942801e-44,3.894376666599984e-17,7.967947483062744,0.04024215787649155,8.656698226928711,262.3241882324219,433.0,161,6,235,389.0,2.0,396.0,,,23.0,0.0,^3Xen_Crypt,^7Jak of the Shadows
2 Xen_Crypt mpctf_nelvaan 2025-07-26_17-04-47.dm_26.dm_meta,687002,00:08:43.945,163490,1378121,MOD_DISRUPTOR,bad,True,0.4066666666666667,0.34,0.1719384979067128,0.9876174218618975,0.015773778781294823,-0.6058230938473174,0.07594667717578044,0.4,2.223256679175447e-24,0.4299465819503383,4.323486328125,0.032753683626651764,9.948690414428711,301.4754638671875,676.0,1198,50,1202,142.0,36.0,87.0,,,98.0,78.0,^3Xen_Crypt,^7lg
2 Xen_Crypt mpctf_nelvaan 2025-07-26_17-04-47.dm_26.dm_meta,690269,00:08:47.212,163490,1378121,MOD_DISRUPTOR,bad,False,0.11666666666666667,0.07,0.009660484439464026,0.0002041798633662127,0.34683889150619507,-1.1802024648075091,0.0564772966128372,0.0,4.392668704036902e-126,4.1949815765344407e-278,30.05864906311035,0.1301240175962448,33.18267822265625,1005.5357055664062,631.0,38,0,291,669.0,754.0,636.0,,,208.0,148.0,^3Xen_Crypt,^7lg
2 Xen_Crypt mpctf_nelvaan 2025-07-26_17-04-47.dm_26.dm_meta,697232,00:08:54.175,163490,1378121,MOD_DISRUPTOR,bad,False,0.06333333333333334,0.043333333333333335,0.02613433257698569,0.000394111832888322,0.010725792497396469,-0.9747063900949555,0.06342203456129454,0.0,1.3897504940954195e-66,0.3077524550254484,1.405359148979187,0.042586639523506165,7.168778896331787,217.2357177734375,517.0,631,267,530,422.0,0.0,420.0,,,16.0,8.0,^3Xen_Crypt,^7lg
2 Xen_Crypt mpctf_nelvaan 2025-07-26_17-04-47.dm_26.dm_meta,710993,00:09:07.936,163490,1378121,MOD_DISRUPTOR,bad,False,0.21,0.3466666666666667,0.04400783776905458,0.0016781641689524883,0.1729641705751419,-0.8973224372882767,0.06631633373585093,0.2,2.637532257149327e-64,8.340505890153546e-12,6.8203887939453125,0.025834806263446808,13.481563568115234,408.5322265625,572.0,869,248,842,222.0,17.0,317.0,,,16.0,0.0,^3Xen_Crypt,^7Jak of the Shadows
2 Xen_Crypt mpctf_nelvaan 2025-07-26_17-04-47.dm_26.dm_meta,732113,00:09:29.056,163490,1378121,MOD_DISRUPTOR,bad,False,0.09666666666666666,0.06,0.022490327655428737,0.033796783571097486,0.006935491226613522,-0.9487724125011467,0.06257972444489633,0.0,1.0411087553808391e-43,5.446288825375822e-05,4.667318344116211,0.023572314530611038,9.668530464172363,292.98577880859375,460.0,170,0,331,262.0,22.0,328.0,,,329.0,253.0,^3Xen_Crypt,^7lg
2 Xen_Crypt mpctf_nelvaan 2025-07-26_17-04-47.dm_26.dm_meta,739010,00:09:35.953,163490,1378121,MOD_DISRUPTOR,bad,False,0.25666666666666665,0.12666666666666668,0.3550188437300413,0.6010418801770696,0.39576470851898193,-0.3703991250582638,0.0818357958080011,0.2,1.9983162331318123e-11,0.00013239126072322677,4.812870979309082,0.01823057234287262,6.407593727111816,194.1695098876953,1505.0,446,0,352,125.0,0.0,296.0,,,0.0,0.0,^3Xen_Crypt,^7lg
2 Xen_Crypt mpctf_nelvaan 2025-07-26_17-04-47.dm_26.dm_meta,755048,00:09:51.991,163490,1378121,MOD_DISRUPTOR,bad,False,0.1,0.05333333333333334,0.013203812840731468,0.0006642262946209028,0.12466143816709518,-1.1117225666294843,0.05966106441253344,0.0,1.839897666143893e-287,7.251926091514056e-142,17.48391342163086,0.10596311092376709,109.11543273925781,3306.5283203125,243.0,45,12,243,701.0,346.0,537.0,,,291.0,139.0,^3Xen_Crypt,^7Jak of the Shadows
2 Xen_Crypt mpctf_nelvaan 2025-07-26_17-04-47.dm_26.dm_meta,759833,00:09:56.776,163490,1378121,MOD_DISRUPTOR,bad,False,0.04,0.006666666666666667,0.025380457608591835,0.0005317843350026735,0.006466371938586235,-0.9732165905155807,0.06437059785800638,0.0,5.8289069710144224e-89,0.0007119172590143509,2.4038352966308594,0.036421746015548706,32.1951904296875,975.61181640625,214.0,346,75,303,171.0,39.0,364.0,,,2.0,0.0,^3Xen_Crypt,^7lg
2 Xen_Crypt mpctf_nelvaan 2025-07-26_17-04-47.dm_26.dm_meta,762572,00:09:59.515,163490,1378121,MOD_DISRUPTOR,bad,False,0.016666666666666666,0.03333333333333333,0.014453710549749553,0.0003215014233471833,0.0006587310344912112,-1.1354868315827507,0.06318218563215074,0.0,2.0101428809389138e-94,0.11654750975226648,1.2319514751434326,0.009332966059446335,12.503485679626465,378.89349365234375,572.0,515,199,482,427.0,0.0,816.0,,,25.0,0.0,^3Xen_Crypt,^7Jak of the Shadows
2 Xen_Crypt mpctf_nelvaan 2025-07-26_17-04-47.dm_26.dm_meta,767225,00:10:04.168,163490,1378121,MOD_DISRUPTOR,bad,False,0.15666666666666668,0.02666666666666667,0.03667591486903007,0.0014218586898970826,0.00902341678738594,-0.8865915107551954,0.0642137259889401,0.0,2.2791120290333748e-42,5.459324344213639e-17,5.792806625366211,0.17553959786891937,12.029293060302734,364.5240478515625,229.0,448,0,335,47.0,0.0,216.0,,,0.0,0.0,^3Xen_Crypt,^7lg
2 Xen_Crypt mpctf_nelvaan 2025-07-26_17-04-47.dm_26.dm_meta,778280,00:10:15.223,163490,1378121,MOD_DISRUPTOR,bad,False,0.02,0.05,0.011481266972507573,0.00036014502715938013,0.02225203812122345,-1.1692722561179285,0.057599758567394965,0.0,1.7074998687787887e-154,3.2682479182837e-119,19.561487197875977,0.07409654557704926,40.288299560546875,1220.8575439453125,475.0,413,104,353,782.0,162.0,740.0,,,427.0,147.0,^3Xen_Crypt,^7Jak of the Shadows
2 Xen_Crypt mpctf_nelvaan 2025-07-26_17-04-47.dm_26.dm_meta,782504,00:10:19.447,163490,1378121,MOD_DISRUPTOR,bad,False,0.013333333333333334,0.12,0.07428603215049978,0.0025582475735849764,0.02512170933187008,-0.7863596368507796,0.07049323070080678,0.0,1.4384474058924865e-66,0.5920941482372353,0.14004875719547272,0.004243901930749416,1.2460283041000366,37.7584342956543,1247.0,322,0,358,689.0,247.0,853.0,,,154.0,45.0,^3Xen_Crypt,^7Jak of the Shadows
2 Xen_Crypt mpctf_nelvaan 2025-07-26_17-04-47.dm_26.dm_meta,802403,00:10:39.346,163490,1378121,MOD_DISRUPTOR,bad,False,0.05333333333333334,0.02666666666666667,0.047338527656800716,0.0005317843350026735,0.009413927793502808,-0.8244938422479395,0.06756249531392602,0.0,5.931539751992578e-75,5.982312226894593e-05,1.5036125183105469,0.045564014464616776,37.50386047363281,1136.4805908203125,340.0,294,0,331,74.0,0.0,219.0,,,0.0,0.0,^3Xen_Crypt,^7Jak of the Shadows
2 Xen_Crypt mpctf_nelvaan 2025-07-26_17-04-47.dm_26.dm_meta,815174,00:10:52.117,163490,1378121,MOD_DISRUPTOR,bad,False,0.14666666666666667,0.15333333333333332,0.01806654958500876,0.0009290253466596563,0.011436686851084232,-1.1309393420521192,0.06491878375253679,0.2,2.9549365130784766e-73,1.2707660026980668e-12,6.745752811431885,0.025552093982696533,9.994306564331055,302.8577880859375,544.0,908,432,912,126.0,0.0,614.0,,,1.0,0.0,^3Xen_Crypt,^7lg
2 Xen_Crypt mpctf_nelvaan 2025-07-26_17-04-47.dm_26.dm_meta,826493,00:11:03.436,163490,1378121,MOD_DISRUPTOR,bad,False,0.14666666666666667,0.02666666666666667,0.028674468551682944,0.0019119406905989868,0.0070905908942222595,-0.9740007456824683,0.0669895697039576,0.0,2.5128156225604824e-93,6.184438801822757e-05,1.60400390625,0.048606179654598236,37.458099365234375,1135.0938720703125,166.0,419,0,442,0.0,2.0,421.0,,,0.0,0.0,^3Xen_Crypt,^7lg
2 Xen_Crypt mpctf_nelvaan 2025-07-26_17-04-47.dm_26.dm_meta,837878,00:11:14.821,163490,1378121,MOD_DISRUPTOR,bad,False,0.08,0.03666666666666667,0.01900092510524639,0.0005317843350026735,0.09288186579942703,-1.0308381965836533,0.06366196702589343,0.0,2.6167302539318766e-50,2.1799282527458484e-12,6.6747727394104,0.028895119205117226,19.760194778442383,598.7937622070312,570.0,228,0,391,136.0,0.0,574.0,,,1.0,0.0,^3Xen_Crypt,^7lg
2 Xen_Crypt mpctf_nelvaan 2025-07-26_17-04-47.dm_26.dm_meta,846293,00:11:23.236,163490,1378121,MOD_DISRUPTOR,bad,True,0.21333333333333335,0.06,0.009436737143779376,0.0005028669244490143,0.1476297825574875,-1.2811562718026839,0.061486805906132515,0.2,9.448391023850024e-169,8.549889166143862e-11,4.845621585845947,0.02097671665251255,17.136999130249023,519.302978515625,299.0,427,0,350,988.0,685.0,1166.0,,,271.0,140.0,^3Xen_Crypt,^7lg
2 Xen_Crypt mpctf_nelvaan 2025-07-26_17-04-47.dm_26.dm_meta,865862,00:11:42.805,163490,1378121,MOD_DISRUPTOR,bad,True,0.21666666666666667,0.15666666666666668,7.484753460562566e-05,0.08978286562364848,0.028057320043444633,-2.0510094699509347,0.04757885893975397,0.0,7.169589774050554e-126,0.0,56.512535095214844,0.2140626311302185,86.95147705078125,2634.893310546875,172.0,518,24,2257,375.0,0.0,435.0,,,20.0,0.0,^3Xen_Crypt,^7Jak of the Shadows
2 Xen_Crypt mpctf_nelvaan 2025-07-26_17-04-47.dm_26.dm_meta,872462,00:11:49.405,163490,1378121,MOD_DISRUPTOR,bad,False,0.05333333333333334,0.016666666666666666,0.0017357637441813456,0.0003606959220650753,0.01556167472153902,-1.5141507118778685,0.05378313948657276,0.0,9.848994244089447e-90,1.4291673754598264e-144,21.8234806060791,0.08266469836235046,21.8234806060791,661.317626953125,75.0,250,0,383,300.0,0.0,801.0,,,5.0,0.0,^3Xen_Crypt,^7lg
2 Xen_Crypt mpctf_nelvaan 2025-07-26_17-04-47.dm_26.dm_meta,882725,00:11:59.668,163490,1378121,MOD_DISRUPTOR,bad,False,0.20666666666666667,0.15666666666666668,0.04401310755463025,0.7730409879992021,0.49972930550575256,-0.8681342300640454,0.06216828931241005,0.4,3.88906238632458e-94,6.534528556200002e-65,14.795653343200684,0.07472552359104156,14.80238151550293,448.5570068359375,662.0,456,0,390,464.0,148.0,438.0,,,538.0,370.0,^3Xen_Crypt,^7lg
2 Xen_Crypt mpctf_nelvaan 2025-07-26_17-04-47.dm_26.dm_meta,894308,00:12:11.251,163490,1378121,MOD_DISRUPTOR,bad,False,0.13,0.25333333333333335,0.32719080999464767,0.0025582475735849764,0.05133364349603653,-0.4173974551317068,0.08505614850938566,0.4,3.592376905124321e-31,0.9924539447612479,0.0,0.0,7.850459575653076,237.89271545410156,1341.0,237,0,342,528.0,304.0,427.0,,,444.0,5.0,^3Xen_Crypt,^7lg
2 Xen_Crypt mpctf_nelvaan 2025-07-26_17-04-47.dm_26.dm_meta,898697,00:12:15.640,163490,1378121,MOD_DISRUPTOR,bad,False,0.08333333333333333,0.12666666666666668,0.1472392069300475,0.1731077621339934,0.1261446326971054,-0.6954634676661987,0.07938005358407106,0.0,5.92216680104525e-122,0.05033551888986578,0.8812719583511353,0.026705211028456688,26.074129104614258,790.1251220703125,1064.0,442,0,484,602.0,232.0,834.0,,,531.0,63.0,^3Xen_Crypt,^7Jak of the Shadows
2 Xen_Crypt mpctf_nelvaan 2025-07-26_17-04-47.dm_26.dm_meta,901832,00:12:18.775,163490,1378121,MOD_DISRUPTOR,bad,False,0.4166666666666667,0.2966666666666667,0.4837077884769466,0.9395732335370249,0.6088354587554932,-0.2472589674651101,0.09681348556921927,0.6,1.0,0.9999541475573398,0.5284869074821472,0.00400368869304657,1.1356377601623535,34.413265228271484,2192.0,42,0,320,0.0,5.0,449.0,,,0.0,0.0,^3Xen_Crypt,^7Jak of the Shadows
2 Xen_Crypt mpctf_nelvaan 2025-07-26_17-04-47.dm_26.dm_meta,903053,00:12:19.996,163490,1378121,MOD_DISRUPTOR,bad,True,0.19666666666666666,0.05,0.00842320050805256,0.0003388527448740657,0.08755290508270264,-1.2989702922007274,0.061279441953888854,0.2,1.02184091393342e-201,1.518295735366093e-08,2.3161685466766357,0.07018692791461945,26.05698013305664,789.60546875,284.0,431,0,343,1150.0,586.0,1222.0,,,347.0,144.0,^3Xen_Crypt,^7lg
2 Xen_Crypt mpctf_nelvaan 2025-07-26_17-04-47.dm_26.dm_meta,908729,00:12:25.672,163490,1378121,MOD_DISRUPTOR,bad,False,0.4033333333333333,0.30333333333333334,0.42225413175347276,0.36304437326692357,0.22494246065616608,-0.30486012656267536,0.086064739806897,0.4,0.9999846778243358,0.995923028329686,0.39462944865226746,0.0014948084717616439,0.4339599609375,13.150301933288574,1775.0,326,0,298,207.0,0.0,380.0,,,4.0,0.0,^3Xen_Crypt,^7lg
2 Xen_Crypt mpctf_nelvaan 2025-07-26_17-04-47.dm_26.dm_meta,916913,00:12:33.856,163490,1378121,MOD_DISRUPTOR,bad,False,0.3566666666666667,0.29,0.30290168487132213,0.9979554907909796,0.5649988651275635,-0.391494278134618,0.07620168191262887,0.6,1.3218911230101597e-24,0.060337602970910564,4.013202667236328,0.030403049662709236,8.199527740478516,248.4705352783203,1655.0,308,0,223,515.0,69.0,391.0,,,45.0,4.0,^3Xen_Crypt,^7lg
2 Xen_Crypt mpctf_nelvaan 2025-07-26_17-04-47.dm_26.dm_meta,921467,00:12:38.410,163490,1378121,MOD_DISRUPTOR,bad,False,0.15333333333333332,0.12666666666666668,0.018321775718861427,0.12924038655800033,0.0065610348246991634,-1.0720948509203878,0.06345252971393318,0.2,1.8258203446843787e-114,0.2935274480928848,1.0491943359375,0.03179376944899559,10.682424545288086,323.7098388671875,441.0,322,0,344,680.0,185.0,801.0,,,508.0,252.0,^3Xen_Crypt,^7lg
2 Xen_Crypt mpctf_nelvaan 2025-07-26_17-04-47.dm_26.dm_meta,930773,00:12:47.716,163490,1378121,MOD_DISRUPTOR,bad,False,0.023333333333333334,0.05333333333333334,0.03782240605659431,0.000273995162412367,0.001050495426170528,-0.8648718429372503,0.06611924500016252,0.0,9.158524817150875e-31,0.8957022596163917,0.27515214681625366,0.008337943814694881,7.247174263000488,219.61134338378906,729.0,303,108,389,294.0,3.0,394.0,,,11.0,0.0,^3Xen_Crypt,^7lg
2 Xen_Crypt mpctf_nelvaan 2025-07-26_17-04-47.dm_26.dm_meta,938957,00:12:55.900,163490,1378121,MOD_DISRUPTOR_SNIPER,bad,False,0.11666666666666667,0.08333333333333333,0.07051014229790362,0.005596345358602249,0.054846495389938354,-0.8193812601971273,0.07733159895310147,0.0,2.7464960367943286e-110,1.1973720300462585e-05,0.788876473903656,0.023905348032712936,22.478008270263672,681.1517944335938,975.0,587,341,600,567.0,480.0,548.0,,,606.0,467.0,^3Xen_Crypt,^7lg
2 Xen_Crypt mpctf_nelvaan 2025-07-26_17-04-47.dm_26.dm_meta,945623,00:13:02.566,163490,1378121,MOD_DISRUPTOR,bad,False,0.12,0.14666666666666667,0.06684482654451199,0.8535022095597512,0.08945433050394058,-0.8223001587578538,0.06784662917049294,0.0,2.654995070304159e-92,0.9119700784884451,0.9913601279258728,0.03004121594130993,9.159676551818848,277.5659484863281,1202.0,785,210,727,911.0,123.0,754.0,,,135.0,15.0,^3Xen_Crypt,^7lg
2 Xen_Crypt mpctf_nelvaan 2025-07-26_17-04-47.dm_26.dm_meta,947867,00:13:04.810,163490,1378121,MOD_DISRUPTOR,bad,False,0.04666666666666667,0.12,0.027256132552308375,0.0025582475735849764,0.040048714727163315,-0.9407057096597969,0.06553712080761728,0.0,3.8064175717308726e-42,0.8802262197557438,0.06591796875,0.0019975141622126102,2.249549627304077,68.16816711425781,971.0,96,0,328,607.0,106.0,733.0,,,167.0,13.0,^3Xen_Crypt,^7Jak of the Shadows
2 Xen_Crypt mpctf_nelvaan 2025-07-26_17-04-47.dm_26.dm_meta,958097,00:13:15.040,163490,1378121,MOD_DISRUPTOR,bad,False,0.09333333333333334,0.04,0.03583814811252859,0.027156551769883373,0.06424766033887863,-0.9378959212312161,0.06456778635789728,0.0,2.301128323025345e-139,8.487426238449833e-62,13.523953437805176,0.13660559058189392,39.485939025878906,1196.5435791015625,281.0,293,0,332,340.0,618.0,373.0,,,213.0,201.0,^3Xen_Crypt,^7lg
2 Xen_Crypt mpctf_nelvaan 2025-07-26_17-04-47.dm_26.dm_meta,969977,00:13:26.920,163490,1378121,MOD_DISRUPTOR,bad,True,0.26,0.15,0.004036879944470765,0.06858584902396654,0.00855074729770422,-1.2578797614003863,0.06173555945507705,0.0,7.918718536690435e-49,5.695339458265582e-21,7.2919511795043945,0.05524205416440964,54.343013763427734,1646.758056640625,115.0,425,0,1632,79.0,0.0,41.0,,,0.0,0.0,^3Xen_Crypt,^7Jak of the Shadows
2 Xen_Crypt mpctf_nelvaan 2025-07-26_17-04-47.dm_26.dm_meta,986741,00:13:43.684,163490,1378121,MOD_DISRUPTOR,bad,False,0.14333333333333334,0.12,0.22837378307458023,0.15700442870570155,0.8292714357376099,-0.5163137261554207,0.07263459507495963,0.0,2.8585202921678365e-120,3.677273269941305e-199,24.05316925048828,0.09111049026250839,80.07120513916016,2426.400146484375,1246.0,593,112,524,149.0,10.0,164.0,,,1.0,0.0,^3Xen_Crypt,^7lg
2 Xen_Crypt mpctf_nelvaan 2025-07-26_17-04-47.dm_26.dm_meta,987797,00:13:44.740,163490,1378121,MOD_DISRUPTOR,bad,True,0.11,0.07,0.12632511958506634,0.08094620809523248,0.011630143038928509,-0.7892772413297282,0.07849548809902925,0.0,6.416472910623838e-130,0.007400462799723563,0.0,0.0,7.101131916046143,215.18582153320312,1401.0,748,259,726,1061.0,729.0,1104.0,,,354.0,114.0,^3Xen_Crypt,^7Jak of the Shadows
2 Xen_Crypt mpctf_nelvaan 2025-07-26_17-04-47.dm_26.dm_meta,1007003,00:14:03.946,163490,1378121,MOD_DISRUPTOR,bad,True,0.09333333333333334,0.14,0.1264296846636563,0.01564211257767434,0.10273701697587967,-0.7366889953520488,0.07371345407765621,0.0,1.5790120775133379e-142,0.7783502160924279,1.0518369674682617,0.006374769378453493,26.519731521606445,803.6282348632812,1393.0,957,134,955,1130.0,318.0,926.0,,,260.0,64.0,^3Xen_Crypt,^7lg
2 Xen_Crypt mpctf_nelvaan 2025-07-26_17-04-47.dm_26.dm_meta,1026110,00:14:23.053,163490,1378121,MOD_DISRUPTOR,bad,False,0.07333333333333333,0.006666666666666667,0.023452670364856657,0.0005494415294877362,0.01980726420879364,-1.0714365505513994,0.06568731769039217,0.0,7.531519892031016e-187,1.3717739545124154e-07,0.0,0.0,42.04184341430664,1273.9952392578125,724.0,529,182,595,1083.0,525.0,961.0,,,170.0,55.0,^3Xen_Crypt,^7lg
2 Xen_Crypt mpctf_nelvaan 2025-07-26_17-04-47.dm_26.dm_meta,1033271,00:14:30.214,163490,1378121,MOD_DISRUPTOR,bad,False,0.14666666666666667,0.08,0.013210376645721406,0.18182268394229517,0.005806745029985905,-1.0962969584860447,0.06255853663142409,0.0,5.748753831561339e-74,0.6628118011156657,1.4948674440383911,0.04529901221394539,8.674673080444336,262.868896484375,326.0,97,0,273,479.0,172.0,625.0,,,541.0,320.0,^3Xen_Crypt,^7lg
2 Xen_Crypt mpctf_nelvaan 2025-07-26_17-04-47.dm_26.dm_meta,1039772,00:14:36.715,163490,1378121,MOD_DISRUPTOR,bad,False,0.08,0.07333333333333333,0.01364297708019267,0.000568557247173708,0.0017763618379831314,-1.08098477951908,0.06347451393402073,0.0,1.5111331669482354e-38,0.7825312652999038,0.08942223340272903,0.0027097647543996572,2.1582822799682617,65.40249633789062,840.0,13,0,333,647.0,250.0,817.0,,,86.0,19.0,^3Xen_Crypt,^7Jak of the Shadows
2 Xen_Crypt mpctf_nelvaan 2025-07-26_17-04-47.dm_26.dm_meta,1040762,00:14:37.705,163490,1378121,MOD_DISRUPTOR,bad,True,0.20666666666666667,0.07333333333333333,0.03231100896064074,0.0009944628781972924,0.03293544054031372,-1.016437026662145,0.0657268321362559,0.2,2.980600068092613e-158,2.467991432849227e-10,4.966367244720459,0.037623994052410126,14.879820823669434,450.9036560058594,776.0,386,0,322,998.0,108.0,1127.0,,,825.0,140.0,^3Xen_Crypt,^7lg
2 Xen_Crypt mpctf_nelvaan 2025-07-26_17-04-47.dm_26.dm_meta,1049672,00:14:46.615,163490,1378121,MOD_DISRUPTOR,bad,False,0.02666666666666667,0.03,0.020689911066790894,0.0002670671815537815,0.0037690773606300354,-1.0598261720956978,0.06318881426294755,0.0,2.6573717783734847e-109,0.0046379115336647354,1.8960330486297607,0.05745554715394974,5.63217306137085,170.67190551757812,735.0,466,0,435,865.0,220.0,945.0,,,192.0,50.0,^3Xen_Crypt,^7lg
2 Xen_Crypt mpctf_nelvaan 2025-07-26_17-04-47.dm_26.dm_meta,1060001,00:14:56.944,163490,1378121,MOD_DISRUPTOR,bad,False,0.02,0.023333333333333334,0.032105109838931556,0.000360376008414353,0.006581919267773628,-0.9197025200599854,0.061360600619448084,0.0,2.203935331626424e-211,2.5739455429752444e-91,14.089433670043945,0.1423175185918808,84.85430145263672,2571.342529296875,358.0,380,0,337,553.0,48.0,346.0,,,112.0,18.0,^3Xen_Crypt,^7lg
2 Xen_Crypt mpctf_nelvaan 2025-07-26_17-04-47.dm_26.dm_meta,1076732,00:15:13.675,163490,1378121,MOD_DISRUPTOR,bad,True,0.27,0.17,0.06671996446942856,0.33371275027596886,0.3181437849998474,-0.8086444469084422,0.063225096535775,0.0,1.2947059387479042e-150,2.2570123612182643e-69,7.2732415199279785,0.03673354163765907,12.983108520507812,393.4275207519531,1134.0,514,255,582,845.0,283.0,686.0,,,2595.0,2383.0,^3Xen_Crypt,^7lg
2 Xen_Crypt mpctf_nelvaan 2025-07-26_17-04-47.dm_26.dm_meta,1078877,00:15:15.820,163490,1378121,MOD_DISRUPTOR,bad,False,0.25666666666666665,0.13333333333333333,0.11609482131778485,0.7563302378664332,0.6606455445289612,-0.5868384571522971,0.06327469962899744,0.2,0.06719217531322276,0.0,34.43204116821289,0.1304243952035904,40.743446350097656,1234.64990234375,1450.0,316,0,538,132.0,0.0,0.0,,,2.0,0.0,^3Xen_Crypt,^7Jak of the Shadows
2 Xen_Crypt mpctf_nelvaan 2025-07-26_17-04-47.dm_26.dm_meta,1080956,00:15:17.899,163490,1378121,MOD_DISRUPTOR,bad,False,0.14666666666666667,0.07,0.01653648921346549,0.0017645114489654914,0.4314573109149933,-1.1198422253866256,0.06574650173141287,0.0,2.8356215884567394e-111,1.2760227394155278e-38,7.774412631988525,0.029448533430695534,15.549137115478516,471.18597412109375,609.0,62,774,438,134.0,848.0,421.0,,,1357.0,1350.0,^3Xen_Crypt,^7lg
2 Xen_Crypt mpctf_nelvaan 2025-07-26_17-04-47.dm_26.dm_meta,1096202,00:15:33.145,163490,1378121,MOD_DISRUPTOR,bad,True,0.2866666666666667,0.3433333333333333,0.023175817544794124,0.09928621754173594,0.11507224291563034,-0.9719842701196953,0.06600316233281844,0.4,2.465966458783752e-19,0.9757169629995984,1.9103105068206787,0.028944099321961403,20.326143264770508,615.9437255859375,597.0,683,0,1189,355.0,0.0,339.0,,,10.0,0.0,^3Xen_Crypt,^7lg
2 Xen_Crypt mpctf_nelvaan 2025-07-26_17-04-47.dm_26.dm_meta,1105112,00:15:42.055,163490,1378121,MOD_DISRUPTOR,bad,False,0.056666666666666664,0.06333333333333334,0.0981826876568331,0.0006690519197863447,0.010190621949732304,-0.7339231762278555,0.07686436038154511,0.0,2.5894739531177222e-31,0.9709727834941708,0.1962989717721939,0.0008497791131958365,10.112871170043945,306.4506530761719,1301.0,455,0,803,564.0,434.0,698.0,,,29.0,1.0,^3Xen_Crypt,^7lg
2 Xen_Crypt mpctf_nelvaan 2025-07-26_17-04-47.dm_26.dm_meta,1124417,00:16:01.360,163490,1378121,MOD_DISRUPTOR,bad,False,0.08666666666666667,0.12333333333333334,0.059237302574446475,0.015649472098223045,0.0520002506673336,-0.8316334154586078,0.06751403285251471,0.2,1.6465809068281367e-109,0.6758247697349556,0.7394786477088928,0.0028010555543005466,26.107004165649414,791.121337890625,1084.0,807,192,826,803.0,9.0,644.0,,,78.0,14.0,^3Xen_Crypt,^7Jak of the Shadows
2 Xen_Crypt mpctf_nelvaan 2025-07-26_17-04-47.dm_26.dm_meta,1135934,00:16:12.877,163490,1378121,MOD_DISRUPTOR,bad,False,0.02666666666666667,0.02,0.014189030802077182,0.0005317843350026735,0.010431142523884773,-1.0555670182432306,0.058822996941732826,0.0,6.065732107079965e-76,4.76058082200964e-28,9.884675025939941,0.03744195029139519,16.304563522338867,494.07769775390625,233.0,432,0,377,428.0,0.0,346.0,,,22.0,0.0,^3Xen_Crypt,^7lg
2 Xen_Crypt mpctf_nelvaan 2025-07-26_17-04-47.dm_26.dm_meta,1147385,00:16:24.328,163490,1378121,MOD_DISRUPTOR,bad,False,0.19666666666666666,0.38,0.11661500001391467,0.23175587759638636,0.8969323039054871,-0.6879666211904333,0.07338804354831592,0.2,1.1894657435879406e-49,0.8693947456148529,1.9264174699783325,0.01945876143872738,14.688976287841797,445.1204833984375,950.0,729,92,687,261.0,15.0,423.0,,,7.0,0.0,^3Xen_Crypt,^7lg
2 Xen_Crypt mpctf_nelvaan 2025-07-26_17-04-47.dm_26.dm_meta,1160321,00:16:37.264,163490,1378121,MOD_DISRUPTOR,bad,False,0.013333333333333334,0.01,0.04600682362891171,0.0003669942518640332,0.0019904549699276686,-0.8058080708575511,0.06458522280739454,0.0,1.1468352777152644e-21,0.4356125162985924,0.5836728811264038,0.0022108820267021656,1.5739328861236572,47.6949348449707,483.0,473,0,425,394.0,8.0,208.0,,,24.0,0.0,^3Xen_Crypt,^7Jak of the Shadows
2 Xen_Crypt mpctf_nelvaan 2025-07-26_17-04-47.dm_26.dm_meta,1165139,00:16:42.082,163490,1378121,MOD_DISRUPTOR,bad,False,0.15666666666666668,0.06333333333333334,0.046005371795143586,0.0014385139853425712,0.4407581686973572,-0.8776409560516267,0.0655334216480169,0.0,6.774039516066243e-162,1.979835163899437e-11,4.024806499481201,0.024392766878008842,48.1902961730957,1460.31201171875,453.0,426,0,327,688.0,346.0,518.0,,,67.0,13.0,^3Xen_Crypt,^7lg
2 Xen_Crypt mpctf_nelvaan 2025-07-26_17-04-47.dm_26.dm_meta,1171376,00:16:48.319,163490,1378121,MOD_DISRUPTOR,bad,False,0.19333333333333333,0.18,0.04999739277084348,0.024570697286951593,0.04769371822476387,-0.8912285554833406,0.0672300072809622,0.2,3.5749979118768975e-134,9.906313533657705e-05,3.6685948371887207,0.01389619242399931,11.278550148010254,341.7742614746094,955.0,415,94,426,773.0,141.0,856.0,,,783.0,380.0,^3Xen_Crypt,^7lg
2 Xen_Crypt mpctf_nelvaan 2025-07-26_17-04-47.dm_26.dm_meta,1174940,00:16:51.883,163490,1378121,MOD_DISRUPTOR,bad,False,0.17,0.02666666666666667,0.013202047683600388,0.0003388527448740657,0.18271036446094513,-1.1863320165564606,0.059986090001375246,0.0,9.790108971961116e-195,1.8389406680608997e-71,14.606117248535156,0.06322994828224182,44.11167907714844,1336.717529296875,787.0,358,253,341,1077.0,571.0,1011.0,,,248.0,86.0,^3Xen_Crypt,^7Jak of the Shadows
2 Xen_Crypt mpctf_nelvaan 2025-07-26_17-04-47.dm_26.dm_meta,1181474,00:16:58.417,163490,1378121,MOD_DISRUPTOR,bad,False,0.44,0.2833333333333333,0.23603465575498422,0.9918927568277476,0.8034189343452454,-0.5537944089130089,0.08016225187430191,0.0,2.0009324234653676e-166,2.5184483143441468e-126,16.962072372436523,0.06425027549266815,100.16303253173828,3035.243408203125,1108.0,758,236,764,51.0,0.0,223.0,,,0.0,0.0,^3Xen_Crypt,^7lg
2 Xen_Crypt mpctf_nelvaan 2025-07-26_17-04-47.dm_26.dm_meta,1186028,00:17:02.971,163490,1378121,MOD_DISRUPTOR,bad,False,0.11333333333333333,0.04,0.007051307974815748,0.0009751275656401349,0.03972854092717171,-1.2758727678910626,0.05759138937203334,0.0,8.967699526954355e-150,5.111072157425147e-78,15.858173370361328,0.08009178191423416,31.197492599487305,945.3785400390625,186.0,440,0,415,669.0,343.0,776.0,,,81.0,1.0,^3Xen_Crypt,^7Jak of the Shadows
2 Xen_Crypt mpctf_nelvaan 2025-07-26_17-04-47.dm_26.dm_meta,1191044,00:17:07.987,163490,1378121,MOD_DISRUPTOR,bad,False,0.03,0.016666666666666666,0.003425714715680758,0.0003606959220650753,0.005181381478905678,-1.3202445395827822,0.05370315846402404,0.0,1.2656606217239346e-138,4.8485011211709e-239,27.370834350585938,0.10367739945650101,59.16012954711914,1792.731201171875,248.0,130,0,425,377.0,0.0,429.0,,,11.0,0.0,^3Xen_Crypt,^7lg
2 Xen_Crypt mpctf_nelvaan 2025-07-26_17-04-47.dm_26.dm_meta,1193849,00:17:10.792,163490,1378121,MOD_DISRUPTOR,bad,False,0.023333333333333334,0.013333333333333334,0.017041961967569668,0.0002673042850711037,0.005110840778797865,-1.1043728858688682,0.06434971875495489,0.0,9.442632972795311e-71,0.017313349353055268,2.06355881690979,0.06253208220005035,8.197928428649902,248.4220733642578,348.0,463,0,435,192.0,47.0,750.0,,,11.0,2.0,^3Xen_Crypt,^7Jak of the Shadows
2 Xen_Crypt mpctf_nelvaan 2025-07-26_17-04-47.dm_26.dm_meta,1199228,00:17:16.171,163490,1378121,MOD_DISRUPTOR,bad,False,0.006666666666666667,0.01,0.04770744835080614,0.0004951986399987205,0.01902979612350464,-0.9122094162585125,0.06800725535019371,0.0,5.0895295271363135e-164,6.353899267815836e-10,1.4788960218429565,0.005601878743618727,50.821754455566406,1540.05322265625,718.0,439,0,368,741.0,257.0,855.0,,,164.0,52.0,^3Xen_Crypt,^7lg
2 Xen_Crypt mpctf_nelvaan 2025-07-26_17-04-47.dm_26.dm_meta,1209392,00:17:26.335,163490,1378121,MOD_DISRUPTOR,bad,False,0.04666666666666667,0.02,0.022151378169758974,0.00036014502715938013,0.016044948250055313,-1.050183323458823,0.0634806186257461,0.0,5.0366289974537915e-146,8.209874240744629e-22,6.999137878417969,0.10604754090309143,40.89055633544922,1239.1077880859375,618.0,322,352,283,642.0,114.0,695.0,,,457.0,126.0,^3Xen_Crypt,^7lg
2 Xen_Crypt mpctf_nelvaan 2025-07-26_17-04-47.dm_26.dm_meta,1224704,00:17:41.647,163490,1378121,MOD_DISRUPTOR,bad,False,0.07333333333333333,0.056666666666666664,0.0274681656643614,0.0005317843350026735,0.0647093653678894,-0.908926122638904,0.06246073701204138,0.0,8.093370025413487e-39,1.099364980358976e-15,7.5794196128845215,0.02870992198586464,19.23231315612793,582.79736328125,676.0,185,0,298,325.0,0.0,371.0,,,8.0,0.0,^3Xen_Crypt,^7lg
2 Xen_Crypt mpctf_nelvaan 2025-07-26_17-04-47.dm_26.dm_meta,1246880,00:18:03.823,163490,1378121,MOD_DISRUPTOR,bad,False,0.12,0.056666666666666664,0.015397092484150443,0.0011434338179939676,0.004932262469083071,-1.0528826889825331,0.060440094061587256,0.0,1.1996887631679566e-95,2.1654707316380264e-30,3.474989652633667,0.013162839226424694,10.85252571105957,328.8644104003906,566.0,46,0,277,533.0,196.0,688.0,,,1864.0,1767.0,^3Xen_Crypt,^7lg
2 Xen_Crypt mpctf_nelvaan 2025-07-26_17-04-47.dm_26.dm_meta,1254140,00:18:11.083,163490,1378121,MOD_DISRUPTOR,bad,False,0.043333333333333335,0.08,0.0920811674923517,0.0025582475735849764,0.02368989586830139,-0.6766206387347949,0.07248441158373282,0.0,6.767364095137248e-06,0.9837646248101481,0.27515214681625366,0.008337943814694881,4.526397228240967,137.16355895996094,1140.0,140,0,292,142.0,0.0,432.0,,,1.0,0.0,^3Xen_Crypt,^7lg
2 Xen_Crypt mpctf_nelvaan 2025-07-26_17-04-47.dm_26.dm_meta,1278758,00:18:35.701,163490,1378121,MOD_DISRUPTOR,bad,False,0.21,0.12333333333333334,0.027711409702613557,0.0034078063375660595,0.028972165659070015,-0.9726953679596064,0.06857990488196943,0.2,2.4995498175845344e-64,1.362134948871533e-06,0.0,0.0,17.38263511657715,526.7465209960938,715.0,523,748,689,0.0,2.0,209.0,,,0.0,0.0,^3Xen_Crypt,^7lg
2 Xen_Crypt mpctf_nelvaan 2025-07-26_17-04-47.dm_26.dm_meta,1284467,00:18:41.410,163490,1378121,MOD_DISRUPTOR,bad,False,0.20333333333333334,0.10333333333333333,0.03843507365293765,0.16242221554333391,0.02285580150783062,-0.9785055213540595,0.06679052918723061,0.0,4.0664535641604444e-178,7.748256466979938e-12,3.8337602615356445,0.05808727815747261,40.63947296142578,1231.4991455078125,604.0,435,0,406,1012.0,134.0,990.0,,,875.0,198.0,^3Xen_Crypt,^7lg
2 Xen_Crypt mpctf_nelvaan 2025-07-26_17-04-47.dm_26.dm_meta,1293872,00:18:50.815,163490,1378121,MOD_DISRUPTOR,bad,False,0.14,0.15,0.12186907373467909,0.007910446155139046,0.06600553542375565,-0.7165401203422985,0.07567500371619088,0.0,3.227227489801379e-135,4.1113517531449496e-05,1.1514699459075928,0.004984718281775713,41.414031982421875,1254.970703125,1162.0,410,111,433,655.0,348.0,774.0,,,324.0,180.0,^3Xen_Crypt,^7lg
2 Xen_Crypt mpctf_nelvaan 2025-07-26_17-04-47.dm_26.dm_meta,1298987,00:18:55.930,163490,1378121,MOD_DISRUPTOR,bad,True,0.22,0.22,0.0004245798529431601,0.06858584902396654,0.0037528935354202986,-1.7112160699890593,0.05098865812732587,0.0,2.4595969570456192e-51,0.0,35.558563232421875,0.134691521525383,35.558563232421875,1077.5322265625,368.0,215,0,1307,449.0,87.0,567.0,,,11.0,2.0,^3Xen_Crypt,^7lg
2 Xen_Crypt mpctf_nelvaan 2025-07-26_17-04-47.dm_26.dm_meta,1313375,00:19:10.318,163490,1378121,MOD_DISRUPTOR_SNIPER,bad,False,0.14333333333333334,0.12666666666666668,0.04021475226386734,0.011613204856434554,0.04063718393445015,-0.8116585284780061,0.07988574078281896,0.4,4.356351085534916e-61,0.7204715653832775,0.0,0.0,0.7132868766784668,21.61475372314453,2921.0,28,0,506,895.0,328.0,835.0,,,75.0,13.0,^3Xen_Crypt,^7lg
2 Xen_Crypt mpctf_nelvaan 2025-07-26_17-04-47.dm_26.dm_meta,1330667,00:19:27.610,163490,1378121,MOD_DISRUPTOR,bad,False,0.17,0.08666666666666667,0.06464383885467045,0.0010706629651704427,0.7534973621368408,-0.7761871225279471,0.06463241263447893,0.0,1.2308232825345785e-114,1.8958039066559117e-48,8.434585571289062,0.051118701696395874,17.393503189086914,527.0758666992188,713.0,0,0,88,375.0,481.0,452.0,,,1900.0,1814.0,^3Xen_Crypt,^7lg
2 Xen_Crypt mpctf_nelvaan 2025-07-26_17-04-47.dm_26.dm_meta,1344164,00:19:41.107,163490,1378121,MOD_DISRUPTOR,bad,False,0.04,0.006666666666666667,0.01797618655232303,0.0002942429682187325,0.0013741453876718879,-0.995378136708515,0.06149480062538406,0.0,1.209594176421692e-40,0.011966513351081847,3.4187655448913574,0.02071979083120823,6.66220235824585,201.88491821289062,315.0,247,0,275,288.0,0.0,334.0,,,8.0,0.0,^3Xen_Crypt,^7lg
2 Xen_Crypt mpctf_nelvaan 2025-07-26_17-04-47.dm_26.dm_meta,1354262,00:19:51.205,163490,1378121,MOD_DISRUPTOR,bad,False,0.3233333333333333,0.24,0.4406188393685055,0.24089531440273484,0.17739947140216827,-0.2925520331466409,0.08688428128617205,0.4,0.9999996954050165,0.9981388552460788,0.0,0.0,3.7739155292510986,114.36107635498047,1890.0,525,14,607,376.0,0.0,375.0,,,14.0,0.0,^3Xen_Crypt,^7lg
2 Xen_Crypt mpctf_nelvaan 2025-07-26_17-04-47.dm_26.dm_meta,1360895,00:19:57.838,163490,1378121,MOD_DISRUPTOR,bad,False,0.04666666666666667,0.023333333333333334,0.06677091255873245,0.000268989036345772,0.003317826660349965,-0.889450431826537,0.07756154214748072,0.0,1.503801197346864e-64,0.18032631275369454,0.9606913924217224,0.003638982539996505,8.422327041625977,255.22203063964844,742.0,459,0,558,222.0,605.0,833.0,,,5.0,2.0,^3Xen_Crypt,^7lg
2 Xen_Crypt mpctf_talravin 2025-08-31_18-35-31.dm_26.dm_meta,140126,00:01:12.703,67856,1359674,MOD_ROCKET_SPLASH,bad,False,0.32666666666666666,0.23333333333333334,0.20189880983676992,0.15703331461388667,0.0688999742269516,-0.5320773219947998,0.22801824169775023,0.0,2.182862902525235e-05,0.5521043759492537,0.0,0.0,0.0,0.0,414.0,0,0,331,604.0,322.0,501.0,,,546.0,57.0,^3Xen_Crypt,^7^#B97A57ChocoPie
2 Xen_Crypt mpctf_talravin 2025-08-31_18-35-31.dm_26.dm_meta,167417,00:01:39.994,67856,1359674,MOD_FALLING,bad,False,,,,,,,,,,,0.3891238868236542,0.0023583266884088516,0.9632948637008667,29.190753936767578,564.0,456,256,438,329.0,0.0,709.0,,,8.0,0.0,^3Xen_Crypt,^7enab
2 Xen_Crypt mpctf_talravin 2025-08-31_18-35-31.dm_26.dm_meta,217808,00:02:30.385,67856,1359674,MOD_ROCKET,bad,True,0.07,0.09666666666666666,0.0028822059777317338,0.003663755846175112,0.00019047106616199017,-1.9991979850472092,0.035166904615287285,0.2,2.509087371584058e-41,1.1722793565845279e-07,48.684906005859375,0.49176672101020813,131.1080322265625,3972.970703125,70.0,573,299,715,277.0,483.0,286.0,66.0,-75.0,50.0,0.0,^3Xen_Crypt,^7tmacfan
2 Xen_Crypt mpctf_talravin 2025-08-31_18-35-31.dm_26.dm_meta,258728,00:03:11.305,67856,1359674,MOD_FLECHETTE_ALT_SPLASH,bad,True,0.09666666666666666,0.08333333333333333,0.04902446064288005,0.003118576408409304,0.04949651286005974,-1.0224494772950994,0.18418539295296443,0.0,1.8227584502504392e-19,3.3024077753489005e-05,28.33685874938965,0.42934635281562805,45.368743896484375,1374.8104248046875,54.0,843,4,315,539.0,133.0,344.0,,,28.0,0.0,^3Xen_Crypt,^7tmacfan
2 Xen_Crypt mpctf_talravin 2025-08-31_18-35-31.dm_26.dm_meta,313772,00:04:06.349,67856,1359674,MOD_FLECHETTE_ALT_SPLASH,bad,False,0.03,0.03333333333333333,0.0878688633743437,0.00216933295277238,0.009204837493598461,-0.8234594786856759,0.16920584089461344,0.0,3.859447412588835e-16,0.25027836644923807,8.82080078125,0.03818528354167938,23.23261070251465,704.0184936523438,52.0,529,2,313,434.0,52.0,457.0,,,21.0,0.0,^3Xen_Crypt,^7tmacfan
2 Xen_Crypt mpctf_talravin 2025-08-31_18-35-31.dm_26.dm_meta,315884,00:04:08.461,67856,1359674,MOD_FLECHETTE_ALT_SPLASH,bad,False,0.11666666666666667,0.08333333333333333,0.03280163774369514,0.0016654103631318468,0.007289791479706764,-1.0634923208092353,0.16692180629533623,0.0,1.299681867227198e-09,0.028278565380781332,13.58511734008789,0.20583510398864746,24.013357162475586,727.677490234375,56.0,623,7,391,513.0,74.0,75.0,,,50.0,0.0,^3Xen_Crypt,^7^#B97A57ChocoPie
2 Xen_Crypt mpctf_talravin 2025-08-31_18-35-31.dm_26.dm_meta,367034,00:04:59.611,67856,1359674,MOD_ROCKET,bad,False,0.05333333333333334,0.11333333333333333,0.07480295396120297,0.03600015018937253,0.00040982445352710783,-0.9066306948029973,0.13459462524333135,0.0,2.2894331876714143e-16,0.276104223577574,1.6191514730453491,0.04906519502401352,29.20203399658203,884.91015625,241.0,246,202,602,594.0,132.0,471.0,264.0,-15.0,71.0,0.0,^3Xen_Crypt,^7^#B97A57ChocoPie
2 Xen_Crypt mpctf_talravin 2025-08-31_18-35-31.dm_26.dm_meta,440327,00:06:12.904,67856,1359674,MOD_ROCKET_SPLASH,bad,False,0.16333333333333333,0.13333333333333333,0.055863577387149005,0.07423958349649509,0.03076041303575039,-1.0487544250546508,0.11724310198456016,0.0,0.0036046084350651983,0.06352346581313063,12.40945816040039,0.18802209198474884,50.24842071533203,1522.679443359375,92.0,169,28,311,271.0,143.0,266.0,,,132.0,12.0,^3Xen_Crypt,^7^#B97A57ChocoPie
2 Xen_Crypt mpctf_talravin 2025-08-31_18-35-31.dm_26.dm_meta,564902,00:07:00.424,67856,1359674,MOD_ROCKET,bad,False,0.07333333333333333,0.13333333333333333,0.03745338036338325,0.010194435414218812,0.00024484668392688036,-1.1689273402280824,0.09751158345001602,0.2,1.7503048913583113e-29,0.04408637488157787,30.158802032470703,0.22847577929496765,42.16154479980469,1277.62255859375,46.0,488,517,671,857.0,76.0,416.0,33.0,-6.0,362.0,77.0,^3Xen_Crypt,^7enab
2 Xen_Crypt mpctf_talravin 2025-08-31_18-35-31.dm_26.dm_meta,613874,00:07:49.396,67856,1359674,MOD_ROCKET_SPLASH,bad,False,0.1,0.15333333333333332,0.07419824524656123,0.08591783009353367,0.007840321399271488,-0.9373564284653659,0.1308259346879477,0.2,1.0315026168966556e-07,0.40344864216790577,0.0,0.0,16.24045753479004,492.13507080078125,153.0,421,8,474,250.0,266.0,370.0,,,285.0,122.0,^3Xen_Crypt,^7^#B97A57ChocoPie
2 Xen_Crypt mpctf_talravin 2025-08-31_18-35-31.dm_26.dm_meta,655916,00:08:31.438,67856,1359674,MOD_BRYAR_PISTOL_ALT,bad,True,0.20666666666666667,0.21333333333333335,0.1363921959830772,0.10387326599661209,0.011008159257471561,-0.659578217266915,0.48337626061809713,0.2,7.337921967078526e-14,5.192533884994423e-11,23.218399047851562,0.35179391503334045,88.52171325683594,2682.47607421875,49.0,511,0,496,1026.0,12.0,671.0,,,62.0,0.0,^3Xen_Crypt,^7tmacfan
2 Xen_Crypt mpctf_talravin 2025-08-31_18-35-31.dm_26.dm_meta,698156,00:09:13.678,67856,1359674,MOD_ROCKET_SPLASH,bad,False,0.06,0.03666666666666667,0.03305474394395961,0.017328193662527063,0.0009697469067759812,-1.225864620686456,0.08607685911866332,0.0,0.5466467674443616,6.739885175394774e-05,14.876025199890137,0.2253943234682083,64.00374603271484,1939.5074462890625,139.0,194,528,430,641.0,105.0,362.0,,,2335.0,2111.0,^3Xen_Crypt,^7tmacfan
2 Xen_Crypt mpctf_talravin 2025-08-31_18-35-31.dm_26.dm_meta,1042445,00:14:57.967,67856,1359674,MOD_DET_PACK_SPLASH,bad,False,,,,,,,,,,,0.0,0.0,35.1595344543457,1065.4404296875,91.0,262,122,366,769.0,140.0,464.0,,,685.0,139.0,^3Xen_Crypt,^7tmacfan
2 Xen_Crypt mpctf_talravin 2025-08-31_18-35-31.dm_26.dm_meta,1095014,00:15:50.536,67856,1359674,MOD_ROCKET_SPLASH,bad,False,0.11666666666666667,0.13333333333333333,0.21739334311026012,0.12341457014529549,0.03613727539777756,-0.4950320670383259,0.22498934331115703,0.2,0.09438190792801471,0.3820148983287419,0.0,0.0,59.12382888793945,1791.6312255859375,287.0,391,0,235,695.0,130.0,516.0,,,271.0,0.0,^3Xen_Crypt,^7tmacfan
2 Xen_Crypt mpctf_talravin 2025-08-31_18-35-31.dm_26.dm_meta,1142930,00:16:38.452,67856,1359674,MOD_ROCKET_SPLASH,bad,False,0.10333333333333333,0.22333333333333333,0.06274705166033241,0.10030122456998909,0.07785357534885406,-1.0037529783919155,0.11837580348374194,0.2,5.221055845529493e-09,0.2523456430155666,0.0,0.0,31.372690200805664,950.6875610351562,91.0,562,130,500,437.0,137.0,247.0,,,78.0,16.0,^3Xen_Crypt,^7tmacfan
2 Xen_Crypt mpctf_talravin 2025-08-31_18-35-31.dm_26.dm_meta,1282454,00:18:57.976,67856,1359674,MOD_ROCKET_SPLASH,bad,True,0.14666666666666667,0.20333333333333334,0.15449594252961857,0.13285266502250492,0.018050644546747208,-0.6517297681469331,0.1913990872056636,0.4,0.0008690407571475283,4.670776773688276e-05,49.87009048461914,0.3778037130832672,74.1812973022461,2247.918212890625,103.0,418,68,370,1020.0,93.0,697.0,,,448.0,76.0,^3Xen_Crypt,^7tmacfan
2 Xen_Crypt mpctf_talravin 2025-08-31_18-35-31.dm_26.dm_meta,1294796,00:19:10.318,67856,1359674,MOD_ROCKET_SPLASH,bad,False,0.22666666666666666,0.2733333333333333,0.1383424291111158,0.15746097661891978,0.06946147978305817,-0.6926805549905446,0.1750674791551723,0.2,0.0007030710505267785,0.382252375096706,0.3891238868236542,0.011791632510721684,78.2345199584961,2370.742919921875,124.0,258,128,369,588.0,202.0,551.0,,,268.0,0.0,^3Xen_Crypt,^7^#B97A57ChocoPie
3 xen ctf_dantooine_v3 2025-08-24_19-23-14.dm_26.dm_meta,191478,00:00:17.659,174252,1388883,MOD_ROCKET_SPLASH,bad,False,0.12333333333333334,0.19,0.08661099795656037,0.20811329556052302,0.10008922964334488,-0.8733150400257139,0.14083800843891328,0.0,4.9445769086392436e-05,0.33700662894245126,9.918558120727539,0.07514059543609619,47.3100471496582,1433.6378173828125,168.0,506,28,450,200.0,297.0,444.0,,,171.0,17.0,^3xen,^7ez
3 xen ctf_dantooine_v3 2025-08-24_19-23-14.dm_26.dm_meta,208539,00:00:34.720,174252,1388883,MOD_FLECHETTE_ALT_SPLASH,bad,False,0.09666666666666666,0.16333333333333333,0.11338878709626422,0.001673721923158198,0.0035023365635424852,-0.711066340841162,0.16218816716324128,0.2,0.9999998515551471,0.6716666065545228,0.0,0.0,27.24576187133789,825.629150390625,79.0,532,93,439,788.0,157.0,475.0,,,948.0,586.0,^3xen,^5derpy^7TIGER
3 xen ctf_dantooine_v3 2025-08-24_19-23-14.dm_26.dm_meta,249162,00:01:15.343,174252,1388883,MOD_BOWCASTER,bad,False,,,,,,,,,,,59.034854888916016,0.2555621564388275,76.45494842529297,2316.816650390625,43.0,435,0,287,930.0,23.0,568.0,,,690.0,510.0,^3xen,^7ez
3 xen ctf_dantooine_v3 2025-08-24_19-23-14.dm_26.dm_meta,276684,00:01:42.865,174252,1388883,MOD_REPEATER_ALT,bad,False,0.10333333333333333,0.12333333333333334,0.04931323797050912,0.02456002657772969,0.00645592762157321,-0.9752726855723418,0.1311774973612295,0.0,4.0965948503365995e-15,0.682022677772176,0.26412925124168396,0.008003916591405869,21.303464889526367,645.5595703125,175.0,431,0,437,620.0,48.0,357.0,198.0,-3.0,29.0,0.0,^3xen,^5derpy^7TIGER
3 xen ctf_dantooine_v3 2025-08-24_19-23-14.dm_26.dm_meta,297936,00:02:04.117,174252,1388883,MOD_THERMAL_SPLASH,bad,False,,,,,,,,,,,0.0,0.0,52.0490837097168,1577.2449951171875,138.0,476,51,534,607.0,525.0,775.0,,,581.0,0.0,^3xen,^5derpy^7TIGER
3 xen ctf_dantooine_v3 2025-08-24_19-23-14.dm_26.dm_meta,362385,00:03:08.566,174252,1388883,MOD_REPEATER_ALT_SPLASH,bad,False,0.23666666666666666,0.2733333333333333,0.07825043996310013,0.16323785597291518,0.47264355421066284,-0.9128504953471787,0.13743638365447,0.4,4.596974241200831e-06,0.21708265855898068,0.0,0.0,83.78974914550781,2539.083251953125,124.0,162,65,531,404.0,104.0,385.0,,,120.0,0.0,^3xen,^5derpy^7TIGER
3 xen ctf_dantooine_v3 2025-08-24_19-23-14.dm_26.dm_meta,380040,00:03:26.221,174252,1388883,MOD_FLECHETTE_ALT_SPLASH,bad,False,0.34,0.38,0.1937013414230941,0.12782205153021156,0.12156868726015091,-0.5702292201039556,0.16821743286505927,0.2,5.640955112507201e-13,0.5934414695185931,0.0,0.0,3.3944244384765625,102.86134338378906,387.0,620,221,638,1247.0,164.0,937.0,,,466.0,88.0,^3xen,^5derpy^7TIGER
3 xen ctf_dantooine_v3 2025-08-24_19-23-14.dm_26.dm_meta,391095,00:03:37.276,174252,1388883,MOD_BOWCASTER,bad,False,,,,,,,,,,,15.123745918273926,0.07638255506753922,36.611637115478516,1109.443603515625,40.0,286,1,490,460.0,26.0,364.0,33.0,-37.0,472.0,254.0,^3xen,^7ez
3 xen ctf_dantooine_v3 2025-08-24_19-23-14.dm_26.dm_meta,457887,00:04:44.068,174252,1388883,MOD_REPEATER_ALT_SPLASH,bad,False,0.09,0.11,0.09279271562436046,0.1906114134226403,0.00722631998360157,-0.8541686106413884,0.1447874172044268,0.0,5.661117971881078e-06,0.25186845622514087,19.293134689331055,0.09744007140398026,21.26805877685547,644.4866333007812,111.0,434,57,324,437.0,35.0,431.0,,,56.0,0.0,^3xen,^7ez
3 xen ctf_dantooine_v3 2025-08-24_19-23-14.dm_26.dm_meta,486300,00:05:12.481,174252,1388883,MOD_THERMAL_SPLASH,bad,False,,,,,,,,,,,7.841916084289551,0.0792112722992897,79.3539810180664,2404.666015625,79.0,462,240,535,350.0,84.0,202.0,,,85.0,0.0,^3xen,^5derpy^7TIGER
3 xen ctf_dantooine_v3 2025-08-24_19-23-14.dm_26.dm_meta,570285,00:06:36.466,174252,1388883,MOD_BRYAR_PISTOL_ALT,bad,False,0.24333333333333335,0.30666666666666664,0.42797302265779996,0.02342685971261242,0.004019247367978096,-0.037501724691606286,0.4684680621979391,0.4,0.004524797080902163,0.8982128699871668,1.3852579593658447,0.04197751358151436,5.093848705291748,154.3590545654297,126.0,426,0,491,115.0,19.0,627.0,99.0,-2.0,229.0,0.0,^3xen,^7wembyfan
3 xen ctf_dantooine_v3 2025-08-24_19-23-14.dm_26.dm_meta,659253,00:08:05.434,174252,1388883,MOD_FLECHETTE_ALT_SPLASH,bad,False,0.03333333333333333,0.03666666666666667,0.11175725034303582,0.0017974712795833438,0.009502685628831387,-0.7050263170982692,0.17110972559451595,0.0,4.6075186377561655e-17,0.802305709247596,7.4213762283325195,0.056222546845674515,20.819881439208984,630.905517578125,140.0,465,11,350,1089.0,315.0,377.0,,,111.0,9.0,^3xen,^7ez
3 xen ctf_dantooine_v3 2025-08-24_19-23-14.dm_26.dm_meta,933351,00:12:39.532,174252,1388883,MOD_REPEATER_ALT_SPLASH,bad,False,0.16666666666666666,0.18666666666666668,0.05090570046112763,0.06156702872796573,0.009399864822626114,-1.0706252401026444,0.11397904505832086,0.2,0.9888567381025992,0.003586847129064155,40.72917175292969,0.24684347212314606,41.842647552490234,1267.958984375,150.0,169,77,416,683.0,38.0,210.0,,,677.0,256.0,^3xen,^7ez
3 xen ctf_dantooine_v3 2025-08-24_19-23-14.dm_26.dm_meta,969321,00:13:15.502,174252,1388883,MOD_REPEATER_ALT_SPLASH,bad,False,0.07666666666666666,0.13333333333333333,0.06408526552989559,0.1154708770933792,0.004183878656476736,-0.9970521393960193,0.1216044054878267,0.0,2.1486949220427007e-07,0.3339521861146765,0.9654538631439209,0.029256178066134453,18.152713775634766,550.0822143554688,86.0,432,0,422,242.0,20.0,354.0,,,18.0,0.0,^3xen,^7ez
3 xen ctf_dantooine_v3 2025-08-24_19-23-14.dm_26.dm_meta,993411,00:13:39.592,174252,1388883,MOD_FALLING,bad,False,,,,,,,,,,,0.0,0.0,18.58305549621582,563.1229248046875,1019.0,696,284,620,0.0,0.0,6.0,,,0.0,0.0,^3xen,^7ez
3 xen ctf_dantooine_v3 2025-08-24_19-23-14.dm_26.dm_meta,1031229,00:14:17.410,174252,1388883,MOD_REPEATER_ALT,bad,True,0.1,0.056666666666666664,0.001959629858890046,0.032713214962184635,0.010743272490799427,-1.9968305316508437,0.019860615575575207,0.0,1.2263041410568444e-20,6.843872478457564e-52,87.28679656982422,0.5290108919143677,101.9920654296875,3090.668701171875,33.0,469,20,359,196.0,158.0,210.0,,,6.0,0.0,^3xen,^7ez
3 xen ctf_dantooine_v3 2025-08-24_19-23-14.dm_26.dm_meta,1103664,00:15:29.845,174252,1388883,MOD_REPEATER_ALT_SPLASH,bad,False,0.12666666666666668,0.17666666666666667,0.11939431755944567,0.13146012807152282,0.12719900906085968,-0.7567738018500529,0.1666056465468196,0.2,0.021609934757329405,0.4418987552486584,0.0,0.0,11.480087280273438,347.8814392089844,185.0,403,16,387,463.0,31.0,483.0,,,112.0,10.0,^3xen,^5derpy^7TIGER
3 xen ctf_dantooine_v3 2025-08-24_19-23-14.dm_26.dm_meta,1242099,00:17:48.280,174252,1388883,MOD_REPEATER_ALT_SPLASH,bad,False,0.11333333333333333,0.16666666666666666,0.11373532622778444,0.17376920662571244,0.11775671690702438,-0.7763559652348972,0.15988674170578412,0.2,0.00011306030978793573,0.46970698701411095,0.0,0.0,37.78603744506836,1145.031494140625,104.0,413,65,526,519.0,143.0,593.0,,,211.0,0.0,^3xen,^5derpy^7TIGER
3 xen ctf_dantooine_v3 2025-08-24_19-23-14.dm_26.dm_meta,1281534,00:18:27.715,174252,1388883,MOD_FLECHETTE_ALT_SPLASH,bad,False,0.08,0.08,0.05723845247685962,0.006967865098632817,0.0784822478890419,-0.933938101360693,0.1680969974768313,0.0,2.1300375729855143e-10,0.1772107618056364,12.451231002807617,0.07546200603246689,17.544757843017578,531.6593017578125,69.0,382,14,254,223.0,46.0,237.0,,,5.0,0.0,^3xen,^7ez
3 xen ctf_dantooine_v3 2025-08-24_19-23-14.dm_26.dm_meta,1294140,00:18:40.321,174252,1388883,MOD_REPEATER_ALT_SPLASH,bad,True,0.16,0.14,0.051088219594279755,0.0723256859906188,0.020360734313726425,-1.088959590460668,0.11487088265704593,0.2,8.36379842754036e-11,0.001763437638773823,31.19108009338379,0.31506142020225525,39.550350189208984,1198.4954833984375,63.0,299,111,635,555.0,93.0,417.0,,,161.0,0.0,^3xen,^7ez
3 xen ctf_dantooine_v3 2025-08-24_19-23-14.dm_26.dm_meta,1322025,00:19:08.206,174252,1388883,MOD_THERMAL_SPLASH,bad,False,,,,,,,,,,,0.0,0.0,31.300390243530273,948.4967041015625,88.0,669,200,627,569.0,102.0,531.0,,,250.0,16.0,^3xen,^7ez
3 xen ctf_kharzet_v3 2025-08-24_20-14-54.dm_26.dm_meta,391355,00:02:42.925,228863,1443494,MOD_DET_PACK_SPLASH,bad,False,,,,,,,,,,,0.0,0.0,41.70055389404297,1263.6531982421875,260.0,444,0,433,343.0,158.0,397.0,,,173.0,12.0,^3xen,^5derpy^7TIGER
3 xen ctf_kharzet_v3 2025-08-24_20-14-54.dm_26.dm_meta,619517,00:06:31.087,228863,1443494,MOD_ROCKET_SPLASH,bad,False,0.16333333333333333,0.23,0.06747743832716514,0.12520214172365784,0.01295510958880186,-0.9716492505026841,0.12559823813989504,0.2,0.0036193609173039397,0.27511478292202524,1.3423341512680054,0.0406767912209034,66.2618408203125,2007.9345703125,112.0,371,12,489,430.0,336.0,261.0,,,322.0,170.0,^3xen,^7ez
3 xen ctf_kharzet_v3 2025-08-24_20-14-54.dm_26.dm_meta,903515,00:11:15.085,228863,1443494,MOD_BRYAR_PISTOL_ALT,bad,True,0.12,0.17666666666666667,0.008666461910524377,0.027062617125159904,0.006316106300801039,-1.4058732993271053,0.5145763824522332,0.4,2.339436553446101e-14,3.016708019139136e-76,84.11402130126953,0.3641299605369568,88.61878204345703,2685.417724609375,143.0,244,258,420,313.0,181.0,369.0,33.0,24.0,517.0,346.0,^3xen,^7ez
3 xen ctf_kharzet_v3 2025-08-24_20-14-54.dm_26.dm_meta,938528,00:11:50.098,228863,1443494,MOD_DISRUPTOR,bad,False,0.17666666666666667,0.17,0.2979902164644815,0.021618837773495277,0.0367056243121624,-0.4049754854138643,0.08202689429792033,0.2,0.9989223410457488,0.9723204319641441,0.0,0.0,3.282527446746826,99.47052764892578,1340.0,281,0,250,27.0,0.0,254.0,,,0.0,0.0,^3xen,^7cydonis
3 xen ctf_kharzet_v3 2025-08-24_20-14-54.dm_26.dm_meta,965555,00:12:17.125,228863,1443494,MOD_REPEATER_ALT_SPLASH,bad,False,0.17333333333333334,0.16666666666666666,0.0903388639689096,0.039460716402731584,0.0018147780792787671,-0.8696328169384209,0.1420814770393001,0.0,1.4320136792175505e-32,0.5495514894741084,10.680259704589844,0.046234890818595886,27.284561157226562,826.8048706054688,192.0,62,612,706,223.0,655.0,631.0,,,358.0,190.0,^3xen,^7ez
3 xen ctf_kothis_v5 2025-08-24_20-41-54.dm_26.dm_meta,146792,00:00:13.072,134153,1394027,MOD_ROCKET_SPLASH,bad,True,0.19666666666666666,0.17666666666666667,0.11047839533045238,0.06741837000745837,0.04900408908724785,-0.7631586498029057,0.1554182133638726,0.4,8.985611981039405e-09,0.009310755008241214,29.688650131225586,0.12852229177951813,166.97186279296875,5059.75341796875,47.0,283,212,598,549.0,299.0,731.0,,,487.0,13.0,^3xen,^2ent
3 xen ctf_kothis_v5 2025-08-24_20-41-54.dm_26.dm_meta,171509,00:00:37.789,134153,1394027,MOD_THERMAL,bad,False,0.075,0.125,0.2323388903110678,0.006044181147381049,0.00492237089201808,-0.2233490202477676,0.27895736800812826,0.0,0.0003671875153206366,0.38892964956405585,0.0,0.0,10.973137855529785,332.5193176269531,171.0,415,0,37,719.0,109.0,238.0,198.0,0.0,47.0,0.0,^3xen,^2ent
3 xen ctf_kothis_v5 2025-08-24_20-41-54.dm_26.dm_meta,185369,00:00:51.649,134153,1394027,MOD_ROCKET_SPLASH,bad,False,0.15,0.18166666666666667,0.0927743228775464,0.1157006022371587,0.0019170921295881271,-0.8425017564466271,0.1510821189879974,0.0,4.007821554382994e-07,0.24527011099229956,18.227235794067383,0.06904256343841553,19.814470291137695,600.4384765625,329.0,318,0,379,193.0,457.0,237.0,,,208.0,108.0,^3xen,^7ez
3 xen ctf_kothis_v5 2025-08-24_20-41-54.dm_26.dm_meta,223814,00:01:30.094,134153,1394027,MOD_REPEATER_ALT_SPLASH,bad,False,0.07,0.05333333333333334,0.19552567573158092,0.047166302001613696,0.0027400271501392126,-0.548994444893566,0.22132811588265336,0.0,4.473430195937832e-05,0.48680792836984765,0.0,0.0,1.7636821269989014,53.44491195678711,354.0,457,0,430,485.0,14.0,607.0,,,43.0,0.0,^3xen,^2ent
3 xen ctf_kothis_v5 2025-08-24_20-41-54.dm_26.dm_meta,256583,00:02:02.863,134153,1394027,MOD_ROCKET,bad,False,0.08,0.043333333333333335,0.012415906511947473,0.01231416957965135,0.00021136314899194986,-1.5433398207273816,0.06291371581946566,0.0,1.1573363373690868e-16,0.12935569488360488,2.978151321411133,0.0902470126748085,18.625324249267578,564.4037475585938,61.0,683,211,224,547.0,218.0,313.0,66.0,-25.0,42.0,0.0,^3xen,^7ez
3 xen ctf_kothis_v5 2025-08-24_20-41-54.dm_26.dm_meta,268463,00:02:14.743,134153,1394027,MOD_FLECHETTE_ALT_SPLASH,bad,False,0.07666666666666666,0.09666666666666666,0.10421394739653521,0.0009040948512236243,0.004013183526694775,-0.7432500846201162,0.1541865648142928,0.0,3.434952585979533e-05,0.19277046994852487,1.5447614192962646,0.046810951083898544,19.5469913482666,592.3330688476562,126.0,98,193,605,477.0,42.0,362.0,,,371.0,182.0,^3xen,^7ez
3 xen ctf_kothis_v5 2025-08-24_20-41-54.dm_26.dm_meta,269684,00:02:15.964,134153,1394027,MOD_FLECHETTE_ALT_SPLASH,bad,False,0.08666666666666667,0.08666666666666667,0.17725012188164696,0.03061260659855191,0.007592333946377039,-0.5906551404206684,0.164486174327656,0.2,0.014114704590210402,0.6681940705085506,2.360220193862915,0.017880456522107124,49.47738265991211,1499.3145751953125,244.0,355,0,300,585.0,66.0,539.0,,,137.0,0.0,^3xen,^2ent
3 xen ctf_kothis_v5 2025-08-24_20-41-54.dm_26.dm_meta,352316,00:03:38.596,134153,1394027,MOD_THERMAL,bad,False,0.3435555555555556,0.235,0.16868085973445401,0.0205069604874883,0.5592859983444214,-0.610567920480587,0.25909019147199347,0.0,0.9999934177325019,1.1090008308717904e-08,0.0,0.0,76.4301986694336,2316.066650390625,308.0,250,0,694,539.0,681.0,492.0,297.0,53.0,558.0,30.0,^3xen,^2ent
3 xen ctf_kothis_v5 2025-08-24_20-41-54.dm_26.dm_meta,370433,00:03:56.713,134153,1394027,MOD_ROCKET_SPLASH,bad,False,0.16666666666666666,0.21,0.11341036202153001,0.07565119758003835,0.036460623145103455,-0.7609477200797463,0.15762086314925636,0.0,5.048144558005733e-06,0.07807787638141388,16.4915771484375,0.12493619322776794,137.69833374023438,4172.6767578125,84.0,348,263,470,679.0,359.0,581.0,,,630.0,61.0,^3xen,^2ent
3 xen ctf_kothis_v5 2025-08-24_20-41-54.dm_26.dm_meta,388418,00:04:14.698,134153,1394027,MOD_FLECHETTE_ALT_SPLASH,bad,False,0.03666666666666667,0.07,0.06708648933640281,0.001312651505043823,0.0030565073247998953,-0.8839734995738644,0.16303253846577234,0.0,3.636379725806798e-17,0.33628249412417816,9.121854782104492,0.05528396740555763,22.765737533569336,689.870849609375,101.0,470,204,386,240.0,67.0,339.0,,,6.0,2.0,^3xen,^2ent
3 xen ctf_kothis_v5 2025-08-24_20-41-54.dm_26.dm_meta,457256,00:05:23.536,134153,1394027,MOD_ROCKET_SPLASH,bad,False,0.13333333333333333,0.19333333333333333,0.08428880149538152,0.14758281881413604,0.011318922974169254,-0.8897269292265837,0.14488059026756975,0.0,8.092480377388636e-07,0.23416525288986278,9.479178428649902,0.14362391829490662,25.5218505859375,773.389404296875,242.0,381,0,417,333.0,183.0,355.0,,,261.0,148.0,^3xen,^7ez
3 xen ctf_kothis_v5 2025-08-24_20-41-54.dm_26.dm_meta,464912,00:05:31.192,134153,1394027,MOD_REPEATER_ALT,bad,False,0.15333333333333332,0.17333333333333334,0.024657801255391493,0.04971672727585721,0.004037830047309399,-1.1528433871584625,0.10725580758728735,0.0,1.3107780482768548e-15,0.019010584025112392,7.8267951011657715,0.2371756136417389,18.491939544677734,560.36181640625,156.0,333,2,30,85.0,284.0,513.0,99.0,-14.0,300.0,287.0,^3xen,^2ent
3 xen ctf_kothis_v5 2025-08-24_20-41-54.dm_26.dm_meta,473294,00:05:39.574,134153,1394027,MOD_ROCKET_SPLASH,bad,False,0.09,0.13333333333333333,0.09830354981536141,0.07479451189776005,0.010522337630391121,-0.8166549405808968,0.17129350276476418,0.2,7.466662781803675e-08,0.21473403754078554,0.0,0.0,23.762226104736328,720.0674438476562,509.0,101,0,494,222.0,68.0,158.0,,,26.0,0.0,^3xen,^7ez
3 xen ctf_kothis_v5 2025-08-24_20-41-54.dm_26.dm_meta,522431,00:06:28.711,134153,1394027,MOD_ROCKET_SPLASH,bad,False,0.12,0.07833333333333334,0.05688034522999134,0.08171630265400497,0.015874402597546577,-1.0433634328640755,0.11565502350540242,0.0,0.07957860733512957,0.15111090441778016,0.0,0.0,0.5265706777572632,15.956686973571777,163.0,241,70,350,121.0,508.0,88.0,,,40.0,39.0,^3xen,^7ez
3 xen ctf_kothis_v5 2025-08-24_20-41-54.dm_26.dm_meta,558236,00:07:04.516,134153,1394027,MOD_ROCKET_SPLASH,bad,False,0.16333333333333333,0.24333333333333335,0.08974335959770684,0.28395271941014494,0.28835535049438477,-0.8668724938380266,0.14107812828924285,0.0,1.8904432035615516e-08,0.4448683222230593,0.0,0.0,29.00127410888672,878.8264770507812,133.0,421,191,481,343.0,250.0,469.0,,,217.0,0.0,^3xen,^7ez
3 xen ctf_kothis_v5 2025-08-24_20-41-54.dm_26.dm_meta,625688,00:08:11.968,134153,1394027,MOD_DISRUPTOR,bad,False,0.06333333333333334,0.11666666666666667,0.038911022168064274,0.0004831086523071405,0.08379173278808594,-0.9206074504482963,0.06639277716691817,0.0,2.193220945264535e-101,0.03685560729676302,1.811586856842041,0.05489657074213028,17.355934143066406,525.9373779296875,495.0,706,372,638,410.0,187.0,335.0,,,88.0,40.0,^3xen,^7ez
3 xen ctf_kothis_v5 2025-08-24_20-41-54.dm_26.dm_meta,638294,00:08:24.574,134153,1394027,MOD_ROCKET_SPLASH,bad,False,0.14333333333333334,0.19666666666666666,0.11745813142693329,0.13476905246100987,0.2965017259120941,-0.7661629530042546,0.16390212110870508,0.2,0.006273077903419517,0.4037829913983145,0.0,0.0,7.058170795440674,213.88397216796875,158.0,267,32,292,471.0,55.0,447.0,,,119.0,6.0,^3xen,^7ez
3 xen ctf_kothis_v5 2025-08-24_20-41-54.dm_26.dm_meta,658127,00:08:44.407,134153,1394027,MOD_REPEATER_ALT_SPLASH,bad,False,0.14333333333333334,0.20666666666666667,0.11524442511105727,0.1292657141182212,0.0038615877274423838,-0.7736055568131306,0.15845359105509418,0.2,5.271808205473444e-09,0.4611721627990209,0.0,0.0,43.57285690307617,1320.3896484375,132.0,301,182,409,469.0,474.0,427.0,,,173.0,71.0,^3xen,^2ent
3 xen ctf_kothis_v5 2025-08-24_20-41-54.dm_26.dm_meta,673373,00:08:59.653,134153,1394027,MOD_REPEATER_ALT_SPLASH,bad,False,0.16666666666666666,0.27,0.06843415420760773,0.10225011913711543,0.5573372840881348,-0.9728531561134034,0.12379791796615931,0.4,0.00036687776220416566,0.3222275665956547,0.0,0.0,33.861183166503906,1026.096435546875,48.0,242,82,347,398.0,57.0,318.0,,,121.0,12.0,^3xen,^7ez
3 xen ctf_kothis_v5 2025-08-24_20-41-54.dm_26.dm_meta,692216,00:09:18.496,134153,1394027,MOD_SABER,bad,False,,,,,,,,,,,0.0,0.0,7.519979000091553,227.87815856933594,62.0,379,0,541,507.0,0.0,440.0,,,18.0,0.0,^3xen,^7ez
3 xen ctf_kothis_v5 2025-08-24_20-41-54.dm_26.dm_meta,724061,00:09:50.341,134153,1394027,MOD_REPEATER_ALT_SPLASH,bad,False,0.18333333333333332,0.20666666666666667,0.0923314192970964,0.047282980695956066,0.003116800682619214,-0.8394680303012648,0.1481914781915119,0.4,1.6314993095333084e-05,0.1559024939044742,0.0,0.0,91.00618743896484,2757.76318359375,221.0,416,14,415,229.0,5.0,358.0,,,6.0,0.0,^3xen,^7ez
3 xen ctf_kothis_v5 2025-08-24_20-41-54.dm_26.dm_meta,760394,00:10:26.674,134153,1394027,MOD_REPEATER_ALT,bad,False,0.14333333333333334,0.19,0.11005387388900395,0.08939160760536792,0.0016517090843990445,-0.6236233690788424,0.19511905982695762,0.0,0.12039395320727077,0.6115217590318146,8.164793014526367,0.061854492872953415,24.58841323852539,745.1034545898438,304.0,273,0,282,280.0,338.0,319.0,264.0,13.0,54.0,48.0,^3xen,^7ez
3 xen ctf_kothis_v5 2025-08-24_20-41-54.dm_26.dm_meta,783989,00:10:50.269,134153,1394027,MOD_ROCKET,bad,False,0.13333333333333333,0.22333333333333333,0.05420726684282252,0.03149132662840564,0.0015691934386268258,-0.9837900670892729,0.12264867084518027,0.0,0.7202315694526429,0.4381291813372603,0.0,0.0,10.178874969482422,308.45074462890625,248.0,213,685,641,649.0,307.0,793.0,726.0,-63.0,94.0,32.0,^3xen,^7ez
3 xen ctf_kothis_v5 2025-08-24_20-41-54.dm_26.dm_meta,798971,00:11:05.251,134153,1394027,MOD_ROCKET,bad,True,0.12666666666666668,0.19666666666666666,0.05964693433479155,0.11601496519274315,0.010524661280214787,-0.9762762749298058,0.10648765684906487,0.2,2.9575912451231833e-18,0.0007176130314007203,0.0,0.0,17.23098373413086,522.1510009765625,255.0,274,148,410,659.0,379.0,440.0,264.0,-2.0,2286.0,2235.0,^3xen,^2ent
3 xen ctf_kothis_v5 2025-08-24_20-41-54.dm_26.dm_meta,805208,00:11:11.488,134153,1394027,MOD_ROCKET_SPLASH,bad,False,0.17,0.19,0.08955310379091738,0.06303955512917427,0.003598010167479515,-0.8651154021534748,0.14904107880833448,0.0,1.0323319677152139e-10,0.42609366722302316,1.060280203819275,0.016064852476119995,20.213823318481445,612.5401000976562,231.0,243,0,579,289.0,386.0,429.0,,,296.0,0.0,^3xen,^7ez
3 xen ctf_kothis_v5 2025-08-24_20-41-54.dm_26.dm_meta,816923,00:11:23.203,134153,1394027,MOD_ROCKET_SPLASH,bad,False,0.24666666666666667,0.30333333333333334,0.088964316055308,0.18156568579338067,0.0575813464820385,-0.8664291647861777,0.1442391515868031,0.4,0.0004437856952028838,0.24192789715704913,0.39462944865226746,0.011958467774093151,38.390663146972656,1163.3533935546875,186.0,124,100,247,157.0,87.0,358.0,,,39.0,0.0,^3xen,^2ent
3 xen ctf_kothis_v5 2025-08-24_20-41-54.dm_26.dm_meta,826526,00:11:32.806,134153,1394027,MOD_BRYAR_PISTOL_ALT,bad,False,0.19333333333333333,0.25666666666666665,0.2042494275609658,0.03841776541832272,0.00942676980048418,-0.5253199104269373,0.5590064811107872,0.2,6.994266028081689e-25,0.8361038741627481,1.3240348100662231,0.04012226685881615,25.085817337036133,760.17626953125,111.0,189,377,461,679.0,192.0,408.0,66.0,26.0,339.0,0.0,^3xen,^7ez
3 xen ctf_kothis_v5 2025-08-24_20-41-54.dm_26.dm_meta,843488,00:11:49.768,134153,1394027,MOD_FLECHETTE_ALT_SPLASH,bad,False,0.06333333333333334,0.11,0.12137962047378645,0.0021948049678084426,0.00309182982891798,-0.6731816392661639,0.16022023862123788,0.0,1.0636258451348803e-10,0.37588188181615106,4.700252056121826,0.07121594250202179,55.651451110839844,1686.4075927734375,183.0,596,102,708,821.0,85.0,556.0,,,351.0,81.0,^3xen,^7ez
3 xen ctf_kothis_v5 2025-08-24_20-41-54.dm_26.dm_meta,847877,00:11:54.157,134153,1394027,MOD_FLECHETTE_ALT_SPLASH,bad,True,0.11333333333333333,0.043333333333333335,0.05578387855104126,0.004286953415845829,0.03663080930709839,-0.9430895556521686,0.25479059774213264,0.2,0.016774883754412787,5.61189706444938e-10,92.36990356445312,0.6997720003128052,99.3938980102539,3011.936279296875,86.0,381,15,279,514.0,3.0,274.0,,,41.0,0.0,^3xen,^2ent
3 xen ctf_kothis_v5 2025-08-24_20-41-54.dm_26.dm_meta,899918,00:12:46.198,134153,1394027,MOD_REPEATER_ALT_SPLASH,bad,False,0.27,0.26666666666666666,0.10858628250664203,0.16843026100023406,0.9774935245513916,-0.7960586197872085,0.15340450734297828,0.2,0.00696783271564395,0.39161746387262364,0.0,0.0,27.717514038085938,839.9246826171875,76.0,215,69,227,427.0,203.0,461.0,,,242.0,0.0,^3xen,^7ez
3 xen ctf_kothis_v5 2025-08-24_20-41-54.dm_26.dm_meta,922688,00:13:08.968,134153,1394027,MOD_SABER,bad,False,,,,,,,,,,,0.0,0.0,1.7294745445251465,52.408321380615234,65.0,344,55,328,294.0,294.0,313.0,,,71.0,47.0,^3xen,^2ent
3 xen ctf_kothis_v5 2025-08-24_20-41-54.dm_26.dm_meta,941036,00:13:27.316,134153,1394027,MOD_ROCKET,bad,False,0.09666666666666666,0.09333333333333334,0.002948663003354476,0.010787615188423173,0.002478421200066805,-1.9907600470232378,0.03565447635780872,0.0,7.633263894923645e-33,0.13935305929527778,8.714133262634277,0.037723518908023834,15.158123970031738,459.33709716796875,81.0,265,433,467,152.0,577.0,359.0,33.0,-73.0,310.0,303.0,^3xen,^7ez
3 xen ctf_kothis_v5 2025-08-24_20-41-54.dm_26.dm_meta,952751,00:13:39.031,134153,1394027,MOD_FLECHETTE,bad,False,,,,,,,,,,,0.0,0.0,24.552356719970703,744.0108032226562,170.0,471,0,433,356.0,14.0,174.0,33.0,-7.0,21.0,0.0,^3xen,^2ent
3 xen ctf_kothis_v5 2025-08-24_20-41-54.dm_26.dm_meta,1042016,00:14:23.251,134153,1394027,MOD_THERMAL_SPLASH,bad,False,,,,,,,,,,,14.74892520904541,0.0744895190000534,59.232303619384766,1794.9183349609375,51.0,588,262,372,276.0,242.0,191.0,,,182.0,0.0,^3xen,^2ent
3 xen ctf_kothis_v5 2025-08-24_20-41-54.dm_26.dm_meta,1113131,00:15:34.366,134153,1394027,MOD_THERMAL,bad,True,0.0,0.02,0.01749034841076802,0.0014978726461327531,0.0011345056118443608,-1.3249842017804552,0.26380738365867873,0.2,2.220246212660921e-20,1.0046708543893008e-11,14.467663764953613,0.438414067029953,50.6651611328125,1535.307861328125,32.0,560,73,264,335.0,317.0,434.0,66.0,-39.0,42.0,0.0,^3xen,^2ent
3 xen ctf_kothis_v5 2025-08-24_20-41-54.dm_26.dm_meta,1152137,00:16:13.372,134153,1394027,MOD_ROCKET_SPLASH,bad,False,0.15333333333333332,0.17333333333333334,0.18067791227952415,0.07326375378239064,0.018108854070305824,-0.5843524234245555,0.20408267148860157,0.2,2.4909726192016212e-11,0.30198889696745645,0.0,0.0,22.947202682495117,695.3698120117188,300.0,314,0,174,449.0,399.0,352.0,,,39.0,16.0,^3xen,^7ez
3 xen ctf_kothis_v5 2025-08-24_20-41-54.dm_26.dm_meta,1171772,00:16:33.007,134153,1394027,MOD_FLECHETTE_ALT_SPLASH,bad,True,0.13333333333333333,0.08666666666666667,0.07881912405647502,0.05619186616065761,0.05123890936374664,-0.9421002561289324,0.18057034681029027,0.4,9.985638168450524e-08,0.00010754294833076934,28.637622833251953,0.43390336632728577,37.307273864746094,1130.5234375,37.0,504,16,506,188.0,73.0,596.0,,,4.0,0.0,^3xen,^7ez
3 xen ctf_kothis_v5 2025-08-24_20-41-54.dm_26.dm_meta,1185962,00:16:47.197,134153,1394027,MOD_REPEATER_ALT_SPLASH,bad,False,0.115,0.105,0.07460124201045919,0.10034762403975805,0.002494851127266884,-0.9332730457591774,0.13591046823424544,0.0,0.00017044208817528866,0.33433089777614916,0.7846192121505737,0.02377633936703205,3.83901047706604,116.33364868164062,268.0,394,0,493,296.0,380.0,238.0,,,374.0,102.0,^3xen,^2ent
3 xen ctf_kothis_v5 2025-08-24_20-41-54.dm_26.dm_meta,1195565,00:16:56.800,134153,1394027,MOD_REPEATER_ALT,bad,False,0.22333333333333333,0.16333333333333333,0.07218838525850696,0.035745648040628845,0.025955170392990112,-0.9191941281031879,0.14341800245956565,0.2,9.36656351026198e-06,0.24402627199577953,0.0,0.0,4.379251003265381,132.70457458496094,116.0,658,90,797,504.0,207.0,536.0,264.0,9.0,119.0,51.0,^3xen,^7ez
3 xen ctf_kothis_v5 2025-08-24_20-41-54.dm_26.dm_meta,1279946,00:18:21.181,134153,1394027,MOD_CONC,bad,False,,,,,,,,,,,2.9688353538513184,0.04498235508799553,7.016204833984375,212.61227416992188,248.0,592,189,538,345.0,122.0,225.0,99.0,-19.0,26.0,0.0,^3xen,^7DragonSlayer99
3 xen ctf_kothis_v5 2025-08-24_20-41-54.dm_26.dm_meta,1292585,00:18:33.820,134153,1394027,MOD_FLECHETTE_ALT_SPLASH,bad,False,0.12,0.14333333333333334,0.10896113312234201,0.007176906033308516,0.009725067764520645,-0.7564866072351337,0.15334235889631745,0.4,0.0006350123208465971,0.2319294329417719,0.0,0.0,29.280691146850586,887.293701171875,76.0,220,78,603,102.0,101.0,489.0,,,2.0,0.0,^3xen,^7ez
3 xen ctf_kothis_v5 2025-08-24_20-41-54.dm_26.dm_meta,1305224,00:18:46.459,134153,1394027,MOD_ROCKET,bad,False,0.11666666666666667,0.13666666666666666,0.03746266258705211,0.040059126747523946,0.00894782692193985,-1.1666998492213727,0.09912342150501742,0.2,1.7203053193120275e-21,0.24953264080794227,7.701417922973633,0.07779210060834885,8.250953674316406,250.02890014648438,52.0,31,202,393,733.0,233.0,440.0,33.0,-27.0,81.0,0.0,^3xen,^7ez
3 xen ctf_kothis_v5 2025-08-24_20-41-54.dm_26.dm_meta,1323902,00:19:05.137,134153,1394027,MOD_ROCKET_SPLASH,bad,False,0.18666666666666668,0.20333333333333334,0.09170679837198181,0.10861066846687036,0.0376821830868721,-0.8476195609123286,0.14208931101090233,0.2,1.0029618906254205e-09,0.027381439965544582,37.17326354980469,0.16092321276664734,37.17326354980469,1126.4625244140625,141.0,198,172,155,527.0,461.0,313.0,,,616.0,20.0,^3xen,^7ez
3 xen ctf_kothis_v5 2025-08-24_20-41-54.dm_26.dm_meta,1365911,00:19:47.146,134153,1394027,MOD_ROCKET_SPLASH,bad,False,0.26666666666666666,0.19666666666666666,0.09637356963586066,0.1631698024939972,0.3515125811100006,-0.820031937942749,0.15812101049287405,0.2,8.18964639620645e-05,0.2314794105875976,9.232650756835938,0.05595545843243599,67.12037658691406,2033.9508056640625,353.0,245,0,428,9.0,103.0,382.0,,,2.0,0.0,^3xen,^7ez
3 xen mpctf_carratos 2025-08-24_19-47-50.dm_26.dm_meta,185501,00:02:16.558,49376,1264007,MOD_REPEATER_ALT,bad,False,0.18,0.11666666666666667,0.007899190328281932,0.010614499098053447,0.012708604335784912,-1.5941747027065791,0.045245916932662195,0.0,7.888037411141742e-34,0.008258423798447,0.0,0.0,139.4131622314453,4224.64111328125,61.0,605,87,474,335.0,142.0,393.0,33.0,-40.0,24.0,0.0,^3xen,^2ent
3 xen mpctf_carratos 2025-08-24_19-47-50.dm_26.dm_meta,275360,00:03:46.417,49376,1264007,MOD_ROCKET_SPLASH,bad,True,0.18333333333333332,0.17666666666666667,0.06800408000433161,0.11450649405509596,0.011397818103432655,-0.927619041018658,0.12652196434280566,0.2,0.0002900897984434426,1.779350956786293e-06,74.44182586669922,0.2819766104221344,129.40794372558594,3921.452880859375,238.0,545,127,458,554.0,301.0,280.0,,,778.0,265.0,^3xen,^7cydonis
3 xen mpctf_carratos 2025-08-24_19-47-50.dm_26.dm_meta,405677,00:05:56.734,49376,1264007,MOD_FLECHETTE_ALT_SPLASH,bad,False,0.08,0.06,0.06602358927003821,0.0022556821455035655,0.00384828494861722,-0.8710339096393676,0.15866759295221075,0.0,4.961200871571096e-06,0.34703186066140007,0.0,0.0,3.5949392318725586,108.93755340576172,232.0,300,0,333,485.0,25.0,259.0,,,56.0,9.0,^3xen,^2ent
3 xen mpctf_carratos 2025-08-24_19-47-50.dm_26.dm_meta,727757,00:11:18.814,49376,1264007,MOD_ROCKET_SPLASH,bad,False,0.12666666666666668,0.26666666666666666,0.10615159545639001,0.23746362172946653,0.40446481108665466,-0.8025295426957321,0.15590374905380597,0.2,1.5994536495967728e-07,0.3593087392417216,3.5041391849517822,0.10618603229522705,39.30989456176758,1191.208984375,152.0,598,75,475,391.0,179.0,570.0,,,230.0,14.0,^3xen,^7cydonis
3 xen mpctf_carratos 2025-08-24_19-47-50.dm_26.dm_meta,744488,00:11:35.545,49376,1264007,MOD_ROCKET_SPLASH,bad,False,0.21,0.29333333333333333,0.10553699211406893,0.1314772638938217,0.009728769771754742,-0.8097525927714756,0.1662003563150666,0.4,5.875044872598693e-06,0.2746147832946131,3.7908124923706055,0.11487310379743576,7.988671779632568,242.08096313476562,251.0,406,0,698,429.0,150.0,598.0,,,177.0,0.0,^3xen,^7cydonis
3 xen mpctf_carratos 2025-08-24_19-47-50.dm_26.dm_meta,755642,00:11:46.699,49376,1264007,MOD_REPEATER_ALT_SPLASH,bad,False,0.12666666666666668,0.16,0.053485147786540274,0.07035811825744569,0.003428264521062374,-1.0593727335492311,0.11684168631216825,0.6,1.350538811542916e-07,0.19383071852212352,0.0,0.0,6.1600341796875,186.66770935058594,183.0,512,0,689,332.0,27.0,289.0,,,201.0,84.0,^3xen,^2ent
3 xen mpctf_carratos 2025-08-24_19-47-50.dm_26.dm_meta,1002383,00:15:53.440,49376,1264007,MOD_ROCKET_SPLASH,bad,False,0.15666666666666668,0.22,0.049164214171766314,0.06513927008008136,0.002683942671865225,-1.0916213464560964,0.10874961467804763,0.4,5.561875864441176e-09,0.11873077954848385,1.6030724048614502,0.04857795313000679,25.54291534423828,774.0277709960938,242.0,72,501,261,120.0,170.0,34.0,,,56.0,0.0,^3xen,^7cydonis
3 xen mpctf_carratos 2025-08-24_19-47-50.dm_26.dm_meta,1063532,00:16:54.589,49376,1264007,MOD_REPEATER_ALT,bad,False,0.14,0.10666666666666667,0.005441003437834312,0.016205746633643516,0.016519885510206223,-1.7064201779364094,0.03198128961161518,0.4,1.5737010663143839e-19,6.591965508567415e-19,54.25876998901367,0.23488645255565643,74.45369720458984,2256.172607421875,38.0,591,35,371,263.0,134.0,331.0,,,14.0,0.0,^3xen,^7cydonis
3 xen mpctf_carratos 2025-08-24_19-47-50.dm_26.dm_meta,1067096,00:16:58.153,49376,1264007,MOD_REPEATER_ALT_SPLASH,bad,False,0.23333333333333334,0.12333333333333334,0.2793782645777222,0.19986767547525028,0.04431724548339844,-0.3441680427978845,0.3132946654738841,0.2,0.9999999999996823,0.6407831700036487,5.54356050491333,0.05599556118249893,8.700660705566406,263.6563720703125,1174.0,245,0,276,101.0,17.0,30.0,,,2.0,0.0,^3xen,^2ent
3 xen mpctf_carratos 2025-08-24_19-47-50.dm_26.dm_meta,1120193,00:17:51.250,49376,1264007,MOD_ROCKET_SPLASH,bad,False,0.07666666666666666,0.08333333333333333,0.06932476640195363,0.0800224093155757,0.0002548384654801339,-0.9480843638302707,0.12479689611628551,0.0,8.541696099400768e-09,0.0017235692626998908,1.3538727760314941,0.010256611742079258,5.029485702514648,152.40866088867188,244.0,247,0,290,337.0,219.0,484.0,,,2094.0,2046.0,^3xen,^2ent
3 xen mpctf_carratos 2025-08-24_19-47-50.dm_26.dm_meta,1153061,00:18:24.118,49376,1264007,MOD_ROCKET_SPLASH,bad,False,0.06,0.14,0.11747811970475261,0.10319962660919328,0.0031374951358884573,-0.7637944729761799,0.16367275266443645,0.2,0.1402343150408681,0.4576648066623925,0.0,0.0,2.0333685874938965,61.61722946166992,169.0,319,49,306,619.0,73.0,436.0,,,422.0,103.0,^3xen,^7cydonis
3 xen mpctf_carratos 2025-08-24_19-47-50.dm_26.dm_meta,1191605,00:19:02.662,49376,1264007,MOD_TIMED_MINE_SPLASH,bad,False,,,,,,,,,,,0.06591796875,0.0019975141622126102,8.404154777526855,254.67135620117188,107.0,34,77,231,822.0,428.0,541.0,,,723.0,55.0,^3xen,^2ent
3 xen mpctf_carratos 2025-08-24_19-47-50.dm_26.dm_meta,1221833,00:19:32.890,49376,1264007,MOD_ROCKET_SPLASH,bad,False,0.06333333333333334,0.12333333333333334,0.1461288878400782,0.14789308199571904,0.010928505100309849,-0.6722859736938789,0.18603924359846244,0.0,0.22863130787676722,0.37584454165954,1.5996524095535278,0.04847431555390358,50.4431037902832,1528.578857421875,229.0,256,0,283,645.0,197.0,384.0,,,212.0,0.0,^3xen,^5derpy^7TIGER
3 xen mpctf_carratos 2025-08-24_19-47-50.dm_26.dm_meta,1226552,00:19:37.609,49376,1264007,MOD_ROCKET_SPLASH,bad,False,0.27666666666666667,0.24333333333333335,0.3504991726360241,0.16370389786738526,0.5697927474975586,-0.27507427387863503,0.2811267914278543,0.0,6.172201115165238e-11,0.12510851678937254,14.900123596191406,0.11287972331047058,56.76411819458008,1720.124755859375,85.0,240,104,59,969.0,322.0,998.0,,,677.0,11.0,^3xen,^2ent
3 xen mpctf_talay 2025-08-24_21-13-50.dm_26.dm_meta,88910,00:00:22.675,66668,1281299,MOD_FLECHETTE,bad,False,,,,,,,,,,,0.0,0.0,3.932959794998169,119.18060302734375,366.0,508,306,506,581.0,317.0,515.0,99.0,-3.0,71.0,18.0,^3xen,^7jinu
3 xen mpctf_talay 2025-08-24_21-13-50.dm_26.dm_meta,97589,00:00:31.354,66668,1281299,MOD_FLECHETTE_ALT_SPLASH,bad,False,0.06666666666666667,0.08333333333333333,0.09792123890825291,0.0329510904293629,0.006227300502359867,-0.7913681381779131,0.18202308487471108,0.0,3.287374143062005e-10,0.2973800076173753,22.592241287231445,0.09780190885066986,22.592241287231445,684.6134033203125,167.0,318,0,208,436.0,48.0,455.0,,,35.0,0.0,^3xen,^7jinu
3 xen mpctf_talay 2025-08-24_21-13-50.dm_26.dm_meta,128510,00:01:02.275,66668,1281299,MOD_CONC,bad,False,,,,,,,,,,,0.0,0.0,38.79451370239258,1175.59130859375,94.0,471,157,305,934.0,602.0,638.0,,,691.0,410.0,^3xen,^7jinu
3 xen mpctf_talay 2025-08-24_21-13-50.dm_26.dm_meta,153590,00:01:27.355,66668,1281299,MOD_SABER,bad,False,,,,,,,,,,,0.0,0.0,104.00526428222656,3151.6748046875,33.0,119,0,422,277.0,0.0,248.0,,,4.0,0.0,^3xen,^5derpy^7TIGER
3 xen mpctf_talay 2025-08-24_21-13-50.dm_26.dm_meta,202925,00:02:16.690,66668,1281299,MOD_FLECHETTE_ALT_SPLASH,bad,False,0.16666666666666666,0.11333333333333333,0.11746513487281164,0.0038152627079313297,0.08222157508134842,-0.6687468430290096,0.16358986471851816,0.0,3.4985903402850177e-44,0.9787651946845499,4.710816383361816,0.02855040319263935,42.737388610839844,1295.0723876953125,125.0,354,11,442,854.0,78.0,419.0,,,2338.0,2038.0,^3xen,^7jinu
3 xen mpctf_talay 2025-08-24_21-13-50.dm_26.dm_meta,215564,00:02:29.329,66668,1281299,MOD_FLECHETTE_ALT_SPLASH,bad,False,0.13333333333333333,0.09666666666666666,0.14204257025232706,0.04537487696637519,0.011559047736227512,-0.6634060774295426,0.16355034216189754,0.0,4.75598684616147e-08,0.29367388214118995,0.0,0.0,4.906309127807617,148.67604064941406,125.0,55,8,252,716.0,305.0,339.0,,,86.0,25.0,^3xen,^5derpy^7TIGER
3 xen mpctf_talay 2025-08-24_21-13-50.dm_26.dm_meta,272984,00:03:26.749,66668,1281299,MOD_REPEATER_ALT_SPLASH,bad,False,0.09,0.16666666666666666,0.07484060562394756,0.08217719089739468,0.16377539932727814,-0.9382868293558793,0.13483816910254762,0.0,5.1618670634227415e-08,0.35615231125360713,0.0,0.0,20.002735137939453,606.1434936523438,143.0,277,43,579,367.0,100.0,414.0,,,113.0,0.0,^3xen,^7jinu
3 xen mpctf_talay 2025-08-24_21-13-50.dm_26.dm_meta,280574,00:03:34.339,66668,1281299,MOD_TIMED_MINE_SPLASH,bad,False,,,,,,,,,,,1.1700439453125,0.03545587882399559,41.238311767578125,1249.6458740234375,1598.0,583,96,593,195.0,502.0,478.0,,,56.0,52.0,^3xen,^5derpy^7TIGER
3 xen mpctf_talay 2025-08-24_21-13-50.dm_26.dm_meta,289253,00:03:43.018,66668,1281299,MOD_FLECHETTE_ALT_SPLASH,bad,False,0.06,0.17666666666666667,0.1676560135047606,0.0029561963798136193,0.058553729206323624,-0.6107143970754854,0.16238194436384604,0.4,5.531070166164477e-13,0.407200499191036,1.5700554847717285,0.011894360184669495,40.21112823486328,1218.51904296875,37.0,255,10,419,685.0,43.0,476.0,,,78.0,0.0,^3xen,^7jinu
3 xen mpctf_talay 2025-08-24_21-13-50.dm_26.dm_meta,296447,00:03:50.212,66668,1281299,MOD_FLECHETTE_ALT_SPLASH,bad,False,0.056666666666666664,0.09333333333333334,0.1287376612853654,0.006543564945612622,0.1343858391046524,-0.6729360957811232,0.1593654754181274,0.2,7.351000674996162e-15,0.015319823999887704,4.532326698303223,0.01716790348291397,18.321348190307617,555.1923828125,65.0,175,18,892,874.0,81.0,585.0,,,18.0,5.0,^3xen,^7jinu
3 xen mpctf_talay 2025-08-24_21-13-50.dm_26.dm_meta,325784,00:04:19.549,66668,1281299,MOD_FLECHETTE_ALT_SPLASH,bad,False,0.043333333333333335,0.08666666666666667,0.10720436735968555,0.0013338388192705695,0.0017298985039815307,-0.7081334846173866,0.1611731302848877,0.0,2.6626132814632774e-09,0.5280975297544865,0.0,0.0,30.127967834472656,912.96875,137.0,397,157,265,819.0,72.0,247.0,,,216.0,0.0,^3xen,^7jinu
3 xen mpctf_talay 2025-08-24_21-13-50.dm_26.dm_meta,336674,00:04:30.439,66668,1281299,MOD_CONC,bad,False,,,,,,,,,,,20.37970733642578,0.07719586044549942,81.0922622680664,2457.34130859375,308.0,58,53,347,825.0,28.0,450.0,66.0,-4.0,115.0,12.0,^3xen,^7jinu
3 xen mpctf_talay 2025-08-24_21-13-50.dm_26.dm_meta,429272,00:06:03.037,66668,1281299,MOD_BRYAR_PISTOL_ALT,bad,False,0.26666666666666666,0.41333333333333333,0.34248601900469433,0.10284399304471244,0.0441509447991848,-0.26398949658908255,0.5804741526755876,0.8,0.8939776813435163,0.6939209451835274,0.0,0.0,6.543670654296875,198.2930450439453,176.0,208,419,694,532.0,191.0,429.0,99.0,43.0,918.0,739.0,^3xen,^7jinu
3 xen mpctf_talay 2025-08-24_21-13-50.dm_26.dm_meta,507911,00:07:21.676,66668,1281299,MOD_THERMAL_SPLASH,bad,True,,,,,,,,,,,66.97355651855469,0.2899288237094879,86.43281555175781,2619.17626953125,113.0,635,107,353,124.0,357.0,415.0,,,145.0,57.0,^3xen,^7jinu
3 xen mpctf_talay 2025-08-24_21-13-50.dm_26.dm_meta,635489,00:09:29.254,66668,1281299,MOD_FALLING,bad,False,,,,,,,,,,,0.0,0.0,36.997589111328125,1121.1390380859375,142.0,266,31,488,56.0,0.0,519.0,,,0.0,0.0,^3xen,^7wembyfan
3 xen mpctf_talay 2025-08-24_21-13-50.dm_26.dm_meta,650636,00:09:44.401,66668,1281299,MOD_THERMAL_SPLASH,bad,False,,,,,,,,,,,2.3029398918151855,0.06978605687618256,50.553348541259766,1531.919677734375,37.0,544,276,374,454.0,448.0,474.0,,,327.0,140.0,^3xen,^7jinu
3 xen mpctf_talay 2025-08-24_21-13-50.dm_26.dm_meta,669017,00:10:02.782,66668,1281299,MOD_ROCKET_SPLASH,bad,True,0.16666666666666666,0.17333333333333334,0.11080535432049689,0.11314625426713658,0.002874435391277075,-0.7825655573032284,0.18901209942351507,0.2,0.025671856328391418,1.2632046784310629e-08,18.559120178222656,0.5623975992202759,123.13575744628906,3731.38671875,486.0,530,0,637,654.0,124.0,395.0,,,257.0,0.0,^3xen,^7jinu
3 xen mpctf_talay 2025-08-24_21-13-50.dm_26.dm_meta,686078,00:10:19.843,66668,1281299,MOD_REPEATER_ALT_SPLASH,bad,False,0.13333333333333333,0.22666666666666666,0.07479216976030544,0.06873966724566132,0.008712015114724636,-0.9226545896399037,0.13191527279798468,0.0,1.1001866211295049e-08,0.022707642884676946,39.6468391418457,0.20023655891418457,52.89142990112305,1602.7706298828125,125.0,384,40,474,566.0,446.0,410.0,,,705.0,32.0,^3xen,^5derpy^7TIGER
3 xen mpctf_talay 2025-08-24_21-13-50.dm_26.dm_meta,718055,00:10:51.820,66668,1281299,MOD_ROCKET_SPLASH,bad,False,0.17666666666666667,0.13,0.09604035630225434,0.07489369526914413,0.0007001820486038923,-0.8274108975935237,0.1529747727064007,0.2,4.189260732397948e-05,0.0066968918840979086,45.95351791381836,0.1989329755306244,67.21886444091797,2036.935302734375,200.0,372,160,447,616.0,10.0,400.0,,,77.0,2.0,^3xen,^5derpy^7TIGER
3 xen mpctf_talay 2025-08-24_21-13-50.dm_26.dm_meta,741386,00:11:15.151,66668,1281299,MOD_FLECHETTE,bad,False,,,,,,,,,,,0.0,0.0,34.24113845825195,1037.6102294921875,90.0,427,0,384,760.0,398.0,580.0,,,304.0,3.0,^3xen,^7jinu
3 xen mpctf_talay 2025-08-24_21-13-50.dm_26.dm_meta,756335,00:11:30.100,66668,1281299,MOD_FLECHETTE_ALT_SPLASH,bad,False,0.023333333333333334,0.08333333333333333,0.10425355321422608,0.0006638721900675892,0.000888831214979291,-0.7493054578665297,0.1692417723831785,0.0,1.0308117602248882e-08,0.25384781631889314,14.37964153289795,0.07262445241212845,18.39374351501465,557.3861694335938,59.0,221,123,517,546.0,326.0,425.0,,,196.0,70.0,^3xen,^5derpy^7TIGER
3 xen mpctf_talay 2025-08-24_21-13-50.dm_26.dm_meta,772505,00:11:46.270,66668,1281299,MOD_REPEATER,bad,False,,,,,,,,,,,0.0,0.0,11.707748413085938,354.7802429199219,227.0,346,49,370,336.0,192.0,442.0,,,140.0,21.0,^3xen,^7jinu
3 xen mpctf_talay 2025-08-24_21-13-50.dm_26.dm_meta,796463,00:12:10.228,66668,1281299,MOD_CONC,bad,False,,,,,,,,,,,9.34475040435791,0.0404534637928009,103.1031494140625,3124.337890625,299.0,425,9,416,307.0,162.0,339.0,,,251.0,82.0,^3xen,^7jinu
3 xen mpctf_talay 2025-08-24_21-13-50.dm_26.dm_meta,819002,00:12:32.767,66668,1281299,MOD_CONC,bad,False,,,,,,,,,,,0.0,0.0,38.01933288574219,1152.1009521484375,83.0,369,27,590,355.0,83.0,460.0,33.0,-12.0,25.0,0.0,^3xen,^7DragonSlayer99
3 xen mpctf_talay 2025-08-24_21-13-50.dm_26.dm_meta,867182,00:13:20.947,66668,1281299,MOD_FLECHETTE_ALT_SPLASH,bad,False,0.10333333333333333,0.18333333333333332,0.09685717283710411,0.004938654325974735,0.00590585358440876,-0.7556806782697078,0.1599566016937792,0.4,1.882311003098158e-10,0.513544695603004,0.0,0.0,26.436731338500977,801.1130981445312,151.0,605,137,538,735.0,21.0,509.0,,,567.0,193.0,^3xen,^5derpy^7TIGER
3 xen mpctf_talay 2025-08-24_21-13-50.dm_26.dm_meta,920840,00:14:14.605,66668,1281299,MOD_FALLING,bad,False,,,,,,,,,,,0.0,0.0,15.745445251464844,477.13470458984375,1143.0,559,177,495,627.0,0.0,810.0,,,38.0,0.0,^3xen,^7jinu
3 xen mpctf_talay 2025-08-24_21-13-50.dm_26.dm_meta,962354,00:14:56.119,66668,1281299,MOD_CONC,bad,False,,,,,,,,,,,0.0,0.0,35.54833221435547,1077.22216796875,73.0,782,568,863,468.0,49.0,508.0,33.0,-29.0,38.0,13.0,^3xen,^7jinu
3 xen mpctf_talay 2025-08-24_21-13-50.dm_26.dm_meta,970769,00:15:04.534,66668,1281299,MOD_THERMAL_SPLASH,bad,False,,,,,,,,,,,0.0,0.0,0.7048609256744385,21.35942268371582,188.0,816,582,778,655.0,389.0,782.0,,,99.0,43.0,^3xen,^5derpy^7TIGER
3 xen mpctf_talay 2025-08-24_21-13-50.dm_26.dm_meta,1021160,00:15:54.925,66668,1281299,MOD_REPEATER_ALT_SPLASH,bad,False,0.23333333333333334,0.35,0.10309358491234437,0.20621055521137707,0.7530801296234131,-0.8043386930798258,0.14958944139769972,0.2,2.8597466233811907e-05,0.17943889826106882,0.0,0.0,113.78564453125,3448.0498046875,58.0,330,94,389,455.0,203.0,465.0,,,163.0,7.0,^3xen,^5derpy^7TIGER
3 xen mpctf_talay 2025-08-24_21-13-50.dm_26.dm_meta,1055612,00:16:29.377,66668,1281299,MOD_TIMED_MINE_SPLASH,bad,False,,,,,,,,,,,0.0,0.0,0.4339599609375,13.150301933288574,224.0,655,38,705,217.0,613.0,473.0,,,24.0,0.0,^3xen,^5derpy^7TIGER
3 xen mpctf_talay 2025-08-24_21-13-50.dm_26.dm_meta,1068845,00:16:42.610,66668,1281299,MOD_FLECHETTE_ALT_SPLASH,bad,False,0.056666666666666664,0.1,0.07465833310797455,0.0035129779906222544,0.00456851813942194,-0.863449040554408,0.16090876108387556,0.4,8.166095513478106e-08,0.35594720621404513,5.17491340637207,0.07840777933597565,35.753292083740234,1083.43310546875,103.0,468,2,337,209.0,24.0,333.0,,,5.0,0.0,^3xen,^7jinu
3 xen mpctf_talay 2025-08-24_21-13-50.dm_26.dm_meta,1079933,00:16:53.698,66668,1281299,MOD_FLECHETTE_ALT_SPLASH,bad,False,0.15666666666666668,0.25,0.09582070923120467,0.05973498010851862,0.07904080301523209,-0.7739628921111773,0.16577273232834863,0.4,0.9905374085841443,0.31534364411411714,15.807169914245605,0.11975128948688507,49.27873229980469,1493.294921875,121.0,141,10,413,185.0,44.0,299.0,,,2.0,0.0,^3xen,^5derpy^7TIGER
3 xen mpctf_talay 2025-08-24_21-13-50.dm_26.dm_meta,1142930,00:17:56.695,66668,1281299,MOD_SABER,bad,True,,,,,,,,,,,14.987751960754395,0.45417430996894836,63.309669494628906,1918.474853515625,47.0,81,0,428,300.0,281.0,355.0,,,262.0,28.0,^3xen,^7jinu
3 xen mpctf_talay 2025-08-24_21-13-50.dm_26.dm_meta,1148408,00:18:02.173,66668,1281299,MOD_CONC,bad,False,,,,,,,,,,,0.0,0.0,34.269710540771484,1038.47607421875,428.0,164,119,320,843.0,295.0,519.0,132.0,-23.0,145.0,35.0,^3xen,^5derpy^7TIGER
3 xen mpctf_talay 2025-08-24_21-13-50.dm_26.dm_meta,1161278,00:18:15.043,66668,1281299,MOD_CONC,bad,False,,,,,,,,,,,29.84307098388672,0.18086709082126617,42.99235153198242,1302.798583984375,234.0,414,24,679,138.0,160.0,386.0,66.0,-40.0,9.0,3.0,^3xen,^7wembyfan
3 xen mpctf_talay 2025-08-24_21-13-50.dm_26.dm_meta,1197578,00:18:51.343,66668,1281299,MOD_THERMAL,bad,False,0.4192222222222222,0.43333333333333335,0.2928584062322743,0.4818353284259099,0.8193998336791992,-0.2910944232158119,0.276591414254978,0.6,1.3731187215935018e-10,0.9954684607339183,0.6181945204734802,0.01873316802084446,22.624170303344727,685.5809326171875,246.0,502,206,551,802.0,74.0,497.0,759.0,39.0,114.0,36.0,^3xen,^7jinu
3 xen mpctf_talay 2025-08-24_21-13-50.dm_26.dm_meta,1211273,00:19:05.038,66668,1281299,MOD_FLECHETTE_ALT_SPLASH,bad,False,0.056666666666666664,0.09666666666666666,0.07421376468300807,0.002852399026675313,0.01125253178179264,-0.8874640375270733,0.1605328142504906,0.2,1.527557510969893e-09,0.26554791855439497,2.4014177322387695,0.07277023792266846,11.500703811645508,348.50616455078125,78.0,479,108,349,286.0,79.0,397.0,,,5.0,2.0,^3xen,^5derpy^7TIGER
3 xen mpctf_talay 2025-08-24_21-13-50.dm_26.dm_meta,1235594,00:19:29.359,66668,1281299,MOD_SABER,bad,False,,,,,,,,,,,7.655911922454834,0.2319973260164261,71.02590942382812,2152.30029296875,48.0,133,0,258,250.0,30.0,220.0,,,73.0,31.0,^3xen,^5derpy^7TIGER
3 Xen_Crypt ctf_dantooine_v3 2025-07-27_18-03-24.dm_26.dm_meta,103727,00:00:13.204,90956,1305587,MOD_ROCKET_SPLASH,bad,False,0.2,0.30666666666666664,0.10024787931835129,0.2848617233100356,0.19139717519283295,-0.8325325085067157,0.15776053951935542,0.4,0.2220699731902369,0.3759814091856281,4.249128341674805,0.12876147031784058,7.521985054016113,227.93894958496094,180.0,127,0,399,452.0,165.0,505.0,,,341.0,65.0,^3Xen_Crypt,^7notspec
3 Xen_Crypt ctf_dantooine_v3 2025-07-27_18-03-24.dm_26.dm_meta,105146,00:00:14.623,90956,1305587,MOD_ROCKET_SPLASH,bad,False,0.19666666666666666,0.23666666666666666,0.1111064880064626,0.21831513560794819,0.07428471744060516,-0.7817808639389421,0.159052364191684,0.2,0.09242240551636124,0.3941058195174053,0.0,0.0,0.582275390625,17.64470863342285,235.0,192,109,250,351.0,421.0,388.0,,,617.0,279.0,^3Xen_Crypt,^2b^0anana
3 Xen_Crypt ctf_dantooine_v3 2025-07-27_18-03-24.dm_26.dm_meta,128972,00:00:38.449,90956,1305587,MOD_BOWCASTER,bad,False,,,,,,,,,,,20.43104362487793,0.08844607323408127,44.761085510253906,1356.396484375,108.0,123,0,323,1127.0,205.0,1022.0,66.0,-6.0,552.0,131.0,^3Xen_Crypt,^7notspec
3 Xen_Crypt ctf_dantooine_v3 2025-07-27_18-03-24.dm_26.dm_meta,145142,00:00:54.619,90956,1305587,MOD_REPEATER_ALT,bad,False,0.15,0.20333333333333334,0.030925374443840848,0.08257324448818454,0.03140110522508621,-1.1601807450658375,0.09668341434380329,0.6,8.121942693606918e-15,0.006540276145271455,22.21685791015625,0.1122063547372818,22.21685791015625,673.2380981445312,118.0,398,10,473,569.0,305.0,488.0,66.0,-6.0,799.0,593.0,^3Xen_Crypt,^7notspec
3 Xen_Crypt ctf_dantooine_v3 2025-07-27_18-03-24.dm_26.dm_meta,172400,00:01:21.877,90956,1305587,MOD_SABER,bad,True,,,,,,,,,,,34.55496597290039,0.523560106754303,148.88772583007812,4511.74951171875,36.0,156,0,272,187.0,0.0,186.0,,,4.0,0.0,^3Xen_Crypt,^7notspec
3 Xen_Crypt ctf_dantooine_v3 2025-07-27_18-03-24.dm_26.dm_meta,179891,00:01:29.368,90956,1305587,MOD_ROCKET_SPLASH,bad,False,0.06666666666666667,0.08333333333333333,0.0621827747729491,0.04859004720558176,0.00018997880397364497,-1.0030857303159357,0.11953458790157623,0.0,2.5712016809960917e-12,0.3380138931561893,0.0,0.0,11.737833023071289,355.6919250488281,97.0,373,67,618,643.0,220.0,433.0,,,1072.0,522.0,^3Xen_Crypt,^2b^0anana
3 Xen_Crypt ctf_dantooine_v3 2025-07-27_18-03-24.dm_26.dm_meta,186128,00:01:35.605,90956,1305587,MOD_ROCKET,bad,False,0.17666666666666667,0.05333333333333334,0.004559332775799486,0.003870847533801418,0.0015423885779455304,-1.8486036789732976,0.04961197507881504,0.2,6.527958245824575e-17,0.021399864921986648,39.34474563598633,0.14903312921524048,39.34474563598633,1192.2650146484375,43.0,208,253,162,292.0,280.0,237.0,33.0,-53.0,18.0,0.0,^3Xen_Crypt,^7notspec
3 Xen_Crypt ctf_dantooine_v3 2025-07-27_18-03-24.dm_26.dm_meta,204575,00:01:54.052,90956,1305587,MOD_ROCKET_SPLASH,bad,True,0.15666666666666668,0.18666666666666668,0.048725089591994813,0.1241167235327964,0.021352913230657578,-1.0745702531654788,0.10765777261335392,0.2,0.010678243475767466,3.496759795791608e-05,63.97896957397461,0.2769652307033539,83.46713256835938,2529.30712890625,98.0,533,92,501,459.0,146.0,253.0,,,200.0,0.0,^3Xen_Crypt,^2b^0anana
3 Xen_Crypt ctf_dantooine_v3 2025-07-27_18-03-24.dm_26.dm_meta,239951,00:02:29.428,90956,1305587,MOD_THERMAL_SPLASH,bad,False,,,,,,,,,,,0.0,0.0,7.6409912109375,231.54519653320312,285.0,566,361,477,637.0,143.0,631.0,,,282.0,0.0,^3Xen_Crypt,^7notspec
3 Xen_Crypt ctf_dantooine_v3 2025-07-27_18-03-24.dm_26.dm_meta,351623,00:04:21.100,90956,1305587,MOD_DET_PACK_SPLASH,bad,False,,,,,,,,,,,0.6783556938171387,0.002936604665592313,0.6783556938171387,20.556232452392578,157.0,0,0,376,676.0,487.0,288.0,,,431.0,8.0,^3Xen_Crypt,^2b^0anana
3 Xen_Crypt ctf_dantooine_v3 2025-07-27_18-03-24.dm_26.dm_meta,386108,00:04:55.585,90956,1305587,MOD_ROCKET_SPLASH,bad,False,0.2633333333333333,0.35333333333333333,0.1644860808865303,0.288610742355755,0.17675912380218506,-0.6185164325871741,0.19086921699650775,0.4,1.2206269889260605e-05,0.19151424867993222,4.845733642578125,0.03671010211110115,123.4181900024414,3739.945068359375,93.0,118,92,362,542.0,370.0,649.0,,,217.0,27.0,^3Xen_Crypt,^7notspec
3 Xen_Crypt ctf_dantooine_v3 2025-07-27_18-03-24.dm_26.dm_meta,407558,00:05:17.035,90956,1305587,MOD_ROCKET_SPLASH,bad,True,0.16333333333333333,0.23666666666666666,0.05193337686069159,0.10542285509630589,0.19784805178642273,-1.055523283925858,0.11246753334373882,0.2,0.00046887753553642427,1.864526381472708e-08,72.27732849121094,0.4380444288253784,111.28179168701172,3372.175537109375,89.0,307,123,418,371.0,185.0,368.0,,,171.0,0.0,^3Xen_Crypt,^7notspec
3 Xen_Crypt ctf_dantooine_v3 2025-07-27_18-03-24.dm_26.dm_meta,436400,00:05:45.877,90956,1305587,MOD_SABER,bad,False,,,,,,,,,,,0.0,0.0,43.022499084472656,1303.712158203125,38.0,368,0,321,254.0,0.0,213.0,,,8.0,0.0,^3Xen_Crypt,^7notspec
3 Xen_Crypt ctf_dantooine_v3 2025-07-27_18-03-24.dm_26.dm_meta,439832,00:05:49.309,90956,1305587,MOD_REPEATER_ALT_SPLASH,bad,False,0.19666666666666666,0.2,0.12546370813916755,0.1450169646138528,0.003572470508515835,-0.736132221377074,0.1668428333474821,0.0,3.97820296132647e-06,0.4575120064716048,0.0,0.0,17.257455825805664,522.9531860351562,233.0,198,227,283,290.0,437.0,454.0,,,367.0,278.0,^3Xen_Crypt,^2b^0anana
3 Xen_Crypt ctf_dantooine_v3 2025-07-27_18-03-24.dm_26.dm_meta,463163,00:06:12.640,90956,1305587,MOD_REPEATER_ALT,bad,False,0.27666666666666667,0.3466666666666667,0.42878991811750844,0.14664432739445213,0.012869779951870441,-0.05296805515401792,0.4074741171804572,0.0,0.08893165378803337,0.8326626685237332,0.0,0.0,1.189469814300537,36.04454040527344,412.0,0,0,420,625.0,238.0,453.0,363.0,35.0,168.0,58.0,^3Xen_Crypt,^2b^0anana
3 Xen_Crypt ctf_dantooine_v3 2025-07-27_18-03-24.dm_26.dm_meta,471149,00:06:20.626,90956,1305587,MOD_REPEATER_ALT_SPLASH,bad,False,0.23666666666666666,0.20333333333333334,0.08133009717512263,0.1036453872707132,0.2238674759864807,-0.9080574952697364,0.13691036899839729,0.2,0.03357413803024866,0.20707093380309524,0.44518357515335083,0.0067452057264745235,4.87288236618042,147.66310119628906,133.0,204,1,198,350.0,78.0,247.0,,,87.0,0.0,^3Xen_Crypt,^7notspec
3 Xen_Crypt ctf_dantooine_v3 2025-07-27_18-03-24.dm_26.dm_meta,503555,00:06:53.032,90956,1305587,MOD_REPEATER_ALT_SPLASH,bad,False,0.17333333333333334,0.15333333333333332,0.06406184880771662,0.09881676484871853,0.016231423243880272,-0.9875196995213911,0.12135311959746826,0.2,0.022449293805451007,0.3400011411535329,0.0,0.0,24.616579055786133,745.9569702148438,92.0,147,10,307,421.0,40.0,376.0,,,869.0,397.0,^3Xen_Crypt,^2b^0anana
3 Xen_Crypt ctf_dantooine_v3 2025-07-27_18-03-24.dm_26.dm_meta,525137,00:07:14.614,90956,1305587,MOD_REPEATER_ALT_SPLASH,bad,False,0.12666666666666668,0.22333333333333333,0.14582856741514014,0.0799179156498607,0.0017391862347722054,-0.6757450224227405,0.18532357745449632,0.0,8.82495142869628e-08,0.4601274189545696,1.0955798625946045,0.03319938853383064,21.13185691833496,640.3593139648438,270.0,634,370,581,523.0,55.0,636.0,,,104.0,0.0,^3Xen_Crypt,^2b^0anana
3 Xen_Crypt ctf_dantooine_v3 2025-07-27_18-03-24.dm_26.dm_meta,581039,00:08:10.516,90956,1305587,MOD_BOWCASTER,bad,False,,,,,,,,,,,7.15615701675415,0.030979035422205925,62.26384353637695,1886.783203125,586.0,504,153,439,575.0,3.0,426.0,561.0,-1.0,53.0,0.0,^3Xen_Crypt,^7notspec
3 Xen_Crypt ctf_dantooine_v3 2025-07-27_18-03-24.dm_26.dm_meta,594272,00:08:23.749,90956,1305587,MOD_REPEATER_ALT,bad,False,0.15333333333333332,0.2,0.10581547234040548,0.03191171407085168,0.03841952607035637,-0.7534795202127551,0.17151207041300887,0.4,1.0456673628742499e-16,0.12703571661167828,15.420989990234375,0.11682568490505219,47.872825622558594,1450.691650390625,143.0,407,110,578,701.0,47.0,505.0,132.0,32.0,255.0,104.0,^3Xen_Crypt,^7notspec
3 Xen_Crypt ctf_dantooine_v3 2025-07-27_18-03-24.dm_26.dm_meta,661658,00:09:31.135,90956,1305587,MOD_REPEATER_ALT_SPLASH,bad,False,0.14666666666666667,0.22,0.13196024121668085,0.2525984291449262,0.04817469045519829,-0.7074582316707516,0.1838595007531045,0.0,0.003167010511328567,0.47263611000881317,0.08942223340272903,0.0013548823771998286,6.428337574005127,194.79811096191406,385.0,143,0,391,245.0,112.0,469.0,,,329.0,281.0,^3Xen_Crypt,^2b^0anana
3 Xen_Crypt ctf_dantooine_v3 2025-07-27_18-03-24.dm_26.dm_meta,779963,00:11:29.440,90956,1305587,MOD_CONC,bad,False,,,,,,,,,,,1.9854350090026855,0.020054899156093597,12.677437782287598,384.164794921875,348.0,301,187,493,712.0,401.0,475.0,99.0,-9.0,109.0,4.0,^3Xen_Crypt,^2b^0anana
3 Xen_Crypt ctf_dantooine_v3 2025-07-27_18-03-24.dm_26.dm_meta,809234,00:11:58.711,90956,1305587,MOD_REPEATER_ALT_SPLASH,bad,False,0.26666666666666666,0.20666666666666667,0.06075073058732173,0.1449183822899486,0.013919942080974579,-1.0124757794167076,0.12000304693902027,0.2,4.91669749646519e-07,0.07537071183409401,9.12490463256836,0.13825613260269165,72.2822494506836,2190.37109375,98.0,734,102,682,528.0,66.0,364.0,,,123.0,0.0,^3Xen_Crypt,^7notspec
3 Xen_Crypt ctf_dantooine_v3 2025-07-27_18-03-24.dm_26.dm_meta,819167,00:12:08.644,90956,1305587,MOD_DET_PACK_SPLASH,bad,True,,,,,,,,,,,1.5271093845367432,0.011569010093808174,1.5271093845367432,46.27604293823242,216.0,932,154,905,649.0,314.0,358.0,,,867.0,226.0,^3Xen_Crypt,^2b^0anana
3 Xen_Crypt ctf_dantooine_v3 2025-07-27_18-03-24.dm_26.dm_meta,848108,00:12:37.585,90956,1305587,MOD_BRYAR_PISTOL_ALT,bad,False,0.12666666666666668,0.19,0.11260198495602654,0.04612457145999246,0.034234460443258286,-0.7424798333761103,0.4774250376025912,0.2,1.216768196866212e-09,0.10165106564974065,12.5551118850708,0.12681931257247925,14.545663833618164,440.7776794433594,57.0,488,6,317,662.0,104.0,329.0,,,339.0,108.0,^3Xen_Crypt,^2b^0anana
3 Xen_Crypt ctf_dantooine_v3 2025-07-27_18-03-24.dm_26.dm_meta,991064,00:15:00.541,90956,1305587,MOD_FALLING,bad,False,,,,,,,,,,,0.0,0.0,9.001930236816406,272.7857666015625,973.0,462,66,470,0.0,1.0,8.0,,,0.0,0.0,^3Xen_Crypt,^2b^0anana
3 Xen_Crypt ctf_dantooine_v3 2025-07-27_18-03-24.dm_26.dm_meta,1055216,00:16:04.693,90956,1305587,MOD_DET_PACK_SPLASH,bad,False,,,,,,,,,,,0.13765829801559448,0.001042865915223956,8.560269355773926,259.402099609375,131.0,0,0,355,1017.0,161.0,426.0,,,476.0,0.0,^3Xen_Crypt,^2b^0anana
3 Xen_Crypt ctf_dantooine_v3 2025-07-27_18-03-24.dm_26.dm_meta,1072112,00:16:21.589,90956,1305587,MOD_BOWCASTER,bad,False,,,,,,,,,,,0.0,0.0,125.67659759521484,3808.3818359375,69.0,427,0,458,523.0,23.0,347.0,66.0,-6.0,45.0,0.0,^3Xen_Crypt,^7notspec
3 Xen_Crypt ctf_dantooine_v3 2025-07-27_18-03-24.dm_26.dm_meta,1104221,00:16:53.698,90956,1305587,MOD_BRYAR_PISTOL_ALT,bad,False,0.20666666666666667,0.21333333333333335,0.08223122821960545,0.039528484961119534,0.011367816478013992,-0.9157403494887699,0.44060546245973525,0.2,4.707946733664228e-09,0.13193248620042933,10.084325790405273,0.1018618792295456,19.206212997436523,582.0064697265625,197.0,785,0,891,400.0,142.0,0.0,231.0,-19.0,71.0,0.0,^3Xen_Crypt,^2b^0anana
3 Xen_Crypt ctf_dantooine_v3 2025-07-27_18-03-24.dm_26.dm_meta,1141049,00:17:30.526,90956,1305587,MOD_CONC,bad,False,,,,,,,,,,,4.109477996826172,0.1245296373963356,13.876710891723633,420.5063781738281,220.0,340,3,282,241.0,112.0,254.0,,,79.0,0.0,^3Xen_Crypt,^7notspec
3 Xen_Crypt ctf_dantooine_v3 2025-07-27_18-03-24.dm_26.dm_meta,1153985,00:17:43.462,90956,1305587,MOD_ROCKET_SPLASH,bad,False,0.21,0.2733333333333333,0.09848420890946437,0.13747865040593987,0.12625378370285034,-0.8292122215903281,0.1470724453414021,0.2,0.002477528493332466,0.2347287140446007,0.0,0.0,74.38160705566406,2253.988037109375,70.0,173,125,250,559.0,202.0,329.0,,,216.0,0.0,^3Xen_Crypt,^7notspec
3 Xen_Crypt ctf_dantooine_v3 2025-07-27_18-03-24.dm_26.dm_meta,1156625,00:17:46.102,90956,1305587,MOD_ROCKET_SPLASH,bad,True,0.17,0.09666666666666666,0.07736750700112759,0.12125000164337502,0.05241958051919937,-0.9159495756880061,0.1388021809459016,0.0,0.00034969900853437354,0.000399187632404498,10.127406120300293,0.3068910837173462,147.8400421142578,4480.00146484375,150.0,343,94,234,296.0,163.0,324.0,,,138.0,0.0,^3Xen_Crypt,^2b^0anana
3 Xen_Crypt ctf_dantooine_v3 2025-07-27_18-03-24.dm_26.dm_meta,1201703,00:18:31.180,90956,1305587,MOD_BLASTER,bad,False,0.4866666666666667,0.6,0.7172310815844528,0.9687505029877232,0.3860774338245392,0.28509209951512504,0.6735492959694348,0.6,8.61400215006197e-15,0.9525725193697825,0.13511396944522858,0.00409436272457242,0.937466025352478,28.408061981201172,816.0,663,67,622,147.0,30.0,690.0,,,42.0,15.0,^3Xen_Crypt,^2b^0anana
3 Xen_Crypt ctf_dantooine_v3 2025-07-27_18-03-24.dm_26.dm_meta,1210976,00:18:40.453,90956,1305587,MOD_REPEATER_ALT_SPLASH,bad,False,0.31,0.32666666666666666,0.08780884496114531,0.14627271128116423,0.8959689736366272,-0.8775039227705781,0.1382574917466405,0.2,0.022992464656482504,0.21579219574979905,0.0,0.0,39.746864318847656,1204.450439453125,55.0,176,71,164,400.0,79.0,326.0,,,104.0,0.0,^3Xen_Crypt,^7notspec
3 Xen_Crypt ctf_illimiran_v2 2025-07-27_18-28-44.dm_26.dm_meta,134054,00:00:14.128,120359,1170716,MOD_BRYAR_PISTOL_ALT,bad,False,0.14333333333333334,0.21,0.1858854496238589,0.03889680309087021,0.009990368969738483,-0.5936124114551492,0.4974157225035838,0.0,2.1866988910534615e-20,0.006619499725363834,8.467761993408203,0.2565988600254059,25.26683807373047,765.6617431640625,202.0,430,0,627,843.0,68.0,491.0,132.0,-9.0,41.0,0.0,^3Xen_Crypt,^7enab
3 Xen_Crypt ctf_illimiran_v2 2025-07-27_18-28-44.dm_26.dm_meta,207644,00:01:27.718,120359,1170716,MOD_BRYAR_PISTOL_ALT,bad,False,0.2833333333333333,0.36333333333333334,0.8098282812789489,0.07110634239948699,0.10646918416023254,0.5746343531569731,0.48617753890429666,0.6,0.999660744787725,0.958079585660719,0.0,0.0,0.6073859333992004,18.4056339263916,1700.0,353,28,344,515.0,43.0,374.0,858.0,5.0,79.0,0.0,^3Xen_Crypt,^7base_def^6.^7tf
3 Xen_Crypt ctf_illimiran_v2 2025-07-27_18-28-44.dm_26.dm_meta,323606,00:03:23.680,120359,1170716,MOD_REPEATER_ALT_SPLASH,bad,False,0.19,0.22666666666666666,0.08404590406640798,0.21980451872126497,0.7360087037086487,-0.8953204803497109,0.13940691240194844,0.4,8.797145094725826e-06,0.4251058280490942,2.6975014209747314,0.027247488498687744,13.565593719482422,411.07861328125,115.0,452,20,486,355.0,70.0,467.0,,,81.0,0.0,^3Xen_Crypt,^7base_def^6.^7tf
3 Xen_Crypt ctf_illimiran_v2 2025-07-27_18-28-44.dm_26.dm_meta,335090,00:03:35.164,120359,1170716,MOD_ROCKET_SPLASH,bad,False,0.20666666666666667,0.20333333333333334,0.06300625264513526,0.05990649921559697,0.0903802216053009,-1.0054493770679898,0.11890458661565188,0.4,0.0005583031051299305,0.0314240918340515,18.076894760131836,0.182594895362854,31.084875106811523,941.9659423828125,102.0,255,271,140,426.0,118.0,176.0,,,147.0,0.0,^3Xen_Crypt,^7enab
3 Xen_Crypt ctf_illimiran_v2 2025-07-27_18-28-44.dm_26.dm_meta,584933,00:07:45.007,120359,1170716,MOD_ROCKET_SPLASH,bad,True,0.18333333333333332,0.3,0.06025280606571604,0.14711339624512193,0.01803070306777954,-1.0221031642190135,0.11930139518662751,0.2,0.07225803497345662,6.927754520189182e-05,26.02292823791504,0.39428678154945374,76.50568389892578,2318.35400390625,86.0,464,118,238,346.0,309.0,306.0,,,254.0,31.0,^3Xen_Crypt,^7notspec
3 Xen_Crypt ctf_illimiran_v2 2025-07-27_18-28-44.dm_26.dm_meta,634565,00:08:34.639,120359,1170716,MOD_REPEATER_ALT_SPLASH,bad,False,0.11,0.14666666666666667,0.058061537149403014,0.2070534276002156,0.02213488519191742,-1.0302553637494594,0.1157727163315152,0.0,0.00194364968269776,0.2526826008286581,2.562394618988037,0.07764831930398941,43.98719787597656,1332.9454345703125,86.0,433,29,396,117.0,55.0,351.0,,,18.0,0.0,^3Xen_Crypt,^7enab
3 Xen_Crypt ctf_illimiran_v2 2025-07-27_18-28-44.dm_26.dm_meta,797189,00:11:17.263,120359,1170716,MOD_BRYAR_PISTOL_ALT,bad,False,0.21333333333333335,0.26,0.11723278468493477,0.04017112241712193,0.014319777488708496,-0.8276437945565566,0.456034422734448,0.6,2.4238485552516068e-14,0.7980166944120214,0.0,0.0,0.6542171835899353,19.82476234436035,173.0,503,81,502,675.0,653.0,397.0,132.0,-33.0,218.0,100.0,^3Xen_Crypt,^7TheGuy
3 Xen_Crypt ctf_illimiran_v2 2025-07-27_18-28-44.dm_26.dm_meta,801116,00:11:21.190,120359,1170716,MOD_BRYAR_PISTOL_ALT,bad,True,0.19333333333333333,0.28,0.30447982906153265,0.17755655627486472,0.07043489068746567,-0.36829415137941635,0.4481575208129163,0.6,0.9983427054804705,2.6257656800621282e-17,18.243064880371094,0.5528201460838318,100.61351013183594,3048.894287109375,99.0,788,23,874,799.0,160.0,374.0,33.0,13.0,470.0,86.0,^3Xen_Crypt,^7base_def^6.^7tf
3 Xen_Crypt ctf_illimiran_v2 2025-07-27_18-28-44.dm_26.dm_meta,813260,00:11:33.334,120359,1170716,MOD_BRYAR_PISTOL_ALT,bad,False,0.13333333333333333,0.13666666666666666,0.11250085020625822,0.004754796324135135,0.00185261236038059,-0.7764480296791484,0.5158628921798155,0.2,0.010201127227858799,0.008789124656541919,6.365612983703613,0.19289736449718475,69.96954345703125,2120.289306640625,71.0,112,0,520,277.0,28.0,383.0,33.0,-3.0,11.0,0.0,^3Xen_Crypt,^7enab
3 Xen_Crypt ctf_illimiran_v2 2025-07-27_18-28-44.dm_26.dm_meta,846821,00:12:06.895,120359,1170716,MOD_REPEATER_ALT_SPLASH,bad,False,0.11333333333333333,0.10333333333333333,0.11150865300862657,0.15883492624708215,0.019125157967209816,-0.7785434726264909,0.16528717056423756,0.0,0.06753065466758351,0.28580324117019373,2.6055033206939697,0.07895464450120926,54.2044563293457,1642.559326171875,243.0,388,0,373,540.0,58.0,333.0,,,112.0,0.0,^3Xen_Crypt,^7base_def^6.^7tf
3 Xen_Crypt ctf_illimiran_v2 2025-07-27_18-28-44.dm_26.dm_meta,949418,00:13:49.492,120359,1170716,MOD_ROCKET_SPLASH,bad,False,0.08666666666666667,0.11666666666666667,0.11160723683404633,0.3005480493753856,0.11163248866796494,-0.7831289880845711,0.16101198035791395,0.0,0.00484009352417578,0.4836297781261204,0.0,0.0,29.089210510253906,881.4912109375,146.0,324,0,445,631.0,146.0,441.0,,,285.0,0.0,^3Xen_Crypt,^7base_def^6.^7tf
3 Xen_Crypt ctf_illimiran_v2 2025-07-27_18-28-44.dm_26.dm_meta,976478,00:14:16.552,120359,1170716,MOD_DISRUPTOR,bad,False,0.03,0.016666666666666666,0.00875605202031782,0.0003606959220650753,0.009825159795582294,-1.2051655964644767,0.05996883297839736,0.0,8.487133650065386e-122,9.00262815335944e-16,6.616481304168701,0.10024971514940262,25.27336311340332,765.8594970703125,122.0,360,313,338,417.0,244.0,482.0,,,86.0,44.0,^3Xen_Crypt,^7enab
3 Xen_Crypt ctf_illimiran_v2 2025-07-27_18-28-44.dm_26.dm_meta,999776,00:14:39.850,120359,1170716,MOD_SABER,bad,True,,,,,,,,,,,49.245574951171875,0.7461450695991516,108.26740264892578,3280.830322265625,42.0,399,0,380,197.0,0.0,238.0,,,5.0,0.0,^3Xen_Crypt,^7notspec
3 Xen_Crypt ctf_illimiran_v2 2025-07-27_18-28-44.dm_26.dm_meta,1091351,00:16:11.425,120359,1170716,MOD_REPEATER_ALT,bad,False,0.14,0.09333333333333334,0.00914424103754449,0.025297778458813903,0.0372665673494339,-1.5066508283936495,0.0486542200914481,0.2,1.3576327946218983e-07,7.719903376695392e-09,37.925994873046875,0.1436590701341629,37.925994873046875,1149.2725830078125,158.0,361,0,497,174.0,63.0,346.0,132.0,-10.0,3.0,0.0,^3Xen_Crypt,^7enab
3 Xen_Crypt ctf_illimiran_v2 2025-07-27_18-28-44.dm_26.dm_meta,1122173,00:16:42.247,120359,1170716,MOD_ROCKET_SPLASH,bad,False,0.2966666666666667,0.22666666666666666,0.18661630992256617,0.22893721521230814,0.09227260947227478,-0.5483072849218336,0.2177441987876939,0.4,0.18145026140073048,0.44974496481036264,0.45047295093536377,0.01365069579333067,63.04710006713867,1910.5181884765625,520.0,381,145,391,372.0,305.0,410.0,,,386.0,70.0,^3Xen_Crypt,^7TheGuy
3 Xen_Crypt mpctf_kejim 2025-07-27_17-11-04.dm_26.dm_meta,115941,00:00:15.283,101091,1315722,MOD_ROCKET_SPLASH,bad,False,0.21666666666666667,0.25333333333333335,0.10081051219899984,0.12665716045379177,0.3663997948169708,-0.8208728558510855,0.15413653180705775,0.2,1.6854250275036581e-06,0.45478924733517345,1.8676273822784424,0.011318953707814217,27.916425704956055,845.9522705078125,173.0,221,20,451,257.0,212.0,509.0,,,139.0,0.0,^3Xen_Crypt,^7lg
3 Xen_Crypt mpctf_kejim 2025-07-27_17-11-04.dm_26.dm_meta,239724,00:02:19.066,101091,1315722,MOD_REPEATER_ALT,bad,False,0.09,0.09666666666666666,0.02401719566020638,0.025479962094440173,0.008585960604250431,-1.1565114259151204,0.09206093510268938,0.0,1.4006957772313938e-07,0.20055077812347402,11.627196311950684,0.08808481693267822,21.867834091186523,662.66162109375,145.0,298,111,338,166.0,56.0,177.0,66.0,5.0,3.0,1.0,^3Xen_Crypt,^7lg
3 Xen_Crypt mpctf_kejim 2025-07-27_17-11-04.dm_26.dm_meta,277509,00:02:56.851,101091,1315722,MOD_ROCKET_SPLASH,bad,False,0.19333333333333333,0.20333333333333334,0.06452100301424937,0.12148549908963228,0.06205299496650696,-0.990701228462376,0.12673686657223118,0.2,7.489686049423017e-11,0.1926864516662787,0.0,0.0,73.56656646728516,2229.289794921875,81.0,103,27,542,560.0,65.0,263.0,,,119.0,0.0,^3Xen_Crypt,^7lg
3 Xen_Crypt mpctf_kejim 2025-07-27_17-11-04.dm_26.dm_meta,300477,00:03:19.819,101091,1315722,MOD_FLECHETTE_ALT_SPLASH,bad,False,0.016666666666666666,0.09333333333333334,0.11341941959130447,0.002580560080433359,0.002244665753096342,-0.7253314622245106,0.1664398836436672,0.0,8.220306903272046e-09,0.3375175085843242,8.189586639404297,0.04963385686278343,24.153928756713867,731.937255859375,69.0,215,2,393,610.0,137.0,373.0,,,183.0,13.0,^3Xen_Crypt,^7fm
3 Xen_Crypt mpctf_kejim 2025-07-27_17-11-04.dm_26.dm_meta,497652,00:06:36.994,101091,1315722,MOD_REPEATER_ALT,bad,True,0.1,0.07666666666666666,0.02335606380301036,0.018548113814384044,0.007561398204416037,-1.1630451695203416,0.11270066399670159,0.0,1.2267198468136146e-12,0.003508942078621874,11.042939186096191,0.3346345126628876,21.155439376831055,641.0739135742188,78.0,343,82,201,350.0,102.0,210.0,,,24.0,0.0,^3Xen_Crypt,^7notspec
3 Xen_Crypt mpctf_kejim 2025-07-27_17-11-04.dm_26.dm_meta,532632,00:07:11.974,101091,1315722,MOD_ROCKET_SPLASH,bad,False,0.17666666666666667,0.24333333333333335,0.21724746169095865,0.15465283341045216,0.0035182207357138395,-0.5092278147531785,0.2279637430552269,0.6,0.028707045123847228,0.537230071514744,0.0,0.0,0.3598756194114685,10.905322074890137,333.0,469,290,461,583.0,138.0,669.0,,,34.0,14.0,^3Xen_Crypt,^7notspec
3 Xen_Crypt mpctf_kejim 2025-07-27_17-11-04.dm_26.dm_meta,540849,00:07:20.191,101091,1315722,MOD_FLECHETTE_ALT_SPLASH,bad,False,0.06333333333333334,0.08333333333333333,0.10856635306264453,0.0027380979995717076,0.009759513661265373,-0.7462079018994064,0.1578359034538687,0.0,6.147851291446692e-05,0.48752158336069157,0.0,0.0,23.958213806152344,726.0064697265625,221.0,289,8,421,303.0,189.0,457.0,,,24.0,9.0,^3Xen_Crypt,^7lg
3 Xen_Crypt mpctf_kejim 2025-07-27_17-11-04.dm_26.dm_meta,554511,00:07:33.853,101091,1315722,MOD_FLECHETTE_ALT_SPLASH,bad,False,0.06666666666666667,0.19,0.19139952555642611,0.0009230304457718523,0.00208651227876544,-0.5659896534531514,0.16144014158108053,0.2,0.9999227534620198,0.5371086891999869,0.0,0.0,30.008277893066406,909.3417358398438,125.0,82,39,417,707.0,67.0,499.0,,,487.0,173.0,^3Xen_Crypt,^7lg
3 Xen_Crypt mpctf_kejim 2025-07-27_17-11-04.dm_26.dm_meta,561243,00:07:40.585,101091,1315722,MOD_FLECHETTE_ALT_SPLASH,bad,True,0.21333333333333335,0.08666666666666667,0.053763609388104316,0.13600875698250697,0.07214268296957016,-0.9212968849446496,0.2364842249516388,0.0,4.474869038649713e-22,6.545189037193945e-08,86.08313751220703,0.6521449685096741,130.96726989746094,3968.705078125,72.0,344,12,514,137.0,46.0,220.0,,,2.0,0.0,^3Xen_Crypt,^7enab
3 Xen_Crypt mpctf_kejim 2025-07-27_17-11-04.dm_26.dm_meta,706014,00:10:05.356,101091,1315722,MOD_FLECHETTE_ALT_SPLASH,bad,False,0.12,0.11333333333333333,0.08978546231401555,0.001490570357006837,0.014892030507326126,-0.7377509004623402,0.1482084681927823,0.0,5.9539205935853536e-09,0.2109896737208186,0.0,0.0,64.85696411132812,1965.362548828125,35.0,532,478,649,298.0,177.0,262.0,,,124.0,83.0,^3Xen_Crypt,^7lg
3 Xen_Crypt mpctf_kejim 2025-07-27_17-11-04.dm_26.dm_meta,734889,00:10:34.231,101091,1315722,MOD_REPEATER_ALT,bad,False,0.07666666666666666,0.11666666666666667,0.07488340589086996,0.01879175334903531,0.0028026788495481014,-0.8786817980797887,0.1502349796052285,0.0,4.664363185657038e-22,0.6522055806315601,0.0,0.0,29.664016723632812,898.9096069335938,136.0,508,61,452,898.0,456.0,574.0,165.0,-17.0,283.0,118.0,^3Xen_Crypt,^7lg
3 Xen_Crypt mpctf_kejim 2025-07-27_17-11-04.dm_26.dm_meta,864678,00:12:44.020,101091,1315722,MOD_ROCKET_SPLASH,bad,False,0.043333333333333335,0.06,0.04690122896544621,0.04941453168023753,8.261871698778123e-05,-1.1015822088265244,0.09961270749664326,0.0,0.00165510555326893,0.05678861796585245,2.3408679962158203,0.07093539088964462,47.51784896850586,1439.934814453125,103.0,328,488,387,621.0,126.0,349.0,,,1683.0,1335.0,^3Xen_Crypt,^7enab
3 Xen_Crypt mpctf_kejim 2025-07-27_17-11-04.dm_26.dm_meta,900813,00:13:20.155,101091,1315722,MOD_ROCKET,bad,False,0.01,0.023333333333333334,0.011307949181273152,0.00915786525538446,4.2474159272387624e-05,-1.5912624458532443,0.06006815971651044,0.0,2.7246489776715437e-18,0.05961331011289895,14.10667896270752,0.07124585658311844,14.10667896270752,427.4751281738281,30.0,559,163,386,420.0,126.0,108.0,,,37.0,0.0,^3Xen_Crypt,^7notspec
3 Xen_Crypt mpctf_kejim 2025-07-27_17-11-04.dm_26.dm_meta,923319,00:13:42.661,101091,1315722,MOD_BRYAR_PISTOL_ALT,bad,False,0.26666666666666666,0.38666666666666666,0.4159559901370455,0.02384263714928318,0.023128146305680275,-0.11702462753020071,0.49246804414154727,0.4,0.0011784257283361165,0.766126382324377,7.827165126800537,0.04743736609816551,7.827165126800537,237.18682861328125,239.0,348,0,478,1184.0,305.0,724.0,165.0,3.0,1071.0,450.0,^3Xen_Crypt,^7enab
3 Xen_Crypt mpctf_kejim 2025-07-27_17-11-04.dm_26.dm_meta,936024,00:13:55.366,101091,1315722,MOD_FLECHETTE_ALT_SPLASH,bad,False,0.10666666666666667,0.08666666666666667,0.06326797513289671,0.0014666037632587378,0.004284803289920092,-0.8502118780042902,0.15125585674124734,0.2,2.6093638676503866e-19,0.045868893145656064,0.0,0.0,33.685813903808594,1020.7822265625,242.0,444,0,798,396.0,74.0,397.0,,,22.0,8.0,^3Xen_Crypt,^7lg
3 Xen_Crypt mpctf_kejim 2025-07-27_17-11-04.dm_26.dm_meta,997239,00:14:56.581,101091,1315722,MOD_THERMAL_SPLASH,bad,False,,,,,,,,,,,0.0,0.0,135.44175720214844,4104.2958984375,278.0,723,0,808,350.0,448.0,359.0,,,1821.0,1563.0,^3Xen_Crypt,^7notspec
3 Xen_Crypt mpctf_kejim 2025-07-27_17-11-04.dm_26.dm_meta,1069014,00:16:08.356,101091,1315722,MOD_FLECHETTE_ALT_SPLASH,bad,True,0.11,0.09666666666666666,0.23663526635463397,0.0016345995922360278,0.0035924825351685286,-0.552234874243184,0.224955431764149,0.0,4.830152174029568e-08,3.2030218464976645e-07,63.45037841796875,0.6409128904342651,99.26465606689453,3008.019775390625,106.0,264,12,273,937.0,528.0,607.0,,,156.0,18.0,^3Xen_Crypt,^7lg
3 Xen_Crypt mpctf_kejim 2025-07-27_17-11-04.dm_26.dm_meta,1135542,00:17:14.884,101091,1315722,MOD_ROCKET_SPLASH,bad,False,0.18333333333333332,0.19333333333333333,0.1203766543519512,0.036930003696715036,0.0431135930120945,-0.7545799758859852,0.16494548145970792,0.2,9.174837678748311e-08,0.4070687299129445,0.0,0.0,4.739390850067139,143.61790466308594,147.0,286,0,262,339.0,10.0,541.0,,,149.0,48.0,^3Xen_Crypt,^7notspec
3 Xen_Crypt mpctf_kejim 2025-07-27_17-11-04.dm_26.dm_meta,1204380,00:18:23.722,101091,1315722,MOD_FALLING,bad,False,,,,,,,,,,,0.0,0.0,2.5881197452545166,78.42787170410156,378.0,424,383,478,309.0,0.0,587.0,,,7.0,0.0,^3Xen_Crypt,^7lg
3 Xen_Crypt mpctf_kejim 2025-07-27_17-11-04.dm_26.dm_meta,1232133,00:18:51.475,101091,1315722,MOD_REPEATER_ALT_SPLASH,bad,False,0.08666666666666667,0.06,0.10327449042274114,0.07420302635717523,0.0023143719881772995,-0.7937148994933854,0.15336556608774896,0.0,3.3372004734218316e-06,0.03561681757989835,0.22548753023147583,0.006832955405116081,16.838787078857422,510.2662658691406,247.0,557,35,507,616.0,351.0,654.0,,,2005.0,1362.0,^3Xen_Crypt,^7lg
3 Xen_Crypt mpctf_kejim 2025-07-27_17-11-04.dm_26.dm_meta,1275330,00:19:34.672,101091,1315722,MOD_THERMAL_SPLASH,bad,False,,,,,,,,,,,0.0,0.0,0.9306820631027222,28.202486038208008,140.0,355,87,541,454.0,406.0,705.0,,,1890.0,1878.0,^3Xen_Crypt,^7lg
3 Xen_Crypt mpctf_paulking 2025-07-27_17-37-00.dm_26.dm_meta,111288,00:00:09.112,102609,1317240,MOD_ROCKET,bad,True,0.06666666666666667,0.09666666666666666,0.04938410173980802,0.020311259873709808,0.0039429678581655025,-1.0162181693877588,0.13433331317753103,0.2,2.349764520015995e-26,4.222505249247368e-07,103.05741119384766,0.3903689682483673,113.40696716308594,3436.57470703125,116.0,530,52,206,519.0,158.0,466.0,99.0,-18.0,59.0,0.0,^3Xen_Crypt,^7notspec
3 Xen_Crypt mpctf_paulking 2025-07-27_17-37-00.dm_26.dm_meta,114291,00:00:12.115,102609,1317240,MOD_ROCKET,bad,True,0.11333333333333333,0.16666666666666666,0.13144238092375038,0.05696281640488471,0.001558286719955504,-0.7304090971967543,0.1499904141248639,0.4,4.801522248220294e-05,0.005741744925342707,9.987558364868164,0.3026532828807831,73.1348648071289,2216.2080078125,237.0,333,0,405,293.0,275.0,352.0,165.0,52.0,383.0,184.0,^3Xen_Crypt,^7fm
3 Xen_Crypt mpctf_paulking 2025-07-27_17-37-00.dm_26.dm_meta,184845,00:01:22.669,102609,1317240,MOD_SABER,bad,False,,,,,,,,,,,0.0,0.0,0.0,0.0,55.0,437,0,369,352.0,288.0,363.0,,,309.0,22.0,^3Xen_Crypt,^7fm
3 Xen_Crypt mpctf_paulking 2025-07-27_17-37-00.dm_26.dm_meta,201840,00:01:39.664,102609,1317240,MOD_ROCKET_SPLASH,bad,False,0.24,0.31,0.10620717630476184,0.10819999155801012,0.2467469573020935,-0.7969397503154964,0.1539206231237294,0.2,5.183861904796556e-07,0.4600177301937644,0.0,0.0,33.219581604003906,1006.6539916992188,138.0,416,27,359,602.0,401.0,384.0,,,611.0,9.0,^3Xen_Crypt,^7notspec
3 Xen_Crypt mpctf_paulking 2025-07-27_17-37-00.dm_26.dm_meta,226491,00:02:04.315,102609,1317240,MOD_CONC,bad,False,,,,,,,,,,,7.631080150604248,0.038540810346603394,28.329681396484375,858.4752197265625,165.0,65,0,272,246.0,207.0,225.0,,,58.0,38.0,^3Xen_Crypt,^7fm
3 Xen_Crypt mpctf_paulking 2025-07-27_17-37-00.dm_26.dm_meta,235599,00:02:13.423,102609,1317240,MOD_ROCKET_SPLASH,bad,False,0.09666666666666666,0.10666666666666667,0.09729431178501895,0.05572569356759831,0.0010643271962180734,-0.8411085605248151,0.16043068984818756,0.0,2.459255278698632e-08,0.07109793764882663,18.4156551361084,0.1860167235136032,18.4156551361084,558.0501708984375,262.0,341,0,411,767.0,48.0,208.0,,,52.0,0.0,^3Xen_Crypt,^7fm
3 Xen_Crypt mpctf_paulking 2025-07-27_17-37-00.dm_26.dm_meta,247776,00:02:25.600,102609,1317240,MOD_ROCKET_SPLASH,bad,False,0.16,0.16,0.18217119411625163,0.13913796722295182,0.01623890921473503,-0.5793508342852722,0.20962377867203016,0.2,0.11624822416435501,0.5340670591631449,7.784656524658203,0.029487336054444313,13.37967586517334,405.4447326660156,277.0,323,0,353,623.0,57.0,583.0,,,235.0,51.0,^3Xen_Crypt,^7notspec
3 Xen_Crypt mpctf_paulking 2025-07-27_17-37-00.dm_26.dm_meta,261207,00:02:39.031,102609,1317240,MOD_CONC,bad,True,,,,,,,,,,,6.369934558868408,0.09651415795087814,147.43548583984375,4467.7421875,223.0,77,305,464,29.0,916.0,397.0,33.0,-86.0,137.0,137.0,^3Xen_Crypt,^7fm
3 Xen_Crypt mpctf_paulking 2025-07-27_17-37-00.dm_26.dm_meta,306351,00:03:24.175,102609,1317240,MOD_ROCKET_SPLASH,bad,True,0.22333333333333333,0.17333333333333334,0.12373807928088452,0.19830468828113187,0.06202593818306923,-0.7181360331871507,0.1688959723115684,0.4,0.0008911426277344927,0.027225250426027133,2.769758701324463,0.041966039687395096,174.70761108398438,5294.169921875,143.0,321,75,383,638.0,212.0,421.0,,,396.0,0.0,^3Xen_Crypt,^7notspec
3 Xen_Crypt mpctf_paulking 2025-07-27_17-37-00.dm_26.dm_meta,314799,00:03:32.623,102609,1317240,MOD_DISRUPTOR,bad,False,0.016666666666666666,0.016666666666666666,0.02332111873388221,0.0005317843350026735,0.010366043075919151,-0.964529468071255,0.06414772264078765,0.0,2.1357765813511728e-125,2.9561561595244077e-05,0.9228515625,0.013982599601149559,42.71430206298828,1294.372802734375,164.0,218,32,329,401.0,189.0,297.0,,,126.0,61.0,^3Xen_Crypt,^7fm
3 Xen_Crypt mpctf_paulking 2025-07-27_17-37-00.dm_26.dm_meta,347304,00:04:05.128,102609,1317240,MOD_ROCKET_SPLASH,bad,False,0.14333333333333334,0.27,0.09962551839601508,0.21357383249197917,0.008513053879141808,-0.8256919333959669,0.14934092921950487,0.0,2.14602930617095e-07,0.5512559314374978,1.29653799533844,0.013096343725919724,26.817453384399414,812.6500854492188,201.0,523,545,570,331.0,17.0,618.0,,,183.0,73.0,^3Xen_Crypt,^7fm
3 Xen_Crypt mpctf_paulking 2025-07-27_17-37-00.dm_26.dm_meta,492768,00:06:30.592,102609,1317240,MOD_ROCKET_SPLASH,bad,False,0.08333333333333333,0.17333333333333334,0.08789977006126189,0.14288882144062137,0.02340252324938774,-0.8702033340254833,0.14278103452652302,0.2,1.536384062701719e-05,0.3216146864589078,0.0,0.0,49.246883392333984,1492.329833984375,149.0,527,23,536,508.0,112.0,377.0,,,180.0,0.0,^3Xen_Crypt,^7fm
3 Xen_Crypt mpctf_paulking 2025-07-27_17-37-00.dm_26.dm_meta,505539,00:06:43.363,102609,1317240,MOD_ROCKET_SPLASH,bad,True,0.2833333333333333,0.25333333333333335,0.03185953706588676,0.13396404165260134,0.5240729451179504,-1.2760697294402739,0.1012411061625521,0.2,0.09549493335283336,8.733061039470013e-17,26.73980140686035,0.8102970123291016,106.70419311523438,3233.46044921875,118.0,206,91,307,237.0,296.0,221.0,,,192.0,0.0,^3Xen_Crypt,^7fm
3 Xen_Crypt mpctf_paulking 2025-07-27_17-37-00.dm_26.dm_meta,508443,00:06:46.267,102609,1317240,MOD_ROCKET_SPLASH,bad,False,0.14,0.2,0.1267427617053761,0.20238434137615052,0.09194782376289368,-0.7315586051442382,0.1764772624211668,0.0,0.00015005117433304342,0.2989272517927176,19.227157592773438,0.1165282279253006,19.227157592773438,582.64111328125,227.0,267,60,432,500.0,59.0,552.0,,,105.0,0.0,^3Xen_Crypt,^7notspec
3 Xen_Crypt mpctf_paulking 2025-07-27_17-37-00.dm_26.dm_meta,521379,00:06:59.203,102609,1317240,MOD_FLECHETTE,bad,False,,,,,,,,,,,0.0,0.0,26.737417221069336,810.2247924804688,384.0,410,307,474,583.0,421.0,597.0,99.0,-10.0,312.0,206.0,^3Xen_Crypt,^7enab
3 Xen_Crypt mpctf_paulking 2025-07-27_17-37-00.dm_26.dm_meta,537120,00:07:14.944,102609,1317240,MOD_ROCKET,bad,False,0.05,0.10333333333333333,0.14224673958822334,0.020368669349160262,0.0007255877135321498,-0.6659081755602507,0.1855227247100327,0.2,5.2837163330554665e-11,0.31728022285392166,1.109619140625,0.016812412068247795,31.982398986816406,969.1636352539062,205.0,403,14,386,785.0,45.0,577.0,264.0,-8.0,85.0,2.0,^3Xen_Crypt,^7fm
3 Xen_Crypt mpctf_paulking 2025-07-27_17-37-00.dm_26.dm_meta,576588,00:07:54.412,102609,1317240,MOD_BRYAR_PISTOL_ALT,bad,False,0.1,0.13666666666666666,0.006904314273934919,0.004053605407156834,0.0003956581640522927,-1.798079664859269,0.4477239210640021,0.4,2.727311589353554e-45,4.492440509374084e-11,30.1289119720459,0.1521662175655365,105.7702865600586,3205.16015625,100.0,395,247,601,423.0,511.0,307.0,66.0,-78.0,118.0,25.0,^3Xen_Crypt,^7fm
3 Xen_Crypt mpctf_paulking 2025-07-27_17-37-00.dm_26.dm_meta,586653,00:08:04.477,102609,1317240,MOD_SABER,bad,False,,,,,,,,,,,0.0,0.0,18.15690803527832,550.2093505859375,49.0,840,2,411,544.0,0.0,274.0,,,44.0,0.0,^3Xen_Crypt,^7notspec
3 Xen_Crypt mpctf_paulking 2025-07-27_17-37-00.dm_26.dm_meta,621072,00:08:38.896,102609,1317240,MOD_DET_PACK_SPLASH,bad,False,,,,,,,,,,,0.0,0.0,13.251799583435059,401.5696716308594,208.0,520,33,491,900.0,147.0,558.0,,,808.0,78.0,^3Xen_Crypt,^7fm
3 Xen_Crypt mpctf_paulking 2025-07-27_17-37-00.dm_26.dm_meta,635328,00:08:53.152,102609,1317240,MOD_SABER,bad,True,,,,,,,,,,,51.74681091308594,0.5226950645446777,155.4220428466797,4709.7587890625,69.0,343,0,321,250.0,0.0,214.0,,,8.0,0.0,^3Xen_Crypt,^7notspec
3 Xen_Crypt mpctf_paulking 2025-07-27_17-37-00.dm_26.dm_meta,652224,00:09:10.048,102609,1317240,MOD_DISRUPTOR,bad,False,0.006666666666666667,0.013333333333333334,0.06155757030255886,0.0006257300871393533,0.00535290502011776,-0.8048675464622466,0.068800347007614,0.0,8.330938127797697e-36,0.7649558936279313,0.0,0.0,1.9729714393615723,59.78701400756836,509.0,463,39,410,380.0,336.0,367.0,,,48.0,15.0,^3Xen_Crypt,^7fm
3 Xen_Crypt mpctf_paulking 2025-07-27_17-37-00.dm_26.dm_meta,663609,00:09:21.433,102609,1317240,MOD_DISRUPTOR,bad,False,0.013333333333333334,0.01,0.0167466614524605,0.0003606959220650753,0.007216508500277996,-1.0612378451792701,0.05923347120692805,0.0,5.852137284675387e-188,5.634971980102639e-120,18.29189109802246,0.13857492804527283,68.23786926269531,2067.814208984375,144.0,257,13,228,317.0,178.0,371.0,,,131.0,85.0,^3Xen_Crypt,^2b^0anana
3 Xen_Crypt mpctf_paulking 2025-07-27_17-37-00.dm_26.dm_meta,689811,00:09:47.635,102609,1317240,MOD_ROCKET_SPLASH,bad,False,0.07,0.07666666666666666,0.10712766918618499,0.09324091523434815,0.010642454028129578,-0.7898075258679613,0.16386147655801062,0.0,1.2657988267760556e-06,0.31414375268344774,0.0,0.0,14.122560501098633,427.9563903808594,342.0,318,0,351,215.0,136.0,301.0,,,74.0,4.0,^3Xen_Crypt,^7fm
3 Xen_Crypt mpctf_paulking 2025-07-27_17-37-00.dm_26.dm_meta,764226,00:11:02.050,102609,1317240,MOD_ROCKET_SPLASH,bad,False,0.20666666666666667,0.16666666666666666,0.06849217408264105,0.08549605044668444,0.008233029395341873,-0.9710726166882003,0.12936953829926925,0.2,0.05647180692055323,0.16690249364037593,2.9595513343811035,0.017936674878001213,11.940608024597168,361.83660888671875,150.0,12,0,222,221.0,45.0,219.0,,,26.0,0.0,^3Xen_Crypt,^7notspec
3 Xen_Crypt mpctf_paulking 2025-07-27_17-37-00.dm_26.dm_meta,900186,00:13:18.010,102609,1317240,MOD_ROCKET,bad,False,0.07333333333333333,0.10333333333333333,0.0726381226830374,0.004526604433756601,0.00044929725117981434,-0.9275551024510317,0.12871294814683149,0.2,3.1062179168914846e-30,0.09374553012508417,4.8017449378967285,0.04850247502326965,104.48316955566406,3166.15673828125,159.0,213,3,593,588.0,11.0,309.0,132.0,-1.0,34.0,0.0,^3Xen_Crypt,^7fm
3 Xen_Crypt mpctf_paulking 2025-07-27_17-37-00.dm_26.dm_meta,924309,00:13:42.133,102609,1317240,MOD_FALLING,bad,False,,,,,,,,,,,0.0,0.0,110.80033874511719,3357.5859375,90.0,424,0,347,152.0,0.0,536.0,,,3.0,0.0,^3Xen_Crypt,^7fm
3 Xen_Crypt mpctf_paulking 2025-07-27_17-37-00.dm_26.dm_meta,1021263,00:15:19.087,102609,1317240,MOD_ROCKET,bad,False,0.06,0.13333333333333333,0.1849933144121905,0.048611196274665106,0.003082641400396824,-0.5934455020183909,0.19371993901431572,0.0,5.593523159315987e-15,0.41319263887486335,2.0429623126983643,0.007738493382930756,20.622459411621094,624.9230346679688,111.0,131,176,284,706.0,217.0,521.0,99.0,26.0,122.0,62.0,^3Xen_Crypt,^7fm
3 Xen_Crypt mpctf_paulking 2025-07-27_17-37-00.dm_26.dm_meta,1082181,00:16:20.005,102609,1317240,MOD_ROCKET_SPLASH,bad,False,0.16833333333333333,0.13166666666666665,0.07342754489680359,0.08523790236124995,0.05171818286180496,-0.9447125002167897,0.13042755575397133,0.2,0.00033252013928684166,0.324481733274489,0.0,0.0,7.579105377197266,229.66986083984375,152.0,236,0,342,105.0,366.0,303.0,,,118.0,38.0,^3Xen_Crypt,^2b^0anana
3 Xen_Crypt mpctf_paulking 2025-07-27_17-37-00.dm_26.dm_meta,1109571,00:16:47.395,102609,1317240,MOD_ROCKET_SPLASH,bad,False,0.10666666666666667,0.18666666666666668,0.05124499420941888,0.17760623977879178,0.0017674311529845,-1.07563015888444,0.1111754521849506,0.0,4.436262056254303e-14,0.10451299705964924,17.336727142333984,0.10507107526063919,28.883594512939453,875.2604370117188,149.0,597,184,587,418.0,91.0,200.0,,,33.0,9.0,^3Xen_Crypt,^2b^0anana
3 Xen_Crypt mpctf_paulking 2025-07-27_17-37-00.dm_26.dm_meta,1148940,00:17:26.764,102609,1317240,MOD_ROCKET_SPLASH,bad,False,0.14333333333333334,0.17,0.04312150345567255,0.12489135783096217,0.01211050245910883,-1.1442079534901064,0.10047010102894893,0.2,8.368911241518327e-06,0.10965071349918405,14.666259765625,0.11110802739858627,17.082622528076172,517.6552124023438,42.0,234,40,284,224.0,60.0,163.0,,,55.0,3.0,^3Xen_Crypt,^2b^0anana
3 Xen_Crypt mpctf_paulking 2025-07-27_17-37-00.dm_26.dm_meta,1163592,00:17:41.416,102609,1317240,MOD_ROCKET,bad,True,0.05,0.043333333333333335,0.022813242481007648,0.01563944310510017,0.006139753386378288,-1.3306244215670373,0.07899314775971218,0.0,7.93175362387738e-18,0.0006239889465244821,35.315250396728516,0.3567197024822235,48.89897537231445,1481.787109375,30.0,435,271,348,366.0,49.0,462.0,,,39.0,2.0,^3Xen_Crypt,^7fm
3 Xen_Crypt mpctf_paulking 2025-07-27_17-37-00.dm_26.dm_meta,1254903,00:19:12.727,102609,1317240,MOD_DISRUPTOR,bad,True,0.11,0.22,0.10095077641884904,0.0016781641689524883,0.11879805475473404,-0.7385867420774248,0.07171341220838362,0.4,3.596798176054721e-60,0.9088535006119258,2.8955280780792236,0.04387163743376732,13.529985427856445,409.99957275390625,743.0,959,67,974,570.0,284.0,395.0,,,119.0,36.0,^3Xen_Crypt,^7fm
4 Xen_Crypt ctf_dantooine_v3 2025-08-23_19-52-42.dm_26.dm_meta,78977,00:00:23.698,55712,1270343,MOD_DISRUPTOR,bad,False,0.06666666666666667,0.016666666666666666,0.008624306281167364,0.0003606959220650753,0.011206929571926594,-1.1871592465529925,0.058550050524677814,0.0,2.5901161200651683e-106,2.880221470541307e-42,11.35985279083252,0.06884758919477463,36.24554443359375,1098.349853515625,393.0,317,350,318,357.0,0.0,485.0,,,14.0,0.0,^3Xen_Crypt,^2b^0anana
4 Xen_Crypt ctf_dantooine_v3 2025-08-23_19-52-42.dm_26.dm_meta,155174,00:01:39.895,55712,1270343,MOD_REPEATER_ALT,bad,False,0.12,0.1,0.009795279593115993,0.22127510665937145,0.005370046012103558,-1.466845621446054,0.057911039274921194,0.2,2.782901178773683e-13,0.05255801366127978,14.234368324279785,0.05391806364059448,14.234368324279785,431.344482421875,130.0,469,73,314,304.0,121.0,110.0,66.0,-22.0,18.0,3.0,^3Xen_Crypt,^7Jak of the Shadows
4 Xen_Crypt ctf_dantooine_v3 2025-08-23_19-52-42.dm_26.dm_meta,156824,00:01:41.545,55712,1270343,MOD_REPEATER_ALT_SPLASH,bad,False,0.13333333333333333,0.13666666666666666,0.05469915612686389,0.07265622089438915,0.003764634020626545,-1.0564429762666145,0.11046226173808965,0.0,6.783373178869394e-08,0.268423367171765,1.1243287324905396,0.008517641574144363,20.322715759277344,615.8399047851562,57.0,379,146,384,251.0,4.0,277.0,,,7.0,1.0,^3Xen_Crypt,^2b^0anana
4 Xen_Crypt ctf_dantooine_v3 2025-08-23_19-52-42.dm_26.dm_meta,195863,00:02:20.584,55712,1270343,MOD_REPEATER_ALT,bad,False,0.22333333333333333,0.25666666666666665,0.1917346692127925,0.036881121366991926,0.03127549961209297,-0.4395347730955289,0.25540001842042814,0.2,0.9993341454229289,0.46191491962984305,0.0,0.0,10.860074996948242,329.0931701660156,274.0,126,287,149,501.0,159.0,311.0,264.0,45.0,349.0,51.0,^3Xen_Crypt,^2b^0anana
4 Xen_Crypt ctf_dantooine_v3 2025-08-23_19-52-42.dm_26.dm_meta,302816,00:04:07.537,55712,1270343,MOD_FLECHETTE,bad,False,,,,,,,,,,,0.0,0.0,12.648643493652344,383.292236328125,233.0,576,14,440,545.0,276.0,504.0,66.0,4.0,82.0,25.0,^3Xen_Crypt,^2b^0anana
4 Xen_Crypt ctf_dantooine_v3 2025-08-23_19-52-42.dm_26.dm_meta,321494,00:04:26.215,55712,1270343,MOD_BOWCASTER,bad,False,,,,,,,,,,,0.0,0.0,14.590163230895996,442.12615966796875,135.0,493,0,832,956.0,289.0,648.0,,,1340.0,276.0,^3Xen_Crypt,^7wembyfan
4 Xen_Crypt ctf_dantooine_v3 2025-08-23_19-52-42.dm_26.dm_meta,392807,00:05:37.528,55712,1270343,MOD_BOWCASTER,bad,False,,,,,,,,,,,1.8711622953414917,0.01890062913298607,111.80125427246094,3387.916748046875,397.0,42,42,388,436.0,21.0,361.0,198.0,-8.0,34.0,0.0,^3Xen_Crypt,^2b^0anana
4 Xen_Crypt ctf_dantooine_v3 2025-08-23_19-52-42.dm_26.dm_meta,446696,00:06:31.417,55712,1270343,MOD_DET_PACK_SPLASH,bad,False,,,,,,,,,,,1.1514699459075928,0.00872325710952282,48.85945129394531,1480.5894775390625,79.0,246,343,188,773.0,80.0,305.0,,,176.0,11.0,^3Xen_Crypt,^2b^0anana
4 Xen_Crypt ctf_dantooine_v3 2025-08-23_19-52-42.dm_26.dm_meta,473888,00:06:58.609,55712,1270343,MOD_BRYAR_PISTOL_ALT,bad,False,0.20333333333333334,0.30333333333333334,0.23376751815595198,0.05184362544295382,0.006871980149298906,-0.46202583841782385,0.4510989744844509,0.4,1.9828131912432932e-14,0.9106676897727225,1.8331125974655151,0.013887216337025166,11.049263954162598,334.826171875,173.0,583,82,503,644.0,430.0,564.0,99.0,-22.0,237.0,128.0,^3Xen_Crypt,^7wembyfan
4 Xen_Crypt ctf_dantooine_v3 2025-08-23_19-52-42.dm_26.dm_meta,522662,00:07:47.383,55712,1270343,MOD_REPEATER_ALT_SPLASH,bad,False,0.21,0.27,0.05104531223261596,0.11461941985833218,0.14451882243156433,-1.0852529031077938,0.11299917772605217,0.2,0.0006914559373496356,0.10499974993166633,5.6800537109375,0.17212283611297607,39.20317840576172,1187.97509765625,91.0,211,0,373,173.0,133.0,283.0,,,66.0,0.0,^3Xen_Crypt,^2b^0anana
4 Xen_Crypt ctf_dantooine_v3 2025-08-23_19-52-42.dm_26.dm_meta,749900,00:11:34.621,55712,1270343,MOD_REPEATER_ALT,bad,False,0.22333333333333333,0.21666666666666667,0.1749467275396165,0.37496830024993644,0.1757933348417282,-0.5843586156161393,0.21898574354381473,0.2,0.0005632646697974252,0.3048588485364199,0.0,0.0,92.09382629394531,2790.721923828125,151.0,382,14,317,881.0,53.0,688.0,99.0,33.0,915.0,594.0,^3Xen_Crypt,^2b^0anana
4 Xen_Crypt ctf_dantooine_v3 2025-08-23_19-52-42.dm_26.dm_meta,873716,00:13:38.437,55712,1270343,MOD_REPEATER_ALT,bad,False,0.07,0.10666666666666667,0.05710210959558167,0.048307424756091046,0.0009520275634713471,-0.9706877378830865,0.13226115441140315,0.2,1.8875727611234156e-21,0.46452722989854567,0.8049687743186951,0.0243929922580719,43.79807662963867,1327.2144775390625,179.0,557,53,612,735.0,272.0,505.0,198.0,-16.0,204.0,63.0,^3Xen_Crypt,^2b^0anana
4 Xen_Crypt ctf_dantooine_v3 2025-08-23_19-52-42.dm_26.dm_meta,949484,00:14:54.205,55712,1270343,MOD_REPEATER_ALT_SPLASH,bad,False,0.24666666666666667,0.22666666666666666,0.147432656674387,0.13814182936327807,0.04625358060002327,-0.648760368775083,0.1828166272862198,0.2,2.4341565702449063e-05,0.08486242860579658,0.49465933442115784,0.003747419221326709,137.78030395507812,4175.16064453125,200.0,372,25,305,508.0,52.0,480.0,,,257.0,82.0,^3Xen_Crypt,^2b^0anana
4 Xen_Crypt ctf_dantooine_v3 2025-08-23_19-52-42.dm_26.dm_meta,989513,00:15:34.234,55712,1270343,MOD_ROCKET_SPLASH,bad,False,0.13333333333333333,0.24333333333333335,0.10135015884032625,0.11966840875360328,0.11034465581178665,-0.8183998208021697,0.15610796596007126,0.4,0.0005322474593386755,0.365594836974799,0.5648350715637207,0.0034232428297400475,14.123946189880371,427.9983825683594,238.0,426,0,435,465.0,175.0,310.0,,,129.0,0.0,^3Xen_Crypt,^7wembyfan
4 Xen_Crypt ctf_dantooine_v3 2025-08-23_19-52-42.dm_26.dm_meta,1007465,00:15:52.186,55712,1270343,MOD_ROCKET,bad,False,0.03666666666666667,0.06333333333333334,0.04048644203602331,0.01576980865297416,0.00023781388881616294,-1.1285409177953052,0.09818974258096702,0.0,2.2014932335611964e-29,0.011229166723309873,44.12287902832031,0.26741138100624084,49.72368240356445,1506.7783203125,45.0,599,97,929,536.0,288.0,453.0,,,577.0,117.0,^3Xen_Crypt,^2b^0anana
4 Xen_Crypt ctf_dantooine_v3 2025-08-23_19-52-42.dm_26.dm_meta,1254800,00:19:59.521,55712,1270343,MOD_FLECHETTE_ALT_SPLASH,bad,False,0.05333333333333334,0.09333333333333334,0.1488415705606413,0.0011372601114649657,0.009822080843150616,-0.6516489198798545,0.17057801508959633,0.0,4.856028298356444e-08,0.3663388999241633,11.502357482910156,0.0871390700340271,34.251651763916016,1037.9288330078125,87.0,162,8,305,590.0,262.0,407.0,,,290.0,53.0,^3Xen_Crypt,^2b^0anana
4 Xen_Crypt ctf_dantooine_v3 2025-10-05_21-22-26.dm_26.dm_meta,315587,00:00:10.630,305390,1838933,MOD_ROCKET_SPLASH,bad,False,0.17333333333333334,0.2833333333333333,0.06300581468510748,0.1095635239110415,0.018443476408720016,-0.9995205121679048,0.11549101920339229,0.0,9.423783072472178e-08,0.3702760987381979,0.0,0.0,52.01214599609375,1576.1256103515625,41.0,483,267,508,285.0,291.0,399.0,,,228.0,0.0,^3Xen_Crypt,^7hide the pain harold
4 Xen_Crypt ctf_dantooine_v3 2025-10-05_21-22-26.dm_26.dm_meta,354065,00:00:49.108,305390,1838933,MOD_REPEATER_ALT_SPLASH,bad,False,0.16666666666666666,0.12,0.103092272217721,0.12378697640192686,0.0226603951305151,-0.8191117147183002,0.1536164036490992,0.4,2.034200423345803e-07,0.38906455974518706,0.0,0.0,12.077559471130371,365.9866638183594,150.0,215,163,344,463.0,21.0,423.0,,,49.0,0.0,^3Xen_Crypt,^7hide the pain harold
4 Xen_Crypt ctf_dantooine_v3 2025-10-05_21-22-26.dm_26.dm_meta,363074,00:00:58.117,305390,1838933,MOD_BRYAR_PISTOL_ALT,bad,False,0.13333333333333333,0.10666666666666667,0.11935449074805213,0.009136932378318162,0.0031940769404172897,-0.7416141113001127,0.5066671288800465,0.4,0.00022954241146972424,0.6497517641367844,0.0,0.0,41.860626220703125,1268.5037841796875,92.0,218,0,255,535.0,22.0,398.0,33.0,-3.0,51.0,0.0,^3Xen_Crypt,^7lg
4 Xen_Crypt ctf_dantooine_v3 2025-10-05_21-22-26.dm_26.dm_meta,515831,00:02:36.820,305390,1838933,MOD_FLECHETTE_ALT_SPLASH,bad,False,0.09666666666666666,0.10333333333333333,0.09410427407637871,0.0030977626974163733,0.01512911543250084,-0.8013295604982822,0.17416195376283916,0.2,5.2279652831965075e-08,0.16526682061102027,17.846576690673828,0.1081610694527626,22.32292366027832,676.4522094726562,76.0,176,5,275,407.0,12.0,342.0,,,19.0,0.0,^3Xen_Crypt,^7hide the pain harold
4 Xen_Crypt ctf_dantooine_v3 2025-10-05_21-22-26.dm_26.dm_meta,576485,00:03:37.474,305390,1838933,MOD_ROCKET_SPLASH,bad,False,0.17,0.18,0.09909249480008328,0.13162259656804462,0.026968330144882202,-0.8137158312594572,0.1515644134747273,0.0,0.0005253617669757039,0.25031770386792845,6.703686237335205,0.03385700285434723,86.85700225830078,2632.0302734375,261.0,434,330,504,410.0,145.0,381.0,,,179.0,0.0,^3Xen_Crypt,^7hide the pain harold
4 Xen_Crypt ctf_dantooine_v3 2025-10-05_21-22-26.dm_26.dm_meta,588332,00:03:49.321,305390,1838933,MOD_THERMAL_SPLASH,bad,False,,,,,,,,,,,7.639261245727539,0.0578731894493103,22.341346740722656,677.010498046875,190.0,359,6,350,449.0,290.0,366.0,,,54.0,13.0,^3Xen_Crypt,^7lg
4 Xen_Crypt ctf_dantooine_v3 2025-10-05_21-22-26.dm_26.dm_meta,600773,00:04:01.762,305390,1838933,MOD_ROCKET,bad,False,0.06,0.09833333333333333,0.02730057870724483,0.012416966859749468,8.08677141321823e-05,-1.2892577047572849,0.0799100777737096,0.2,1.7423463785471978e-19,0.149163747133362,0.0,0.0,14.356757164001465,435.0532531738281,115.0,126,343,294,627.0,365.0,212.0,132.0,-10.0,210.0,102.0,^3Xen_Crypt,^7hide the pain harold
4 Xen_Crypt ctf_dantooine_v3 2025-10-05_21-22-26.dm_26.dm_meta,649712,00:04:50.701,305390,1838933,MOD_ROCKET,bad,False,0.013333333333333334,0.03,0.026945656103888455,0.013790957510035963,6.755970389349386e-05,-1.2904460062891818,0.08032729936619751,0.0,8.97164306031253e-18,0.2402904983730161,0.7923877239227295,0.024011749774217606,24.1783504486084,732.6773071289062,40.0,423,212,396,422.0,305.0,352.0,,,76.0,0.0,^3Xen_Crypt,^7hide the pain harold
4 Xen_Crypt ctf_dantooine_v3 2025-10-05_21-22-26.dm_26.dm_meta,695813,00:05:36.802,305390,1838933,MOD_REPEATER_ALT_SPLASH,bad,False,0.24666666666666667,0.27,0.0843812341109694,0.13666408870643074,0.027975961565971375,-0.8838354773085618,0.14067637775209174,0.0,0.21284501045918952,0.22627945027850777,3.7165181636810303,0.03754058852791786,48.61723327636719,1473.24951171875,182.0,203,2,238,196.0,414.0,249.0,,,227.0,23.0,^3Xen_Crypt,^7lg
4 Xen_Crypt ctf_dantooine_v3 2025-10-05_21-22-26.dm_26.dm_meta,716009,00:05:56.998,305390,1838933,MOD_THERMAL_SPLASH,bad,False,,,,,,,,,,,0.7164105176925659,0.021709410473704338,1.484028935432434,44.97057342529297,409.0,263,51,455,179.0,33.0,483.0,,,20.0,0.0,^3Xen_Crypt,^7chasefan
4 Xen_Crypt ctf_dantooine_v3 2025-10-05_21-22-26.dm_26.dm_meta,798542,00:07:19.531,305390,1838933,MOD_THERMAL_SPLASH,bad,False,,,,,,,,,,,1.0965709686279297,0.03322942182421684,28.533323287963867,864.6461791992188,173.0,248,0,303,327.0,73.0,441.0,,,65.0,0.0,^3Xen_Crypt,^7lg
4 Xen_Crypt ctf_dantooine_v3 2025-10-05_21-22-26.dm_26.dm_meta,842927,00:08:03.916,305390,1838933,MOD_REPEATER_ALT_SPLASH,bad,False,0.18333333333333332,0.15666666666666668,0.08926701608656983,0.1548816648043148,0.38332653045654297,-0.870179223109776,0.14343526291660055,0.4,0.04473359307832216,0.3510102406533891,1.0224075317382812,0.015491023659706116,8.505876541137695,257.75384521484375,158.0,443,0,345,363.0,69.0,351.0,,,84.0,0.0,^3Xen_Crypt,^7lg
4 Xen_Crypt ctf_dantooine_v3 2025-10-05_21-22-26.dm_26.dm_meta,877214,00:08:38.203,305390,1838933,MOD_CONC,bad,False,,,,,,,,,,,7.259494304656982,0.031426381319761276,10.781457901000977,326.7108459472656,1584.0,702,314,747,1043.0,120.0,986.0,,,709.0,71.0,^3Xen_Crypt,^7lg
4 Xen_Crypt ctf_dantooine_v3 2025-10-05_21-22-26.dm_26.dm_meta,929420,00:09:30.409,305390,1838933,MOD_ROCKET_SPLASH,bad,False,0.18,0.22666666666666666,0.06555140229236267,0.17263912071604498,0.14094629883766174,-0.9727204320586136,0.12832857208517137,0.4,0.00043867356813238884,0.07980517861922079,0.0,0.0,91.33186340332031,2767.63232421875,196.0,284,60,460,496.0,93.0,102.0,,,165.0,2.0,^3Xen_Crypt,^7chasefan
4 Xen_Crypt ctf_dantooine_v3 2025-10-05_21-22-26.dm_26.dm_meta,1017431,00:10:21.972,305390,1838933,MOD_FLECHETTE_ALT_SPLASH,bad,False,0.15666666666666668,0.09333333333333334,0.13916658471230242,0.08069159206952087,0.008944803848862648,-0.68146866073086,0.16805802202222886,0.0,1.1177184813120028e-16,0.16549898047447958,3.28608775138855,0.014225488528609276,3.8465683460235596,116.56267547607422,154.0,64,1,133,705.0,101.0,344.0,,,69.0,0.0,^3Xen_Crypt,^7hide the pain harold
4 Xen_Crypt ctf_dantooine_v3 2025-10-05_21-22-26.dm_26.dm_meta,1020071,00:10:24.612,305390,1838933,MOD_FLECHETTE_ALT_SPLASH,bad,True,0.11,0.12,0.09819247843642988,0.02060456456827945,0.021608274430036545,-0.8000890844028488,0.16286181810549194,0.2,0.8212382595984427,0.013575506918388353,9.819413185119629,0.2975579798221588,51.913726806640625,1573.1431884765625,168.0,205,0,209,404.0,38.0,169.0,,,26.0,0.0,^3Xen_Crypt,^7lg
4 Xen_Crypt ctf_dantooine_v3 2025-10-05_21-22-26.dm_26.dm_meta,1126892,00:12:11.433,305390,1838933,MOD_REPEATER_ALT,bad,False,0.2,0.20666666666666667,0.29417338297477336,0.05424883568433025,0.04398871213197708,-0.2443281061489868,0.324306219399986,0.0,0.0021518704111583684,0.7950646716913896,0.0,0.0,13.429658889770508,406.9593505859375,217.0,232,0,298,382.0,390.0,369.0,132.0,43.0,207.0,156.0,^3Xen_Crypt,^7hide the pain harold
4 Xen_Crypt ctf_dantooine_v3 2025-10-05_21-22-26.dm_26.dm_meta,1296017,00:15:00.558,305390,1838933,MOD_ROCKET_SPLASH,bad,False,0.11333333333333333,0.19,0.06142015741018452,0.09000613257344298,0.003646417986601591,-1.0063590694575009,0.11669889305264125,0.0,4.377937302873872e-11,0.20697335209340448,17.145017623901367,0.1039091944694519,27.605003356933594,836.5152587890625,63.0,774,211,686,528.0,253.0,518.0,,,690.0,254.0,^3Xen_Crypt,^7chasefan
4 Xen_Crypt ctf_dantooine_v3 2025-10-05_21-22-26.dm_26.dm_meta,1380002,00:16:24.543,305390,1838933,MOD_REPEATER_ALT_SPLASH,bad,False,0.16666666666666666,0.24,0.11576435348254177,0.125208318661726,0.01976567506790161,-0.7633200243397752,0.16583270828948188,0.2,7.329256100392269e-08,0.2228369883555939,6.768115520477295,0.03418240323662758,15.316030502319336,464.12213134765625,210.0,851,269,800,707.0,205.0,670.0,,,604.0,70.0,^3Xen_Crypt,^7lg
4 Xen_Crypt ctf_dantooine_v3 2025-10-05_21-22-26.dm_26.dm_meta,1416434,00:17:00.975,305390,1838933,MOD_REPEATER_ALT_SPLASH,bad,False,0.09666666666666666,0.16666666666666666,0.12068703999694859,0.12207081866704952,0.005144197028130293,-0.7507479993065872,0.17154751384852537,0.4,6.632034327847637e-05,0.2137730882858212,4.56754207611084,0.13841035962104797,35.83454132080078,1085.8951416015625,258.0,345,0,253,462.0,144.0,373.0,,,203.0,0.0,^3Xen_Crypt,^7hide the pain harold
4 Xen_Crypt ctf_dantooine_v3 2025-10-05_21-22-26.dm_26.dm_meta,1425212,00:17:09.753,305390,1838933,MOD_REPEATER_ALT_SPLASH,bad,False,0.07333333333333333,0.10333333333333333,0.11130745619464186,0.08954192565080889,0.00670973677188158,-0.7725812392047022,0.1703156191645303,0.2,0.00032329351315745424,0.3578388487846092,0.0,0.0,11.19636344909668,339.28375244140625,393.0,366,0,454,155.0,80.0,369.0,,,37.0,0.0,^3Xen_Crypt,^7lg
4 Xen_Crypt ctf_dantooine_v3 2025-10-05_21-22-26.dm_26.dm_meta,1486196,00:18:10.737,305390,1838933,MOD_ROCKET,bad,False,0.09,0.10666666666666667,0.04058978237110837,0.05564917705960818,0.007086131256073713,-1.1216092592673665,0.09584303675745216,0.2,3.406065271649405e-14,0.27015041222284647,0.0,0.0,32.96895980834961,999.0593872070312,55.0,178,82,455,683.0,135.0,479.0,33.0,-15.0,841.0,510.0,^3Xen_Crypt,^7hide the pain harold
4 Xen_Crypt ctf_dantooine_v3 2025-10-05_21-22-26.dm_26.dm_meta,1660865,00:21:05.406,305390,1838933,MOD_BRYAR_PISTOL_ALT,bad,False,0.13,0.2633333333333333,0.06783258684783071,0.04327092763665291,0.0036407611332833767,-0.8830845206836246,0.5196153108209606,0.2,0.9757325406781142,3.5974255793234206e-08,27.924997329711914,0.16924241185188293,35.41679382324219,1073.2362060546875,223.0,170,0,251,699.0,87.0,332.0,99.0,15.0,295.0,74.0,^3Xen_Crypt,^7lg
4 Xen_Crypt ctf_dantooine_v3 2025-10-05_21-22-26.dm_26.dm_meta,1677992,00:21:22.533,305390,1838933,MOD_REPEATER_ALT,bad,False,0.12333333333333334,0.11,0.1101856229275735,0.02891530644917604,0.007914630696177483,-0.7685423602316798,0.17722698003136636,0.2,8.460133078351139e-09,0.6565108999975627,0.0,0.0,6.303247451782227,191.0074920654297,243.0,663,125,542,758.0,465.0,574.0,396.0,-4.0,423.0,238.0,^3Xen_Crypt,^7hide the pain harold
4 Xen_Crypt ctf_dantooine_v3 2025-10-05_21-22-26.dm_26.dm_meta,1748645,00:22:33.186,305390,1838933,MOD_SABER,bad,False,,,,,,,,,,,1.7822587490081787,0.054007839411497116,110.53592681884766,3349.573486328125,36.0,141,0,134,258.0,0.0,395.0,,,8.0,0.0,^3Xen_Crypt,^7lg
4 Xen_Crypt ctf_dantooine_v3 2025-10-05_21-22-26.dm_26.dm_meta,1805438,00:23:29.979,305390,1838933,MOD_REPEATER,bad,False,,,,,,,,,,,0.0,0.0,65.97062683105469,1999.10986328125,131.0,292,269,346,402.0,336.0,372.0,66.0,7.0,259.0,164.0,^3Xen_Crypt,^7hide the pain harold
4 Xen_Crypt ctf_dantooine_v3 2025-10-05_21-22-26.dm_26.dm_meta,1822268,00:23:46.809,305390,1838933,MOD_FLECHETTE_ALT_SPLASH,bad,False,0.08666666666666667,0.06333333333333334,0.1121225211822432,0.002401468739536738,0.0041313935071229935,-0.7405070023740472,0.15957614206010431,0.0,2.365101037329525e-09,0.39329883900802165,0.0,0.0,7.106421947479248,215.3461151123047,212.0,139,0,412,511.0,10.0,439.0,,,149.0,16.0,^3Xen_Crypt,^7Bobo Fett
4 Xen_Crypt mpctf_kejim 2025-08-23_19-29-04.dm_26.dm_meta,175700,00:00:19.144,156989,1371620,MOD_ROCKET_SPLASH,bad,False,0.26,0.20666666666666667,0.09946525472292428,0.1336709699614323,0.07402082532644272,-0.8321212100178828,0.14710574742050211,0.0,0.00020671031453842195,0.28371027106134905,6.753485202789307,0.06821702420711517,24.1823673248291,732.7990112304688,58.0,165,103,133,602.0,254.0,363.0,,,451.0,12.0,^3Xen_Crypt,^5derpy^7TIGER
4 Xen_Crypt mpctf_kejim 2025-08-23_19-29-04.dm_26.dm_meta,176789,00:00:20.233,156989,1371620,MOD_ROCKET_SPLASH,bad,False,0.13666666666666666,0.16,0.08597875010530856,0.10856702089912931,0.010139347985386848,-0.8772799928364174,0.14263159311878892,0.0,1.5104585953606084e-06,0.17836330713457832,0.0,0.0,30.386934280395508,920.8162231445312,257.0,505,72,356,364.0,144.0,161.0,,,15.0,7.0,^3Xen_Crypt,^7tmacfan
4 Xen_Crypt mpctf_kejim 2025-08-23_19-29-04.dm_26.dm_meta,218963,00:01:02.407,156989,1371620,MOD_ROCKET,bad,False,0.07333333333333333,0.12,0.06953412076116884,0.020102808914551726,0.00022213850752450526,-0.9412818593717447,0.12864367146282382,0.2,4.7069694127355614e-32,0.31715634936136144,0.0,0.0,11.715511322021484,355.0155029296875,40.0,912,540,595,664.0,514.0,786.0,,,758.0,468.0,^3Xen_Crypt,^5derpy^7TIGER
4 Xen_Crypt mpctf_kejim 2025-08-23_19-29-04.dm_26.dm_meta,313904,00:02:37.348,156989,1371620,MOD_SABER,bad,False,,,,,,,,,,,0.0,0.0,71.1259536743164,2155.33203125,57.0,371,0,371,58.0,0.0,337.0,,,0.0,0.0,^3Xen_Crypt,^7tmacfan
4 Xen_Crypt mpctf_kejim 2025-08-23_19-29-04.dm_26.dm_meta,321032,00:02:44.476,156989,1371620,MOD_REPEATER_ALT_SPLASH,bad,False,0.12666666666666668,0.13666666666666666,0.049805698826498566,0.05943227789616998,0.0007784654153510928,-1.0670319817037188,0.11701948637482969,0.2,1.668882564577743e-10,0.01974046698095938,0.0,0.0,123.10733032226562,3730.525146484375,207.0,311,0,789,217.0,0.0,263.0,,,56.0,21.0,^3Xen_Crypt,^5derpy^7TIGER
4 Xen_Crypt mpctf_kejim 2025-08-23_19-29-04.dm_26.dm_meta,394655,00:03:58.099,156989,1371620,MOD_FLECHETTE_ALT_SPLASH,bad,False,0.06,0.14,0.15100564125205562,0.0010555162028122321,0.0013320137513801455,-0.6676182481726448,0.16372816317500702,0.0,7.412141214858353e-11,0.4952327817233827,3.8467838764190674,0.11656920611858368,28.64919662475586,868.157470703125,126.0,313,121,388,665.0,236.0,494.0,,,78.0,28.0,^3Xen_Crypt,^7wembyfan
4 Xen_Crypt mpctf_kejim 2025-08-23_19-29-04.dm_26.dm_meta,444848,00:04:48.292,156989,1371620,MOD_FALLING,bad,False,,,,,,,,,,,30.197126388549805,0.15251073241233826,30.197126388549805,915.064453125,4082.0,553,0,563,0.0,0.0,0.0,,,0.0,0.0,^3Xen_Crypt,^7tmacfan
4 Xen_Crypt mpctf_kejim 2025-08-23_19-29-04.dm_26.dm_meta,538667,00:06:22.111,156989,1371620,MOD_FLECHETTE_ALT_SPLASH,bad,True,0.23,0.1,0.0015184718390007185,0.012910984880813423,0.010343380272388458,-1.422767312853909,0.12509605101570112,0.0,2.609459464225322e-87,2.8255602031670334e-222,0.0,0.0,4.043599605560303,122.5333251953125,3108.0,476,0,3103,477.0,269.0,440.0,,,589.0,200.0,^3Xen_Crypt,^7tmacfan
4 Xen_Crypt mpctf_kejim 2025-08-23_19-29-04.dm_26.dm_meta,623576,00:07:47.020,156989,1371620,MOD_FLECHETTE_ALT_SPLASH,bad,True,0.05333333333333334,0.04,0.08950023267352339,0.000996716416329257,0.001961725763976574,-0.965599769664439,0.17558522106806684,0.4,2.738542138868674e-10,3.140861381960631e-11,23.692628860473633,0.7179584503173828,38.12931442260742,1155.4337158203125,46.0,570,180,355,385.0,284.0,494.0,,,18.0,3.0,^3Xen_Crypt,^7tmacfan
4 Xen_Crypt mpctf_kejim 2025-08-23_19-29-04.dm_26.dm_meta,685319,00:08:48.763,156989,1371620,MOD_FALLING,bad,False,,,,,,,,,,,0.0,0.0,22.83102035522461,691.84912109375,1949.0,831,834,935,0.0,0.0,0.0,,,0.0,0.0,^3Xen_Crypt,^5derpy^7TIGER
4 Xen_Crypt mpctf_kejim 2025-08-23_19-29-04.dm_26.dm_meta,844247,00:11:27.691,156989,1371620,MOD_ROCKET_SPLASH,bad,False,0.22333333333333333,0.22666666666666666,0.20342675905323737,0.24061127914127148,0.05389339104294777,-0.5289150911200944,0.22080897100005312,0.2,1.2602066036251731e-06,0.8629520941393523,0.0,0.0,0.7194576859474182,21.801748275756836,478.0,264,755,414,596.0,210.0,588.0,,,519.0,82.0,^3Xen_Crypt,^7tmacfan
4 Xen_Crypt mpctf_kejim 2025-08-23_19-29-04.dm_26.dm_meta,923447,00:12:46.891,156989,1371620,MOD_FLECHETTE_ALT_SPLASH,bad,False,0.05,0.11,0.0445394843800648,0.00552960287405418,0.07219130545854568,-0.955641386753431,0.1606988131615027,0.2,0.038911493142127565,0.06533759071606655,9.008709907531738,0.04549853503704071,13.246939659118652,401.42242431640625,82.0,408,15,699,502.0,105.0,256.0,,,17.0,0.0,^3Xen_Crypt,^7tmacfan
4 Xen_Crypt mpctf_kejim 2025-08-23_19-29-04.dm_26.dm_meta,1034261,00:14:37.705,156989,1371620,MOD_REPEATER_ALT_SPLASH,bad,False,0.10666666666666667,0.16333333333333333,0.11351468599924709,0.1096542453269355,0.004844356793910265,-0.77464497170237,0.16595316725977569,0.2,0.9657037649255957,0.2808519691424587,2.033071994781494,0.015402060933411121,23.184640884399414,702.5648803710938,225.0,35,3,222,450.0,109.0,320.0,,,167.0,23.0,^3Xen_Crypt,^7wembyfan
4 Xen_Crypt mpctf_kejim 2025-08-23_19-29-04.dm_26.dm_meta,1045349,00:14:48.793,156989,1371620,MOD_FLECHETTE_ALT_SPLASH,bad,False,0.023333333333333334,0.03666666666666667,0.06731376543979713,0.001993656755569181,0.002922921674326062,-0.8939946120006316,0.1593749523775249,0.2,0.0009525457913695727,0.4249495260521024,1.3047508001327515,0.013179301284253597,5.822818756103516,176.4490509033203,180.0,431,0,434,314.0,22.0,424.0,,,23.0,0.0,^3Xen_Crypt,^5derpy^7TIGER
4 Xen_Crypt mpctf_kejim 2025-08-23_19-29-04.dm_26.dm_meta,1074983,00:15:18.427,156989,1371620,MOD_BRYAR_PISTOL_ALT,bad,False,0.19666666666666666,0.22,0.10081694230083,0.041069168111246224,0.0020282797049731016,-0.7101736936040204,0.47927548043937246,0.0,8.776589625412012e-07,4.334760834288831e-05,22.339046478271484,0.13538816571235657,24.098947525024414,730.2711181640625,74.0,433,0,450,377.0,28.0,440.0,33.0,-3.0,7.0,0.0,^3Xen_Crypt,^5derpy^7TIGER
4 Xen_Crypt mpctf_kejim 2025-08-23_19-29-04.dm_26.dm_meta,1257275,00:18:20.719,156989,1371620,MOD_FLECHETTE_ALT_SPLASH,bad,True,0.08333333333333333,0.08333333333333333,0.11889485681312482,0.00402976889708445,0.0425708144903183,-0.7653507327408748,0.1819486160289161,0.0,1.7015620765077032e-09,0.0007034848227540897,26.717653274536133,0.40481293201446533,58.260040283203125,1765.455810546875,64.0,350,40,239,691.0,39.0,345.0,,,29.0,0.0,^3Xen_Crypt,^7tmacfan
4 Xen_Crypt mpctf_kejim 2025-08-23_19-29-04.dm_26.dm_meta,1306214,00:19:09.658,156989,1371620,MOD_ROCKET_SPLASH,bad,False,0.09333333333333334,0.11666666666666667,0.03734310059989383,0.04435172998342743,0.00022347239428199828,-1.194085292166688,0.09615039499166765,0.2,1.2144068430883519e-08,0.003972590061175968,34.68452072143555,0.26276153326034546,37.35358810424805,1131.9268798828125,74.0,398,171,576,210.0,100.0,313.0,,,57.0,35.0,^3Xen_Crypt,^5derpy^7TIGER
4 Xen_Crypt mpctf_nelvaan 2025-08-23_18-43-18.dm_26.dm_meta,175205,00:00:41.881,133757,1714853,MOD_REPEATER_ALT_SPLASH,bad,False,0.11333333333333333,0.16333333333333333,0.09240320111320621,0.11703939085573627,0.00350359664298594,-0.8537501064997689,0.15039121213360215,0.0,4.5439113426318195e-10,0.31593221931822224,0.0,0.0,27.645427703857422,837.740234375,222.0,456,97,644,477.0,119.0,423.0,,,144.0,8.0,^3Xen_Crypt,^7tmacfan
4 Xen_Crypt mpctf_nelvaan 2025-08-23_18-43-18.dm_26.dm_meta,192332,00:00:59.008,133757,1714853,MOD_BRYAR_PISTOL_ALT,bad,False,0.12333333333333334,0.15,0.15799217606560453,0.012624006144893297,0.0005565093597397208,-0.6375727745434905,0.48092268868801336,0.0,6.125245315851185e-07,0.6465269072354034,0.9228515625,0.027965199202299118,16.974414825439453,514.376220703125,160.0,187,0,385,60.0,488.0,391.0,66.0,-13.0,39.0,39.0,^3Xen_Crypt,^7savior
4 Xen_Crypt mpctf_nelvaan 2025-08-23_18-43-18.dm_26.dm_meta,210779,00:01:17.455,133757,1714853,MOD_ROCKET_SPLASH,bad,True,0.17666666666666667,0.23333333333333334,0.09018062815731472,0.09339933377209332,0.1185140609741211,-0.8700139918754469,0.13966903733223773,0.0,1.0784415298823031e-18,0.810560631583483,7.112364292144775,0.10776309669017792,57.46087646484375,1741.2386474609375,211.0,275,985,667,289.0,316.0,673.0,,,296.0,254.0,^3Xen_Crypt,^7ez
4 Xen_Crypt mpctf_nelvaan 2025-08-23_18-43-18.dm_26.dm_meta,274568,00:02:21.244,133757,1714853,MOD_SABER,bad,False,,,,,,,,,,,0.0,0.0,74.47758483886719,2256.896484375,54.0,428,19,409,226.0,0.0,424.0,,,4.0,0.0,^3Xen_Crypt,^7tmacfan
4 Xen_Crypt mpctf_nelvaan 2025-08-23_18-43-18.dm_26.dm_meta,334727,00:03:21.403,133757,1714853,MOD_FLECHETTE_ALT_SPLASH,bad,False,0.05333333333333334,0.08333333333333333,0.11855827828855377,0.0015303381294743024,0.009963484480977058,-0.6694674498369405,0.1677675702144529,0.2,3.488148357900886e-11,0.6970295324744452,8.940585136413574,0.045154470950365067,50.978248596191406,1544.79541015625,145.0,427,4,323,749.0,388.0,302.0,,,70.0,7.0,^3Xen_Crypt,^7tmacfan
4 Xen_Crypt mpctf_nelvaan 2025-08-23_18-43-18.dm_26.dm_meta,357431,00:03:44.107,133757,1714853,MOD_FLECHETTE,bad,False,,,,,,,,,,,25.89960289001465,0.15696729719638824,39.665584564208984,1201.9874267578125,278.0,255,0,356,196.0,617.0,364.0,66.0,-48.0,491.0,488.0,^3Xen_Crypt,^7ez
4 Xen_Crypt mpctf_nelvaan 2025-08-23_18-43-18.dm_26.dm_meta,381455,00:04:08.131,133757,1714853,MOD_DET_PACK_SPLASH,bad,False,,,,,,,,,,,0.0,0.0,0.0,0.0,202.0,443,35,461,730.0,244.0,180.0,,,93.0,30.0,^3Xen_Crypt,^7ez
4 Xen_Crypt mpctf_nelvaan 2025-08-23_18-43-18.dm_26.dm_meta,432011,00:04:58.687,133757,1714853,MOD_DET_PACK_SPLASH,bad,False,,,,,,,,,,,0.0,0.0,57.49378967285156,1742.236083984375,95.0,762,195,643,682.0,228.0,228.0,,,144.0,35.0,^3Xen_Crypt,^7ez
4 Xen_Crypt mpctf_nelvaan 2025-08-23_18-43-18.dm_26.dm_meta,478409,00:05:45.085,133757,1714853,MOD_FLECHETTE_ALT_SPLASH,bad,False,0.08666666666666667,0.12,0.09122573641801578,0.0058075645685783306,0.005338114220649004,-0.7367702526310916,0.16067987668701025,0.2,3.5036668427952533e-33,8.438313986459345e-08,0.0,0.0,5.927660942077637,179.62608337402344,798.0,451,208,333,750.0,238.0,482.0,,,585.0,28.0,^3Xen_Crypt,^7tmacfan
4 Xen_Crypt mpctf_nelvaan 2025-08-23_18-43-18.dm_26.dm_meta,569984,00:07:16.660,133757,1714853,MOD_ROCKET_SPLASH,bad,True,0.28,0.22666666666666666,0.0737045076003956,0.07515419052444579,0.007200067397207022,-0.9035661606747201,0.139765098275515,0.2,0.0006062279274793904,3.2401820756058066e-06,54.90857696533203,0.27731603384017944,159.5523681640625,4834.92041015625,253.0,820,0,932,591.0,125.0,506.0,,,426.0,84.0,^3Xen_Crypt,^7ez
4 Xen_Crypt mpctf_nelvaan 2025-08-23_18-43-18.dm_26.dm_meta,602423,00:07:49.099,133757,1714853,MOD_BRYAR_PISTOL_ALT,bad,False,0.18666666666666668,0.2866666666666667,0.0715512972315649,0.024284539245548884,0.0009603049256838858,-1.012975198775561,0.49230819305390705,0.6,1.918800929632218e-21,0.004581126407299228,6.8980231285095215,0.03483850136399269,117.57855224609375,3562.986572265625,316.0,226,112,506,820.0,532.0,343.0,198.0,-15.0,277.0,145.0,^3Xen_Crypt,^7ez
4 Xen_Crypt mpctf_nelvaan 2025-08-23_18-43-18.dm_26.dm_meta,606449,00:07:53.125,133757,1714853,MOD_FLECHETTE_ALT_SPLASH,bad,False,0.09333333333333334,0.1,0.11162090271703229,0.002100034359516137,0.0049166190437972546,-0.7122133727501725,0.1593249340151988,0.0,0.9999834682838012,0.32996618809859746,1.23046875,0.03728693351149559,27.100629806518555,821.231201171875,252.0,124,0,279,514.0,199.0,260.0,,,346.0,195.0,^3Xen_Crypt,^7savior
4 Xen_Crypt mpctf_nelvaan 2025-08-23_18-43-18.dm_26.dm_meta,627965,00:08:14.641,133757,1714853,MOD_DET_PACK_SPLASH,bad,False,,,,,,,,,,,0.0,0.0,0.9553842544555664,28.951038360595703,41.0,499,156,480,1042.0,479.0,696.0,,,1238.0,68.0,^3Xen_Crypt,^7savior
4 Xen_Crypt mpctf_nelvaan 2025-08-23_18-43-18.dm_26.dm_meta,649844,00:08:36.520,133757,1714853,MOD_FLECHETTE_ALT_SPLASH,bad,True,0.08666666666666667,0.04,0.03622480651163611,0.004761153429940262,0.008944465778768063,-1.071984384511326,0.21293060911441794,0.2,3.0518629516445463e-13,2.2111781189107943e-08,59.63368606567383,0.6023604869842529,69.17140197753906,2096.10302734375,31.0,677,82,407,554.0,60.0,205.0,,,72.0,7.0,^3Xen_Crypt,^7ez
4 Xen_Crypt mpctf_nelvaan 2025-08-23_18-43-18.dm_26.dm_meta,695615,00:09:22.291,133757,1714853,MOD_SABER,bad,False,,,,,,,,,,,6.841391086578369,0.10365743935108185,44.31122589111328,1342.764404296875,33.0,0,0,257,7.0,0.0,1.0,,,0.0,0.0,^3Xen_Crypt,^7ez
4 Xen_Crypt mpctf_nelvaan 2025-08-23_18-43-18.dm_26.dm_meta,719342,00:09:46.018,133757,1714853,MOD_ROCKET_SPLASH,bad,False,0.26666666666666666,0.3566666666666667,0.1130248201361976,0.1629147386246385,0.011226469650864601,-0.7714811295799437,0.15754975858313372,0.2,0.0012230440893406266,0.2652102153545669,0.9752029180526733,0.005910320673137903,96.25275421142578,2916.750244140625,100.0,448,0,451,515.0,380.0,418.0,,,156.0,94.0,^3Xen_Crypt,^7ez
4 Xen_Crypt mpctf_nelvaan 2025-08-23_18-43-18.dm_26.dm_meta,740858,00:10:07.534,133757,1714853,MOD_ROCKET,bad,False,0.03666666666666667,0.056666666666666664,0.02096504380006087,0.006742414408950564,6.35381875326857e-05,-1.402914824081129,0.07159949502526271,0.0,1.6227708590988098e-37,0.08646644643559157,0.0,0.0,32.845035552978516,995.3041381835938,59.0,721,462,812,814.0,248.0,84.0,,,142.0,12.0,^3Xen_Crypt,^7ez
4 Xen_Crypt mpctf_nelvaan 2025-08-23_18-43-18.dm_26.dm_meta,761879,00:10:28.555,133757,1714853,MOD_DISRUPTOR_SNIPER,bad,False,0.05,0.18,0.048236978159950775,0.03693592719031499,0.0066452003084123135,-0.8639548458412066,0.08130672064572908,0.2,1.7489301290444087e-56,0.37084853428387415,0.0,0.0,3.6499171257019043,110.60354614257812,1102.0,0,0,85,281.0,169.0,591.0,,,378.0,238.0,^3Xen_Crypt,^7savior
4 Xen_Crypt mpctf_nelvaan 2025-08-23_18-43-18.dm_26.dm_meta,771581,00:10:38.257,133757,1714853,MOD_REPEATER_ALT_SPLASH,bad,False,0.088,0.13333333333333333,0.17860807777341578,0.10981406671974997,0.003484283573925495,-0.578221583441736,0.21435682459750427,0.2,0.018306930804881646,0.45206301350537464,0.0,0.0,11.358169555664062,344.18695068359375,512.0,312,232,322,368.0,34.0,397.0,,,123.0,41.0,^3Xen_Crypt,^7ez
4 Xen_Crypt mpctf_nelvaan 2025-08-23_18-43-18.dm_26.dm_meta,894902,00:12:41.578,133757,1714853,MOD_FLECHETTE_ALT_SPLASH,bad,False,0.13333333333333333,0.11,0.2323874428474288,0.02856749790635553,0.036528993397951126,-0.48506293819470264,0.1626626828787455,0.2,2.1690554119702714e-06,0.8431472071553622,0.0,0.0,73.7951889038086,2236.2177734375,165.0,345,0,290,679.0,46.0,504.0,,,42.0,0.0,^3Xen_Crypt,^7savior
4 Xen_Crypt mpctf_nelvaan 2025-08-23_18-43-18.dm_26.dm_meta,904175,00:12:50.851,133757,1714853,MOD_ROCKET_SPLASH,bad,True,0.16,0.11,0.08164453689029469,0.09035622658673119,0.04818480834364891,-0.8845399575377291,0.1371932805231468,0.2,6.456162120573298e-05,1.9016298872926088e-06,49.59386444091797,0.3757110834121704,160.9512481689453,4877.310546875,102.0,335,143,266,423.0,210.0,411.0,,,168.0,0.0,^3Xen_Crypt,^7ez
4 Xen_Crypt mpctf_nelvaan 2025-08-23_18-43-18.dm_26.dm_meta,923843,00:13:10.519,133757,1714853,MOD_DISRUPTOR,bad,False,0.05,0.08333333333333333,0.12848213412025028,0.002344983985626995,0.014730219729244709,-0.731355497341424,0.07781555571995828,0.0,1.769984046417574e-82,0.9092135765285116,0.0,0.0,11.878293991088867,359.94830322265625,1318.0,845,81,791,387.0,0.0,878.0,,,25.0,0.0,^3Xen_Crypt,^7savior
4 Xen_Crypt mpctf_nelvaan 2025-08-23_18-43-18.dm_26.dm_meta,955193,00:13:41.869,133757,1714853,MOD_ROCKET_SPLASH,bad,False,0.10333333333333333,0.16333333333333333,0.07747428019842773,0.1078549433327696,0.01472493913024664,-0.9154981998667883,0.14471873671492255,0.0,9.629802097767266e-05,0.16737174443564865,0.0,0.0,48.35126495361328,1465.1898193359375,304.0,153,54,532,390.0,121.0,168.0,,,36.0,8.0,^3Xen_Crypt,^7savior
4 Xen_Crypt mpctf_nelvaan 2025-08-23_18-43-18.dm_26.dm_meta,992318,00:14:18.994,133757,1714853,MOD_FLECHETTE_ALT_SPLASH,bad,False,0.06,0.10666666666666667,0.08199281527532117,0.0017279629143071883,0.004610532894730568,-0.829783743099605,0.15703656531551044,0.0,0.00039245803604904357,0.3242401097653089,0.33050408959388733,0.0025038188323378563,14.320932388305664,433.9676513671875,209.0,189,29,278,151.0,70.0,288.0,,,30.0,0.0,^3Xen_Crypt,^7ez
4 Xen_Crypt mpctf_nelvaan 2025-08-23_18-43-18.dm_26.dm_meta,1119170,00:16:25.846,133757,1714853,MOD_DISRUPTOR,bad,False,0.04,0.006666666666666667,0.0191432874396751,0.0004951986399987205,0.002565253060311079,-0.9739783385715508,0.06406798428551992,0.0,2.1118528893628236e-61,0.053842959022844444,0.0,0.0,29.515689849853516,894.4148559570312,132.0,90,0,275,61.0,0.0,198.0,,,0.0,0.0,^3Xen_Crypt,^7savior
4 Xen_Crypt mpctf_nelvaan 2025-08-23_18-43-18.dm_26.dm_meta,1251302,00:18:37.978,133757,1714853,MOD_SABER,bad,False,,,,,,,,,,,0.0,0.0,93.5464096069336,2834.73974609375,47.0,394,0,385,453.0,109.0,425.0,,,113.0,32.0,^3Xen_Crypt,^7savior
4 Xen_Crypt mpctf_nelvaan 2025-08-23_18-43-18.dm_26.dm_meta,1260509,00:18:47.185,133757,1714853,MOD_REPEATER_ALT,bad,False,0.07333333333333333,0.14,0.08492603685716346,0.013222029429289099,0.005932129453867674,-0.8068953296214156,0.15781021157385844,0.2,1.7277954077313693e-30,0.6277520110431603,7.1707868576049805,0.07243219017982483,49.04214096069336,1486.12548828125,58.0,338,43,553,685.0,377.0,578.0,66.0,5.0,81.0,19.0,^3Xen_Crypt,^7ez
4 Xen_Crypt mpctf_nelvaan 2025-08-23_18-43-18.dm_26.dm_meta,1281695,00:19:08.371,133757,1714853,MOD_FLECHETTE_ALT_SPLASH,bad,False,0.07333333333333333,0.08333333333333333,0.07407253735869808,0.0018733870846276434,0.01591009460389614,-0.8494359124151512,0.1556238913375777,0.4,0.01049911740347344,0.303109052880362,0.0,0.0,24.194629669189453,733.1705932617188,109.0,231,0,298,124.0,48.0,212.0,,,18.0,0.0,^3Xen_Crypt,^7savior
4 Xen_Crypt mpctf_nelvaan 2025-08-23_18-43-18.dm_26.dm_meta,1306412,00:19:33.088,133757,1714853,MOD_DET_PACK_SPLASH,bad,False,,,,,,,,,,,2.1535725593566895,0.021753259003162384,2.1535725593566895,65.25977325439453,42.0,426,125,460,625.0,711.0,280.0,,,634.0,133.0,^3Xen_Crypt,^7tmacfan
4 Xen_Crypt mpctf_nelvaan 2025-08-23_18-43-18.dm_26.dm_meta,1320701,00:19:47.377,133757,1714853,MOD_ROCKET_SPLASH,bad,True,0.16666666666666666,0.2,0.09157672834675562,0.09375048756106917,0.004640209022909403,-0.860914872742732,0.1356273564850017,0.2,2.664932033541948e-16,0.5368944259007491,20.32139015197754,0.2052665650844574,121.90254211425781,3694.016357421875,128.0,116,1229,400,301.0,231.0,623.0,,,20.0,6.0,^3Xen_Crypt,^7savior
4 Xen_Crypt mpctf_nelvaan 2025-08-23_18-43-18.dm_26.dm_meta,1371653,00:20:38.329,133757,1714853,MOD_ROCKET_SPLASH,bad,False,0.23666666666666666,0.20666666666666667,0.08199130038145643,0.15949272384151647,0.13584771752357483,-0.9028145102893871,0.1334809732618183,0.2,0.007870217888974261,0.18262716070574417,18.358552932739258,0.07947425544261932,18.358552932739258,556.3197631835938,64.0,170,122,156,523.0,217.0,292.0,,,329.0,0.0,^3Xen_Crypt,^7savior
4 Xen_Crypt mpctf_nelvaan 2025-08-23_18-43-18.dm_26.dm_meta,1460324,00:22:07.000,133757,1714853,MOD_ROCKET_SPLASH,bad,False,0.18,0.17,0.1285585291731262,0.03361008173380299,0.0018504022154957056,-0.720425789991951,0.18147044042990132,0.4,0.9222238083281847,0.6020240288941552,0.0,0.0,0.39462944865226746,11.958468437194824,458.0,395,587,592,427.0,0.0,463.0,,,181.0,48.0,^3Xen_Crypt,^7savior
4 Xen_Crypt mpctf_nelvaan 2025-08-23_18-43-18.dm_26.dm_meta,1470521,00:22:17.197,133757,1714853,MOD_ROCKET,bad,False,0.17666666666666667,0.06166666666666667,0.0061329668495282,0.062384262689999886,0.003040548413991928,-1.764974422330062,0.04907373906105677,0.0,4.517209375713419e-25,0.09897334448546842,0.0,0.0,1.8524672985076904,56.135372161865234,95.0,493,70,227,23.0,185.0,238.0,66.0,-21.0,2.0,0.0,^3Xen_Crypt,^7ez
4 Xen_Crypt mpctf_nelvaan 2025-08-23_18-43-18.dm_26.dm_meta,1477847,00:22:24.523,133757,1714853,MOD_ROCKET_SPLASH,bad,False,0.06666666666666667,0.07333333333333333,0.05556820465795191,0.05244288166794124,0.00020485918503254652,-1.0404614808385189,0.11565235790911399,0.2,6.332120397156375e-06,0.0014851821085637327,49.59718322753906,0.25049081444740295,51.226905822753906,1552.3304443359375,95.0,362,164,525,584.0,170.0,307.0,,,250.0,12.0,^3Xen_Crypt,^7savior
4 Xen_Crypt mpctf_nelvaan 2025-08-23_18-43-18.dm_26.dm_meta,1501244,00:22:47.920,133757,1714853,MOD_SABER,bad,True,,,,,,,,,,,25.748262405395508,0.39012518525123596,34.96327209472656,1059.4930419921875,81.0,388,0,421,481.0,148.0,458.0,,,87.0,27.0,^3Xen_Crypt,^7ez
4 Xen_Crypt mpctf_nelvaan 2025-08-23_18-43-18.dm_26.dm_meta,1507382,00:22:54.058,133757,1714853,MOD_BRYAR_PISTOL_ALT,bad,False,0.30666666666666664,0.38,0.29028368080494915,0.20196100303382072,0.12425088882446289,-0.33583801766260724,0.5060163066614402,0.8,0.9999999934779134,0.7771550301569317,0.0,0.0,8.198033332824707,248.4252471923828,879.0,355,0,526,292.0,25.0,125.0,594.0,8.0,31.0,0.0,^3Xen_Crypt,^7savior
4 Xen_Crypt mpctf_nelvaan 2025-08-23_18-43-18.dm_26.dm_meta,1551338,00:23:38.014,133757,1714853,MOD_ROCKET_SPLASH,bad,False,0.14,0.21,0.07258006674113868,0.12241700037778822,0.11282984167337418,-0.9507371403106221,0.12739629521316145,0.2,0.005960550883053775,0.2655974530550698,0.06591796875,0.0019975141622126102,8.22928237915039,249.3721923828125,130.0,303,184,287,341.0,111.0,258.0,,,128.0,4.0,^3Xen_Crypt,^7savior
4 Xen_Crypt mpctf_nelvaan 2025-08-23_18-43-18.dm_26.dm_meta,1587341,00:24:14.017,133757,1714853,MOD_ROCKET,bad,True,0.08333333333333333,0.10666666666666667,0.01435258503793599,0.008428375688073654,0.0005971614737063646,-1.4701057635498254,0.07246046471432832,0.2,2.7061435069907164e-37,4.1455728005574216e-11,81.75659942626953,0.6193681955337524,82.0083236694336,2485.100830078125,63.0,987,381,647,825.0,352.0,472.0,33.0,-48.0,242.0,83.0,^3Xen_Crypt,^7savior
4 Xen_Crypt mpctf_nelvaan 2025-08-23_18-43-18.dm_26.dm_meta,1655024,00:25:21.700,133757,1714853,MOD_ROCKET_SPLASH,bad,False,0.15666666666666668,0.19666666666666666,0.09711700198282579,0.12549223556680228,0.021899521350860596,-0.8338865891890783,0.15302063683558603,0.2,0.03548319244383393,0.44210549256082415,4.92643404006958,0.02132655493915081,4.92643404006958,149.28587341308594,229.0,419,0,495,351.0,218.0,422.0,,,216.0,0.0,^3Xen_Crypt,^7savior
4 Xen_Crypt mpctf_nelvaan 2025-08-23_18-43-18.dm_26.dm_meta,1669148,00:25:35.824,133757,1714853,MOD_FLECHETTE_ALT_SPLASH,bad,False,0.03666666666666667,0.06333333333333334,0.13023376442023704,0.0015834698422349063,0.01754511147737503,-0.6052928105536354,0.1498077153623602,0.0,3.3522135861748283e-15,0.8949899675890435,0.742390513420105,0.011248340830206871,107.33518981933594,3252.58154296875,123.0,348,69,490,297.0,45.0,173.0,,,11.0,0.0,^3Xen_Crypt,^7ez
4 Xen_Crypt mpctf_nelvaan 2025-08-23_18-43-18.dm_26.dm_meta,1696373,00:26:03.049,133757,1714853,MOD_FLECHETTE,bad,False,,,,,,,,,,,9.003729820251465,0.09094676375389099,45.28169631958008,1372.172607421875,75.0,0,0,80,291.0,76.0,129.0,,,95.0,47.0,^3Xen_Crypt,^7ez
4 Xen_Crypt mpctf_telti 2025-08-23_20-21-54.dm_26.dm_meta,364262,00:01:04.519,300176,1514807,MOD_ROCKET,bad,False,0.09333333333333334,0.14666666666666667,0.16790298218433894,0.06975889652048274,0.005167040042579174,-0.605249738272444,0.19343522049641226,0.2,1.2863444708499545e-22,0.3319104418250936,0.49806371331214905,0.007546419743448496,51.776737213134766,1568.9920654296875,257.0,278,100,317,1081.0,285.0,496.0,330.0,-26.0,148.0,22.0,^3Xen_Crypt,^7ez
4 Xen_Crypt mpctf_telti 2025-08-23_20-21-54.dm_26.dm_meta,377858,00:01:18.115,300176,1514807,MOD_ROCKET_SPLASH,bad,False,0.16333333333333333,0.19666666666666666,0.1306141714956925,0.17185725648251024,0.5099111795425415,-0.7140895971658214,0.1763414329205375,0.2,1.0823729662105605e-06,0.25917326402908675,20.78242301940918,0.12595407664775848,37.623172760009766,1140.09619140625,235.0,288,54,462,203.0,341.0,659.0,,,147.0,26.0,^3Xen_Crypt,^7tmacfan
4 Xen_Crypt mpctf_telti 2025-08-23_20-21-54.dm_26.dm_meta,470126,00:02:50.383,300176,1514807,MOD_ROCKET_SPLASH,bad,False,0.13666666666666666,0.23666666666666666,0.049091866011533904,0.0893691812319311,0.045612215995788574,-1.0860727467841857,0.11058819713805268,0.4,2.6562618335679333e-06,0.07142633969709983,8.338624954223633,0.1263428032398224,96.38422393798828,2920.734130859375,111.0,295,89,558,176.0,147.0,296.0,,,55.0,13.0,^3Xen_Crypt,^7tmacfan
4 Xen_Crypt mpctf_telti 2025-08-23_20-21-54.dm_26.dm_meta,496724,00:03:16.981,300176,1514807,MOD_FALLING,bad,True,,,,,,,,,,,0.0,0.0,0.3873751759529114,11.738641738891602,,425,0,1527,,,,,,,,^3Xen_Crypt,^7tmacfan
4 Xen_Crypt mpctf_telti 2025-08-23_20-21-54.dm_26.dm_meta,604073,00:05:04.330,300176,1514807,MOD_ROCKET,bad,False,0.08,0.035,0.002656350314006166,0.0015825874396631593,0.0012980123283341527,-2.031330778695144,0.03769112867497635,0.2,2.6003497392513603e-17,0.01036944640209767,28.89220428466797,0.21888034045696259,30.636343002319336,928.3740234375,34.0,290,245,319,113.0,296.0,266.0,33.0,-57.0,14.0,0.0,^3Xen_Crypt,^7ez
4 Xen_Crypt mpctf_telti 2025-08-23_20-21-54.dm_26.dm_meta,621002,00:05:21.259,300176,1514807,MOD_ROCKET,bad,False,0.056666666666666664,0.05,0.03740180437583665,0.009977632054436145,0.00018244487000629306,-1.154644552855732,0.09944877740705767,0.2,2.7640887052316175e-23,0.1540336182795789,0.0,0.0,77.70960998535156,2354.836669921875,109.0,375,196,422,709.0,159.0,384.0,165.0,-27.0,88.0,8.0,^3Xen_Crypt,^7tmacfan
4 Xen_Crypt mpctf_telti 2025-08-23_20-21-54.dm_26.dm_meta,629153,00:05:29.410,300176,1514807,MOD_ROCKET_SPLASH,bad,True,0.23666666666666666,0.15666666666666668,0.16990988660167378,0.11197057351472617,0.04933253675699234,-0.5992486289516289,0.1988397913384058,0.4,0.0002951298683056322,0.031264467490635446,3.2043986320495605,0.09710299223661423,164.8575897216797,4995.6845703125,186.0,297,0,339,299.0,754.0,496.0,,,18.0,12.0,^3Xen_Crypt,^7ez
4 Xen_Crypt mpctf_telti 2025-08-23_20-21-54.dm_26.dm_meta,642089,00:05:42.346,300176,1514807,MOD_ROCKET_SPLASH,bad,False,0.23333333333333334,0.23666666666666666,0.11167656198174686,0.0928750094958118,0.007736625149846077,-0.7607306234104516,0.1542821882379459,0.2,1.8669863155852996e-05,0.016716960907037542,34.53120040893555,0.1308000087738037,133.0333251953125,4031.31298828125,88.0,533,166,367,644.0,54.0,484.0,,,201.0,40.0,^3Xen_Crypt,^7ez
4 Xen_Crypt mpctf_telti 2025-08-23_20-21-54.dm_26.dm_meta,732542,00:07:12.799,300176,1514807,MOD_ROCKET_SPLASH,bad,True,0.11333333333333333,0.11333333333333333,0.0913290666790594,0.09454257918936287,0.10522957891225815,-0.8751771220696527,0.14820533983156842,0.0,0.012923734842884182,0.0013385386247804394,11.455802917480469,0.34714555740356445,59.379066467285156,1799.3656005859375,111.0,278,134,200,549.0,201.0,408.0,,,223.0,0.0,^3Xen_Crypt,^7tmacfan
4 Xen_Crypt mpctf_telti 2025-08-23_20-21-54.dm_26.dm_meta,760493,00:07:40.750,300176,1514807,MOD_ROCKET_SPLASH,bad,False,0.14,0.08666666666666667,0.10775997989897103,0.1548684469195662,0.031075337901711464,-0.7784089267511709,0.15548626060607243,0.2,0.00023592489301330736,0.057568454231852174,0.0,0.0,126.29444885253906,3827.1044921875,153.0,446,11,273,472.0,31.0,292.0,,,55.0,0.0,^3Xen_Crypt,^7tmacfan
4 Xen_Crypt mpctf_telti 2025-08-23_20-21-54.dm_26.dm_meta,811412,00:08:31.669,300176,1514807,MOD_FLECHETTE_ALT_SPLASH,bad,True,0.08,0.09,0.11412789943418032,0.003430579153152074,0.0017456888454034925,-0.6990009090092755,0.21719203834945544,0.0,0.0670061934375469,0.040860669629455594,59.72199630737305,0.3016262352466583,60.7486686706543,1840.8687744140625,130.0,225,256,254,579.0,506.0,382.0,,,410.0,25.0,^3Xen_Crypt,^7The Return of Manpurse
4 Xen_Crypt mpctf_telti 2025-08-23_20-21-54.dm_26.dm_meta,847217,00:09:07.474,300176,1514807,MOD_ROCKET,bad,False,0.06333333333333334,0.056666666666666664,0.014658680695288579,0.003504656660581168,0.0005369308055378497,-1.479727322840442,0.06902615312578676,0.2,7.269438549429288e-16,0.09164654399177555,19.41042709350586,0.1470486968755722,25.678300857543945,778.1303100585938,35.0,480,163,244,471.0,201.0,358.0,33.0,-23.0,36.0,0.0,^3Xen_Crypt,^7ez
4 Xen_Crypt mpctf_telti 2025-08-23_20-21-54.dm_26.dm_meta,880448,00:09:40.705,300176,1514807,MOD_ROCKET_SPLASH,bad,False,0.18333333333333332,0.25,0.05843356434730865,0.189610793966433,0.01963690109550953,-1.028716802109179,0.10998621242377483,0.4,0.0042582543023609795,0.17944167477174053,19.597309112548828,0.08483683317899704,26.254880905151367,795.6024780273438,31.0,310,275,215,89.0,261.0,326.0,,,61.0,0.0,^3Xen_Crypt,^7tmacfan
4 Xen_Crypt mpctf_telti 2025-08-23_20-21-54.dm_26.dm_meta,898169,00:09:58.426,300176,1514807,MOD_ROCKET_SPLASH,bad,False,0.04666666666666667,0.043333333333333335,0.060078807115874516,0.034892619228526864,0.00019747835176531225,-0.9961696425990075,0.11274620230428577,0.0,1.2371505695943722e-05,3.994512047635658e-05,41.14948654174805,0.24939082562923431,81.50360107421875,2469.80615234375,94.0,470,216,297,569.0,442.0,496.0,,,2010.0,1752.0,^3Xen_Crypt,^7ez
4 Xen_Crypt mpctf_telti 2025-08-23_20-21-54.dm_26.dm_meta,921335,00:10:21.592,300176,1514807,MOD_ROCKET,bad,False,0.07,0.14666666666666667,0.1009211027712158,0.01844014236075099,0.00038697797572240233,-0.7949901784807722,0.16261873190836185,0.0,1.372917057578138e-20,0.13748389557166474,30.405807495117188,0.11517351120710373,83.67957305908203,2535.74462890625,127.0,667,319,523,924.0,8.0,510.0,99.0,1.0,396.0,88.0,^3Xen_Crypt,^7tmacfan
4 Xen_Crypt mpctf_telti 2025-08-23_20-21-54.dm_26.dm_meta,974201,00:11:14.458,300176,1514807,MOD_ROCKET_SPLASH,bad,False,0.056666666666666664,0.043333333333333335,0.06733135052145317,0.04293251316526875,0.001850085100159049,-0.9682071817761776,0.11931560154971603,0.0,1.683835943246173e-06,0.01143571821773821,0.0,0.0,36.61858367919922,1109.654052734375,52.0,205,147,236,456.0,538.0,460.0,,,1890.0,1676.0,^3Xen_Crypt,^7ez
4 Xen_Crypt mpctf_telti 2025-08-23_20-21-54.dm_26.dm_meta,977303,00:11:17.560,300176,1514807,MOD_ROCKET_SPLASH,bad,True,0.11,0.19666666666666666,0.0877389302235145,0.11612726211869041,0.0028250443283468485,-0.855960427131947,0.14551467947796218,0.4,0.20105123549086945,0.0002293310468067119,61.41963195800781,0.2658858597278595,61.41963195800781,1861.200927734375,186.0,362,117,388,692.0,101.0,399.0,,,482.0,108.0,^3Xen_Crypt,^7tmacfan
4 Xen_Crypt mpctf_telti 2025-08-23_20-21-54.dm_26.dm_meta,1169066,00:14:29.323,300176,1514807,MOD_ROCKET_SPLASH,bad,False,0.23666666666666666,0.29,0.08889249779307377,0.1036453872707132,0.24693214893341064,-0.874694046329646,0.1399546257697564,0.4,1.5157459528957854e-06,0.2999602904039596,0.0,0.0,4.9282989501953125,149.34239196777344,99.0,425,0,251,449.0,94.0,310.0,,,130.0,0.0,^3Xen_Crypt,^7ez
4 Xen_Crypt mpctf_telti 2025-08-23_20-21-54.dm_26.dm_meta,1176227,00:14:36.484,300176,1514807,MOD_ROCKET_SPLASH,bad,False,0.20333333333333334,0.23,0.17802782598437694,0.12906523880973192,0.0006623747758567333,-0.577440472061552,0.20459817774184727,0.6,1.5933068861703562e-07,0.0010643398587533261,55.05343246459961,0.2383265495300293,66.40791320800781,2012.3609619140625,88.0,376,0,589,1088.0,331.0,935.0,,,1107.0,232.0,^3Xen_Crypt,^7The Return of Manpurse
4 Xen_Crypt mpctf_telti 2025-08-23_20-21-54.dm_26.dm_meta,1252028,00:15:52.285,300176,1514807,MOD_ROCKET_SPLASH,bad,False,0.19,0.22333333333333333,0.07800156505614154,0.1336340065803671,0.058771491050720215,-0.9205825298416377,0.13118058985684913,0.2,2.5003592785700376e-10,0.4387149689558912,0.0,0.0,46.48245620727539,1408.559326171875,143.0,448,523,649,411.0,144.0,495.0,,,172.0,0.0,^3Xen_Crypt,^7ez
4 Xen_Crypt mpctf_telti 2025-08-23_20-21-54.dm_26.dm_meta,1258397,00:15:58.654,300176,1514807,MOD_ROCKET,bad,False,0.06,0.06,0.05171726200024125,0.01933281061420529,0.0011155434185639024,-1.0474565563616571,0.11491690014709632,0.0,1.503395954873409e-09,0.25100603401501065,0.9376751780509949,0.028414398431777954,19.484546661376953,590.4407958984375,130.0,353,28,183,590.0,56.0,409.0,231.0,-6.0,27.0,0.0,^3Xen_Crypt,^7tmacfan
4 Xen_Crypt mpctf_telti 2025-08-23_20-21-54.dm_26.dm_meta,1310801,00:16:51.058,300176,1514807,MOD_SABER,bad,False,,,,,,,,,,,0.0,0.0,30.390838623046875,920.9345092773438,73.0,361,0,408,20.0,5.0,378.0,,,0.0,0.0,^3Xen_Crypt,^7ez
4 Xen_Crypt mpctf_telti 2025-08-23_20-21-54.dm_26.dm_meta,1325354,00:17:05.611,300176,1514807,MOD_ROCKET_SPLASH,bad,False,0.19,0.24666666666666667,0.08160060779632067,0.027457011342058628,0.006105502601712942,-0.9019259405784231,0.14367002475821442,0.4,0.0006288680447836148,0.15180249700528298,0.0,0.0,2.9480435848236084,89.33465576171875,218.0,774,38,801,498.0,13.0,474.0,,,201.0,71.0,^3Xen_Crypt,^7ez
4 Xen_Crypt mpctf_telti 2025-08-23_20-21-54.dm_26.dm_meta,1342877,00:17:23.134,300176,1514807,MOD_DISRUPTOR_SNIPER,bad,False,0.03666666666666667,0.01,0.18788869376585418,0.016944417761509355,0.007398197427392006,-0.5498022994618859,0.08401307711302906,0.0,4.5931309611397656e-82,0.4778905792545054,0.32428282499313354,0.009826752357184887,36.72568893432617,1112.899658203125,816.0,0,0,0,0.0,0.0,701.0,,,0.0,0.0,^3Xen_Crypt,^7ez
4 Xen_Crypt mpctf_telti 2025-08-23_20-21-54.dm_26.dm_meta,1407590,00:18:27.847,300176,1514807,MOD_ROCKET_SPLASH,bad,False,0.16666666666666666,0.29333333333333333,0.07772813148738306,0.0865583583090089,0.021724551916122437,-0.9337693412478103,0.1342137265874996,0.4,9.911416535294126e-13,0.45383956113486573,0.822233259677887,0.024916158989071846,7.420264720916748,224.85650634765625,47.0,281,37,639,450.0,260.0,540.0,,,199.0,25.0,^3Xen_Crypt,^7ez
4 Xen_Crypt mpctf_telti 2025-08-23_20-21-54.dm_26.dm_meta,1413728,00:18:33.985,300176,1514807,MOD_ROCKET_SPLASH,bad,False,0.32666666666666666,0.41333333333333333,0.24715762922138906,0.3116688224607134,0.32137683033943176,-0.43861681970302724,0.24949257018473592,0.6,0.2862601217358627,0.5842820254402603,4.485766410827637,0.04531077295541763,9.202132225036621,278.85247802734375,473.0,448,346,367,415.0,41.0,716.0,,,175.0,64.0,^3Xen_Crypt,^7tmacfan
4 Xen_Crypt mpctf_telti 2025-08-23_20-21-54.dm_26.dm_meta,1425278,00:18:45.535,300176,1514807,MOD_ROCKET_SPLASH,bad,True,0.13,0.14,0.0449533121923704,0.07319561780195993,0.07032138109207153,-1.1571640603326647,0.1148527297129055,0.2,0.004127379141844468,2.272628452452859e-19,29.019054412841797,0.8793652653694153,86.77081298828125,2629.418701171875,145.0,516,152,233,446.0,68.0,304.0,,,95.0,0.0,^3Xen_Crypt,^7ez
4 Xen_Crypt mpctf_telti 2025-08-23_20-21-54.dm_26.dm_meta,1476098,00:19:36.355,300176,1514807,MOD_SABER,bad,False,,,,,,,,,,,34.102970123291016,0.17223721742630005,34.102970123291016,1033.42333984375,31.0,628,121,539,156.0,26.0,42.0,,,19.0,1.0,^3Xen_Crypt,^7The Return of Manpurse
5 Xen ctf_kothis_v5 2025-09-06_21-18-05.dm_26.dm_meta,130791,00:00:35.809,95415,1419078,MOD_REPEATER_ALT_SPLASH,bad,False,0.2833333333333333,0.25,0.2975128996722969,0.09996614414100874,0.02702357806265354,-0.36076333336637467,0.27422667685661023,0.6,0.02143691606792048,0.6859757302788326,0.13511396944522858,0.00204718136228621,0.8392325043678284,25.43128776550293,430.0,609,745,649,761.0,66.0,917.0,,,164.0,0.0,^3Xen,^5derpy^7TIGER
5 Xen ctf_kothis_v5 2025-09-06_21-18-05.dm_26.dm_meta,152703,00:00:57.721,95415,1419078,MOD_REPEATER_ALT_SPLASH,bad,False,0.16666666666666666,0.20333333333333334,0.18181749228199065,0.1623009065793283,0.07298921793699265,-0.5663195771863577,0.2149550945581941,0.0,7.120736301586786e-07,0.4253214973192043,0.0,0.0,49.953243255615234,1513.734619140625,463.0,479,123,460,536.0,126.0,414.0,,,195.0,0.0,^3Xen,^5derpy^7TIGER
5 Xen ctf_kothis_v5 2025-09-06_21-18-05.dm_26.dm_meta,262989,00:02:48.007,95415,1419078,MOD_ROCKET_SPLASH,bad,False,0.06,0.056666666666666664,0.038163307909934566,0.05710590939330034,0.002148654777556658,-1.1697626051365315,0.09335232362517697,0.0,0.001029391212301585,0.015975457865197485,12.303438186645508,0.07456628978252411,32.47953796386719,984.2284545898438,148.0,334,44,428,395.0,303.0,218.0,,,1647.0,1470.0,^3Xen,^7ez
5 Xen ctf_kothis_v5 2025-09-06_21-18-05.dm_26.dm_meta,263880,00:02:48.898,95415,1419078,MOD_ROCKET_SPLASH,bad,True,0.07,0.09333333333333334,0.04930052060123514,0.04637591372107687,0.00038221594877541065,-1.1212726520303566,0.11348562686971454,0.0,0.00010283577935467011,6.1984885260230885e-09,19.502803802490234,0.5909940600395203,50.858768463134766,1541.1748046875,99.0,347,224,283,278.0,358.0,309.0,,,25.0,12.0,^3Xen,^7Jak of the Shadows
5 Xen ctf_kothis_v5 2025-09-06_21-18-05.dm_26.dm_meta,290280,00:03:15.298,95415,1419078,MOD_FLECHETTE,bad,False,,,,,,,,,,,24.93172836303711,0.15110138058662415,47.66203689575195,1444.30419921875,135.0,229,0,337,355.0,582.0,345.0,33.0,-9.0,1527.0,1452.0,^3Xen,^5derpy^7TIGER
5 Xen ctf_kothis_v5 2025-09-06_21-18-05.dm_26.dm_meta,306615,00:03:31.633,95415,1419078,MOD_FLECHETTE_ALT_SPLASH,bad,False,0.02,0.07666666666666666,0.06813745198234178,0.001993656755569181,0.0031362948939204216,-0.8700356418237332,0.1576645942083389,0.0,4.395087772725074e-13,0.4161373324980915,0.6843345165252686,0.005184352397918701,19.436737060546875,588.9920654296875,179.0,435,0,408,303.0,74.0,340.0,,,7.0,0.0,^3Xen,^7ez
5 Xen ctf_kothis_v5 2025-09-06_21-18-05.dm_26.dm_meta,342387,00:04:07.405,95415,1419078,MOD_REPEATER_ALT_SPLASH,bad,False,0.12666666666666668,0.21333333333333335,0.06941894686045699,0.10093155396459454,0.06915507465600967,-0.9557179144509438,0.12581575676584789,0.2,6.028764438594042e-05,0.18070855635114258,0.0,0.0,88.6247787475586,2685.599365234375,77.0,478,28,563,344.0,76.0,391.0,,,78.0,0.0,^3Xen,^7ez
5 Xen ctf_kothis_v5 2025-09-06_21-18-05.dm_26.dm_meta,383043,00:04:48.061,95415,1419078,MOD_FLECHETTE,bad,False,,,,,,,,,,,0.0,0.0,18.569093704223633,562.6998291015625,331.0,380,192,381,148.0,8.0,419.0,99.0,24.0,1.0,0.0,^3Xen,^5derpy^7TIGER
5 Xen ctf_kothis_v5 2025-09-06_21-18-05.dm_26.dm_meta,468480,00:06:13.498,95415,1419078,MOD_ROCKET_SPLASH,bad,False,0.07666666666666666,0.07333333333333333,0.055809921888985946,0.023148298940685673,5.371092265704647e-05,-1.033929647910187,0.11044919263582309,0.0,5.719900280321185e-10,4.293356601588394e-05,23.811552047729492,0.24052073061466217,28.024873733520508,849.2385864257812,73.0,473,40,305,237.0,225.0,751.0,,,2183.0,2126.0,^3Xen,^5derpy^7TIGER
5 Xen ctf_kothis_v5 2025-09-06_21-18-05.dm_26.dm_meta,774093,00:09:30.574,95415,1419078,MOD_ROCKET_SPLASH,bad,False,0.12333333333333334,0.14,0.13276238746344768,0.08939965409625271,0.008815295062959194,-0.7126402174053363,0.18621490390857176,0.0,5.378066009197881e-06,0.3466317983385148,8.0694580078125,0.04890580475330353,8.0694580078125,244.52903747558594,289.0,403,0,666,410.0,20.0,645.0,,,12.0,0.0,^3Xen,^7ez
5 Xen ctf_kothis_v5 2025-09-06_21-18-05.dm_26.dm_meta,806829,00:10:03.310,95415,1419078,MOD_ROCKET,bad,False,0.06,0.05,0.009559707084179934,0.004678115041802733,0.00021601654589176178,-1.6221778227388524,0.05842633879705764,0.0,2.0525575739392323e-30,0.11903720879576349,0.0,0.0,44.707984924316406,1354.7874755859375,39.0,742,225,693,463.0,221.0,318.0,99.0,-39.0,19.0,0.0,^3Xen,^5derpy^7TIGER
5 Xen ctf_kothis_v5 2025-09-06_21-18-05.dm_26.dm_meta,858969,00:10:55.450,95415,1419078,MOD_FLECHETTE_ALT_SPLASH,bad,False,0.03666666666666667,0.05,0.0926778441940603,0.0024501794301299363,0.007053401321172714,-0.7579355486061952,0.17183646912955544,0.0,1.9075956144266053e-13,0.4615519303254174,15.610027313232422,0.05912889167666435,27.491859436035156,833.086669921875,158.0,371,309,259,707.0,24.0,277.0,,,39.0,0.0,^3Xen,^5derpy^7TIGER
5 Xen ctf_kothis_v5 2025-09-06_21-18-05.dm_26.dm_meta,899097,00:11:35.578,95415,1419078,MOD_FLECHETTE_ALT_SPLASH,bad,False,0.15333333333333332,0.21666666666666667,0.06789178131928099,0.048950152068814874,0.1977475881576538,-0.871068956365901,0.15741315321057855,0.2,9.303825351648937e-11,0.24238573789093537,3.056001663208008,0.09260611236095428,47.5777473449707,1441.7498779296875,59.0,544,22,382,259.0,93.0,241.0,,,7.0,0.0,^3Xen,^7ez
5 Xen ctf_kothis_v5 2025-09-06_21-18-05.dm_26.dm_meta,954339,00:12:30.820,95415,1419078,MOD_BRYAR_PISTOL_ALT,bad,False,0.10666666666666667,0.10666666666666667,0.06546918205854281,0.002216762626059086,0.0021491199731826782,-1.0245369846084733,0.5265015185803764,0.2,9.210499777822975e-15,0.5696008726282894,2.615628719329834,0.07926147431135178,4.196791648864746,127.17550659179688,30.0,124,0,221,502.0,138.0,239.0,,,35.0,0.0,^3Xen,^7hide the pain harold
5 Xen ctf_kothis_v5 2025-09-06_21-18-05.dm_26.dm_meta,1015191,00:13:31.672,95415,1419078,MOD_DISRUPTOR,bad,False,0.023333333333333334,0.016666666666666666,0.008251468922824705,0.00028943543151958184,0.007256962824612856,-1.1524934558608462,0.05876265914917631,0.0,2.4858706525229383e-91,9.846176004498289e-45,11.789703369140625,0.05954395607113838,40.53847885131836,1228.438720703125,310.0,70,237,289,294.0,62.0,316.0,,,115.0,55.0,^3Xen,^7Jak of the Shadows
5 Xen ctf_kothis_v5 2025-09-06_21-18-05.dm_26.dm_meta,1028787,00:13:45.268,95415,1419078,MOD_ROCKET,bad,False,0.06666666666666667,0.14333333333333334,0.11221392393212941,0.033820401995849535,0.0014610375510528684,-0.7871931800090934,0.15025913429052773,0.0,0.14229081184184073,0.38000978670892727,0.0,0.0,13.947160720825195,422.6412353515625,180.0,279,373,220,610.0,223.0,383.0,99.0,38.0,536.0,278.0,^3Xen,^7hide the pain harold
5 Xen ctf_kothis_v5 2025-09-06_21-18-05.dm_26.dm_meta,1144485,00:15:40.966,95415,1419078,MOD_REPEATER_ALT_SPLASH,bad,False,0.03666666666666667,0.03666666666666667,0.059456490808602463,0.05628542047472924,0.001861569588072598,-0.9993472066268629,0.11543892776763275,0.0,6.041159301182712e-06,0.0007809649191366357,9.6113862991333,0.058250825852155685,40.359283447265625,1223.008544921875,199.0,427,0,451,565.0,97.0,506.0,,,2267.0,2110.0,^3Xen,^5derpy^7TIGER
5 Xen ctf_kothis_v5 2025-09-06_21-18-05.dm_26.dm_meta,1205205,00:16:41.686,95415,1419078,MOD_REPEATER_ALT_SPLASH,bad,False,0.22,0.17,0.11565286249107949,0.1408924627986738,0.5814381241798401,-0.772271131278683,0.165205205259596,0.0,1.8917876115413047e-07,0.4587636147103058,0.0,0.0,27.47138023376465,832.466064453125,153.0,215,46,457,590.0,69.0,479.0,,,125.0,0.0,^3Xen,^5derpy^7TIGER
5 Xen ctf_kothis_v5 2025-09-06_21-18-05.dm_26.dm_meta,1261899,00:17:38.380,95415,1419078,MOD_ROCKET_SPLASH,bad,True,0.16333333333333333,0.23666666666666666,0.06510344306900173,0.05711239264375081,0.008028321899473667,-0.9946565956569366,0.12266920169567475,0.2,1.9565306608134953e-10,0.006338536463850443,19.732572555541992,0.29897835850715637,88.29825592041016,2675.704833984375,63.0,214,327,401,354.0,529.0,432.0,,,405.0,141.0,^3Xen,^7ez
5 Xen ctf_kothis_v5 2025-09-06_21-18-05.dm_26.dm_meta,1297275,00:18:13.756,95415,1419078,MOD_THERMAL_SPLASH,bad,False,,,,,,,,,,,8.802133560180664,0.08891043812036514,94.63587188720703,2867.753662109375,60.0,62,139,338,330.0,418.0,321.0,,,34.0,21.0,^3Xen,^7ez
5 Xen ctf_kothis_v5 2025-09-06_21-18-05.dm_26.dm_meta,1318197,00:18:34.678,95415,1419078,MOD_REPEATER_ALT_SPLASH,bad,False,0.26666666666666666,0.36333333333333334,0.07408252742398005,0.19070403450754705,0.17609047889709473,-0.9338399899411134,0.1301722193050007,0.0,0.04937736953308532,0.15514320356607028,15.083209991455078,0.09141339361667633,61.48527526855469,1863.190185546875,97.0,179,24,236,315.0,462.0,246.0,,,309.0,5.0,^3Xen,^5derpy^7TIGER
5 Xen ctf_kothis_v5 2025-09-06_21-18-05.dm_26.dm_meta,1330341,00:18:46.822,95415,1419078,MOD_ROCKET_SPLASH,bad,False,0.16,0.16333333333333333,0.08192247691070033,0.08151926431870489,0.36766037344932556,-0.913825147524359,0.13758570626828034,0.0,2.3111363609937628e-07,0.10525142167741731,7.3610405921936035,0.22306182980537415,14.524425506591797,440.13409423828125,92.0,290,153,291,445.0,511.0,451.0,,,623.0,31.0,^3Xen,^5derpy^7TIGER
5 Xen ctf_kothis_v5 2025-09-06_21-18-05.dm_26.dm_meta,1386672,00:19:43.153,95415,1419078,MOD_FALLING,bad,False,,,,,,,,,,,0.0,0.0,2.2774384021759033,69.0132827758789,695.0,782,250,788,102.0,0.0,784.0,,,0.0,0.0,^3Xen,^5derpy^7TIGER
5 Xen mpctf4 2025-09-06_21-45-51.dm_26.dm_meta,148607,00:00:47.854,101186,971726,MOD_BRYAR_PISTOL_ALT,bad,False,0.09666666666666666,0.14333333333333334,0.24183034717792293,0.018521356328819665,0.00022682806593365967,-0.421014132419233,0.47003751518276404,0.0,2.7566421621910844e-19,0.8651953483182843,2.186065435409546,0.009463487192988396,18.897113800048828,572.6398315429688,130.0,461,148,448,513.0,366.0,622.0,33.0,-16.0,72.0,33.0,^3Xen,^7enab
5 Xen mpctf4 2025-09-06_21-45-51.dm_26.dm_meta,298592,00:03:17.839,101186,971726,MOD_BRYAR_PISTOL_ALT,bad,False,0.18666666666666668,0.23,0.11843247512086262,0.06480422996031414,0.01070053968578577,-0.707447963409708,0.5064914015087165,0.2,6.31959666807396e-34,0.0002805921534472254,21.490230560302734,0.09303130209445953,36.322242736816406,1100.674072265625,139.0,408,220,650,834.0,375.0,522.0,66.0,2.0,110.0,102.0,^3Xen,^7enab
5 Xen mpctf4 2025-09-06_21-45-51.dm_26.dm_meta,394655,00:04:53.902,101186,971726,MOD_DISRUPTOR,bad,False,0.03,0.03,0.05990961460216748,0.000273995162412367,0.0007540836813859642,-0.7528080798336453,0.06725760599002804,0.0,1.3389555833616939e-07,0.6620949380396753,0.0,0.0,2.347792625427246,71.14523315429688,794.0,386,97,449,322.0,0.0,241.0,,,10.0,0.0,^3Xen,^7ez
5 Xen mpctf4 2025-09-06_21-45-51.dm_26.dm_meta,487913,00:06:27.160,101186,971726,MOD_DISRUPTOR_SNIPER,bad,False,0.01,0.0033333333333333335,0.018570582230287305,0.0071853642087610385,0.0034978927578777075,-1.0515078246224763,0.08013526612029213,0.0,2.3910398377176977e-18,0.13071370941294702,0.0,0.0,0.2678163945674896,8.11564826965332,2924.0,0,0,47,0.0,0.0,0.0,,,0.0,0.0,^3Xen,^7hide the pain harold
5 Xen mpctf4 2025-09-06_21-45-51.dm_26.dm_meta,716702,00:10:15.949,101186,971726,MOD_SABER,bad,False,,,,,,,,,,,16.96039390563965,0.12848782539367676,65.84016418457031,1995.156494140625,40.0,361,0,342,263.0,0.0,467.0,,,5.0,0.0,^3Xen,^7ez
5 Xen mpctf4 2025-09-06_21-45-51.dm_26.dm_meta,831773,00:12:11.020,101186,971726,MOD_SABER,bad,False,,,,,,,,,,,1.4788960218429565,0.044815029948949814,72.5140151977539,2197.39453125,43.0,76,0,200,91.0,0.0,176.0,,,0.0,0.0,^3Xen,^7enab
5 Xen mpctf4 2025-09-06_21-45-51.dm_26.dm_meta,919388,00:13:38.635,101186,971726,MOD_DISRUPTOR,bad,False,0.01,0.02,0.025351871660738656,0.0002942429682187325,0.0017039630329236388,-0.9443353584455867,0.06408741848425127,0.0,9.107311365548848e-38,0.7265270100797102,1.1548715829849243,0.03499610722064972,4.678489685058594,141.7724151611328,347.0,310,73,356,175.0,10.0,300.0,,,113.0,77.0,^3Xen,^7hide the pain harold
5 Xen mpctf4 2025-09-06_21-45-51.dm_26.dm_meta,923447,00:13:42.694,101186,971726,MOD_DISRUPTOR_SNIPER,bad,False,0.04666666666666667,0.3,0.032176083291031436,0.006467323816200259,0.0020807082764804363,-0.9599808495539319,0.07999817588814556,0.2,4.26358225084027e-47,0.16588384122794625,0.10128893703222275,0.0006138723692856729,4.608846664428711,139.66201782226562,1113.0,0,0,0,0.0,0.0,329.0,,,0.0,0.0,^3Xen,^7ez
5 Xen mpctf_kejim 2025-09-06_22-11-10.dm_26.dm_meta,124814,00:00:20.068,105179,1441811,MOD_ROCKET_SPLASH,bad,True,0.16333333333333333,0.13333333333333333,0.04799776449105702,0.08139895930577476,0.005352140869945288,-1.100462312444618,0.10809742767417845,0.0,2.0003997345377132e-12,0.007756422055093256,8.125624656677246,0.030778881162405014,19.752965927124023,598.57470703125,55.0,1254,86,1055,603.0,76.0,434.0,,,199.0,7.0,^3Xen,^7Jak of the Shadows
5 Xen mpctf_kejim 2025-09-06_22-11-10.dm_26.dm_meta,198965,00:01:34.219,105179,1441811,MOD_FLECHETTE_ALT_SPLASH,bad,True,0.18,0.14,0.0630403818464728,0.10149549761236323,0.003926342818886042,-0.9580745660934121,0.1703848537176934,0.2,0.0002612569431247711,0.019307920603017004,19.98568344116211,0.3028133809566498,23.902881622314453,724.3297729492188,200.0,324,87,369,95.0,55.0,369.0,,,1.0,0.0,^3Xen,^7Jak of the Shadows
5 Xen mpctf_kejim 2025-09-06_22-11-10.dm_26.dm_meta,203882,00:01:39.136,105179,1441811,MOD_FLECHETTE,bad,False,,,,,,,,,,,10.247167587280273,0.1552601158618927,26.015207290649414,788.339599609375,115.0,392,232,461,355.0,62.0,449.0,,,14.0,3.0,^3Xen,^2h^0annah ^2(^0retired^2)
5 Xen mpctf_kejim 2025-09-06_22-11-10.dm_26.dm_meta,270608,00:02:45.862,105179,1441811,MOD_DISRUPTOR,bad,False,0.19,0.07666666666666666,0.017471027533711457,0.000273995162412367,0.0020127026364207268,-1.0142164759041152,0.06246887142515784,0.0,3.359650870758431e-32,0.759072350740821,0.0,0.0,0.3598756194114685,10.905322074890137,568.0,222,90,277,412.0,0.0,516.0,,,15.0,0.0,^3Xen,^2h^0annah ^2(^0retired^2)
5 Xen mpctf_kejim 2025-09-06_22-11-10.dm_26.dm_meta,367793,00:04:23.047,105179,1441811,MOD_ROCKET_SPLASH,bad,False,0.12666666666666668,0.16666666666666666,0.031125691027439055,0.042643158957090935,0.007822698913514614,-1.2748484012560224,0.09213412178032991,0.0,1.3099267593892789e-12,0.03593923805933789,7.234219551086426,0.21921877562999725,15.845709800720215,480.17303466796875,41.0,170,31,577,300.0,9.0,221.0,,,118.0,43.0,^3Xen,^2h^0annah ^2(^0retired^2)
5 Xen mpctf_kejim 2025-09-06_22-11-10.dm_26.dm_meta,763166,00:08:56.778,105179,1441811,MOD_FLECHETTE_ALT_SPLASH,bad,False,0.2633333333333333,0.17666666666666667,0.05387338040230765,0.7820407886245275,0.4018532633781433,-0.9026399295654647,0.19931226137240196,0.4,0.004466598659764768,0.0005899976326275515,54.36497497558594,0.2745705842971802,57.911033630371094,1754.8797607421875,42.0,59,23,804,207.0,61.0,319.0,,,3.0,0.0,^3Xen,^2h^0annah ^2(^0retired^2)
5 Xen mpctf_kejim 2025-09-06_22-11-10.dm_26.dm_meta,810917,00:09:44.529,105179,1441811,MOD_FLECHETTE_ALT_SPLASH,bad,False,0.11333333333333333,0.08333333333333333,0.12005350179699868,0.007661144405532458,0.012036263011395931,-0.7164039295704503,0.16493142690904375,0.2,0.8231845976624008,0.689259024209391,1.9455419778823853,0.05895581841468811,2.7045395374298096,81.95574188232422,131.0,312,24,508,855.0,297.0,512.0,,,798.0,22.0,^3Xen,^2h^0annah ^2(^0retired^2)
5 Xen mpctf_kejim 2025-09-06_22-11-10.dm_26.dm_meta,897377,00:11:10.989,105179,1441811,MOD_THERMAL_SPLASH,bad,False,,,,,,,,,,,0.0,0.0,85.05406188964844,2577.395751953125,72.0,368,60,363,442.0,208.0,406.0,,,256.0,0.0,^3Xen,^2h^0annah ^2(^0retired^2)
5 Xen mpctf_kejim 2025-09-06_22-11-10.dm_26.dm_meta,929651,00:11:43.263,105179,1441811,MOD_THERMAL_SPLASH,bad,False,,,,,,,,,,,2.2828640937805176,0.023059234023094177,69.04259490966797,2092.199951171875,196.0,76,169,190,629.0,450.0,397.0,,,316.0,203.0,^3Xen,^2h^0annah ^2(^0retired^2)
5 Xen mpctf_kejim 2025-09-06_22-11-10.dm_26.dm_meta,960308,00:12:13.920,105179,1441811,MOD_ROCKET_SPLASH,bad,False,0.07333333333333333,0.09666666666666666,0.07123603744310145,0.047885262987116886,0.0007063681841827929,-0.9388420826691751,0.1277549080469024,0.0,1.5332585469680194e-13,0.030294697474958616,1.1368194818496704,0.008612268604338169,1.3323838710784912,40.37527084350586,296.0,663,348,679,494.0,240.0,565.0,,,1779.0,1393.0,^3Xen,^7Jak of the Shadows
5 Xen mpctf_kejim 2025-09-06_22-11-10.dm_26.dm_meta,1048187,00:13:41.799,105179,1441811,MOD_ROCKET_SPLASH,bad,False,0.14,0.15,0.10390113590808975,0.11261117743034683,0.033584993332624435,-0.8054920352288448,0.16503144955198804,0.0,0.0004271355603764082,0.4231940185117745,2.334652900695801,0.023582352325320244,3.5252933502197266,106.82707214355469,315.0,155,0,515,136.0,57.0,531.0,,,127.0,14.0,^3Xen,^2h^0annah ^2(^0retired^2)
5 Xen mpctf_kejim 2025-09-06_22-11-10.dm_26.dm_meta,1087490,00:14:21.102,105179,1441811,MOD_FLECHETTE_ALT_SPLASH,bad,False,0.04,0.06,0.1314864114020077,0.001183966396842603,0.0026120487600564957,-0.6869589953543984,0.16213256843771506,0.0,8.585031466292137e-20,0.001822451300847587,0.2558305263519287,0.003876220202073455,15.424676895141602,467.4144592285156,553.0,277,77,237,472.0,62.0,544.0,,,100.0,0.0,^3Xen,^7Jak of the Shadows
5 Xen mpctf_kejim 2025-09-06_22-11-10.dm_26.dm_meta,1155140,00:15:28.752,105179,1441811,MOD_DISRUPTOR,bad,False,0.11666666666666667,0.19333333333333333,0.14353820155870886,0.003569249603063576,0.04408343881368637,-0.6296530354611454,0.07232975198262587,0.0,1.26544744023613e-101,0.24106834078593412,0.0,0.0,2.7846007347106934,84.38184356689453,1240.0,310,98,304,830.0,205.0,652.0,,,940.0,500.0,^3Xen,^2h^0annah ^2(^0retired^2)
5 Xen mpctf_kejim 2025-09-06_22-11-10.dm_26.dm_meta,1171145,00:15:44.757,105179,1441811,MOD_DISRUPTOR_SNIPER,bad,False,0.05,0.03666666666666667,0.040812985381802745,0.029435291747266914,0.15442360937595367,-0.847352158086009,0.0801781916331603,0.0,1.638564313102406e-43,0.304845311708017,0.0,0.0,0.9323503375053406,28.253040313720703,2992.0,0,0,248,0.0,0.0,427.0,,,0.0,0.0,^3Xen,^2h^0annah ^2(^0retired^2)
5 Xen mpctf_kejim 2025-09-06_22-11-10.dm_26.dm_meta,1254569,00:17:08.181,105179,1441811,MOD_ROCKET_SPLASH,bad,False,0.26,0.29,0.05282202942624858,0.20109316640387018,0.04677322879433632,-1.0514745731982509,0.1164027296335104,0.6,0.09586514268889516,0.05972544413033037,0.0,0.0,124.4422836303711,3770.978271484375,94.0,3,155,593,424.0,484.0,223.0,,,569.0,33.0,^3Xen,^7Jak of the Shadows
5 Xen mpctf_kejim 2025-09-06_22-11-10.dm_26.dm_meta,1269320,00:17:22.932,105179,1441811,MOD_ROCKET_SPLASH,bad,False,0.16333333333333333,0.21333333333333335,0.09611429166805735,0.1147449154228677,0.0842074453830719,-0.8481554666821747,0.14256115682706097,0.6,2.1057073021865976e-06,0.49717779445297766,0.0,0.0,8.569621086120605,259.68548583984375,72.0,394,286,358,431.0,139.0,502.0,,,175.0,1.0,^3Xen,^2h^0annah ^2(^0retired^2)
5 Xen mpctf_kejim 2025-09-06_22-11-10.dm_26.dm_meta,1312715,00:18:06.327,105179,1441811,MOD_ROCKET_SPLASH,bad,False,0.16666666666666666,0.24333333333333335,0.05411078476748518,0.1518737988251657,0.05624103173613548,-1.0573132491478034,0.11341773853805821,0.2,0.005933189732028781,0.16174817066258013,16.79654312133789,0.12724654376506805,47.79541015625,1448.3458251953125,84.0,128,171,423,373.0,247.0,269.0,,,258.0,0.0,^3Xen,^7hide the pain harold
5 Xen mpctf_kejim 2025-09-06_22-11-10.dm_26.dm_meta,1416071,00:19:49.683,105179,1441811,MOD_ROCKET_SPLASH,bad,True,0.14,0.14,0.058578343032209906,0.06857926197046968,0.027347365394234657,-1.0364808337997844,0.12248674567352606,0.2,6.350125457604488e-05,0.0016071199085475568,31.96417808532715,0.32287049293518066,45.119380950927734,1367.2540283203125,83.0,248,114,597,574.0,151.0,449.0,,,250.0,0.0,^3Xen,^7enab
5 Xen mpctf_kejim 2025-09-06_22-11-10.dm_26.dm_meta,1417226,00:19:50.838,105179,1441811,MOD_ROCKET_SPLASH,bad,False,0.19666666666666666,0.17333333333333334,0.06579315883296341,0.11148548421449403,0.48326173424720764,-0.9849058392327292,0.12263160771271316,0.0,1.5777518404965201e-07,0.20720018642029908,0.0,0.0,7.991377353668213,242.16294860839844,134.0,299,42,278,354.0,396.0,136.0,,,337.0,6.0,^3Xen,^7hide the pain harold
6 xen ctf_dantooine_v3 2025-07-31_00-05-37.dm_26.dm_meta,72311,00:00:14.524,58220,1411385,MOD_ROCKET,bad,False,0.043333333333333335,0.04,0.013929261054746974,0.003639004984900309,0.00017132109496742487,-1.4895792094461897,0.07167318488544,0.0,1.652355794637281e-20,0.007784240469896557,42.27159118652344,0.21349288523197174,45.83384704589844,1388.9044189453125,85.0,619,118,462,443.0,215.0,267.0,66.0,-25.0,22.0,0.0,^7xen,^7tmacfan
6 xen ctf_dantooine_v3 2025-07-31_00-05-37.dm_26.dm_meta,99074,00:00:41.287,58220,1411385,MOD_ROCKET_SPLASH,bad,False,0.11333333333333333,0.11666666666666667,0.09998336620184234,0.08250529297295774,0.005123534239828587,-0.8227108887989248,0.16363092440062058,0.2,4.0263637612115355e-07,0.23555201812702464,0.0,0.0,9.6113862991333,291.2541198730469,297.0,473,0,764,511.0,21.0,468.0,,,142.0,21.0,^7xen,^7master baiter
6 xen ctf_dantooine_v3 2025-07-31_00-05-37.dm_26.dm_meta,191078,00:02:13.291,58220,1411385,MOD_CONC_ALT,bad,False,,,,,,,,,,,0.0,0.0,4.255430221557617,128.9524383544922,92.0,291,0,462,441.0,0.0,566.0,,,14.0,0.0,^7xen,^7tmacfan
6 xen ctf_dantooine_v3 2025-07-31_00-05-37.dm_26.dm_meta,250511,00:03:12.724,58220,1411385,MOD_REPEATER_ALT_SPLASH,bad,False,0.17,0.22333333333333333,0.16210648992956778,0.1634259549582231,0.014592942781746387,-0.6377596207655475,0.19191789546486468,0.2,8.738642398854174e-06,0.516078681888787,8.565169334411621,0.03707865625619888,8.565169334411621,259.55059814453125,193.0,350,3,346,581.0,388.0,491.0,,,70.0,1.0,^7xen,^7master baiter
6 xen ctf_dantooine_v3 2025-07-31_00-05-37.dm_26.dm_meta,325652,00:04:27.865,58220,1411385,MOD_CONC,bad,False,,,,,,,,,,,0.0,0.0,9.320255279541016,282.4319763183594,351.0,114,4,362,362.0,5.0,318.0,,,14.0,0.0,^7xen,^7tmacfan
6 xen ctf_dantooine_v3 2025-07-31_00-05-37.dm_26.dm_meta,336476,00:04:38.689,58220,1411385,MOD_CONC,bad,False,,,,,,,,,,,0.0,0.0,12.512892723083496,379.1785583496094,281.0,78,0,360,87.0,179.0,251.0,,,42.0,0.0,^7xen,^7tmacfan
6 xen ctf_dantooine_v3 2025-07-31_00-05-37.dm_26.dm_meta,349148,00:04:51.361,58220,1411385,MOD_ROCKET_SPLASH,bad,False,0.18333333333333332,0.12333333333333334,0.13283316411496487,0.0797419496443703,0.005684144329279661,-0.7157719454524134,0.1712178133994091,0.2,0.020635697132260516,0.4928266046073028,0.0,0.0,22.922760009765625,694.6290893554688,252.0,178,564,237,577.0,43.0,387.0,,,122.0,0.0,^7xen,^7master baiter
6 xen ctf_dantooine_v3 2025-07-31_00-05-37.dm_26.dm_meta,549953,00:08:12.166,58220,1411385,MOD_CONC,bad,False,,,,,,,,,,,0.0,0.0,7.330468654632568,222.1354217529297,149.0,362,45,378,546.0,61.0,376.0,,,107.0,0.0,^7xen,^7tmacfan
6 xen ctf_dantooine_v3 2025-07-31_00-05-37.dm_26.dm_meta,571766,00:08:33.979,58220,1411385,MOD_BOWCASTER,bad,False,,,,,,,,,,,21.4796199798584,0.0929853692650795,26.32362937927246,797.6857299804688,68.0,425,0,567,434.0,89.0,269.0,,,424.0,250.0,^7xen,^7tmacfan
6 xen ctf_dantooine_v3 2025-07-31_00-05-37.dm_26.dm_meta,610112,00:09:12.325,58220,1411385,MOD_ROCKET_SPLASH,bad,False,0.19,0.29333333333333333,0.07629900662564969,0.11853436686702623,0.1396930068731308,-0.9332170079923834,0.12869528551495982,0.2,2.5553512352541047e-05,0.3942223963533215,0.0,0.0,27.045961380004883,819.5745849609375,42.0,479,99,423,632.0,153.0,316.0,,,269.0,0.0,^7xen,^7tmacfan
6 xen ctf_dantooine_v3 2025-07-31_00-05-37.dm_26.dm_meta,702578,00:10:44.791,58220,1411385,MOD_REPEATER_ALT_SPLASH,bad,False,0.10333333333333333,0.11333333333333333,0.19878879864862609,0.09566134535275302,0.003705134615302086,-0.5416772097766855,0.22236879757428932,0.0,0.9956654561326876,0.5253560232457529,0.0,0.0,0.1962989717721939,5.948453903198242,400.0,402,220,427,516.0,66.0,580.0,,,112.0,0.0,^7xen,^7tmacfan
6 xen ctf_dantooine_v3 2025-07-31_00-05-37.dm_26.dm_meta,843620,00:13:05.833,58220,1411385,MOD_CONC,bad,False,,,,,,,,,,,0.0,0.0,2.008012533187866,60.8488655090332,644.0,551,103,601,187.0,25.0,150.0,231.0,-5.0,6.0,0.0,^7xen,^7master baiter
6 xen ctf_dantooine_v3 2025-07-31_00-05-37.dm_26.dm_meta,901337,00:14:03.550,58220,1411385,MOD_THERMAL_SPLASH,bad,False,,,,,,,,,,,0.467403382062912,0.014163739047944546,8.99206829071045,272.4869079589844,342.0,494,126,455,340.0,216.0,565.0,,,248.0,27.0,^7xen,^7master baiter
6 xen ctf_dantooine_v3 2025-07-31_00-05-37.dm_26.dm_meta,1151609,00:18:13.822,58220,1411385,MOD_ROCKET_SPLASH,bad,False,0.38333333333333336,0.37333333333333335,0.12255739683272111,0.3068983717552388,0.43915247917175293,-0.7225491790288092,0.17594128508899823,0.4,0.29435453656195165,0.26111865952403784,0.0,0.0,76.39485931396484,2314.995849609375,354.0,424,0,660,562.0,168.0,512.0,,,818.0,401.0,^7xen,^7tmacfan
6 xen ctf_dantooine_v3 2025-07-31_00-05-37.dm_26.dm_meta,1183718,00:18:45.931,58220,1411385,MOD_FALLING,bad,False,,,,,,,,,,,0.0,0.0,20.156538009643555,610.80419921875,44.0,433,0,302,98.0,0.0,651.0,,,1.0,0.0,^7xen,^7pickable man for 1 hour
6 xen ctf_dantooine_v3 2025-07-31_00-05-37.dm_26.dm_meta,1230215,00:19:32.428,58220,1411385,MOD_REPEATER_ALT_SPLASH,bad,True,0.16,0.12666666666666668,0.11219239370728304,0.12519657371645793,0.06797458976507187,-0.7919264741778775,0.1694679156322116,0.2,6.304680115660897e-06,0.01143011129042188,9.933100700378418,0.30100303888320923,36.27808380126953,1099.3359375,231.0,448,0,380,537.0,99.0,467.0,,,77.0,12.0,^7xen,^7tmacfan
6 xen ctf_dantooine_v3 2025-07-31_00-05-37.dm_26.dm_meta,1246517,00:19:48.730,58220,1411385,MOD_ROCKET,bad,False,0.11333333333333333,0.08666666666666667,0.01372235788012721,0.011357121256807011,0.003482202999293804,-1.4645665852560892,0.07242172070118756,0.0,2.402919706055766e-23,0.14918821699063062,0.0,0.0,68.51506042480469,2076.2138671875,84.0,385,223,448,305.0,76.0,550.0,99.0,-49.0,27.0,4.0,^7xen,^7master baiter
6 xen ctf_dantooine_v3 2025-07-31_00-05-37.dm_26.dm_meta,1269881,00:20:12.094,58220,1411385,MOD_FALLING,bad,True,,,,,,,,,,,0.0,0.0,2.128889799118042,64.51181030273438,2257.0,955,105,893,0.0,0.0,6.0,,,0.0,0.0,^7xen,^8lady gaga
6 xen ctf_dantooine_v3 2025-07-31_00-05-37.dm_26.dm_meta,1300505,00:20:42.718,58220,1411385,MOD_BRYAR_PISTOL_ALT,bad,False,0.19666666666666666,0.24333333333333335,0.3362226356455611,0.027924445283414378,0.01004837453365326,-0.29975996145624095,0.4700645451003327,0.2,0.00034737040483039246,0.9024997906508428,0.0,0.0,0.3076171875,9.321733474731445,165.0,823,347,861,929.0,360.0,483.0,132.0,-7.0,228.0,27.0,^7xen,^7master baiter
6 xen ctf_dantooine_v3 2025-07-31_00-05-37.dm_26.dm_meta,1369673,00:21:51.886,58220,1411385,MOD_ROCKET,bad,False,0.06333333333333334,0.08,0.03140676759298887,0.010576298202867488,0.00020238167780917138,-1.2258962209876372,0.09179247496763317,0.2,3.021964509867358e-12,0.3204894906865878,0.0,0.0,8.425891876220703,255.33006286621094,51.0,626,380,429,742.0,4.0,426.0,,,476.0,114.0,^7xen,^7master baiter
6 xen mpctf_kejim 2025-07-30_23-40-48.dm_26.dm_meta,80165,00:00:37.327,43271,1257902,MOD_ROCKET,bad,False,0.06,0.03,0.005688008978194336,0.0037526941896845276,0.0006373868091031909,-1.7948661608928302,0.048174911059489726,0.0,9.531028013117999e-18,0.09410478943844115,0.0,0.0,8.0823335647583,244.91920471191406,56.0,405,139,284,137.0,154.0,221.0,33.0,-26.0,2.0,0.0,^7xen,^7pickable man for 1 hour
6 xen mpctf_kejim 2025-07-30_23-40-48.dm_26.dm_meta,96731,00:00:53.893,43271,1257902,MOD_ROCKET,bad,False,0.016666666666666666,0.02666666666666667,0.0310920317533823,0.0078367865692267,0.00016615423373878002,-1.2282661952230973,0.09417268791139054,0.0,4.008059680015352e-13,0.11923831883536053,0.0,0.0,8.361247062683105,253.37112426757812,176.0,383,4,316,470.0,55.0,241.0,198.0,-6.0,14.0,2.0,^7xen,^8lady gaga
6 xen mpctf_kejim 2025-07-30_23-40-48.dm_26.dm_meta,155273,00:01:52.435,43271,1257902,MOD_BRYAR_PISTOL_ALT,bad,False,0.31333333333333335,0.33666666666666667,0.07891826428580223,0.0775633859257846,0.006098958197981119,-0.9686432269697042,0.519618631440394,0.4,4.043040553383144e-11,0.6588670532639884,0.4926115572452545,0.014927622862160206,5.748175621032715,174.1871337890625,555.0,612,264,841,423.0,35.0,0.0,594.0,-4.0,18.0,0.0,^7xen,^7enab
6 xen mpctf_kejim 2025-07-30_23-40-48.dm_26.dm_meta,187250,00:02:24.412,43271,1257902,MOD_THERMAL_SPLASH,bad,True,,,,,,,,,,,68.62701416015625,0.2970866560935974,71.06134033203125,2153.3740234375,86.0,312,143,673,80.0,420.0,223.0,,,66.0,65.0,^7xen,^7lg
6 xen mpctf_kejim 2025-07-30_23-40-48.dm_26.dm_meta,243086,00:03:20.248,43271,1257902,MOD_ROCKET_SPLASH,bad,False,0.25666666666666665,0.21666666666666667,0.2543776098619372,0.2900277101742512,0.3554639518260956,-0.42303115881493336,0.2565090180098517,0.2,0.0006177927214256982,0.6518694847835611,0.0,0.0,2.2009499073028564,66.69544982910156,584.0,548,277,491,593.0,386.0,486.0,,,302.0,104.0,^7xen,^8lady gaga
6 xen mpctf_kejim 2025-07-30_23-40-48.dm_26.dm_meta,272819,00:03:49.981,43271,1257902,MOD_THERMAL,bad,False,0.015833333333333335,0.013333333333333334,0.009433430771980209,0.002068173126138372,0.0030082175508141518,-1.4857431377820443,0.23007558544059314,0.2,2.3398897685493984e-21,0.0018392196670099386,0.0,0.0,37.67676544189453,1141.72021484375,55.0,502,187,464,451.0,185.0,239.0,33.0,-21.0,22.0,0.0,^7xen,^8lady gaga
6 xen mpctf_kejim 2025-07-30_23-40-48.dm_26.dm_meta,301562,00:04:18.724,43271,1257902,MOD_ROCKET_SPLASH,bad,False,0.17666666666666667,0.18666666666666668,0.0303673408536455,0.06943512394042235,0.023284895345568657,-1.2570813166840555,0.09654285567401433,0.0,7.720077753763516e-08,0.00121852645769106,32.174095153808594,0.1949945092201233,61.95469665527344,1877.4150390625,212.0,181,55,975,320.0,325.0,179.0,,,287.0,12.0,^7xen,^8lady gaga
6 xen mpctf_kejim 2025-07-30_23-40-48.dm_26.dm_meta,311330,00:04:28.492,43271,1257902,MOD_FLECHETTE_ALT_SPLASH,bad,False,0.16666666666666666,0.12,0.07748682553410789,0.0009296577825492371,0.006390058435499668,-0.7559861425516013,0.16693742032218004,0.0,1.3506606749172172e-41,0.9467041787651244,13.67232608795166,0.05918755754828453,56.65080261230469,1716.6910400390625,175.0,384,0,396,546.0,456.0,213.0,,,1908.0,1698.0,^7xen,^7lg
6 xen mpctf_kejim 2025-07-30_23-40-48.dm_26.dm_meta,384062,00:05:41.224,43271,1257902,MOD_FLECHETTE_ALT_SPLASH,bad,False,0.10666666666666667,0.1,0.14081451285473348,0.0016183159299662099,0.004945704713463783,-0.6469803776603453,0.161431630387373,0.0,1.2129809934883633e-06,0.4092719951044212,10.227405548095703,0.15496069192886353,86.03668975830078,2607.17236328125,121.0,500,0,662,536.0,48.0,517.0,,,13.0,0.0,^7xen,^8lady gaga
6 xen mpctf_kejim 2025-07-30_23-40-48.dm_26.dm_meta,403070,00:06:00.232,43271,1257902,MOD_BRYAR_PISTOL_ALT,bad,False,0.18333333333333332,0.26,0.40280378216511953,0.013144968058688646,0.010540458373725414,-0.19791500308950605,0.48545113844591814,0.2,9.151382651910559e-06,0.9217769046081061,0.34958282113075256,0.003531139576807618,2.611564874649048,79.1383285522461,231.0,751,339,773,1137.0,469.0,742.0,231.0,-5.0,204.0,25.0,^7xen,^7lg
6 xen mpctf_kejim 2025-07-30_23-40-48.dm_26.dm_meta,446630,00:06:43.792,43271,1257902,MOD_THERMAL_SPLASH,bad,False,,,,,,,,,,,1.3099324703216553,0.03969492390751839,5.006162643432617,151.701904296875,171.0,465,61,500,471.0,98.0,388.0,,,143.0,0.0,^7xen,^7lg
6 xen mpctf_kejim 2025-07-30_23-40-48.dm_26.dm_meta,474086,00:07:11.248,43271,1257902,MOD_ROCKET,bad,False,0.2733333333333333,0.35,0.211046395692924,0.08445918391229448,0.003227927954867482,-0.48753310200991384,0.22253854325990097,0.6,0.999997922834675,0.27075474429776725,0.0,0.0,0.9935340285301208,30.107091903686523,328.0,358,487,538,818.0,935.0,919.0,594.0,-53.0,109.0,7.0,^7xen,^7lg
6 xen mpctf_kejim 2025-07-30_23-40-48.dm_26.dm_meta,486725,00:07:23.887,43271,1257902,MOD_TIMED_MINE_SPLASH,bad,False,,,,,,,,,,,0.0,0.0,14.436140060424805,437.45880126953125,413.0,693,71,620,255.0,346.0,371.0,,,246.0,12.0,^7xen,^7enab
6 xen mpctf_kejim 2025-07-30_23-40-48.dm_26.dm_meta,507119,00:07:44.281,43271,1257902,MOD_REPEATER_ALT,bad,False,0.2,0.18,0.025377280948645144,0.026306158711263048,0.09013769775629044,-1.2325456852195449,0.094371989543006,0.2,9.830131981861747e-20,0.12211355328180631,6.079195499420166,0.18421804904937744,47.9384651184082,1452.6807861328125,39.0,689,179,316,434.0,120.0,407.0,,,34.0,0.0,^7xen,^7enab
6 xen mpctf_kejim 2025-07-30_23-40-48.dm_26.dm_meta,513818,00:07:50.980,43271,1257902,MOD_BRYAR_PISTOL_ALT,bad,False,0.18666666666666668,0.36666666666666664,0.14504790906777382,0.03806961831041239,0.027942396700382233,-0.7125724088808079,0.4893824216894806,0.6,1.0599598198663383e-11,0.009218555781268857,7.890166759490967,0.23909595608711243,42.20329284667969,1278.8876953125,236.0,366,0,389,607.0,337.0,367.0,165.0,1.0,416.0,162.0,^7xen,^7pickable man for 1 hour
6 xen mpctf_kejim 2025-07-30_23-40-48.dm_26.dm_meta,535598,00:08:12.760,43271,1257902,MOD_FALLING,bad,False,,,,,,,,,,,7.258448600769043,0.10997649282217026,14.500157356262207,439.3987121582031,2226.0,446,0,616,0.0,0.0,0.0,,,0.0,0.0,^7xen,^8lady gaga
6 xen mpctf_kejim 2025-07-30_23-40-48.dm_26.dm_meta,544871,00:08:22.033,43271,1257902,MOD_ROCKET_SPLASH,bad,False,0.09666666666666666,0.14,0.25196430114009616,0.17568143475770692,0.10861906409263611,-0.4319828498302656,0.25837919718832725,0.0,0.9998168811276873,0.49050299359714306,0.0,0.0,21.324586868286133,646.1995849609375,480.0,126,31,307,736.0,63.0,434.0,,,84.0,2.0,^7xen,^7lg
6 xen mpctf_kejim 2025-07-30_23-40-48.dm_26.dm_meta,557312,00:08:34.474,43271,1257902,MOD_BRYAR_PISTOL_ALT,bad,False,0.12,0.18,0.21022910722894508,0.02921520965821409,0.005191662814468145,-0.499441823175241,0.48018487327087445,0.2,1.7390054648178498e-35,0.625603072715939,8.849746704101562,0.06704353541135788,18.13072967529297,549.4160766601562,107.0,450,0,452,885.0,342.0,528.0,33.0,0.0,94.0,6.0,^7xen,^8lady gaga
6 xen mpctf_kejim 2025-07-30_23-40-48.dm_26.dm_meta,578366,00:08:55.528,43271,1257902,MOD_SABER,bad,False,,,,,,,,,,,4.260900497436523,0.06455910205841064,73.25955963134766,2219.986572265625,51.0,41,91,290,207.0,295.0,280.0,,,157.0,9.0,^7xen,^7lg
6 xen mpctf_kejim 2025-07-30_23-40-48.dm_26.dm_meta,589487,00:09:06.649,43271,1257902,MOD_REPEATER_ALT_SPLASH,bad,False,0.1,0.11333333333333333,0.05093497870106911,0.05260025807413455,0.0034793810918927193,-1.0871824967611117,0.11343997974125458,0.2,9.2403509469505e-08,0.05457065045301358,13.612998008728027,0.20625755190849304,17.087268829345703,517.7960205078125,145.0,428,0,518,340.0,330.0,214.0,,,176.0,40.0,^7xen,^8lady gaga
6 xen mpctf_kejim 2025-07-30_23-40-48.dm_26.dm_meta,650933,00:10:08.095,43271,1257902,MOD_REPEATER_ALT_SPLASH,bad,False,0.09,0.1,0.06381534305214634,0.07461225102261065,0.025540677830576897,-0.9932986368545338,0.1209695758263291,0.4,1.970971794732947e-10,0.4215712091723884,0.0,0.0,11.882638931274414,360.0799560546875,273.0,241,625,382,35.0,73.0,273.0,,,7.0,0.0,^7xen,^8lady gaga
6 xen mpctf_kejim 2025-07-30_23-40-48.dm_26.dm_meta,661493,00:10:18.655,43271,1257902,MOD_ROCKET_SPLASH,bad,False,0.14,0.25,0.11239094942224731,0.1636397888377973,0.35003894567489624,-0.7828938246988739,0.16095731879938371,0.2,0.00020846763155552123,0.5291618547379657,1.515735149383545,0.0459313690662384,1.6248070001602173,49.236576080322266,183.0,368,81,422,398.0,314.0,532.0,,,372.0,25.0,^7xen,^8lady gaga
6 xen mpctf_kejim 2025-07-30_23-40-48.dm_26.dm_meta,718913,00:11:16.075,43271,1257902,MOD_REPEATER_ALT,bad,False,0.08666666666666667,0.09666666666666666,0.02386027922880392,0.02332307178350312,0.004180020187050104,-1.1679663732430376,0.10078941643580624,0.2,8.420474822644413e-09,0.12370209744062594,7.523655891418457,0.2279895693063736,45.323944091796875,1373.452880859375,146.0,311,4,352,180.0,83.0,409.0,99.0,-10.0,4.0,0.0,^7xen,^7lg
6 xen mpctf_kejim 2025-07-30_23-40-48.dm_26.dm_meta,730265,00:11:27.427,43271,1257902,MOD_FLECHETTE,bad,False,,,,,,,,,,,0.0,0.0,20.48314666748047,620.701416015625,234.0,426,0,402,527.0,260.0,457.0,33.0,6.0,99.0,42.0,^7xen,^8lady gaga
6 xen mpctf_kejim 2025-07-30_23-40-48.dm_26.dm_meta,760757,00:11:57.919,43271,1257902,MOD_SABER,bad,True,,,,,,,,,,,11.161834716796875,0.3382374048233032,39.8355598449707,1207.13818359375,43.0,29,236,166,123.0,0.0,133.0,,,2.0,0.0,^7xen,^7pickable man for 1 hour
6 xen mpctf_kejim 2025-07-30_23-40-48.dm_26.dm_meta,802073,00:12:39.235,43271,1257902,MOD_THERMAL_SPLASH,bad,False,,,,,,,,,,,11.703725814819336,0.059109725058078766,73.60850524902344,2230.560791015625,246.0,436,72,439,608.0,297.0,449.0,,,211.0,62.0,^7xen,^7lg
6 xen mpctf_kejim 2025-07-30_23-40-48.dm_26.dm_meta,813920,00:12:51.082,43271,1257902,MOD_ROCKET_SPLASH,bad,False,0.27,0.18,0.08737131206039978,0.13738416045454135,0.1735927164554596,-0.8862369756895596,0.1405236655093607,0.0,1.0654709864433643e-12,0.4644845972980469,3.0186822414398193,0.01829504407942295,23.35243034362793,707.6494140625,47.0,207,88,418,627.0,68.0,413.0,,,145.0,0.0,^7xen,^7lg
6 xen mpctf_kejim 2025-07-30_23-40-48.dm_26.dm_meta,814844,00:12:52.006,43271,1257902,MOD_ROCKET_SPLASH,bad,True,0.1,0.15,0.04977925569494591,0.12915480453459835,0.031658247113227844,-1.0610654783092033,0.10668361258748164,0.0,0.0014534403590330406,3.827033984857131e-06,62.95057678222656,0.31793221831321716,123.55545806884766,3744.104736328125,114.0,440,144,332,191.0,230.0,244.0,,,121.0,0.0,^7xen,^7pickable man for 1 hour
6 xen mpctf_kejim 2025-07-30_23-40-48.dm_26.dm_meta,865202,00:13:42.364,43271,1257902,MOD_FLECHETTE_ALT_SPLASH,bad,False,0.09666666666666666,0.08,0.08543344279513716,0.001724800650632473,0.0033852646593004465,-0.7623804702533452,0.19018968318794108,0.2,2.034285767891835e-09,0.040018916092558976,38.32606506347656,0.16591370105743408,53.500160217285156,1621.217041015625,70.0,443,29,792,733.0,356.0,524.0,,,108.0,27.0,^7xen,^8lady gaga
6 xen mpctf_kejim 2025-07-30_23-40-48.dm_26.dm_meta,893483,00:14:10.645,43271,1257902,MOD_FLECHETTE_ALT_SPLASH,bad,False,0.056666666666666664,0.05,0.10928252228821674,0.00798362869863884,0.03442057594656944,-0.7735337659469803,0.1688172127973592,0.2,2.7931234901195257e-08,0.24278790971299358,10.180153846740723,0.04406993091106415,13.0360746383667,395.0325622558594,32.0,276,16,426,427.0,37.0,526.0,,,38.0,0.0,^7xen,^7pickable man for 1 hour
6 xen mpctf_kejim 2025-07-30_23-40-48.dm_26.dm_meta,970571,00:15:27.733,43271,1257902,MOD_THERMAL,bad,False,0.17833333333333334,0.245,0.027586869334697964,0.01597797828825493,0.025299739092588425,-1.1639890441171108,0.20569140157506458,0.2,0.9999974232371563,0.8068326233035436,0.0,0.0,12.281050682067871,372.1530456542969,241.0,477,0,503,305.0,121.0,225.0,462.0,9.0,7.0,0.0,^7xen,^7lg
6 xen mpctf_kejim 2025-07-30_23-40-48.dm_26.dm_meta,972452,00:15:29.614,43271,1257902,MOD_THERMAL_SPLASH,bad,False,,,,,,,,,,,0.9832763671875,0.029796253889799118,58.356136322021484,1768.3677978515625,210.0,439,15,377,394.0,264.0,141.0,,,294.0,0.0,^7xen,^7pickable man for 1 hour
6 xen mpctf_kejim 2025-07-30_23-40-48.dm_26.dm_meta,979580,00:15:36.742,43271,1257902,MOD_THERMAL_SPLASH,bad,False,,,,,,,,,,,0.0,0.0,26.409282684326172,800.2813110351562,170.0,427,0,611,533.0,416.0,613.0,,,506.0,18.0,^7xen,^7pickable man for 1 hour
6 xen mpctf_kejim 2025-07-30_23-40-48.dm_26.dm_meta,1016903,00:16:14.065,43271,1257902,MOD_ROCKET_SPLASH,bad,True,0.20333333333333334,0.18666666666666668,0.02705633266045991,0.04559269788590606,0.033088572323322296,-1.307741389848732,0.08339404499490399,0.2,9.944393792605416e-11,9.793238496664772e-09,50.25197982788086,0.5075957775115967,96.82735443115234,2934.162353515625,47.0,202,154,324,452.0,121.0,107.0,,,624.0,519.0,^7xen,^7lg
6 xen mpctf_kejim 2025-07-30_23-40-48.dm_26.dm_meta,1091021,00:17:28.183,43271,1257902,MOD_FLECHETTE_ALT_SPLASH,bad,False,0.04,0.03333333333333333,0.13269688913750224,0.001111496600540611,0.006943180691450834,-0.7209346573890615,0.16260275788595338,0.0,0.011169251654697942,0.29071933819344387,0.9421377182006836,0.02854962833225727,20.100521087646484,609.106689453125,135.0,203,2,200,307.0,41.0,439.0,,,6.0,0.0,^7xen,^8lady gaga
6 xen mpctf_kejim 2025-07-30_23-40-48.dm_26.dm_meta,1139828,00:18:16.990,43271,1257902,MOD_ROCKET_SPLASH,bad,False,0.08666666666666667,0.07333333333333333,0.10469995545498,0.10915030714570031,0.022395923733711243,-0.7927819272843073,0.17828928535230268,0.2,1.3208736399539366e-05,0.1780502270641268,0.0,0.0,5.454202651977539,165.27886962890625,530.0,463,0,787,203.0,20.0,369.0,,,7.0,0.0,^7xen,^7pickable man for 1 hour
6 xen mpctf_talay 2025-07-30_23-08-20.dm_26.dm_meta,223847,00:00:43.069,181211,1395842,MOD_DISRUPTOR_SNIPER,bad,False,0.01,0.03333333333333333,0.05176780297287766,0.004790126140922183,0.004376538097858429,-0.8614613563155952,0.08275445115299467,0.2,8.508233104264178e-52,0.26887648862443553,0.0,0.0,0.10566312074661255,3.2019128799438477,3771.0,0,0,0,0.0,0.0,218.0,,,0.0,0.0,^7xen,^7Flk
6 xen mpctf_talay 2025-07-30_23-08-20.dm_26.dm_meta,435740,00:04:14.962,181211,1395842,MOD_BRYAR_PISTOL_ALT,bad,False,0.34,0.22,0.3631186454885674,0.34071119379989134,0.10315285623073578,-0.015875312357684246,0.43125936449401475,0.0,0.9999999698050446,3.421956778390941e-11,33.19462966918945,0.14369969069957733,68.24261474609375,2067.9580078125,335.0,648,0,589,483.0,140.0,761.0,132.0,3.0,177.0,72.0,^7xen,^7enab
6 xen mpctf_talay 2025-07-30_23-08-20.dm_26.dm_meta,471545,00:04:50.767,181211,1395842,MOD_SABER,bad,False,,,,,,,,,,,4.098861217498779,0.06210395693778992,61.013031005859375,1848.8797607421875,33.0,372,9,374,94.0,0.0,326.0,,,0.0,0.0,^7xen,^7enab
6 xen mpctf_talay 2025-07-30_23-08-20.dm_26.dm_meta,506987,00:05:26.209,181211,1395842,MOD_REPEATER,bad,False,,,,,,,,,,,14.923224449157715,0.06460270285606384,36.925838470458984,1118.96484375,493.0,198,0,357,242.0,351.0,238.0,231.0,-27.0,30.0,14.0,^7xen,^7master baiter
6 xen mpctf_talay 2025-07-30_23-08-20.dm_26.dm_meta,509099,00:05:28.321,181211,1395842,MOD_DISRUPTOR,bad,False,0.023333333333333334,0.016666666666666666,0.02255973323905061,0.0002673042850711037,0.01447509229183197,-0.9987951751462489,0.06229508641914359,0.0,1.7663039172173186e-77,3.036654861499224e-14,7.168778896331787,0.05430893227458,10.752232551574707,325.8252258300781,457.0,530,141,558,422.0,6.0,419.0,,,257.0,83.0,^7xen,^7enab
6 xen mpctf_talay 2025-07-30_23-08-20.dm_26.dm_meta,649085,00:07:48.307,181211,1395842,MOD_REPEATER_ALT_SPLASH,bad,False,0.06333333333333334,0.14666666666666667,0.07916751516602992,0.1080853254165277,0.00926879234611988,-0.9070064575690913,0.14180891537948268,0.0,0.00016963076147648532,0.20126210889001533,10.969023704528809,0.041549332439899445,11.294026374816895,342.24322509765625,285.0,270,0,331,274.0,56.0,191.0,,,52.0,0.0,^7xen,^7Flk
6 xen mpctf_talay 2025-07-30_23-08-20.dm_26.dm_meta,651395,00:07:50.617,181211,1395842,MOD_REPEATER_ALT_SPLASH,bad,False,0.10333333333333333,0.11333333333333333,0.04695319470394153,0.08449637585038826,0.0017082853009924293,-1.1090605929960478,0.10816862638410792,0.4,9.838821000173532e-06,0.027654925048767105,7.08610725402832,0.21473051607608795,70.68040466308594,2141.83056640625,111.0,381,4,372,33.0,130.0,266.0,,,12.0,3.0,^7xen,^7master baiter
6 xen mpctf_talay 2025-07-30_23-08-20.dm_26.dm_meta,715943,00:08:55.165,181211,1395842,MOD_BRYAR_PISTOL_ALT,bad,False,0.14666666666666667,0.27666666666666667,0.06493152454705875,0.029713382535143256,0.016130488365888596,-0.9912430110553806,0.4972960504605021,0.2,8.401640988714279e-40,0.02825622330016167,15.120461463928223,0.0572744756937027,27.035459518432617,819.25634765625,115.0,553,481,679,621.0,489.0,369.0,66.0,-16.0,329.0,222.0,^7xen,^7enab
6 xen mpctf_talay 2025-07-30_23-08-20.dm_26.dm_meta,978788,00:13:18.010,181211,1395842,MOD_ROCKET_SPLASH,bad,False,0.10666666666666667,0.12333333333333334,0.12142986014703969,0.14141759681910998,0.0058602080680429935,-0.750173410746189,0.1665761687347168,0.0,0.9790392315795995,0.4032035596671012,0.5036066174507141,0.015260806307196617,18.95108413696289,574.2752685546875,187.0,356,77,295,628.0,111.0,370.0,,,246.0,4.0,^7xen,^7enab
6 xen mpctf_talay 2025-07-30_23-08-20.dm_26.dm_meta,1188404,00:16:47.626,181211,1395842,MOD_DISRUPTOR,bad,False,0.1,0.08333333333333333,0.053772045069885865,0.00013872095105349597,0.053643837571144104,-0.8242416729630988,0.07061242218680568,0.0,2.8451734957276412e-50,0.9651210423504093,0.804706335067749,0.024385040625929832,11.273457527160645,341.61993408203125,704.0,11,3,256,480.0,716.0,477.0,,,155.0,124.0,^7xen,^7enab
6 xen mpctf_talay 2025-07-30_23-08-20.dm_26.dm_meta,1205630,00:17:04.852,181211,1395842,MOD_REPEATER_ALT_SPLASH,bad,False,0.16666666666666666,0.22666666666666666,0.2591159754383643,0.10871476832450962,0.008058518171310425,-0.4029797737070695,0.26349821931783046,0.0,0.003535255418829162,0.3768319485183734,0.498759925365448,0.015113936737179756,79.70589447021484,2415.330078125,549.0,233,59,363,454.0,16.0,527.0,,,21.0,0.0,^7xen,^7enab
6 xen mpctf_talay 2025-07-30_23-08-20.dm_26.dm_meta,1233251,00:17:32.473,181211,1395842,MOD_REPEATER_ALT,bad,False,0.16333333333333333,0.15333333333333332,0.02532895138483492,0.11069830544030752,0.028088916093111038,-1.1658596105136405,0.10305730260134933,0.2,6.297827195417001e-18,0.3475896765905338,5.540530681610107,0.1678948700428009,15.498438835144043,469.649658203125,80.0,307,206,354,333.0,79.0,232.0,66.0,2.0,9.0,4.0,^7xen,^7enab
6 xen mpctf_talay 2025-07-30_23-08-20.dm_26.dm_meta,1247276,00:17:46.498,181211,1395842,MOD_REPEATER_ALT,bad,False,0.12,0.09,0.03572380458169817,0.030083632610775624,0.0030908819753676653,-1.036064387086277,0.12702711980757,0.0,1.9578677020892853e-07,0.4077169248410934,5.621436595916748,0.17034655809402466,15.96104907989502,483.66815185546875,174.0,227,0,357,374.0,86.0,404.0,99.0,-11.0,13.0,0.0,^7xen,^7enab
6 xen mpctf_talay 2025-07-30_23-08-20.dm_26.dm_meta,1274798,00:18:14.020,181211,1395842,MOD_FLECHETTE,bad,False,,,,,,,,,,,28.488445281982422,0.14388103783130646,59.80283737182617,1812.2071533203125,56.0,321,0,340,322.0,317.0,309.0,,,39.0,22.0,^7xen,^7tmacfan
6 xen mpctf_talay 2025-07-30_23-08-20.dm_26.dm_meta,1310273,00:18:49.495,181211,1395842,MOD_REPEATER_ALT_SPLASH,bad,False,0.14333333333333334,0.17333333333333334,0.23010182078586672,0.16445960591861467,0.014787505380809307,-0.47700724971792696,0.2385976521309181,0.2,6.00679227185795e-08,0.5010388437617835,0.0,0.0,4.912559986114502,148.86544799804688,336.0,450,0,432,477.0,66.0,747.0,,,107.0,0.0,^7xen,^7enab
6 xen mpctf_talay 2025-07-30_23-08-20.dm_26.dm_meta,1339115,00:19:18.337,181211,1395842,MOD_FLECHETTE_ALT_SPLASH,bad,False,0.043333333333333335,0.09333333333333334,0.10140901290666587,0.004486448272527302,0.005278343800455332,-0.7496948125961209,0.16224685019765597,0.0,1.453522975716786e-17,0.5458731069437601,0.7043684124946594,0.021344497799873352,14.823748588562012,449.2044982910156,208.0,325,0,338,751.0,98.0,356.0,,,49.0,0.0,^7xen,^7enab
7 xenspec mpctf_kejim 2025-08-24_23-25-18.dm_26.dm_meta,271965,00:01:27.087,93600,1562595,MOD_ROCKET_SPLASH,bad,False,0.05333333333333334,0.03,0.09403710370411474,0.07068403306429398,0.0007634691428393126,-0.8478693013769028,0.14105128518313104,0.0,2.005211683232255e-06,0.09990683502464125,0.0,0.0,4.514301300048828,136.79701232910156,109.0,440,46,400,675.0,450.0,529.0,,,1568.0,1345.0,^7jinu,^2ent
7 xenspec mpctf_kejim 2025-08-24_23-25-18.dm_26.dm_meta,329550,00:02:24.672,93600,1562595,MOD_FLECHETTE_ALT_SPLASH,bad,False,0.22333333333333333,0.28,0.10473437831161728,0.015165654285020366,0.3261752724647522,-0.682286435582713,0.16186372759807574,0.2,0.2023361115955928,0.4034002479911184,10.246076583862305,0.07762179523706436,66.21471405029297,2006.5064697265625,161.0,86,17,273,599.0,19.0,26.0,,,29.0,0.0,^7jinu,^7lg
7 xenspec mpctf_kejim 2025-08-24_23-25-18.dm_26.dm_meta,410730,00:03:45.852,93600,1562595,MOD_ROCKET_SPLASH,bad,True,0.18666666666666668,0.16,0.08544585708564907,0.06218324794015926,0.03558409959077835,-0.898716924528014,0.13972163400764717,0.2,3.8847954357261835e-11,0.006866740426596895,9.21857738494873,0.27935081720352173,43.881141662597656,1329.7315673828125,104.0,312,169,94,306.0,547.0,315.0,,,254.0,25.0,^7jinu,^2ent
7 xenspec mpctf_kejim 2025-08-24_23-25-18.dm_26.dm_meta,421653,00:03:56.775,93600,1562595,MOD_BRYAR_PISTOL_ALT,bad,False,0.11666666666666667,0.11666666666666667,0.09775908175724846,0.0036330341442265745,0.0021111529786139727,-0.8179228186892795,0.5029761168851546,0.2,3.073942232651322e-05,0.3885024401777107,3.8436450958251953,0.11647409200668335,8.277022361755371,250.81886291503906,37.0,255,0,249,125.0,46.0,282.0,,,1.0,0.0,^7jinu,^7lg
7 xenspec mpctf_kejim 2025-08-24_23-25-18.dm_26.dm_meta,545931,00:06:01.053,93600,1562595,MOD_REPEATER_ALT_SPLASH,bad,False,0.14666666666666667,0.2,0.09865535447052175,0.09974813173019897,0.0063444809056818485,-0.8404146456046875,0.14677355240287923,0.2,8.648201936642866e-05,0.48126137029420846,0.0,0.0,23.22336196899414,703.7382202148438,68.0,478,279,518,926.0,73.0,391.0,,,261.0,1.0,^7jinu,^2ent
7 xenspec mpctf_kejim 2025-08-24_23-25-18.dm_26.dm_meta,557316,00:06:12.438,93600,1562595,MOD_ROCKET_SPLASH,bad,False,0.11666666666666667,0.19666666666666666,0.0766461359497253,0.2449843261324538,0.02320675365626812,-0.9272671651291204,0.13473609186466137,0.2,0.00025167129964103824,0.33141829343750684,0.0,0.0,29.228586196899414,885.7147216796875,159.0,230,150,457,297.0,47.0,374.0,,,41.0,0.0,^7jinu,^5derpy^7TIGER
7 xenspec mpctf_kejim 2025-08-24_23-25-18.dm_26.dm_meta,682848,00:07:50.968,93600,1562595,MOD_FLECHETTE_ALT_SPLASH,bad,False,0.12,0.14333333333333334,0.1996727257451023,0.010515792148773167,0.014690142124891281,-0.5418617072472299,0.1645370661758854,0.4,2.0470776638459325e-06,0.7388038785282038,1.151430606842041,0.017445918172597885,41.87673568725586,1268.991943359375,297.0,385,91,310,641.0,657.0,562.0,,,181.0,91.0,^7xenspec,^2ent
7 xenspec mpctf_kejim 2025-08-24_23-25-18.dm_26.dm_meta,719775,00:08:27.895,93600,1562595,MOD_ROCKET,bad,False,0.07666666666666666,0.043333333333333335,0.020320157462688705,0.00794518628256104,0.0023403228260576725,-1.3963830950684109,0.06318490050184239,0.0,1.5164731423622107e-22,0.0086868565757186,8.831503868103027,0.26762133836746216,72.00934600830078,2182.101318359375,30.0,287,243,262,371.0,429.0,299.0,,,32.0,0.0,^7xenspec,^5derpy^7TIGER
7 xenspec mpctf_kejim 2025-08-24_23-25-18.dm_26.dm_meta,739509,00:08:47.629,93600,1562595,MOD_ROCKET_SPLASH,bad,True,0.24666666666666667,0.14333333333333334,0.07061243323820533,0.07013973071582838,0.0021752642933279276,-0.924275768041934,0.12770579076378588,0.0,2.605845410948788e-06,5.146106470080678e-13,106.69267272949219,0.46187305450439453,137.86288452148438,4177.6630859375,71.0,605,137,309,521.0,62.0,406.0,,,24.0,0.0,^7xenspec,^5derpy^7TIGER
7 xenspec mpctf_kejim 2025-08-24_23-25-18.dm_26.dm_meta,775413,00:09:23.533,93600,1562595,MOD_THERMAL_SPLASH,bad,False,,,,,,,,,,,42.2982063293457,0.21362730860710144,42.2982063293457,1281.7637939453125,133.0,269,0,373,379.0,42.0,328.0,,,58.0,0.0,^7xenspec,^2ent
7 xenspec mpctf_kejim 2025-08-24_23-25-18.dm_26.dm_meta,852534,00:10:40.654,93600,1562595,MOD_THERMAL_SPLASH,bad,False,,,,,,,,,,,0.0,0.0,8.363101959228516,253.42733764648438,267.0,392,345,402,268.0,152.0,387.0,,,33.0,12.0,^7xenspec,^2ent
7 xenspec mpctf_kejim 2025-08-24_23-25-18.dm_26.dm_meta,877449,00:11:05.569,93600,1562595,MOD_REPEATER_ALT_SPLASH,bad,True,0.17,0.20333333333333334,0.09362417138476348,0.11641851539964651,0.10276902467012405,-0.8578071024143181,0.15145581549645573,0.4,0.0009955936883225686,0.0014032789414795764,10.682130813598633,0.3237009346485138,93.93409729003906,2846.48779296875,133.0,317,79,227,546.0,54.0,383.0,,,96.0,0.0,^7xenspec,^5derpy^7TIGER
7 xenspec mpctf_kejim 2025-08-24_23-25-18.dm_26.dm_meta,1034859,00:11:27.470,93600,1562595,MOD_REPEATER_ALT_SPLASH,bad,False,0.08666666666666667,0.09,0.07443459878217239,0.09531832778326153,0.0033889764454215765,-0.9334955671296423,0.13558279080068023,0.0,0.06171668798986139,0.24717107827563667,4.945632457733154,0.021409664303064346,5.7052903175354,172.88758850097656,243.0,338,0,358,215.0,63.0,235.0,,,47.0,3.0,^7xenspec,^7lg
7 xenspec mpctf_kejim 2025-08-24_23-25-18.dm_26.dm_meta,1045056,00:11:37.667,93600,1562595,MOD_FLECHETTE_ALT_SPLASH,bad,False,0.023333333333333334,0.04666666666666667,0.11327674873404692,0.0018595495708002643,0.00602895999327302,-0.732052489807229,0.1692051565974139,0.0,1.010356255963803e-16,0.44461623483019974,10.17085075378418,0.05136793479323387,22.243194580078125,674.0361938476562,147.0,345,201,263,602.0,63.0,402.0,,,60.0,19.0,^7xenspec,^2ent
7 xenspec mpctf_kejim 2025-08-24_23-25-18.dm_26.dm_meta,1161315,00:13:33.926,93600,1562595,MOD_ROCKET,bad,False,0.13333333333333333,0.13666666666666666,0.019918093072523495,0.03936939100249476,0.0016973918536677957,-1.3753480780777771,0.07583824412473641,0.0,1.887771153060568e-22,0.06432247909046424,6.605707168579102,0.10008647292852402,83.32012939453125,2524.8525390625,98.0,284,91,224,508.0,126.0,252.0,66.0,-21.0,24.0,0.0,^7xenspec,^5derpy^7TIGER
7 xenspec mpctf_kejim 2025-08-24_23-25-18.dm_26.dm_meta,1166265,00:13:38.876,93600,1562595,MOD_ROCKET_SPLASH,bad,True,0.16333333333333333,0.17666666666666667,0.06663913533913719,0.0791965631496585,0.0027927665505558252,-0.9508747582842461,0.11538208545647581,0.2,3.8936859823501326e-07,1.7096269147105873e-06,70.64564514160156,0.30582529306411743,143.33035278320312,4343.34423828125,38.0,504,437,221,149.0,387.0,438.0,,,192.0,75.0,^7xenspec,^2ent
7 xenspec mpctf_kejim 2025-08-24_23-25-18.dm_26.dm_meta,1182567,00:13:55.178,93600,1562595,MOD_ROCKET_SPLASH,bad,True,0.12666666666666668,0.13,0.08137144624269964,0.021928668267305683,0.00023988461180124432,-0.9103069378625305,0.12854669362666932,0.0,6.581112402969722e-23,0.010983649374967095,40.085262298583984,0.2429409772157669,59.862728118896484,1814.0220947265625,72.0,653,543,615,432.0,1070.0,458.0,,,332.0,303.0,^7xenspec,^2ent
7 xenspec mpctf_kejim 2025-08-24_23-25-18.dm_26.dm_meta,1322256,00:16:14.867,93600,1562595,MOD_ROCKET_SPLASH,bad,False,0.17,0.22666666666666666,0.1702175912478236,0.146804374589232,0.014888889156281948,-0.6037628380786249,0.2007976122584664,0.0,0.0640846407427054,0.663789664064819,0.9314598441123962,0.0047043426893651485,25.47312355041504,771.912841796875,413.0,371,576,425,355.0,110.0,565.0,,,110.0,0.0,^7xenspec,^5derpy^7TIGER
7 xenspec mpctf_kejim 2025-08-24_23-25-18.dm_26.dm_meta,1336182,00:16:28.793,93600,1562595,MOD_FLECHETTE_ALT_SPLASH,bad,False,0.09333333333333334,0.06333333333333334,0.0458068530178266,0.0038427545885911384,0.006594390142709017,-0.9820156324231465,0.15572254811634031,0.0,2.079870092997626e-09,0.3845005930773974,0.25447049736976624,0.0019278067629784346,6.039708137512207,183.02145385742188,176.0,425,0,409,140.0,34.0,254.0,,,101.0,12.0,^7xenspec,^2ent
7 xenspec mpctf_kejim 2025-08-24_23-25-18.dm_26.dm_meta,1361658,00:16:54.269,93600,1562595,MOD_FALLING,bad,False,,,,,,,,,,,0.0,0.0,0.0,0.0,3134.0,620,95,775,0.0,0.0,0.0,,,0.0,0.0,^7xenspec,^5derpy^7TIGER
7 xenspec mpctf_kejim 2025-08-24_23-25-18.dm_26.dm_meta,1363077,00:16:55.688,93600,1562595,MOD_FLECHETTE_ALT_SPLASH,bad,False,0.08333333333333333,0.13333333333333333,0.21492696954323534,0.005267176097909155,0.00451192120090127,-0.4827363324573622,0.1658711725389825,0.2,1.8726890655265763e-11,0.8722535960407295,11.295881271362305,0.11409980803728104,67.84004974365234,2055.759033203125,124.0,289,333,577,1129.0,60.0,466.0,,,156.0,1.0,^7xenspec,^2ent
7 xenspec mpctf_kejim 2025-08-24_23-25-18.dm_26.dm_meta,1373439,00:17:06.050,93600,1562595,MOD_ROCKET,bad,True,0.31,0.2833333333333333,0.28843289566359326,0.17215308504417542,0.015816684812307358,-0.3288479081204565,0.28450733784692384,0.4,7.35197503808816e-13,5.3110801588984675e-08,113.65367126464844,0.43050631880760193,118.10770416259766,3579.021240234375,232.0,234,58,297,1115.0,22.0,523.0,264.0,2.0,617.0,71.0,^7xenspec,^2ent
7 xenspec mpctf_kejim 2025-08-24_23-25-18.dm_26.dm_meta,1379016,00:17:11.627,93600,1562595,MOD_SABER,bad,False,,,,,,,,,,,9.303942680358887,0.03524220734834671,35.19154739379883,1066.4105224609375,49.0,401,0,440,452.0,0.0,315.0,,,11.0,0.0,^7xenspec,^5derpy^7TIGER
7 xenspec mpctf_kejim 2025-08-24_23-25-18.dm_26.dm_meta,1388850,00:17:21.461,93600,1562595,MOD_ROCKET_SPLASH,bad,False,0.18333333333333332,0.12333333333333334,0.10097841120248888,0.10263591834089895,0.10768663883209229,-0.8263047311195753,0.15192152689689362,0.0,1.5141765537170418e-06,0.5515443903467091,0.0,0.0,8.051158905029297,243.97451782226562,123.0,87,226,505,617.0,411.0,534.0,,,675.0,3.0,^7xenspec,^2ent
7 xenspec mpctf_kejim 2025-08-24_23-25-18.dm_26.dm_meta,1400103,00:17:32.714,93600,1562595,MOD_FLECHETTE_ALT_SPLASH,bad,False,0.16333333333333333,0.29333333333333333,0.1914053913903605,0.022921882352873686,0.035565443336963654,-0.6025422028682064,0.16202999091552608,0.2,0.9999793905914858,0.29982070489276696,5.236342906951904,0.15867705643177032,57.724666595458984,1749.2322998046875,228.0,159,94,229,305.0,114.0,453.0,,,17.0,8.0,^7xenspec,^2ent
7 xenspec mpctf_kejim 2025-08-24_23-25-18.dm_26.dm_meta,1446765,00:18:19.376,93600,1562595,MOD_FALLING,bad,False,,,,,,,,,,,0.0,0.0,3.9110286235809326,118.51602172851562,111.0,440,0,661,303.0,0.0,513.0,,,11.0,0.0,^7xenspec,^2ent
7 xenspec mpctf_kejim 2025-08-24_23-25-18.dm_26.dm_meta,1458777,00:18:31.388,93600,1562595,MOD_FALLING,bad,False,,,,,,,,,,,0.0,0.0,20.00676918029785,606.2657470703125,745.0,296,0,420,611.0,214.0,624.0,,,39.0,13.0,^7xenspec,^2ent
7 xenspec mpctf_kejim 2025-08-24_23-25-18.dm_26.dm_meta,1501413,00:19:14.024,93600,1562595,MOD_THERMAL,bad,False,0.0033333333333333335,0.02,0.02036910834754555,0.001234177253725133,0.0007701350259594619,-1.1940934436937765,0.2849218485974494,0.0,1.5767512981037946e-30,2.935621859994872e-11,13.8324556350708,0.13972178101539612,75.63680267333984,2292.0244140625,47.0,420,232,293,494.0,219.0,480.0,132.0,-28.0,30.0,0.0,^7xenspec,^2ent
7 xenspec mpctf_kejim 2025-08-24_23-25-18.dm_26.dm_meta,1517913,00:19:30.524,93600,1562595,MOD_FLECHETTE_ALT_SPLASH,bad,False,0.2633333333333333,0.19666666666666666,0.1397144580181024,0.07883228354364889,0.16831828653812408,-0.6832251224670969,0.15697805944901744,0.0,1.1295154806044986e-06,0.1914338174046473,0.0,0.0,35.561744689941406,1077.628662109375,172.0,459,0,758,403.0,101.0,766.0,,,95.0,50.0,^7xenspec,^2ent
7 xenspec mpctf_kejim 2025-08-24_23-25-18.dm_26.dm_meta,1541541,00:19:54.152,93600,1562595,MOD_THERMAL_SPLASH,bad,False,,,,,,,,,,,15.335262298583984,0.11617623269557953,63.488250732421875,1923.8863525390625,146.0,275,59,339,605.0,86.0,421.0,,,156.0,0.0,^7xenspec,^5derpy^7TIGER
8 Xen_Crypt ctf_dantooine_v3 2025-07-26_21-02-50.dm_26.dm_meta,424586,00:00:21.355,403664,1618295,MOD_ROCKET_SPLASH,bad,False,0.15333333333333332,0.25,0.12453790879620545,0.12464967779802784,0.050891753286123276,-0.7319782196216844,0.16981267333869413,0.2,0.5347438357975683,0.3577349363262099,0.0,0.0,59.34980773925781,1798.47900390625,191.0,37,151,284,556.0,224.0,442.0,,,507.0,80.0,^3Xen_Crypt,^7lg
8 Xen_Crypt ctf_dantooine_v3 2025-07-26_21-02-50.dm_26.dm_meta,461315,00:00:58.084,403664,1618295,MOD_REPEATER_ALT_SPLASH,bad,False,0.12333333333333334,0.15666666666666668,0.07924574502110786,0.10313715050210365,0.030963215976953506,-0.9142381105565967,0.1387904712513861,0.4,0.0019583194483127108,0.339729238958922,0.0,0.0,24.62742042541504,746.2854614257812,154.0,118,0,406,194.0,27.0,413.0,,,19.0,0.0,^3Xen_Crypt,^7notspec
8 Xen_Crypt ctf_dantooine_v3 2025-07-26_21-02-50.dm_26.dm_meta,575132,00:02:51.901,403664,1618295,MOD_THERMAL_SPLASH,bad,False,,,,,,,,,,,0.0,0.0,19.94376564025879,604.3565673828125,112.0,219,136,349,503.0,89.0,434.0,,,192.0,11.0,^3Xen_Crypt,^7lg
8 Xen_Crypt ctf_dantooine_v3 2025-07-26_21-02-50.dm_26.dm_meta,669479,00:04:26.248,403664,1618295,MOD_REPEATER_ALT_SPLASH,bad,True,0.06666666666666667,0.09,0.0643414088998345,0.10995244578749201,0.004163809586316347,-1.0186108319523801,0.1367178730812073,0.0,0.02503965879626864,3.6786380427231245e-11,22.1090030670166,0.6699697971343994,53.58492660522461,1623.78564453125,207.0,523,27,395,527.0,56.0,393.0,,,103.0,0.0,^3Xen_Crypt,^7lg
8 Xen_Crypt ctf_dantooine_v3 2025-07-26_21-02-50.dm_26.dm_meta,753662,00:05:50.431,403664,1618295,MOD_ROCKET_SPLASH,bad,False,0.06333333333333334,0.08,0.030960375553854943,0.06824661464328986,0.0014102825662121177,-1.2619575383949404,0.09673829612380709,0.0,1.1222784621096724e-12,0.010899174339445355,0.2558305263519287,0.00775244040414691,8.455192565917969,256.21795654296875,199.0,306,99,1064,168.0,90.0,264.0,,,44.0,0.0,^3Xen_Crypt,^7lg
8 Xen_Crypt ctf_dantooine_v3 2025-07-26_21-02-50.dm_26.dm_meta,766268,00:06:03.037,403664,1618295,MOD_FALLING,bad,False,,,,,,,,,,,26.358013153076172,0.19968192279338837,50.79592514038086,1539.2705078125,898.0,430,0,326,0.0,1.0,8.0,,,0.0,0.0,^3Xen_Crypt,^7notspec
8 Xen_Crypt ctf_dantooine_v3 2025-07-26_21-02-50.dm_26.dm_meta,770261,00:06:07.030,403664,1618295,MOD_REPEATER_ALT_SPLASH,bad,False,0.23333333333333334,0.27,0.3043359871708512,0.08264637540133875,0.047049228101968765,-0.3577778895541215,0.26982963811914296,0.2,0.0016149362648013937,0.5657063762687523,0.0,0.0,1.0567740201950073,32.02345657348633,321.0,655,473,610,893.0,348.0,825.0,,,79.0,12.0,^3Xen_Crypt,^7lg
8 Xen_Crypt ctf_dantooine_v3 2025-07-26_21-02-50.dm_26.dm_meta,874046,00:07:50.815,403664,1618295,MOD_FALLING,bad,False,,,,,,,,,,,0.0,0.0,2.6483945846557617,80.25437927246094,959.0,263,0,429,0.0,2.0,8.0,,,0.0,0.0,^3Xen_Crypt,^7notspec
8 Xen_Crypt ctf_dantooine_v3 2025-07-26_21-02-50.dm_26.dm_meta,887213,00:08:03.982,403664,1618295,MOD_REPEATER_ALT_SPLASH,bad,False,0.13,0.12333333333333334,0.07220819632248389,0.0675910825789958,0.009557263925671577,-0.9515006982739389,0.12501092218491042,0.0,1.221203052158982e-13,0.3722321441095496,0.0,0.0,26.396587371826172,799.8966064453125,163.0,381,405,410,206.0,334.0,293.0,,,58.0,46.0,^3Xen_Crypt,^7lg
8 Xen_Crypt ctf_dantooine_v3 2025-07-26_21-02-50.dm_26.dm_meta,892988,00:08:09.757,403664,1618295,MOD_FLECHETTE_ALT_SPLASH,bad,False,0.22,0.18666666666666668,0.11033411760262335,0.008909944134391359,0.006815960630774498,-0.6915990589130669,0.200544201873322,0.0,4.9696521854982605e-15,0.6777193746200791,43.93770980834961,0.19020654261112213,61.03004837036133,1849.3953857421875,74.0,424,88,404,494.0,891.0,447.0,,,1038.0,211.0,^3Xen_Crypt,^7TheGuy
8 Xen_Crypt ctf_dantooine_v3 2025-07-26_21-02-50.dm_26.dm_meta,905858,00:08:22.627,403664,1618295,MOD_FLECHETTE,bad,False,,,,,,,,,,,26.813024520874023,0.1354193091392517,26.813024520874023,812.515869140625,207.0,468,206,493,403.0,18.0,420.0,33.0,-17.0,27.0,0.0,^3Xen_Crypt,^7lg
8 Xen_Crypt ctf_dantooine_v3 2025-07-26_21-02-50.dm_26.dm_meta,918233,00:08:35.002,403664,1618295,MOD_ROCKET_SPLASH,bad,False,0.14666666666666667,0.16,0.09243629695454336,0.1338133210668319,0.044834911823272705,-0.8564271833388016,0.146455574827299,0.2,0.029737793155992672,0.11757885113935594,17.960655212402344,0.13606557250022888,17.960655212402344,544.2622680664062,172.0,404,68,225,546.0,73.0,270.0,,,136.0,0.0,^3Xen_Crypt,^7lg
8 Xen_Crypt ctf_dantooine_v3 2025-07-26_21-02-50.dm_26.dm_meta,986708,00:09:43.477,403664,1618295,MOD_CONC,bad,False,,,,,,,,,,,0.0,0.0,5.934023380279541,179.8188934326172,293.0,718,24,671,881.0,405.0,626.0,99.0,-13.0,124.0,1.0,^3Xen_Crypt,^7lg
8 Xen_Crypt ctf_dantooine_v3 2025-07-26_21-02-50.dm_26.dm_meta,999908,00:09:56.677,403664,1618295,MOD_ROCKET_SPLASH,bad,False,0.18333333333333332,0.18,0.32330659646605653,0.10909448495558596,0.00838113110512495,-0.3014681245588655,0.30437150834766874,0.2,0.05680619996097149,0.8411496650853325,0.0,0.0,0.0,0.0,798.0,417,566,494,698.0,137.0,435.0,,,104.0,0.0,^3Xen_Crypt,^7notspec
8 Xen_Crypt ctf_dantooine_v3 2025-07-26_21-02-50.dm_26.dm_meta,1144613,00:12:21.382,403664,1618295,MOD_DET_PACK_SPLASH,bad,False,,,,,,,,,,,4.069229602813721,0.04110332950949669,4.069229602813721,123.30998992919922,222.0,628,234,603,842.0,292.0,160.0,,,129.0,0.0,^3Xen_Crypt,^7lg
8 Xen_Crypt ctf_dantooine_v3 2025-07-26_21-02-50.dm_26.dm_meta,1167383,00:12:44.152,403664,1618295,MOD_REPEATER_ALT_SPLASH,bad,False,0.20666666666666667,0.21,0.07447113073408788,0.23144619354643253,0.4870644509792328,-0.938259887301999,0.12668274042513558,0.4,0.0033141030115715563,0.23931058369900962,10.913887977600098,0.08268097043037415,35.411006927490234,1073.060791015625,50.0,411,67,227,325.0,151.0,340.0,,,144.0,0.0,^3Xen_Crypt,^7notspec
8 Xen_Crypt ctf_dantooine_v3 2025-07-26_21-02-50.dm_26.dm_meta,1191704,00:13:08.473,403664,1618295,MOD_REPEATER,good,False,,,,,,,,,,,0.0,0.0,2.8243892192840576,85.58755493164062,989.0,191,0,377,799.0,78.0,722.0,660.0,0.0,488.0,67.0,^3Xen_Crypt,^7lg
8 Xen_Crypt ctf_dantooine_v3 2025-07-26_21-02-50.dm_26.dm_meta,1284434,00:14:41.203,403664,1618295,MOD_REPEATER_ALT,bad,False,0.14,0.23333333333333334,0.039727129688959084,0.0376436465988963,0.02134309709072113,-1.0199839321280242,0.10940819425787734,0.4,7.055744491388113e-18,0.33217030020916,7.637135982513428,0.04628567397594452,71.87566375732422,2178.050537109375,224.0,278,0,311,537.0,63.0,422.0,198.0,-8.0,42.0,0.0,^3Xen_Crypt,^7lg
8 Xen_Crypt ctf_dantooine_v3 2025-07-26_21-02-50.dm_26.dm_meta,1356506,00:15:53.275,403664,1618295,MOD_THERMAL_SPLASH,bad,False,,,,,,,,,,,1.8023103475570679,0.010923093184828758,19.250680923461914,583.3539428710938,664.0,477,0,411,327.0,354.0,330.0,,,351.0,49.0,^3Xen_Crypt,^7lg
8 Xen_Crypt ctf_dantooine_v3 2025-07-26_21-02-50.dm_26.dm_meta,1404785,00:16:41.554,403664,1618295,MOD_BOWCASTER,bad,False,,,,,,,,,,,4.750389575958252,0.1439511924982071,16.015207290649414,485.309326171875,81.0,300,162,410,978.0,86.0,524.0,,,346.0,58.0,^3Xen_Crypt,^7lg
8 Xen_Crypt ctf_dantooine_v3 2025-07-26_21-02-50.dm_26.dm_meta,1406237,00:16:43.006,403664,1618295,MOD_FALLING,bad,False,,,,,,,,,,,0.0,0.0,0.0,0.0,,300,0,438,,,,,,,,^3Xen_Crypt,^7notspec
8 Xen_Crypt ctf_dantooine_v3 2025-07-26_21-02-50.dm_26.dm_meta,1448708,00:17:25.477,403664,1618295,MOD_FLECHETTE_ALT_SPLASH,bad,True,0.08,0.08333333333333333,0.06910967461804046,0.0026791940956219862,0.03448069840669632,-0.7931187811852171,0.1533733982100308,0.0,6.042948865239637e-28,0.0013015389674371873,0.0,0.0,56.15092468261719,1701.543212890625,65.0,938,227,962,907.0,49.0,488.0,,,442.0,85.0,^3Xen_Crypt,^7lg
8 Xen_Crypt ctf_dantooine_v3 2025-07-26_21-02-50.dm_26.dm_meta,1507283,00:18:24.052,403664,1618295,MOD_THERMAL_SPLASH,bad,False,,,,,,,,,,,0.7385599613189697,0.022380605340003967,80.55816650390625,2441.156494140625,195.0,362,0,347,408.0,186.0,187.0,,,221.0,0.0,^3Xen_Crypt,^7notspec
8 Xen_Crypt ctf_dantooine_v3 2025-07-26_21-02-50.dm_26.dm_meta,1549721,00:19:06.490,403664,1618295,MOD_THERMAL_SPLASH,bad,False,,,,,,,,,,,2.203094482421875,0.06676043570041656,20.476633071899414,620.5040283203125,124.0,423,36,361,610.0,97.0,396.0,,,190.0,0.0,^3Xen_Crypt,^7lg
8 Xen_Crypt ctf_dantooine_v3 2025-07-26_23-43-12.dm_26.dm_meta,406539,00:05:22.579,84393,1234905,MOD_ROCKET_SPLASH,bad,False,0.16333333333333333,0.21333333333333335,0.06103957712242309,0.13040957223859048,0.02882923185825348,-1.029715070836668,0.12433588060677987,0.2,4.4748241091502396e-10,0.08636613981161854,7.274243354797363,0.2204316109418869,7.274243354797363,220.43162536621094,113.0,245,142,553,469.0,181.0,415.0,,,244.0,0.0,^3Xen_Crypt,^7enab
8 Xen_Crypt ctf_dantooine_v3 2025-07-26_23-43-12.dm_26.dm_meta,470955,00:06:26.995,84393,1234905,MOD_FLECHETTE_ALT_SPLASH,bad,False,0.17,0.18333333333333332,0.0427206336526495,0.010104213934950932,0.33597156405448914,-1.0127570994568815,0.15557666214829066,0.2,6.332812572428243e-05,0.05362842781761599,1.3791452646255493,0.04179228097200394,4.751142501831055,143.97401428222656,307.0,698,22,692,136.0,224.0,531.0,,,67.0,60.0,^3Xen_Crypt,^7enab
8 Xen_Crypt ctf_dantooine_v3 2025-07-26_23-43-12.dm_26.dm_meta,499335,00:06:55.375,84393,1234905,MOD_FLECHETTE_ALT_SPLASH,bad,False,0.24,0.14,0.04018150385851156,0.004130763950412216,0.029915381222963333,-1.0165958620151847,0.14901057046476496,0.2,0.8899365442006918,0.0012997239603760257,0.0,0.0,4.1253662109375,125.01110076904297,30.0,416,103,951,80.0,0.0,407.0,,,0.0,0.0,^3Xen_Crypt,^7lg
8 Xen_Crypt ctf_dantooine_v3 2025-07-26_23-43-12.dm_26.dm_meta,642720,00:09:18.760,84393,1234905,MOD_BRYAR_PISTOL_ALT,bad,False,0.37333333333333335,0.3933333333333333,0.3927129751721425,0.5191049052483137,0.6070238947868347,-0.14794791367803484,0.5141772162717916,0.2,0.013255209586799875,0.8920703672304112,6.408754825592041,0.04855117201805115,9.748663902282715,295.4140625,428.0,271,236,642,898.0,223.0,504.0,264.0,2.0,726.0,47.0,^3Xen_Crypt,^7tmacfan
8 Xen_Crypt ctf_dantooine_v3 2025-07-26_23-43-12.dm_26.dm_meta,726177,00:10:42.217,84393,1234905,MOD_REPEATER_ALT_SPLASH,bad,False,0.14666666666666667,0.16833333333333333,0.07794784980938767,0.0814344887403483,0.005132219288498163,-0.9128557842798823,0.1352692112508136,0.2,8.182694788581549e-06,0.3216515918070138,3.1424787044525146,0.03174220770597458,32.056297302246094,971.4029541015625,203.0,482,0,383,285.0,121.0,300.0,,,252.0,120.0,^3Xen_Crypt,^7lg
8 Xen_Crypt ctf_dantooine_v3 2025-07-26_23-43-12.dm_26.dm_meta,807621,00:12:03.661,84393,1234905,MOD_REPEATER_ALT_SPLASH,bad,True,0.16333333333333333,0.11333333333333333,0.07455096716262269,0.07622225550483734,0.016432661563158035,-0.9149171506996276,0.1313660268792796,0.2,0.006768784538775172,2.972363352737181e-07,77.48493194580078,0.33543261885643005,80.11255645751953,2427.6533203125,141.0,357,132,168,485.0,52.0,274.0,,,95.0,0.0,^3Xen_Crypt,^7enab
8 Xen_Crypt ctf_dantooine_v3 2025-07-26_23-43-12.dm_26.dm_meta,846924,00:12:42.964,84393,1234905,MOD_ROCKET,bad,False,0.02666666666666667,0.06333333333333334,0.05749822181151226,0.06177543817818105,0.0006020636647008359,-1.0301598399892082,0.11354955060212701,0.0,6.594228836096471e-23,0.23889356031345446,15.182008743286133,0.11501521617174149,17.257282257080078,522.9479370117188,41.0,305,172,419,712.0,270.0,420.0,,,107.0,0.0,^3Xen_Crypt,^7enab
8 Xen_Crypt ctf_dantooine_v3 2025-07-26_23-43-12.dm_26.dm_meta,987075,00:15:03.115,84393,1234905,MOD_BRYAR_PISTOL_ALT,bad,False,0.17333333333333334,0.18333333333333332,0.08747765053408522,0.018120898611767914,0.0018182107014581561,-0.8310269102096388,0.5190504168587218,0.2,3.502371026024087e-21,0.0005095790989214776,19.171688079833984,0.1161920502781868,37.54399108886719,1137.6966552734375,87.0,123,36,909,487.0,66.0,219.0,33.0,-6.0,61.0,2.0,^3Xen_Crypt,^7notspec
8 Xen_Crypt ctf_dantooine_v3 2025-07-26_23-43-12.dm_26.dm_meta,991926,00:15:07.966,84393,1234905,MOD_REPEATER_ALT,bad,False,0.1,0.11,0.03874739598724214,0.019910885990264332,0.0015454237582162023,-0.993554598669788,0.12137580784536521,0.2,5.398377541435321e-13,0.6069971901357261,0.0,0.0,9.99786376953125,302.965576171875,37.0,266,40,472,334.0,335.0,172.0,,,27.0,7.0,^3Xen_Crypt,^7enab
8 Xen_Crypt ctf_dantooine_v3 2025-07-26_23-43-12.dm_26.dm_meta,1043637,00:15:59.677,84393,1234905,MOD_ROCKET_SPLASH,bad,False,0.08666666666666667,0.18,0.09403160784517688,0.17625105227276835,0.033479247242212296,-0.8518890204586558,0.14673080320971174,0.4,3.0475665253596756e-05,0.43803844715622536,6.401827335357666,0.06466492265462875,34.9768180847168,1059.903564453125,129.0,312,176,437,569.0,140.0,430.0,,,236.0,0.0,^3Xen_Crypt,^7enab
8 Xen_Crypt ctf_dantooine_v3 2025-07-26_23-43-12.dm_26.dm_meta,1061919,00:16:17.959,84393,1234905,MOD_CONC,bad,False,,,,,,,,,,,2.4077672958374023,0.07296264171600342,71.5303726196289,2167.587158203125,248.0,376,0,383,509.0,81.0,352.0,,,127.0,0.0,^3Xen_Crypt,^7enab
8 Xen_Crypt ctf_kharzet_v3 2025-07-26_22-27-39.dm_26.dm_meta,92870,00:00:19.738,73565,1012778,MOD_ROCKET_SPLASH,bad,False,0.13,0.15333333333333332,0.18716413917804411,0.11413544741769167,0.00474164541810751,-0.5734219016274832,0.2195227854965108,0.2,4.607108645718973e-09,0.40059339377185516,0.0,0.0,6.851990699768066,207.63607788085938,366.0,477,136,675,739.0,140.0,562.0,,,34.0,0.0,^3Xen_Crypt,^7enab
8 Xen_Crypt ctf_kharzet_v3 2025-07-26_22-27-39.dm_26.dm_meta,137486,00:01:04.354,73565,1012778,MOD_FLECHETTE_ALT_SPLASH,bad,True,0.04666666666666667,0.06,0.07081941369612045,0.0016533636866336817,0.00798407755792141,-0.8922055119786371,0.16378653325895817,0.0,1.9981300500720032e-12,0.008992653523606205,10.600510597229004,0.3212275803089142,24.285036087036133,735.9102172851562,124.0,263,5,443,715.0,33.0,208.0,,,55.0,0.0,^3Xen_Crypt,^7enab
8 Xen_Crypt ctf_kharzet_v3 2025-07-26_22-27-39.dm_26.dm_meta,153128,00:01:19.996,73565,1012778,MOD_FLECHETTE_ALT_SPLASH,bad,False,0.06333333333333334,0.05,0.0352282908615986,0.0012633805154099675,0.004570001270622015,-1.0153587791064778,0.1519608442276954,0.2,1.0,0.03406688843292693,0.6163369417190552,0.01867687702178955,1.4228568077087402,43.11687469482422,140.0,371,2,778,432.0,61.0,203.0,,,24.0,0.0,^3Xen_Crypt,^7Jak of the Shadows
8 Xen_Crypt ctf_kharzet_v3 2025-07-26_22-27-39.dm_26.dm_meta,200582,00:02:07.450,73565,1012778,MOD_THERMAL_SPLASH,bad,True,,,,,,,,,,,38.34660720825195,0.2905046045780182,98.14266204833984,2974.02001953125,65.0,553,253,358,146.0,91.0,289.0,,,39.0,0.0,^3Xen_Crypt,^7Right Click
8 Xen_Crypt ctf_kharzet_v3 2025-07-26_22-27-39.dm_26.dm_meta,205169,00:02:12.037,73565,1012778,MOD_THERMAL,bad,False,0.016666666666666666,0.028333333333333332,0.005041750942103774,0.0011435726873434682,0.0014587430050596595,-1.7736951906869456,0.24144441852231677,0.2,4.203281576342603e-31,0.00018199836583513844,0.0,0.0,42.6549072265625,1292.572998046875,73.0,829,139,675,516.0,325.0,272.0,165.0,-22.0,63.0,0.0,^3Xen_Crypt,^7Jak of the Shadows
8 Xen_Crypt ctf_kharzet_v3 2025-07-26_22-27-39.dm_26.dm_meta,209327,00:02:16.195,73565,1012778,MOD_ROCKET_SPLASH,bad,True,0.15666666666666668,0.15666666666666668,0.13833841513693557,0.0953038556904138,0.08755340427160263,-0.6807860199798009,0.17351046111316992,0.0,0.0037950425368407873,0.08754015927387113,0.3680419921875,0.0022305576130747795,146.36866760253906,4435.4140625,176.0,378,322,420,614.0,224.0,451.0,,,191.0,40.0,^3Xen_Crypt,^7enab
8 Xen_Crypt ctf_kharzet_v3 2025-07-26_22-27-39.dm_26.dm_meta,225662,00:02:32.530,73565,1012778,MOD_ROCKET_SPLASH,bad,False,0.19666666666666666,0.20333333333333334,0.06676998401788267,0.1976712553382386,0.07555950433015823,-0.9654523803706775,0.12570319951764733,0.4,4.985569399625874e-12,0.2397133305705846,0.0,0.0,19.608440399169922,594.1951904296875,297.0,425,266,472,428.0,26.0,286.0,,,934.0,714.0,^3Xen_Crypt,^7Jak of the Shadows
8 Xen_Crypt ctf_kharzet_v3 2025-07-26_22-27-39.dm_26.dm_meta,234638,00:02:41.506,73565,1012778,MOD_FLECHETTE_ALT_SPLASH,bad,True,0.23666666666666666,0.12666666666666668,0.09019004123027834,0.05929524327270776,0.1630387306213379,-0.7473728777845843,0.19324699857220817,0.0,9.024140663818887e-19,0.13776012782152816,45.92413330078125,0.2783280909061432,114.72509765625,3476.51806640625,70.0,296,19,174,148.0,57.0,102.0,,,2.0,0.0,^3Xen_Crypt,^7enab
8 Xen_Crypt ctf_kharzet_v3 2025-07-26_22-27-39.dm_26.dm_meta,243053,00:02:49.921,73565,1012778,MOD_FLECHETTE,bad,False,,,,,,,,,,,2.691459894180298,0.020389847457408905,32.203758239746094,975.8714599609375,313.0,555,251,553,826.0,68.0,704.0,66.0,13.0,805.0,316.0,^3Xen_Crypt,^7Jak of the Shadows
8 Xen_Crypt ctf_kharzet_v3 2025-07-26_22-27-39.dm_26.dm_meta,314432,00:04:01.300,73565,1012778,MOD_ROCKET_SPLASH,bad,False,0.23333333333333334,0.23,0.3572469853607723,0.2138288472353448,0.12031713873147964,-0.2556828047902564,0.30393139719907947,0.4,4.480475327507245e-06,0.555043806092849,0.0,0.0,19.770263671875,599.098876953125,425.0,459,0,319,786.0,39.0,781.0,,,263.0,37.0,^3Xen_Crypt,^7Jak of the Shadows
8 Xen_Crypt ctf_kharzet_v3 2025-07-26_22-27-39.dm_26.dm_meta,336014,00:04:22.882,73565,1012778,MOD_DISRUPTOR_SNIPER,bad,False,0.023333333333333334,0.0033333333333333335,0.09678732847169423,0.030954739640842513,0.012660305015742779,-0.7382542261884901,0.08309774943174776,0.0,7.481497083162579e-77,0.37295728985840715,0.0,0.0,0.359917551279068,10.90659236907959,2728.0,0,0,0,0.0,0.0,563.0,,,0.0,0.0,^3Xen_Crypt,^7Jak of the Shadows
8 Xen_Crypt ctf_kharzet_v3 2025-07-26_22-27-39.dm_26.dm_meta,366473,00:04:53.341,73565,1012778,MOD_FLECHETTE_ALT_SPLASH,bad,False,0.07,0.06666666666666667,0.11300953936128429,0.0022792158145900766,0.00675352755934,-0.7396484768430963,0.16488301160163213,0.0,6.406429837249197e-15,0.12676329096867084,1.3020073175430298,0.013151588849723339,10.000362396240234,303.0412902832031,181.0,173,0,92,558.0,76.0,283.0,,,24.0,0.0,^3Xen_Crypt,^7enab
8 Xen_Crypt ctf_kharzet_v3 2025-07-26_22-27-39.dm_26.dm_meta,378815,00:05:05.683,73565,1012778,MOD_ROCKET_SPLASH,bad,False,0.16,0.19666666666666666,0.1619027265540132,0.11411758887176839,0.0031145939137786627,-0.643124900026883,0.19564683582541578,0.2,8.69287209065805e-12,0.48003328975137627,1.0767862796783447,0.016314944252371788,6.18825101852417,187.52276611328125,150.0,417,124,662,919.0,134.0,704.0,,,315.0,0.0,^3Xen_Crypt,^7Jak of the Shadows
8 Xen_Crypt ctf_kharzet_v3 2025-07-26_22-27-39.dm_26.dm_meta,520781,00:07:27.649,73565,1012778,MOD_ROCKET_SPLASH,bad,False,0.2833333333333333,0.25,0.16579832129998848,0.23130269554621002,0.05204324796795845,-0.616241662160443,0.20240573747330223,0.4,3.829200043837649e-11,0.4868350958726837,0.0,0.0,50.30820846557617,1524.4912109375,347.0,133,0,488,471.0,577.0,450.0,,,361.0,292.0,^3Xen_Crypt,^7Jak of the Shadows
8 Xen_Crypt ctf_kharzet_v3 2025-07-26_22-27-39.dm_26.dm_meta,598628,00:08:45.496,73565,1012778,MOD_REPEATER,good,False,,,,,,,,,,,6.008145332336426,0.09103250503540039,16.43658447265625,498.07830810546875,504.0,460,28,426,699.0,799.0,740.0,363.0,-29.0,128.0,73.0,^3Xen_Crypt,^7Jak of the Shadows
8 Xen_Crypt ctf_kharzet_v3 2025-07-26_22-27-39.dm_26.dm_meta,608066,00:08:54.934,73565,1012778,MOD_REPEATER_ALT,bad,False,0.12333333333333334,0.16,0.13543741722359212,0.026393240773807017,0.0013424960197880864,-0.6267629524740602,0.21282119822813908,0.2,3.068350084193575e-25,0.5368504148839094,0.0,0.0,33.86944580078125,1026.3468017578125,227.0,297,282,631,724.0,452.0,349.0,198.0,2.0,164.0,19.0,^3Xen_Crypt,^7tmacfan
8 Xen_Crypt ctf_kharzet_v3 2025-07-26_22-27-39.dm_26.dm_meta,680534,00:10:07.402,73565,1012778,MOD_ROCKET_SPLASH,bad,False,0.11666666666666667,0.14333333333333334,0.05477912333563535,0.06314218745780244,0.002306601731106639,-1.0614916001225172,0.11336010244359336,0.2,2.846138297626504e-22,0.2802614556300523,11.935072898864746,0.09041722118854523,36.20094299316406,1096.998291015625,131.0,100,494,730,541.0,445.0,335.0,,,451.0,386.0,^3Xen_Crypt,^7Jak of the Shadows
8 Xen_Crypt ctf_kharzet_v3 2025-07-26_22-27-39.dm_26.dm_meta,689147,00:10:16.015,73565,1012778,MOD_ROCKET_SPLASH,bad,False,0.04666666666666667,0.11666666666666667,0.08035907186606231,0.09118051715221409,0.005214854143559933,-0.9129612515315928,0.1303557247006759,0.0,0.3183050438679645,0.42019639665634906,0.27515214681625366,0.008337943814694881,10.311816215515137,312.4792785644531,49.0,391,151,272,508.0,184.0,374.0,,,484.0,129.0,^3Xen_Crypt,^7tmacfan
8 Xen_Crypt ctf_kharzet_v3 2025-07-26_22-27-39.dm_26.dm_meta,703040,00:10:29.908,73565,1012778,MOD_REPEATER_ALT,bad,False,0.08666666666666667,0.13666666666666666,0.030634093877489547,0.025492578133634754,0.00182342529296875,-1.1200216519134083,0.09974641176356952,0.0,6.667055145927504e-11,0.6121258119048857,4.899070739746094,0.02120809815824032,22.864152908325195,692.8531494140625,205.0,399,130,421,422.0,175.0,300.0,198.0,-14.0,35.0,8.0,^3Xen_Crypt,^7enab
8 Xen_Crypt ctf_kharzet_v3 2025-07-26_22-27-39.dm_26.dm_meta,720398,00:10:47.266,73565,1012778,MOD_ROCKET_SPLASH,bad,False,0.11,0.1,0.1004901673186846,0.15587464950248142,0.03302587568759918,-0.8254671138005596,0.15172669960151372,0.0,3.274160711365304e-05,0.44774632080899723,1.7347444295883179,0.013142003677785397,24.05634880065918,728.9802856445312,126.0,448,0,438,613.0,107.0,396.0,,,196.0,0.0,^3Xen_Crypt,^7tmacfan
8 Xen_Crypt ctf_kharzet_v3 2025-07-26_22-27-39.dm_26.dm_meta,792404,00:11:59.272,73565,1012778,MOD_BRYAR_PISTOL_ALT,bad,False,0.32666666666666666,0.2966666666666667,0.9983665536530257,0.06930326974353114,0.21692976355552673,2.5329793884262113,0.44158700285407,0.6,1.0,0.7481679040252348,7.247546672821045,0.03660377115011215,26.451147079467773,801.5499267578125,2418.0,629,11,520,424.0,5.0,0.0,33.0,0.0,36.0,20.0,^3Xen_Crypt,^7Jak of the Shadows
8 Xen_Crypt ctf_kothis_v5 2025-07-26_22-52-10.dm_26.dm_meta,380201,00:00:15.250,365384,1580015,MOD_ROCKET_SPLASH,bad,False,0.16333333333333333,0.18,0.09600611423306325,0.12780941291193584,0.1386687457561493,-0.8448378081952759,0.14772158613999142,0.4,0.00019837761586131107,0.40969158464525357,0.0,0.0,14.105719566345215,427.446044921875,162.0,147,255,352,297.0,85.0,463.0,,,80.0,0.0,^3Xen_Crypt,^2b^0anana
8 Xen_Crypt ctf_kothis_v5 2025-07-26_22-52-10.dm_26.dm_meta,388385,00:00:23.434,365384,1580015,MOD_ROCKET_SPLASH,bad,False,0.22,0.22666666666666666,0.19149105451476997,0.1521499767527771,0.010595368221402168,-0.5422050039031464,0.21565340852347337,0.2,0.07634398690510252,0.31677709620237327,0.0854535773396492,0.0005179004510864615,16.839622497558594,510.2915954589844,449.0,190,0,183,440.0,401.0,489.0,,,1112.0,696.0,^3Xen_Crypt,^7notspec
8 Xen_Crypt ctf_kothis_v5 2025-07-26_22-52-10.dm_26.dm_meta,405314,00:00:40.363,365384,1580015,MOD_BRYAR_PISTOL_ALT,bad,False,0.13666666666666666,0.13333333333333333,0.05809089974913763,0.01479633049549657,0.0014209800865501165,-0.9794513074465319,0.48130566443228257,0.0,0.5511420301133695,0.0058086062183594364,14.293212890625,0.07218794524669647,62.00341033935547,1878.8912353515625,45.0,347,0,347,227.0,87.0,197.0,,,10.0,0.0,^3Xen_Crypt,^2b^0anana
8 Xen_Crypt ctf_kothis_v5 2025-07-26_22-52-10.dm_26.dm_meta,475901,00:01:50.950,365384,1580015,MOD_FLECHETTE_ALT_SPLASH,bad,False,0.03666666666666667,0.1,0.06661481488912542,0.001068338307724875,0.014311326667666435,-0.8858327141391363,0.15931622934280965,0.0,0.10674270940113967,0.3728599089012433,0.0,0.0,4.754939079284668,144.0890655517578,148.0,389,2,299,286.0,291.0,292.0,,,41.0,21.0,^3Xen_Crypt,^7notspec
8 Xen_Crypt ctf_kothis_v5 2025-07-26_22-52-10.dm_26.dm_meta,493457,00:02:08.506,365384,1580015,MOD_FLECHETTE_ALT_SPLASH,bad,False,0.11666666666666667,0.08333333333333333,0.09756395273951893,0.021898638318964422,0.007038142532110214,-0.7515031045911158,0.1622240048227488,0.0,1.8865622997839937e-19,0.6030020956528861,0.0,0.0,21.7767333984375,659.9010009765625,166.0,470,0,381,818.0,61.0,381.0,,,84.0,0.0,^3Xen_Crypt,^2b^0anana
8 Xen_Crypt ctf_kothis_v5 2025-07-26_22-52-10.dm_26.dm_meta,584834,00:03:39.883,365384,1580015,MOD_ROCKET_SPLASH,bad,True,0.043333333333333335,0.05333333333333334,0.03731979168818783,0.040495936945391546,0.00119614542927593,-1.1710770242373425,0.09076543945653144,0.2,0.031752585806818556,1.9806722631493825e-05,34.480018615722656,0.1741415113210678,41.76043701171875,1265.4677734375,78.0,141,165,382,508.0,414.0,468.0,,,2594.0,2169.0,^3Xen_Crypt,^7notspec
8 Xen_Crypt ctf_kothis_v5 2025-07-26_22-52-10.dm_26.dm_meta,635060,00:04:30.109,365384,1580015,MOD_BRYAR_PISTOL_ALT,bad,False,0.41,0.3466666666666667,0.24082199513496644,0.1753421701805055,0.14815393090248108,-0.38776917649991494,0.5009334455135961,0.4,0.811724087761681,0.8271061634579109,0.0,0.0,0.0,0.0,272.0,275,1,301,228.0,0.0,481.0,165.0,-1.0,6.0,0.0,^3Xen_Crypt,^2b^0anana
8 Xen_Crypt ctf_kothis_v5 2025-07-26_22-52-10.dm_26.dm_meta,673175,00:05:08.224,365384,1580015,MOD_FLECHETTE_ALT_SPLASH,bad,False,0.17,0.11666666666666667,0.2560071091775157,0.002329465744545796,0.01926036737859249,-0.4171118359046093,0.16767925487613491,0.2,4.619226485869974e-18,0.9697021440987779,16.439550399780273,0.1660560667514801,140.24761962890625,4249.927734375,85.0,288,5,292,552.0,39.0,306.0,,,31.0,0.0,^3Xen_Crypt,^7notspec
8 Xen_Crypt ctf_kothis_v5 2025-07-26_22-52-10.dm_26.dm_meta,805142,00:07:20.191,365384,1580015,MOD_ROCKET_SPLASH,bad,False,0.29,0.22333333333333333,0.09846032176347924,0.10951594779606164,0.09420404583215714,-0.8362443946903859,0.14564477543651422,0.2,2.285029124167789e-07,0.483190943417644,0.0,0.0,0.0,0.0,97.0,516,57,381,550.0,463.0,386.0,,,462.0,53.0,^3Xen_Crypt,^7notspec
8 Xen_Crypt ctf_kothis_v5 2025-07-26_22-52-10.dm_26.dm_meta,828605,00:07:43.654,365384,1580015,MOD_ROCKET_SPLASH,bad,False,0.18333333333333332,0.20666666666666667,0.23209918469710458,0.1983646921505022,0.032704003155231476,-0.46134167207974786,0.2526879839088145,0.0,0.0002907331347255714,0.4772842558002597,0.9415609836578369,0.028532151132822037,11.81492805480957,358.02813720703125,604.0,112,47,255,288.0,106.0,440.0,,,67.0,0.0,^3Xen_Crypt,^2b^0anana
8 Xen_Crypt ctf_kothis_v5 2025-07-26_22-52-10.dm_26.dm_meta,887312,00:08:42.361,365384,1580015,MOD_FLECHETTE,bad,False,,,,,,,,,,,17.091514587402344,0.1726415604352951,101.50102996826172,3075.788818359375,216.0,199,285,321,74.0,281.0,276.0,33.0,66.0,312.0,297.0,^3Xen_Crypt,^7TheGuy
8 Xen_Crypt ctf_kothis_v5 2025-07-26_22-52-10.dm_26.dm_meta,912623,00:09:07.672,365384,1580015,MOD_DISRUPTOR,bad,False,0.023333333333333334,0.006666666666666667,0.018576177220294778,0.0003606959220650753,0.006466371938586235,-1.023520170199392,0.06172379890194782,0.0,1.5255013783334188e-133,2.3180646753416996e-25,7.334410667419434,0.11112743616104126,49.261146545410156,1492.7620849609375,172.0,280,87,261,231.0,23.0,331.0,,,7.0,0.0,^3Xen_Crypt,^2b^0anana
8 Xen_Crypt ctf_kothis_v5 2025-07-26_22-52-10.dm_26.dm_meta,1050860,00:11:25.909,365384,1580015,MOD_FALLING,bad,False,,,,,,,,,,,0.0,0.0,21.70326042175293,657.674560546875,260.0,262,0,499,79.0,0.0,718.0,,,0.0,0.0,^3Xen_Crypt,^7notspec
8 Xen_Crypt ctf_kothis_v5 2025-07-26_22-52-10.dm_26.dm_meta,1053368,00:11:28.417,365384,1580015,MOD_DISRUPTOR_SNIPER,bad,False,0.09666666666666666,0.0033333333333333335,0.01770139395360449,0.007420221801789287,0.0014494943898171186,-1.0734797157166094,0.08003393583406532,0.0,5.519286594539871e-18,0.11423181351471544,0.0,0.0,0.0442873053252697,1.3420395851135254,2492.0,0,0,4,0.0,0.0,0.0,,,0.0,0.0,^3Xen_Crypt,^2b^0anana
8 Xen_Crypt ctf_kothis_v5 2025-07-26_22-52-10.dm_26.dm_meta,1066403,00:11:41.452,365384,1580015,MOD_ROCKET,bad,True,0.06,0.12666666666666668,0.028641189188185215,0.005276395309427268,0.0001474382443120703,-1.265639331140324,0.06751842798755464,0.2,1.8388862128098838e-23,2.525308794322431e-05,7.88639497756958,0.23898166418075562,25.823951721191406,782.5440063476562,157.0,741,485,780,669.0,263.0,306.0,165.0,31.0,2537.0,2271.0,^3Xen_Crypt,^2b^0anana
8 Xen_Crypt ctf_kothis_v5 2025-07-26_22-52-10.dm_26.dm_meta,1132271,00:12:47.320,365384,1580015,MOD_ROCKET,bad,False,0.17,0.16333333333333333,0.0349863511780115,0.07445366793305176,0.013587824068963528,-1.1531050973485153,0.09623195712408839,0.2,0.8879996754847951,0.20821362246814926,0.0,0.0,14.293340682983398,433.13153076171875,253.0,239,35,260,666.0,109.0,347.0,264.0,-22.0,791.0,96.0,^3Xen_Crypt,^2b^0anana
8 Xen_Crypt ctf_kothis_v5 2025-07-26_22-52-10.dm_26.dm_meta,1157351,00:13:12.400,365384,1580015,MOD_REPEATER_ALT_SPLASH,bad,False,0.15333333333333332,0.21666666666666667,0.05969038250017772,0.20772732749574063,0.049383245408535004,-1.017118486331541,0.11585095325758092,0.0,9.454631401040054e-05,0.18030061818510731,0.0,0.0,37.3901481628418,1133.0347900390625,117.0,460,116,346,273.0,59.0,192.0,,,53.0,0.0,^3Xen_Crypt,^2b^0anana
8 Xen_Crypt ctf_kothis_v5 2025-07-26_22-52-10.dm_26.dm_meta,1201472,00:13:56.521,365384,1580015,MOD_REPEATER_ALT_SPLASH,bad,False,0.18,0.20333333333333334,0.13807356616349012,0.166996232735568,0.02954261749982834,-0.6811812407566628,0.17811527751816283,0.4,0.0008719719383465115,0.17589156830141298,5.589752674102783,0.05646215006709099,111.0093994140625,3363.921142578125,200.0,416,0,328,526.0,152.0,455.0,,,243.0,0.0,^3Xen_Crypt,^7notspec
8 Xen_Crypt ctf_kothis_v5 2025-07-26_22-52-10.dm_26.dm_meta,1352447,00:16:27.496,365384,1580015,MOD_ROCKET,good,True,0.44333333333333336,0.37666666666666665,0.6624748238358228,0.37814489446916927,0.8399795889854431,0.12274374760899143,0.43831858228753035,0.0,1.0566680021871078e-18,0.2741560326284523,3.9942896366119385,0.060519538819789886,41.39763259887695,1254.4737548828125,439.0,656,132,543,337.0,1335.0,727.0,264.0,57.0,376.0,356.0,^3Xen_Crypt,^2b^0anana
8 Xen_Crypt ctf_kothis_v5 2025-07-26_22-52-10.dm_26.dm_meta,1367693,00:16:42.742,365384,1580015,MOD_FLECHETTE,bad,False,,,,,,,,,,,2.0842559337615967,0.0631592720746994,35.542205810546875,1077.0364990234375,362.0,587,0,525,475.0,4.0,460.0,99.0,17.0,358.0,149.0,^3Xen_Crypt,^2b^0anana
8 Xen_Crypt ctf_kothis_v5 2025-07-26_22-52-10.dm_26.dm_meta,1403135,00:17:18.184,365384,1580015,MOD_ROCKET_SPLASH,bad,False,0.17333333333333334,0.2,0.10104418234656358,0.15746097661891978,0.053644854575395584,-0.8162011168451835,0.15106233809029146,0.4,0.00048038308242949994,0.30892050969762347,0.8028480410575867,0.012164364568889141,86.19542694091797,2611.982666015625,99.0,233,144,434,612.0,155.0,434.0,,,290.0,0.0,^3Xen_Crypt,^2b^0anana
8 Xen_Crypt ctf_kothis_v5 2025-07-26_22-52-10.dm_26.dm_meta,1454351,00:18:09.400,365384,1580015,MOD_THERMAL,bad,False,0.14383333333333334,0.11166666666666666,0.06098986657911825,0.0041487003824753664,0.0887758806347847,-0.9171007372136522,0.306454853765383,0.0,4.0887692383101103e-25,4.3921671614032805e-20,15.37085247039795,0.15526112914085388,101.77549743652344,3084.10595703125,204.0,604,193,522,597.0,412.0,456.0,132.0,58.0,410.0,257.0,^3Xen_Crypt,^2b^0anana
8 Xen_Crypt ctf_kothis_v5 2025-07-26_22-52-10.dm_26.dm_meta,1544243,00:19:39.292,365384,1580015,MOD_ROCKET,bad,False,0.05333333333333334,0.06666666666666667,0.044043311663506446,0.021410344666187756,0.001471328316256404,-1.1062046928369116,0.10593003963443644,0.0,7.831723165420884e-29,0.34829256317232743,0.0,0.0,2.886274814605713,87.46287536621094,30.0,411,193,276,396.0,196.0,582.0,,,17.0,3.0,^3Xen_Crypt,^7notspec
8 Xen_Crypt ctf_kothis_v5 2025-09-21_23-41-16.dm_26.dm_meta,183954,00:00:13.204,171183,1385814,MOD_ROCKET_SPLASH,bad,False,0.4166666666666667,0.41333333333333333,0.19369484138412035,0.3086943195485127,0.20387333631515503,-0.554951599308532,0.20633231573132846,0.2,7.934639827792372e-13,0.2738578418013697,4.295938491821289,0.021696658805012703,21.697019577026367,657.4854736328125,228.0,14,109,96,111.0,785.0,678.0,,,628.0,558.0,^3Xen_Crypt,^7lg
8 Xen_Crypt ctf_kothis_v5 2025-09-21_23-41-16.dm_26.dm_meta,199992,00:00:29.242,171183,1385814,MOD_ROCKET_SPLASH,bad,False,0.21,0.24,0.08419475540452015,0.14088460689867785,0.03173219412565231,-0.8914363975951575,0.13446258978730552,0.4,4.209913292329655e-07,0.10166356169767897,15.3187255859375,0.11605095118284225,23.45096206665039,710.6351928710938,102.0,355,137,90,295.0,241.0,304.0,,,194.0,0.0,^3Xen_Crypt,^7lg
8 Xen_Crypt ctf_kothis_v5 2025-09-21_23-41-16.dm_26.dm_meta,208869,00:00:38.119,171183,1385814,MOD_ROCKET_SPLASH,bad,False,0.20333333333333334,0.23333333333333334,0.16465608042951715,0.1560739676950219,0.3262404799461365,-0.6197389525133241,0.18937502312371537,0.0,3.6800691584417645e-08,0.2744094002692383,7.748769283294678,0.03354445472359657,89.58077239990234,2714.56884765625,75.0,258,81,389,438.0,47.0,818.0,,,107.0,25.0,^3Xen_Crypt,^7lg
8 Xen_Crypt ctf_kothis_v5 2025-09-21_23-41-16.dm_26.dm_meta,227316,00:00:56.566,171183,1385814,MOD_BRYAR_PISTOL_ALT,bad,False,0.1,0.12666666666666668,0.12270643796036045,0.0060025458020634805,0.0022391502279788256,-0.7534588359085503,0.4793179901103337,0.0,2.1328228506206735e-20,0.7205538019030092,2.682695150375366,0.08129379153251648,26.13250160217285,791.8939819335938,64.0,472,0,399,654.0,82.0,379.0,33.0,-11.0,42.0,0.0,^3Xen_Crypt,^7autist
8 Xen_Crypt ctf_kothis_v5 2025-09-21_23-41-16.dm_26.dm_meta,231573,00:01:00.823,171183,1385814,MOD_FLECHETTE_ALT_SPLASH,bad,False,0.04666666666666667,0.06333333333333334,0.12045835157678884,0.010251728091869031,0.038722455501556396,-0.6679200633539243,0.15816144190763337,0.0,6.462038602928138e-15,0.3404089538825401,0.0,0.0,65.75662994384766,1992.6251220703125,34.0,744,288,433,737.0,72.0,379.0,,,38.0,0.0,^3Xen_Crypt,^7lg
8 Xen_Crypt ctf_kothis_v5 2025-09-21_23-41-16.dm_26.dm_meta,297243,00:02:06.493,171183,1385814,MOD_ROCKET_SPLASH,bad,False,0.07,0.14666666666666667,0.1273833255163253,0.10199984909174828,0.0024086928460747004,-0.7323975147411459,0.1676774836079629,0.6,0.5714924123733152,0.5546224346492102,0.0,0.0,12.75794792175293,386.6044921875,152.0,412,204,471,635.0,177.0,622.0,,,615.0,348.0,^3Xen_Crypt,^7autist
8 Xen_Crypt ctf_kothis_v5 2025-09-21_23-41-16.dm_26.dm_meta,305295,00:02:14.545,171183,1385814,MOD_FLECHETTE_ALT_SPLASH,bad,False,0.1,0.08666666666666667,0.10726469796815125,0.0047050660392007415,0.03542095795273781,-0.7243722398075401,0.1536192642423528,0.4,9.022775708804211e-05,0.2931662616056495,0.0,0.0,55.23995590209961,1673.9381103515625,47.0,179,46,323,154.0,12.0,191.0,,,3.0,0.0,^3Xen_Crypt,^7lg
8 Xen_Crypt ctf_kothis_v5 2025-09-21_23-41-16.dm_26.dm_meta,309420,00:02:18.670,171183,1385814,MOD_FLECHETTE_ALT_SPLASH,bad,True,0.08666666666666667,0.08333333333333333,0.13314128745218148,0.002892200337927602,0.002100833225995302,-0.74739861411831,0.16536428164733452,0.0,0.03905400396043923,0.0004728409699823138,13.502850532531738,0.409177303314209,34.75055694580078,1053.0472412109375,79.0,126,220,437,653.0,153.0,364.0,,,368.0,156.0,^3Xen_Crypt,^7autist
8 Xen_Crypt ctf_kothis_v5 2025-09-21_23-41-16.dm_26.dm_meta,324831,00:02:34.081,171183,1385814,MOD_ROCKET,good,False,0.20111111111111113,0.3566666666666667,0.2599694324002061,0.06584005916368893,0.006997659802436829,-0.43216065088932964,0.24737231965894022,0.2,0.04336079027829341,0.527788881861257,1.0794031620025635,0.010903062298893929,3.7030649185180664,112.2140884399414,190.0,505,329,447,1147.0,96.0,648.0,231.0,11.0,493.0,156.0,^3Xen_Crypt,^7lg
8 Xen_Crypt ctf_kothis_v5 2025-09-21_23-41-16.dm_26.dm_meta,354861,00:03:04.111,171183,1385814,MOD_ROCKET_SPLASH,bad,False,0.16,0.19333333333333333,0.11222229424266458,0.13504732396925834,0.10483463853597641,-0.7773120912932858,0.16265018429225103,0.0,1.8734283075603843e-07,0.4889513248990248,0.0,0.0,3.8643929958343506,117.10282135009766,222.0,230,0,363,488.0,435.0,397.0,,,611.0,48.0,^3Xen_Crypt,^7lg
8 Xen_Crypt ctf_kothis_v5 2025-09-21_23-41-16.dm_26.dm_meta,362946,00:03:12.196,171183,1385814,MOD_ROCKET_SPLASH,bad,True,0.056666666666666664,0.04,0.04451984132746653,0.036361352604697056,0.00017907388973981142,-1.0964984038294208,0.09679671052406634,0.0,4.355106598260292e-05,3.990052710088717e-07,60.61830520629883,0.22961479425430298,60.61830520629883,1836.9183349609375,70.0,438,26,326,633.0,414.0,421.0,,,2414.0,2139.0,^3Xen_Crypt,^7autist
8 Xen_Crypt ctf_kothis_v5 2025-09-21_23-41-16.dm_26.dm_meta,371922,00:03:21.172,171183,1385814,MOD_CONC,bad,False,,,,,,,,,,,28.594608306884766,0.21662582457065582,29.20564842224121,885.0196533203125,259.0,677,102,707,454.0,226.0,482.0,,,1746.0,1538.0,^3Xen_Crypt,^7lg
8 Xen_Crypt ctf_kothis_v5 2025-09-21_23-41-16.dm_26.dm_meta,426768,00:04:16.018,171183,1385814,MOD_DISRUPTOR_SNIPER,bad,False,0.08333333333333333,0.08333333333333333,0.01661622092570536,0.007980138496280462,0.0021498841233551502,-1.0849382720933693,0.07982688860447405,0.0,3.0374393288270583e-18,0.09728786402499735,0.0,0.0,1.6952085494995117,51.369956970214844,1755.0,0,0,0,86.0,0.0,55.0,,,0.0,0.0,^3Xen_Crypt,^7lg
8 Xen_Crypt ctf_kothis_v5 2025-09-21_23-41-16.dm_26.dm_meta,489534,00:05:18.784,171183,1385814,MOD_ROCKET_SPLASH,bad,True,0.17,0.14666666666666667,0.05853502324682987,0.0446062701006056,0.012549333274364471,-1.040766564657413,0.1249189406479075,0.4,0.09014821202327924,3.972334310237596e-07,16.207487106323242,0.49113598465919495,134.06967163085938,4062.71728515625,39.0,63,226,225,574.0,280.0,318.0,,,401.0,27.0,^3Xen_Crypt,^7Bobo Fett
8 Xen_Crypt ctf_kothis_v5 2025-09-21_23-41-16.dm_26.dm_meta,494187,00:05:23.437,171183,1385814,MOD_ROCKET_SPLASH,bad,False,0.12333333333333334,0.13333333333333333,0.08788369747636193,0.12335339411720522,0.08927708864212036,-0.8786490695329123,0.1419201231723107,0.0,3.645684241415181e-07,0.37859866284308946,0.0,0.0,18.461782455444336,559.4479370117188,152.0,340,197,429,521.0,74.0,344.0,,,120.0,0.0,^3Xen_Crypt,^7lg
8 Xen_Crypt ctf_kothis_v5 2025-09-21_23-41-16.dm_26.dm_meta,495738,00:05:24.988,171183,1385814,MOD_FLECHETTE_ALT_SPLASH,bad,False,0.23666666666666666,0.19666666666666666,0.03965170388184398,0.10309946194017244,0.011565321125090122,-0.9812433825421528,0.1767286146547472,0.2,5.184176054231664e-08,0.08028213209054788,23.7319393157959,0.1198582798242569,44.99603271484375,1363.51611328125,138.0,584,99,127,297.0,41.0,31.0,,,8.0,0.0,^3Xen_Crypt,^7autist
8 Xen_Crypt ctf_kothis_v5 2025-09-21_23-41-16.dm_26.dm_meta,518376,00:05:47.626,171183,1385814,MOD_FLECHETTE_ALT_SPLASH,bad,False,0.04666666666666667,0.18333333333333332,0.14565912674204828,0.003540754726175588,0.01388487033545971,-0.6553029128347316,0.1597910465497884,0.4,0.8906193042024708,0.37211550663396264,1.8655176162719727,0.014132709242403507,41.642024993896484,1261.8795166015625,303.0,179,0,258,159.0,289.0,433.0,,,151.0,6.0,^3Xen_Crypt,^7lg
8 Xen_Crypt ctf_kothis_v5 2025-09-21_23-41-16.dm_26.dm_meta,557976,00:06:27.226,171183,1385814,MOD_ROCKET,bad,False,0.07666666666666666,0.1,0.12722365269066513,0.0860182022759894,0.0018601508345454931,-0.7155717710976848,0.16633126110188698,0.2,5.943616566722834e-07,0.23627547380189712,3.6610732078552246,0.11094161123037338,23.551788330078125,713.6905517578125,291.0,318,0,437,504.0,284.0,511.0,231.0,0.0,36.0,7.0,^3Xen_Crypt,^7autist
8 Xen_Crypt ctf_kothis_v5 2025-09-21_23-41-16.dm_26.dm_meta,587742,00:06:56.992,171183,1385814,MOD_CONC,bad,False,,,,,,,,,,,0.0,0.0,22.119140625,670.2769775390625,33.0,119,40,295,294.0,149.0,315.0,,,10.0,0.0,^3Xen_Crypt,^7lg
8 Xen_Crypt ctf_kothis_v5 2025-09-21_23-41-16.dm_26.dm_meta,599820,00:07:09.070,171183,1385814,MOD_FLECHETTE_ALT_SPLASH,bad,False,0.22666666666666666,0.22,0.13333770106784304,0.2948838913911571,0.03036894090473652,-0.6737352021925278,0.16626171997704609,0.2,2.392129072708842e-08,0.7803386861069175,0.0,0.0,13.07135009765625,396.1015319824219,215.0,577,90,476,926.0,245.0,638.0,,,788.0,19.0,^3Xen_Crypt,^7autist
8 Xen_Crypt ctf_kothis_v5 2025-09-21_23-41-16.dm_26.dm_meta,625626,00:07:34.876,171183,1385814,MOD_FLECHETTE_ALT_SPLASH,bad,False,0.03666666666666667,0.06,0.07745991101297936,0.003052732663954306,0.03270933777093887,-0.8515706922714126,0.15961689723641972,0.2,0.0019524680138980016,0.3073993090128361,0.8768438696861267,0.013285513035953045,7.780434608459473,235.770751953125,82.0,393,13,461,450.0,57.0,407.0,,,21.0,0.0,^3Xen_Crypt,^7autist
8 Xen_Crypt ctf_kothis_v5 2025-09-21_23-41-16.dm_26.dm_meta,755151,00:09:44.401,171183,1385814,MOD_REPEATER_ALT_SPLASH,bad,True,0.11333333333333333,0.11,0.04853325696802215,0.07300055007355077,0.02434571273624897,-1.0945424854374761,0.10590604314536063,0.0,0.0004974483163811434,0.0009204409188092534,39.6068229675293,0.3000516891479492,59.358367919921875,1798.7384033203125,47.0,402,111,346,236.0,156.0,329.0,,,103.0,0.0,^3Xen_Crypt,^7autist
8 Xen_Crypt ctf_kothis_v5 2025-09-21_23-41-16.dm_26.dm_meta,786072,00:10:15.322,171183,1385814,MOD_SABER,bad,False,,,,,,,,,,,1.9606825113296509,0.011882924474775791,70.3362045288086,2131.400146484375,41.0,346,0,166,320.0,0.0,206.0,,,11.0,0.0,^3Xen_Crypt,^7lg
8 Xen_Crypt ctf_kothis_v5 2025-09-21_23-41-16.dm_26.dm_meta,836925,00:11:06.175,171183,1385814,MOD_ROCKET_SPLASH,bad,False,0.15,0.15333333333333332,0.07726684680633725,0.18111242741524455,0.05434328690171242,-0.921607190956645,0.13618699073787877,0.0,0.3300058965781881,0.05659879374776127,4.956435203552246,0.15019500255584717,43.46382141113281,1317.08544921875,223.0,448,59,188,275.0,62.0,185.0,,,42.0,0.0,^3Xen_Crypt,^7autist
8 Xen_Crypt ctf_kothis_v5 2025-09-21_23-41-16.dm_26.dm_meta,867483,00:11:36.733,171183,1385814,MOD_REPEATER_ALT_SPLASH,bad,False,0.10333333333333333,0.19333333333333333,0.09684017511055798,0.12289847632604045,0.06525732576847076,-0.8305872196027139,0.15304210912430563,0.2,0.004049540522394984,0.22704633188375942,0.0,0.0,63.377113342285156,1920.5185546875,202.0,124,0,322,308.0,187.0,302.0,,,61.0,0.0,^3Xen_Crypt,^7autist
8 Xen_Crypt ctf_kothis_v5 2025-09-21_23-41-16.dm_26.dm_meta,1042713,00:14:31.963,171183,1385814,MOD_FALLING,bad,False,,,,,,,,,,,0.0,0.0,3.3579814434051514,101.75701141357422,282.0,429,264,403,17.0,0.0,533.0,,,0.0,0.0,^3Xen_Crypt,^7autist
8 Xen_Crypt ctf_kothis_v5 2025-09-21_23-41-16.dm_26.dm_meta,1056639,00:14:45.889,171183,1385814,MOD_FLECHETTE_ALT_SPLASH,bad,False,0.06333333333333334,0.06,0.057088679191917145,0.003429284743908312,0.005496046971529722,-0.9098179473502921,0.15786458559470742,0.0,4.630644475847264e-09,0.28512847503537203,3.6153199672698975,0.03651838377118111,14.669189453125,444.5209045410156,128.0,245,6,367,294.0,55.0,156.0,,,3.0,0.0,^3Xen_Crypt,^7autist
8 Xen_Crypt ctf_kothis_v5 2025-09-21_23-41-16.dm_26.dm_meta,1065978,00:14:55.228,171183,1385814,MOD_ROCKET_SPLASH,bad,False,0.08666666666666667,0.08,0.04453614730083019,0.16779697039018904,0.012213659472763538,-1.1277267873635966,0.104600468256692,0.0,2.82578438804036e-05,0.18225290224229385,3.4801740646362305,0.052729908376932144,9.575662612915039,290.1716003417969,142.0,441,0,444,81.0,23.0,191.0,,,3.0,0.0,^3Xen_Crypt,^7lg
8 Xen_Crypt ctf_kothis_v5 2025-09-21_23-41-16.dm_26.dm_meta,1067529,00:14:56.779,171183,1385814,MOD_ROCKET_SPLASH,bad,False,0.12,0.20666666666666667,0.08407777663395175,0.11229693859905206,0.1584477573633194,-0.8924794325747667,0.13888098424645426,0.0,0.08397101020994062,0.3976208638304281,4.086596488952637,0.024767251685261726,20.416227340698242,618.673583984375,131.0,282,53,355,466.0,219.0,324.0,,,285.0,0.0,^3Xen_Crypt,^7autist
8 Xen_Crypt ctf_kothis_v5 2025-09-21_23-41-16.dm_26.dm_meta,1180191,00:16:49.441,171183,1385814,MOD_BRYAR_PISTOL_ALT,bad,False,0.21,0.24333333333333335,0.30180325190859936,0.04079599521912619,0.0019378868164494634,-0.30855107183433184,0.513833442696869,0.2,9.26787064875065e-21,0.2832472801038375,9.264479637145996,0.1403709053993225,17.859607696533203,541.2002563476562,51.0,114,170,1047,292.0,446.0,757.0,66.0,-20.0,45.0,35.0,^3Xen_Crypt,^7lg
8 Xen_Crypt ctf_kothis_v5 2025-09-21_23-41-16.dm_26.dm_meta,1233057,00:17:42.307,171183,1385814,MOD_SABER,bad,False,,,,,,,,,,,37.61494445800781,0.18997447192668915,37.61494445800781,1139.8468017578125,50.0,219,0,411,324.0,302.0,249.0,,,299.0,11.0,^3Xen_Crypt,^7autist
8 Xen_Crypt ctf_kothis_v5 2025-09-21_23-41-16.dm_26.dm_meta,1295196,00:18:44.446,171183,1385814,MOD_DISRUPTOR_SNIPER,bad,False,0.10333333333333333,0.18666666666666668,0.0399489634425525,0.3148861000892527,0.01130544114857912,-0.9269850243263358,0.08354290131297441,0.2,1.551230846909843e-67,0.6402003404678999,0.0,0.0,0.28009751439094543,8.48780345916748,2023.0,0,0,0,1015.0,279.0,587.0,,,194.0,28.0,^3Xen_Crypt,^7autist
8 Xen_Crypt ctf_kothis_v5 2025-09-21_23-41-16.dm_26.dm_meta,1299915,00:18:49.165,171183,1385814,MOD_REPEATER_ALT_SPLASH,bad,True,0.16333333333333333,0.10666666666666667,0.034122367644839245,0.08898983990048455,0.0016332111554220319,-1.197068464381449,0.08962787699225111,0.4,0.0002376650583551657,5.762692516250585e-07,78.96427154541016,0.29910707473754883,83.27284240722656,2523.41943359375,83.0,408,55,390,68.0,198.0,166.0,,,36.0,0.0,^3Xen_Crypt,^7lg
8 Xen_Crypt ctf_kothis_v5 2025-09-21_23-41-16.dm_26.dm_meta,1306812,00:18:56.062,171183,1385814,MOD_DISRUPTOR,bad,False,0.023333333333333334,0.01,0.011372401695083348,0.0004951986399987205,0.002246665768325329,-1.0934909078413269,0.06273687792894343,0.0,1.019008737206345e-151,2.8742940826402473e-13,0.0,0.0,60.978271484375,1847.826416015625,116.0,103,0,389,315.0,0.0,389.0,,,12.0,0.0,^3Xen_Crypt,^7autist
8 Xen_Crypt ctf_metalorn_v2 2025-09-22_00-31-36.dm_26.dm_meta,108846,00:00:11.686,97593,1041096,MOD_ROCKET_SPLASH,bad,False,0.13666666666666666,0.21333333333333335,0.10145168545689781,0.04511745709933013,0.005374525208026171,-0.8049877985258097,0.15219364421184897,0.4,1.3036340163029257e-05,0.21914432713332915,0.0,0.0,87.43597412109375,2649.574951171875,182.0,305,53,427,591.0,6.0,464.0,,,781.0,687.0,^3Xen_Crypt,^7lg
8 Xen_Crypt ctf_metalorn_v2 2025-09-22_00-31-36.dm_26.dm_meta,114588,00:00:17.428,97593,1041096,MOD_ROCKET_SPLASH,bad,False,0.24666666666666667,0.35,0.0738657927179876,0.12368550243538651,0.08926945179700851,-0.9396489379785207,0.12778932742252905,0.2,1.240443710541002e-06,0.3304079035740584,0.0,0.0,67.98121643066406,2060.036865234375,44.0,176,143,391,264.0,449.0,377.0,,,244.0,12.0,^3Xen_Crypt,^7autist
8 Xen_Crypt ctf_metalorn_v2 2025-09-22_00-31-36.dm_26.dm_meta,151053,00:00:53.893,97593,1041096,MOD_DET_PACK_SPLASH,bad,False,,,,,,,,,,,0.0,0.0,0.0,0.0,518.0,291,26,300,875.0,898.0,520.0,,,1610.0,90.0,^3Xen_Crypt,^7lg
8 Xen_Crypt ctf_metalorn_v2 2025-09-22_00-31-36.dm_26.dm_meta,159831,00:01:02.671,97593,1041096,MOD_ROCKET_SPLASH,bad,False,0.14333333333333334,0.16666666666666666,0.11040499866663157,0.2548045239748763,0.01344221644103527,-0.7837370729512902,0.1686511154268249,0.2,1.1019355458910716e-08,0.366895956737176,2.5092217922210693,0.07603702694177628,16.18357276916504,490.4112854003906,345.0,353,115,462,330.0,62.0,402.0,,,72.0,2.0,^3Xen_Crypt,^7autist
8 Xen_Crypt ctf_metalorn_v2 2025-09-22_00-31-36.dm_26.dm_meta,173130,00:01:15.970,97593,1041096,MOD_REPEATER_ALT_SPLASH,bad,False,0.14666666666666667,0.21,0.05298642634412112,0.13210331151227703,0.22284561395645142,-1.065115565400311,0.11287940331808455,0.4,0.0003098356884101456,0.2512522800880306,0.0,0.0,36.55955505371094,1107.8653564453125,75.0,100,37,403,227.0,50.0,264.0,,,106.0,42.0,^3Xen_Crypt,^7lg
8 Xen_Crypt ctf_metalorn_v2 2025-09-22_00-31-36.dm_26.dm_meta,191808,00:01:34.648,97593,1041096,MOD_ROCKET_SPLASH,bad,False,0.13666666666666666,0.15666666666666668,0.0530172450873155,0.1489021167243879,0.02462548203766346,-1.0592872933933566,0.11144354309524422,0.0,0.00023659590604401418,0.18209084761086305,9.171724319458008,0.09264367818832397,53.761077880859375,1629.12353515625,120.0,533,64,539,229.0,268.0,271.0,,,165.0,0.0,^3Xen_Crypt,^7lg
8 Xen_Crypt ctf_metalorn_v2 2025-09-22_00-31-36.dm_26.dm_meta,209661,00:01:52.501,97593,1041096,MOD_REPEATER_ALT_SPLASH,bad,False,0.17,0.18666666666666668,0.1394810328766962,0.14339758838810435,0.01881677471101284,-0.6805273641483304,0.19269346294443104,0.0,0.12261683891843525,0.441149615213439,0.0,0.0,0.6200222373008728,18.78855323791504,479.0,446,16,484,346.0,123.0,365.0,,,231.0,66.0,^3Xen_Crypt,^7autist
8 Xen_Crypt ctf_metalorn_v2 2025-09-22_00-31-36.dm_26.dm_meta,238734,00:02:21.574,97593,1041096,MOD_ROCKET,bad,False,0.06,0.12666666666666668,0.09438684524436498,0.016924842831575693,0.0014620368601754308,-0.8120100772563077,0.15294759443703979,0.6,5.260610184123124e-05,0.041931656550326234,45.862953186035156,0.17372331023216248,45.862953186035156,1389.7864990234375,164.0,561,25,498,466.0,34.0,484.0,99.0,24.0,708.0,491.0,^3Xen_Crypt,^7lg
8 Xen_Crypt ctf_metalorn_v2 2025-09-22_00-31-36.dm_26.dm_meta,249393,00:02:32.233,97593,1041096,MOD_ROCKET,bad,True,0.1,0.08333333333333333,0.005985586451297583,0.009585207715467484,0.010589567013084888,-1.794673542990336,0.039562328343091625,0.0,1.0071004981140679e-31,0.06726162898661144,20.64665412902832,0.2085520625114441,39.4500846862793,1195.4571533203125,38.0,462,1143,346,93.0,399.0,340.0,,,18.0,0.0,^3Xen_Crypt,^7autist
8 Xen_Crypt ctf_metalorn_v2 2025-09-22_00-31-36.dm_26.dm_meta,264210,00:02:47.050,97593,1041096,MOD_REPEATER_ALT_SPLASH,bad,False,0.07333333333333333,0.11666666666666667,0.15798156882991013,0.09036670277687453,0.005440451670438051,-0.6402183622802564,0.19973745160799927,0.0,8.219119203840597e-06,0.4745533090152299,3.6426801681518555,0.02207684889435768,23.825103759765625,721.9728393554688,290.0,314,0,549,532.0,38.0,606.0,,,78.0,0.0,^3Xen_Crypt,^7autist
8 Xen_Crypt ctf_metalorn_v2 2025-09-22_00-31-36.dm_26.dm_meta,320277,00:03:43.117,97593,1041096,MOD_BRYAR_PISTOL_ALT,bad,False,0.4266666666666667,0.55,0.2420391262855269,0.13144854531021363,0.24612677097320557,-0.4395899253133073,0.5115367945240231,0.4,0.988698684426323,0.9278365254094196,0.0,0.0,1.3897705078125,42.1142578125,433.0,679,338,631,887.0,60.0,624.0,429.0,-8.0,53.0,0.0,^3Xen_Crypt,^7lg
8 Xen_Crypt ctf_metalorn_v2 2025-09-22_00-31-36.dm_26.dm_meta,324732,00:03:47.572,97593,1041096,MOD_ROCKET_SPLASH,bad,True,0.21333333333333335,0.24,0.05464231907013671,0.10438292940651092,0.4051443934440613,-1.068691633744955,0.11782921154107485,0.4,0.001121286526259419,4.819957233751621e-06,15.205022811889648,0.4607582688331604,93.67657470703125,2838.68408203125,42.0,327,88,253,440.0,132.0,320.0,,,169.0,0.0,^3Xen_Crypt,^7autist
8 Xen_Crypt ctf_metalorn_v2 2025-09-22_00-31-36.dm_26.dm_meta,382515,00:04:45.355,97593,1041096,MOD_REPEATER,bad,False,,,,,,,,,,,5.375450611114502,0.0325784869492054,27.116878509521484,821.7235717773438,52.0,47,14,460,455.0,12.0,551.0,,,20.0,0.0,^3Xen_Crypt,^7lg
8 Xen_Crypt ctf_metalorn_v2 2025-09-22_00-31-36.dm_26.dm_meta,388587,00:04:51.427,97593,1041096,MOD_DET_PACK_SPLASH,bad,False,,,,,,,,,,,0.0,0.0,0.41414231061935425,12.54976749420166,108.0,519,11,433,1063.0,766.0,448.0,,,132.0,8.0,^3Xen_Crypt,^7autist
8 Xen_Crypt ctf_metalorn_v2 2025-09-22_00-31-36.dm_26.dm_meta,547218,00:05:28.024,97593,1041096,MOD_DET_PACK_SPLASH,bad,False,,,,,,,,,,,0.0,0.0,5.447892189025879,165.087646484375,131.0,0,0,437,525.0,227.0,585.0,,,1285.0,1052.0,^3Xen_Crypt,^7lg
8 Xen_Crypt ctf_metalorn_v2 2025-09-22_00-31-36.dm_26.dm_meta,565533,00:05:46.339,97593,1041096,MOD_REPEATER_ALT_SPLASH,bad,True,0.21333333333333335,0.13,0.09009007555968018,0.1014231293153149,0.0020838144700974226,-0.8447642668518955,0.14989753827765248,0.0,2.3062705012719276e-05,0.025735838585679478,1.7754735946655273,0.05380222946405411,159.59046936035156,4836.07470703125,188.0,385,0,581,525.0,96.0,337.0,,,159.0,0.0,^3Xen_Crypt,^7lg
8 Xen_Crypt ctf_metalorn_v2 2025-09-22_00-31-36.dm_26.dm_meta,593253,00:06:14.059,97593,1041096,MOD_REPEATER_ALT_SPLASH,bad,False,0.08666666666666667,0.15666666666666668,0.06977647075155469,0.06280187503203567,0.002819354645907879,-0.9654214418655322,0.13083103916901187,0.0,4.801924801183688e-08,0.06161696648624895,25.079545974731445,0.18999655544757843,25.44345474243164,771.0137939453125,124.0,382,20,428,593.0,55.0,298.0,,,144.0,0.0,^3Xen_Crypt,^7autist
8 Xen_Crypt ctf_metalorn_v2 2025-09-22_00-31-36.dm_26.dm_meta,659748,00:07:20.554,97593,1041096,MOD_ROCKET_SPLASH,bad,False,0.17333333333333334,0.3,0.08540730414352651,0.09198589413883719,0.008612750098109245,-0.893098212760062,0.13610770824951643,0.6,0.0001842248115444363,0.42494886377277263,0.0,0.0,6.705630302429199,203.20091247558594,72.0,637,273,560,447.0,101.0,538.0,,,133.0,0.0,^3Xen_Crypt,^7autist
8 Xen_Crypt ctf_metalorn_v2 2025-09-22_00-31-36.dm_26.dm_meta,666612,00:07:27.418,97593,1041096,MOD_BRYAR_PISTOL_ALT,bad,False,0.15,0.16666666666666666,0.2026057256631304,0.03137357005128637,0.005092992912977934,-0.46645656757443477,0.4635881489353504,0.0,1.6858993327894903e-09,0.18713577562501726,13.122828483581543,0.0994153693318367,15.242198944091797,461.88482666015625,95.0,450,0,441,723.0,240.0,448.0,66.0,-4.0,589.0,40.0,^3Xen_Crypt,^7lg
8 Xen_Crypt ctf_metalorn_v2 2025-09-22_00-31-36.dm_26.dm_meta,701790,00:08:02.596,97593,1041096,MOD_FLECHETTE_ALT_SPLASH,bad,False,0.29333333333333333,0.2633333333333333,0.2865082386219508,0.011471215039658419,0.02452818676829338,-0.3910113400564307,0.16456852869487718,0.2,1.6646234392064411e-13,0.9266674438654436,4.755475044250488,0.02401755005121231,80.13008117675781,2428.184326171875,209.0,121,0,307,615.0,516.0,490.0,,,753.0,588.0,^3Xen_Crypt,^7lg
8 Xen_Crypt ctf_metalorn_v2 2025-09-22_00-31-36.dm_26.dm_meta,760827,00:09:01.633,97593,1041096,MOD_ROCKET_SPLASH,bad,False,0.17,0.22333333333333333,0.1856162787701182,0.1342873598315223,0.012485448271036148,-0.568426842426989,0.20923629818605294,0.2,7.194354347420094e-07,0.567877972531608,0.900141716003418,0.02727702260017395,37.95911407470703,1150.2762451171875,329.0,418,265,438,636.0,256.0,569.0,,,366.0,0.0,^3Xen_Crypt,^7lg
8 Xen_Crypt ctf_metalorn_v2 2025-09-22_00-31-36.dm_26.dm_meta,834813,00:10:15.619,97593,1041096,MOD_ROCKET,bad,False,0.08333333333333333,0.18,0.12349240928377297,0.020415975870723007,0.0032409748528152704,-0.7256084584629086,0.1588389147770902,0.4,2.700157708342578e-25,0.06189631353565779,39.919925689697266,0.1728135347366333,51.81109619140625,1570.033203125,165.0,343,5,76,497.0,857.0,557.0,132.0,0.0,418.0,363.0,^3Xen_Crypt,^7Bobo Fett
8 Xen_Crypt ctf_metalorn_v2 2025-09-22_00-31-36.dm_26.dm_meta,847947,00:10:28.753,97593,1041096,MOD_FLECHETTE_ALT_SPLASH,bad,True,0.17333333333333334,0.19666666666666666,0.15317852332518928,0.008417099483792352,0.03308651223778725,-0.5763397692457185,0.16167632317992492,0.2,0.00012032466924631728,0.6340480487759147,4.794399738311768,0.07264242321252823,59.08689880371094,1790.5120849609375,367.0,550,0,665,700.0,1108.0,565.0,,,489.0,50.0,^3Xen_Crypt,^7lg
8 Xen_Crypt ctf_metalorn_v2 2025-09-22_00-31-36.dm_26.dm_meta,866790,00:10:47.596,97593,1041096,MOD_ROCKET_SPLASH,bad,False,0.18666666666666668,0.21666666666666667,0.0831630746443914,0.0784661292916541,0.05989913269877434,-0.8865666660522373,0.13433343528591823,0.2,1.9129178183765514e-06,0.030809766213319885,33.06917953491211,0.20041927695274353,91.12740325927734,2761.4365234375,107.0,264,437,370,354.0,294.0,506.0,,,283.0,0.0,^3Xen_Crypt,^7lg
8 Xen_Crypt ctf_metalorn_v2 2025-09-22_00-31-36.dm_26.dm_meta,931998,00:11:52.804,97593,1041096,MOD_ROCKET_SPLASH,bad,False,0.25666666666666665,0.21,0.10139423829753727,0.11333636727089272,0.14879247546195984,-0.8146608329972878,0.15326243635426898,0.4,0.04091878980797563,0.001622138582572144,16.7503719329834,0.25379350781440735,120.60094451904297,3654.573974609375,118.0,203,137,46,537.0,136.0,304.0,,,211.0,0.0,^3Xen_Crypt,^7lg
8 Xen_Crypt ctf_metalorn_v2 2025-09-22_00-31-36.dm_26.dm_meta,966978,00:12:27.784,97593,1041096,MOD_DET_PACK_SPLASH,bad,False,,,,,,,,,,,0.0,0.0,0.0,0.0,,0,0,0,,,,,,,,^3Xen_Crypt,^7lg
8 Xen_Crypt mpctf_corellia 2025-09-22_00-06-24.dm_26.dm_meta,130622,00:00:26.767,104288,1318919,MOD_ROCKET,bad,True,0.06666666666666667,0.12,0.17579231905914094,0.04103714546671995,0.032322272658348083,-0.6347862128255177,0.16863512269802974,0.2,6.967683605880071e-17,5.701225809519706e-10,21.274738311767578,0.6446890234947205,115.19388580322266,3490.723876953125,128.0,334,280,255,566.0,481.0,491.0,66.0,74.0,958.0,237.0,^3Xen_Crypt,^7enab
8 Xen_Crypt mpctf_corellia 2025-09-22_00-06-24.dm_26.dm_meta,185501,00:01:21.646,104288,1318919,MOD_REPEATER_ALT_SPLASH,bad,False,0.09333333333333334,0.06333333333333334,0.10434708104816443,0.12939952644010091,0.013186064548790455,-0.8086250173783291,0.16080739126561694,0.0,0.02432336361843043,0.4033824861438145,0.0,0.0,5.619882583618164,170.29946899414062,241.0,326,0,494,352.0,49.0,450.0,,,55.0,0.0,^3Xen_Crypt,^7enab
8 Xen_Crypt mpctf_corellia 2025-09-22_00-06-24.dm_26.dm_meta,198734,00:01:34.879,104288,1318919,MOD_REPEATER_ALT_SPLASH,bad,False,0.09333333333333334,0.05,0.1442436300220205,0.18702903203217677,0.04700509086251259,-0.6729935967744956,0.1862174295055772,0.0,2.316391907665087e-09,0.4212275722437248,0.0,0.0,21.034486770629883,637.40869140625,298.0,435,0,371,322.0,61.0,501.0,,,58.0,0.0,^3Xen_Crypt,^7flor
8 Xen_Crypt mpctf_corellia 2025-09-22_00-06-24.dm_26.dm_meta,212132,00:01:48.277,104288,1318919,MOD_REPEATER_ALT_SPLASH,bad,False,0.056666666666666664,0.15666666666666668,0.08832333172441288,0.09064861006852198,0.003012568224221468,-0.8663393975703648,0.13933666589854202,0.4,1.1481061131302317e-05,0.4102870927796644,0.0,0.0,42.11813735961914,1276.3072509765625,171.0,570,283,542,264.0,152.0,549.0,,,375.0,254.0,^3Xen_Crypt,^7flor
8 Xen_Crypt mpctf_corellia 2025-09-22_00-06-24.dm_26.dm_meta,268199,00:02:44.344,104288,1318919,MOD_REPEATER_ALT_SPLASH,bad,False,0.21666666666666667,0.19666666666666666,0.24024053931326497,0.17489637956105117,0.06898863613605499,-0.4537335498709508,0.2512835771946968,0.2,1.4655169989834078e-05,0.5430421696577302,0.9292381405830383,0.014079365879297256,4.394328594207764,133.16146850585938,458.0,221,0,354,460.0,41.0,618.0,,,88.0,3.0,^3Xen_Crypt,^7flor
8 Xen_Crypt mpctf_corellia 2025-09-22_00-06-24.dm_26.dm_meta,294764,00:03:10.909,104288,1318919,MOD_REPEATER_ALT_SPLASH,bad,False,0.22666666666666666,0.16,0.15365410176931407,0.225461702514887,0.0790054127573967,-0.6485570679207935,0.18341119458768632,0.2,0.02919081058042926,0.2362758256865316,0.0,0.0,71.23210906982422,2158.548828125,162.0,330,97,192,618.0,61.0,433.0,,,123.0,19.0,^3Xen_Crypt,^7flor
8 Xen_Crypt mpctf_corellia 2025-09-22_00-06-24.dm_26.dm_meta,301661,00:03:17.806,104288,1318919,MOD_CONC,bad,False,,,,,,,,,,,1.474717617034912,0.04468841105699539,16.33589744567871,495.0271911621094,321.0,261,0,201,659.0,90.0,439.0,99.0,-5.0,44.0,7.0,^3Xen_Crypt,^7enab
8 Xen_Crypt mpctf_corellia 2025-09-22_00-06-24.dm_26.dm_meta,326147,00:03:42.292,104288,1318919,MOD_CONC,bad,False,,,,,,,,,,,0.6006417870521545,0.01820126548409462,21.008995056152344,636.63623046875,251.0,0,0,100,405.0,367.0,216.0,66.0,-11.0,58.0,33.0,^3Xen_Crypt,^7flor
8 Xen_Crypt mpctf_corellia 2025-09-22_00-06-24.dm_26.dm_meta,335849,00:03:51.994,104288,1318919,MOD_BRYAR_PISTOL_ALT,bad,False,0.33666666666666667,0.4033333333333333,0.31065361245550255,0.17353144321211056,0.06887762993574142,-0.289537627062435,0.49723957521853396,0.6,3.649162718146887e-08,0.9140819149319521,0.0,0.0,2.5186381340026855,76.3223648071289,288.0,441,0,404,813.0,7.0,601.0,198.0,-1.0,41.0,0.0,^3Xen_Crypt,^7enab
8 Xen_Crypt mpctf_corellia 2025-09-22_00-06-24.dm_26.dm_meta,359147,00:04:15.292,104288,1318919,MOD_BRYAR_PISTOL_ALT,bad,False,0.15666666666666668,0.20333333333333334,0.06445176134626901,0.020862524765072575,0.004019550513476133,-1.0372382234877917,0.5574054257412778,0.0,2.0877798037652987e-26,0.7420381401076452,2.2735660076141357,0.011482656933367252,26.49428939819336,802.8572387695312,261.0,139,329,314,985.0,79.0,389.0,132.0,-8.0,52.0,0.0,^3Xen_Crypt,^7flor
8 Xen_Crypt mpctf_corellia 2025-09-22_00-06-24.dm_26.dm_meta,373832,00:04:29.977,104288,1318919,MOD_CONC,bad,False,,,,,,,,,,,0.17196322977542877,0.005211006850004196,30.71170997619629,930.6578979492188,427.0,531,89,500,1123.0,402.0,729.0,132.0,-10.0,121.0,4.0,^3Xen_Crypt,^7flor
8 Xen_Crypt mpctf_corellia 2025-09-22_00-06-24.dm_26.dm_meta,378320,00:04:34.465,104288,1318919,MOD_ROCKET_SPLASH,bad,False,0.18,0.19333333333333333,0.1634041794281855,0.1525415937056514,0.05106048285961151,-0.639133898724349,0.18607781215566033,0.2,0.008441480912664287,0.4523747744534094,0.0,0.0,10.925406455993652,331.07293701171875,80.0,182,122,173,670.0,353.0,541.0,,,308.0,31.0,^3Xen_Crypt,^7enab
8 Xen_Crypt mpctf_corellia 2025-09-22_00-06-24.dm_26.dm_meta,392741,00:04:48.886,104288,1318919,MOD_BRYAR_PISTOL_ALT,bad,False,0.12,0.20666666666666667,0.2878671677305754,0.05656319292643634,0.006194721907377243,-0.34311778708401386,0.4757257135138209,0.2,3.633883888099945e-21,0.9067818814681987,1.6936414241790771,0.051322467625141144,15.948336601257324,483.2829284667969,156.0,521,16,554,797.0,95.0,615.0,99.0,-12.0,54.0,8.0,^3Xen_Crypt,^7flor
8 Xen_Crypt mpctf_corellia 2025-09-22_00-06-24.dm_26.dm_meta,432968,00:05:29.113,104288,1318919,MOD_FLECHETTE_ALT_SPLASH,bad,False,0.05,0.11333333333333333,0.14667687378570685,0.0017412833482890054,0.009498486295342445,-0.6904455477125029,0.16745542654868006,0.2,4.5092395425016096e-11,0.31905122700977584,0.0,0.0,13.967253684997559,423.2501220703125,39.0,510,38,265,605.0,345.0,589.0,,,65.0,16.0,^3Xen_Crypt,^7enab
8 Xen_Crypt mpctf_corellia 2025-09-22_00-06-24.dm_26.dm_meta,465341,00:06:01.486,104288,1318919,MOD_FLECHETTE_ALT_SPLASH,bad,False,0.09666666666666666,0.18,0.10116948899240195,0.006246635523288582,0.0668952465057373,-0.7413751303138326,0.15785100147357592,0.2,0.0016225507792278794,0.38960387027150395,0.0,0.0,29.624805450439453,897.7213745117188,76.0,310,18,401,439.0,446.0,291.0,,,37.0,14.0,^3Xen_Crypt,^7flor
8 Xen_Crypt mpctf_corellia 2025-09-22_00-06-24.dm_26.dm_meta,501047,00:06:37.192,104288,1318919,MOD_REPEATER_ALT_SPLASH,bad,False,0.11666666666666667,0.11,0.1521061597108566,0.1579693162470598,0.04421209543943405,-0.6645409861003612,0.1860268552674388,0.2,1.4387625373577068e-09,0.4455602393821749,1.8907101154327393,0.028647122904658318,2.9282894134521484,88.73604583740234,182.0,450,0,289,580.0,104.0,491.0,,,45.0,11.0,^3Xen_Crypt,^7enab
8 Xen_Crypt mpctf_corellia 2025-09-22_00-06-24.dm_26.dm_meta,505205,00:06:41.350,104288,1318919,MOD_REPEATER_ALT_SPLASH,bad,True,0.165,0.09333333333333334,0.043000907534294384,0.054543471790164944,0.0039162966422736645,-1.1178681482354753,0.0947033596879741,0.0,1.58653965966638e-16,0.16831607865246853,0.0,0.0,144.0269317626953,4364.45263671875,183.0,255,941,600,82.0,193.0,384.0,,,879.0,870.0,^3Xen_Crypt,^7flor
8 Xen_Crypt mpctf_corellia 2025-09-22_00-06-24.dm_26.dm_meta,527183,00:07:03.328,104288,1318919,MOD_SABER,bad,True,,,,,,,,,,,21.01795768737793,0.6369078159332275,39.22188949584961,1188.5421142578125,36.0,396,0,242,296.0,0.0,156.0,,,6.0,0.0,^3Xen_Crypt,^2h^0annah ^2(^0retired^2)
8 Xen_Crypt mpctf_corellia 2025-09-22_00-06-24.dm_26.dm_meta,537083,00:07:13.228,104288,1318919,MOD_ROCKET_SPLASH,bad,False,0.18333333333333332,0.2,0.09081041946510927,0.12502757625139188,0.1336454302072525,-0.8549137616891382,0.1432539570246459,0.2,0.0786312116938872,0.23077593832297297,0.0,0.0,44.8502082824707,1359.09716796875,193.0,503,105,314,405.0,53.0,271.0,,,127.0,16.0,^3Xen_Crypt,^7flor
8 Xen_Crypt mpctf_corellia 2025-09-22_00-06-24.dm_26.dm_meta,547577,00:07:23.722,104288,1318919,MOD_SABER,bad,True,,,,,,,,,,,42.7517204284668,0.32387667894363403,90.75086975097656,2750.0263671875,32.0,133,68,113,111.0,29.0,355.0,,,1.0,0.0,^3Xen_Crypt,^7enab
8 Xen_Crypt mpctf_corellia 2025-09-22_00-06-24.dm_26.dm_meta,600278,00:08:16.423,104288,1318919,MOD_REPEATER_ALT,bad,False,0.08,0.06333333333333334,0.010978617366251291,0.05547934553153987,0.019433680921792984,-1.4341966932596417,0.06175350141073732,0.0,9.669944512246381e-11,0.25170522978925325,2.0988919734954834,0.06360279023647308,36.33572006225586,1101.0823974609375,72.0,387,69,161,210.0,150.0,381.0,33.0,-27.0,4.0,0.0,^3Xen_Crypt,^7flor
8 Xen_Crypt mpctf_corellia 2025-09-22_00-06-24.dm_26.dm_meta,601994,00:08:18.139,104288,1318919,MOD_DISRUPTOR,bad,False,0.08,0.06666666666666667,0.030504121369186364,0.00020063108851843558,0.0032215348910540342,-0.8699451002917523,0.06385271234067758,0.0,7.5754450034991e-12,0.28816986335092337,3.042340040206909,0.023048030212521553,5.234339714050293,158.61634826660156,656.0,47,0,181,276.0,26.0,315.0,,,35.0,0.0,^3Xen_Crypt,^7enab
8 Xen_Crypt mpctf_corellia 2025-09-22_00-06-24.dm_26.dm_meta,636908,00:08:53.053,104288,1318919,MOD_FLECHETTE_ALT_SPLASH,bad,False,0.09,0.19333333333333333,0.08983834325296415,0.003432799118636382,0.02169717662036419,-0.8031373121201146,0.15923126503936466,0.4,7.443792676665826e-09,0.2580700439308851,0.0,0.0,39.03901290893555,1183.0003662109375,54.0,515,8,280,257.0,31.0,351.0,,,28.0,7.0,^3Xen_Crypt,^7flor
8 Xen_Crypt mpctf_corellia 2025-09-22_00-06-24.dm_26.dm_meta,647831,00:09:03.976,104288,1318919,MOD_DISRUPTOR_SNIPER,bad,False,0.02,0.013333333333333334,0.04260941968634031,0.1326514212169851,0.01091228611767292,-0.8790262447990271,0.08014038114860088,0.0,8.298062237256854e-67,0.0006542571006845184,1.043556571006775,0.03162292763590813,37.89319610595703,1148.2786865234375,365.0,0,0,0,312.0,40.0,354.0,,,7.0,0.0,^3Xen_Crypt,^2h^0annah ^2(^0retired^2)
8 Xen_Crypt mpctf_corellia 2025-09-22_00-06-24.dm_26.dm_meta,655322,00:09:11.467,104288,1318919,MOD_BRYAR_PISTOL_ALT,bad,False,0.2966666666666667,0.30666666666666664,0.18157532492260062,0.1284929329379584,0.06756323575973511,-0.52958363207024,0.5775074574265605,0.6,2.071805458401623e-18,0.39513957454309623,9.132951736450195,0.06918902695178986,30.463489532470703,923.1360473632812,287.0,107,509,566,623.0,60.0,527.0,132.0,16.0,127.0,0.0,^3Xen_Crypt,^7enab
8 Xen_Crypt mpctf_corellia 2025-09-22_00-06-24.dm_26.dm_meta,710465,00:10:06.610,104288,1318919,MOD_ROCKET_SPLASH,bad,False,0.11666666666666667,0.16666666666666666,0.06921172645969086,0.0754405774478645,0.0034839953295886517,-0.9802610352562828,0.12327404434892619,0.0,8.328099804312267e-07,0.04100043269154671,6.651230335235596,0.20155243575572968,26.721515655517578,809.742919921875,49.0,457,171,159,453.0,138.0,243.0,,,50.0,13.0,^3Xen_Crypt,^7enab
8 Xen_Crypt mpctf_corellia 2025-09-22_00-06-24.dm_26.dm_meta,745346,00:10:41.491,104288,1318919,MOD_DET_PACK_SPLASH,bad,False,,,,,,,,,,,0.0,0.0,5.650543689727783,171.2285919189453,85.0,479,15,476,762.0,466.0,331.0,,,840.0,194.0,^3Xen_Crypt,^7flor
8 Xen_Crypt mpctf_corellia 2025-09-22_00-06-24.dm_26.dm_meta,770492,00:11:06.637,104288,1318919,MOD_CONC,bad,False,,,,,,,,,,,6.879639148712158,0.026059240102767944,42.34637451171875,1283.2235107421875,397.0,105,287,188,762.0,353.0,448.0,99.0,32.0,101.0,36.0,^3Xen_Crypt,^7flor
8 Xen_Crypt mpctf_corellia 2025-09-22_00-06-24.dm_26.dm_meta,783527,00:11:19.672,104288,1318919,MOD_CONC,bad,False,,,,,,,,,,,5.730278491973877,0.1736447960138321,5.730278491973877,173.64480590820312,139.0,42,24,300,288.0,80.0,327.0,33.0,-17.0,4.0,0.0,^3Xen_Crypt,^7flor
8 Xen_Crypt mpctf_corellia 2025-09-22_00-06-24.dm_26.dm_meta,822995,00:11:59.140,104288,1318919,MOD_CONC,bad,False,,,,,,,,,,,1.3927960395812988,0.042205940932035446,4.880938529968262,147.9072265625,154.0,266,12,252,283.0,103.0,175.0,,,120.0,19.0,^3Xen_Crypt,^7flor
8 Xen_Crypt mpctf_corellia 2025-09-22_00-06-24.dm_26.dm_meta,840716,00:12:16.861,104288,1318919,MOD_CONC,bad,False,,,,,,,,,,,1.2086583375930786,0.018313005566596985,11.822208404541016,358.2487487792969,543.0,490,75,464,363.0,105.0,250.0,,,133.0,22.0,^3Xen_Crypt,^7flor
8 Xen_Crypt mpctf_corellia 2025-09-22_00-06-24.dm_26.dm_meta,843488,00:12:19.633,104288,1318919,MOD_ROCKET_SPLASH,bad,False,0.07833333333333334,0.06666666666666667,0.09678200520923635,0.11024009047196148,0.006283033173531294,-0.8279173598884725,0.15774127763381965,0.0,0.23611221821042377,0.21198549772769842,0.076904296875,0.0023304333444684744,4.3346076011657715,131.35174560546875,396.0,306,87,310,149.0,48.0,214.0,,,20.0,0.0,^3Xen_Crypt,^7enab
8 Xen_Crypt mpctf_corellia 2025-09-22_00-06-24.dm_26.dm_meta,855566,00:12:31.711,104288,1318919,MOD_ROCKET_SPLASH,bad,False,0.15666666666666668,0.24333333333333335,0.09815459544378334,0.17342222715734235,0.23092761635780334,-0.8334918395264639,0.14701255217306475,0.2,9.747274519762121e-08,0.27947716241166515,2.9435365200042725,0.08919807523488998,35.080421447753906,1063.0430908203125,110.0,385,90,188,504.0,326.0,349.0,,,456.0,18.0,^3Xen_Crypt,^7flor
8 Xen_Crypt mpctf_corellia 2025-09-22_00-06-24.dm_26.dm_meta,903284,00:13:19.429,104288,1318919,MOD_DISRUPTOR,bad,False,0.05333333333333334,0.05333333333333334,0.02134814936766977,0.0004951986399987205,0.013708192855119705,-0.9871433624924001,0.06311792620769244,0.0,1.8703989657391172e-109,0.07164831341001492,0.0,0.0,30.233612060546875,916.1700439453125,228.0,253,0,281,622.0,59.0,456.0,,,367.0,114.0,^3Xen_Crypt,^7flor
8 Xen_Crypt mpctf_corellia 2025-09-22_00-06-24.dm_26.dm_meta,909455,00:13:25.600,104288,1318919,MOD_DISRUPTOR,bad,False,0.06666666666666667,0.04,0.02123116372989859,0.0001660209273184235,0.00932618509978056,-0.9952437570239394,0.06315383531611192,0.0,5.6017752068419756e-45,1.6684944898202536e-11,6.113775253295898,0.092632956802845,8.457777976989746,256.2962951660156,363.0,250,0,443,464.0,454.0,379.0,,,129.0,89.0,^3Xen_Crypt,^2h^0annah ^2(^0retired^2)
8 Xen_Crypt mpctf_corellia 2025-09-22_00-06-24.dm_26.dm_meta,1085741,00:16:21.886,104288,1318919,MOD_CONC,bad,False,,,,,,,,,,,0.0,0.0,4.389519214630127,133.01573181152344,237.0,261,0,249,259.0,4.0,8.0,66.0,0.0,5.0,1.0,^3Xen_Crypt,^2h^0annah ^2(^0retired^2)
8 Xen_Crypt mpctf_corellia 2025-09-22_00-06-24.dm_26.dm_meta,1128443,00:17:04.588,104288,1318919,MOD_DET_PACK_SPLASH,bad,False,,,,,,,,,,,0.0,0.0,0.0,0.0,92.0,492,72,472,1158.0,111.0,914.0,,,652.0,41.0,^3Xen_Crypt,^7flor
8 Xen_Crypt mpctf_corellia 2025-09-22_00-06-24.dm_26.dm_meta,1133822,00:17:09.967,104288,1318919,MOD_FALLING,bad,False,,,,,,,,,,,0.0,0.0,0.0,0.0,223.0,424,339,501,972.0,0.0,670.0,,,84.0,0.0,^3Xen_Crypt,^7flor
8 Xen_Crypt mpctf_corellia 2025-09-22_00-06-24.dm_26.dm_meta,1203551,00:18:19.696,104288,1318919,MOD_ROCKET,bad,False,0.08333333333333333,0.11333333333333333,0.055533693875700355,0.017811635045511885,0.00023159608826972544,-1.0374354089397118,0.10406820622234285,0.0,2.7550828312168245e-11,0.05426240997904515,12.961977005004883,0.19639359414577484,70.97986602783203,2150.905029296875,166.0,583,199,650,151.0,282.0,350.0,198.0,34.0,200.0,159.0,^3Xen_Crypt,^7flor
8 Xen_Crypt mpctf_corellia 2025-09-22_00-06-24.dm_26.dm_meta,1209953,00:18:26.098,104288,1318919,MOD_ROCKET_SPLASH,bad,False,0.17666666666666667,0.17,0.09879647744578235,0.1413256709545128,0.042224712669849396,-0.8400473802562249,0.156147727417964,0.4,0.0009438987866909782,0.3341676435791186,2.2687366008758545,0.06874959170818329,3.035115957260132,91.97321319580078,213.0,445,0,670,432.0,443.0,435.0,,,37.0,0.0,^3Xen_Crypt,^7Bobo Fett
8 Xen_Crypt mpctf_corellia 2025-09-22_00-06-24.dm_26.dm_meta,1270475,00:19:26.620,104288,1318919,MOD_ROCKET_SPLASH,bad,True,0.15,0.14333333333333334,0.03450543772663227,0.04872410965280427,0.03661246597766876,-1.2089992768654307,0.09684644875565096,0.2,1.1874597102191201e-14,1.270705014388915e-06,57.60478973388672,0.2909332811832428,57.60478973388672,1745.5997314453125,67.0,738,103,1213,571.0,334.0,551.0,,,583.0,40.0,^3Xen_Crypt,^7flor
8 Xen_Crypt mpctf_corellia 2025-09-22_00-06-24.dm_26.dm_meta,1281761,00:19:37.906,104288,1318919,MOD_FLECHETTE_ALT_SPLASH,bad,True,0.22333333333333333,0.2,0.12290131918427119,0.01452263636368895,0.03228047862648964,-0.5496246544110722,0.14308913985265834,0.2,8.449260065944585e-25,0.6898374819300481,0.7295781970024109,0.005527107510715723,154.00465393066406,4666.8076171875,371.0,556,0,832,302.0,132.0,233.0,,,6.0,0.0,^3Xen_Crypt,^7enab
8 Xen_Crypt mpctf_corellia 2025-09-22_00-06-24.dm_26.dm_meta,1282421,00:19:38.566,104288,1318919,MOD_FLECHETTE_ALT_SPLASH,bad,False,0.11,0.07333333333333333,0.06274849845514795,0.003353921687199018,0.0044093322940170765,-0.8975267772531931,0.1576390369712578,0.2,0.6877685293778809,0.3851405342288603,0.0,0.0,2.7202255725860596,82.43107604980469,199.0,377,2,455,404.0,1.0,357.0,,,12.0,0.0,^3Xen_Crypt,^7flor
8 Xen_Crypt mpctf_kejim 2025-07-26_21-28-15.dm_26.dm_meta,127359,00:00:13.303,114489,1379676,MOD_ROCKET_SPLASH,bad,True,0.13666666666666666,0.19,0.09886662306701109,0.09335985812916547,0.05201536789536476,-0.8294128210859271,0.16461812379041965,0.0,0.9999990872308919,0.0023419007765502755,21.818496704101562,0.33058327436447144,23.184032440185547,702.5464477539062,353.0,252,0,283,573.0,130.0,302.0,,,507.0,152.0,^3Xen_Crypt,^7tmacfan
8 Xen_Crypt mpctf_kejim 2025-07-26_21-28-15.dm_26.dm_meta,130263,00:00:16.207,114489,1379676,MOD_ROCKET_SPLASH,bad,False,0.13333333333333333,0.19666666666666666,0.12089874091923164,0.1291330223425007,0.32025760412216187,-0.7488534926962479,0.16845750766294668,0.0,0.0009824080349678276,0.5155216142488495,0.0,0.0,15.134361267089844,458.61700439453125,203.0,245,0,387,501.0,285.0,465.0,,,432.0,17.0,^3Xen_Crypt,^7Jak of the Shadows
8 Xen_Crypt mpctf_kejim 2025-07-26_21-28-15.dm_26.dm_meta,178212,00:01:04.156,114489,1379676,MOD_ROCKET_SPLASH,bad,False,0.24,0.18,0.15833234173839444,0.2216827099504649,0.09242595732212067,-0.6420907770272537,0.19193348104170327,0.2,0.05590833909091916,0.5396131119482679,0.0,0.0,30.641321182250977,928.52490234375,280.0,114,201,418,668.0,461.0,467.0,,,557.0,388.0,^3Xen_Crypt,^7tmacfan
8 Xen_Crypt mpctf_kejim 2025-07-26_21-28-15.dm_26.dm_meta,250251,00:02:16.195,114489,1379676,MOD_THERMAL_SPLASH,bad,False,,,,,,,,,,,3.4919633865356445,0.021163415163755417,13.119336128234863,397.5556335449219,355.0,428,0,439,168.0,133.0,64.0,,,61.0,0.0,^3Xen_Crypt,^7tmacfan
8 Xen_Crypt mpctf_kejim 2025-07-26_21-28-15.dm_26.dm_meta,273615,00:02:39.559,114489,1379676,MOD_FLECHETTE_ALT_SPLASH,bad,False,0.16,0.14,0.13359935465658362,0.0006353372035451758,0.010967332869768143,-0.6661164632003042,0.156198432240367,0.2,1.2407505306822429e-36,0.9300586460344358,0.0,0.0,40.188236236572266,1217.8253173828125,96.0,294,7,501,157.0,889.0,490.0,,,1337.0,1327.0,^3Xen_Crypt,^7Jak of the Shadows
8 Xen_Crypt mpctf_kejim 2025-07-26_21-28-15.dm_26.dm_meta,288663,00:02:54.607,114489,1379676,MOD_FLECHETTE_ALT_SPLASH,bad,False,0.056666666666666664,0.043333333333333335,0.0903241088866859,0.002873329560995979,0.01041596382856369,-0.7911006587990043,0.1600161943782384,0.0,4.547604923883947e-13,0.4590030926170998,0.49806371331214905,0.015092839486896992,27.13762092590332,822.3521728515625,138.0,490,10,408,529.0,62.0,407.0,,,28.0,0.0,^3Xen_Crypt,^7enab
8 Xen_Crypt mpctf_kejim 2025-07-26_21-28-15.dm_26.dm_meta,334698,00:03:40.642,114489,1379676,MOD_REPEATER_ALT_SPLASH,bad,True,0.17333333333333334,0.14333333333333334,0.060855379589219286,0.07373260836635595,0.015973873436450958,-1.0108723386231517,0.13345113903849515,0.4,2.421565798455663e-06,0.0002808108735309732,12.092561721801758,0.3664412498474121,71.43128204345703,2164.584228515625,371.0,557,188,638,114.0,11.0,371.0,,,13.0,3.0,^3Xen_Crypt,^7tmacfan
8 Xen_Crypt mpctf_kejim 2025-07-26_21-28-15.dm_26.dm_meta,468216,00:05:03.604,114489,1379676,MOD_FLECHETTE,bad,False,,,,,,,,,,,0.0,0.0,4.549885272979736,137.87530517578125,394.0,519,59,412,511.0,288.0,453.0,99.0,-9.0,453.0,23.0,^3Xen_Crypt,^7Jak of the Shadows
8 Xen_Crypt mpctf_kejim 2025-07-26_21-28-15.dm_26.dm_meta,526626,00:06:02.014,114489,1379676,MOD_FLECHETTE_ALT_SPLASH,bad,False,0.08,0.08,0.24454039707077038,0.006453565279386999,0.03313194960355759,-0.4743711240721217,0.16433099414805105,0.0,7.834501735371264e-16,0.8348099326731631,0.9156463742256165,0.027746859937906265,56.50754928588867,1712.3499755859375,92.0,305,19,435,881.0,308.0,568.0,,,177.0,15.0,^3Xen_Crypt,^7Jak of the Shadows
8 Xen_Crypt mpctf_kejim 2025-07-26_21-28-15.dm_26.dm_meta,569889,00:06:45.277,114489,1379676,MOD_FLECHETTE_ALT_SPLASH,bad,False,0.07333333333333333,0.12333333333333334,0.12564913167265712,0.002529334861023713,0.009223551489412785,-0.6992852155693752,0.16162099981064704,0.2,2.2837286509083897e-11,0.3224720856059957,0.0,0.0,15.079355239868164,456.9501647949219,36.0,372,37,565,852.0,91.0,524.0,,,68.0,0.0,^3Xen_Crypt,^7tmacfan
8 Xen_Crypt mpctf_kejim 2025-07-26_21-28-15.dm_26.dm_meta,582627,00:06:58.015,114489,1379676,MOD_TIMED_MINE_SPLASH,bad,False,,,,,,,,,,,0.0,0.0,0.0,0.0,181.0,75,1,357,190.0,596.0,639.0,,,328.0,75.0,^3Xen_Crypt,^7Jak of the Shadows
8 Xen_Crypt mpctf_kejim 2025-07-26_21-28-15.dm_26.dm_meta,642324,00:07:57.712,114489,1379676,MOD_BRYAR_PISTOL_ALT,bad,False,0.35,0.32666666666666666,0.26936896669822247,0.16301161006090542,0.09413321316242218,-0.3485032144190203,0.4870104985264468,0.6,0.4663012702274296,0.8755026913146603,1.0767862796783447,0.005438314750790596,4.424452781677246,134.07432556152344,285.0,458,0,478,446.0,0.0,433.0,198.0,0.0,20.0,0.0,^3Xen_Crypt,^7Jak of the Shadows
8 Xen_Crypt mpctf_kejim 2025-07-26_21-28-15.dm_26.dm_meta,671001,00:08:26.389,114489,1379676,MOD_FLECHETTE_ALT_SPLASH,bad,False,0.05333333333333334,0.09666666666666666,0.1309697662285631,0.0020844848086247463,0.0038420618511736393,-0.7324400573072622,0.16527202778479663,0.0,1.1553482992445024e-16,0.26448827341307146,5.174344539642334,0.15679831802845,14.985630989074707,454.11004638671875,100.0,237,55,376,670.0,78.0,476.0,,,98.0,16.0,^3Xen_Crypt,^7tmacfan
8 Xen_Crypt mpctf_kejim 2025-07-26_21-28-15.dm_26.dm_meta,684729,00:08:40.117,114489,1379676,MOD_ROCKET,bad,False,0.03666666666666667,0.07666666666666666,0.020016672586658617,0.011419206809720328,7.521470251958817e-05,-1.3807878985841637,0.07510460622295512,0.0,4.684452230697691e-15,0.18024691032486884,6.971933364868164,0.07042356580495834,31.11936378479004,943.0110473632812,49.0,419,200,461,638.0,107.0,304.0,66.0,-17.0,256.0,74.0,^3Xen_Crypt,^7Jak of the Shadows
8 Xen_Crypt mpctf_kejim 2025-07-26_21-28-15.dm_26.dm_meta,758352,00:09:53.740,114489,1379676,MOD_FLECHETTE,bad,False,,,,,,,,,,,5.016486167907715,0.15201473236083984,88.16384887695312,2671.6318359375,128.0,558,10,476,720.0,443.0,689.0,,,95.0,35.0,^3Xen_Crypt,^7tmacfan
8 Xen_Crypt mpctf_kejim 2025-07-26_21-28-15.dm_26.dm_meta,760629,00:09:56.017,114489,1379676,MOD_FLECHETTE_ALT_SPLASH,bad,False,0.15333333333333332,0.14333333333333334,0.08560763184810051,0.0025408414107398304,0.0032652881927788258,-0.8002910685464624,0.1591837731205836,0.4,0.9999999991054,0.3317023480113646,0.0,0.0,0.0,0.0,197.0,360,0,662,794.0,0.0,512.0,,,191.0,12.0,^3Xen_Crypt,^7Jak of the Shadows
8 Xen_Crypt mpctf_kejim 2025-07-26_21-28-15.dm_26.dm_meta,824781,00:11:00.169,114489,1379676,MOD_FLECHETTE_ALT_SPLASH,bad,False,0.05,0.09666666666666666,0.15211138564739152,0.0025701683299000516,0.015638459473848343,-0.6096835132320223,0.1566165473547461,0.2,6.575089416742419e-08,0.568872986167289,0.0,0.0,72.33259582519531,2191.89697265625,48.0,396,29,460,506.0,43.0,391.0,,,24.0,0.0,^3Xen_Crypt,^7tmacfan
8 Xen_Crypt mpctf_kejim 2025-07-26_21-28-15.dm_26.dm_meta,892332,00:12:07.720,114489,1379676,MOD_REPEATER_ALT_SPLASH,bad,False,0.12666666666666668,0.24,0.04692244552825164,0.2551661006412159,0.22437770664691925,-1.1122638651651897,0.10478428932503925,0.4,0.0003363522771720912,0.25708356779459246,0.0,0.0,28.45582389831543,862.2976684570312,43.0,152,72,421,124.0,105.0,271.0,,,35.0,0.0,^3Xen_Crypt,^7tmacfan
8 Xen_Crypt mpctf_kejim 2025-07-26_21-28-15.dm_26.dm_meta,898041,00:12:13.429,114489,1379676,MOD_REPEATER_ALT_SPLASH,bad,False,0.12333333333333334,0.16333333333333333,0.06590957050240502,0.10633764358310262,0.06296759843826294,-0.9827585433897891,0.12247436397560575,0.4,1.870993901344577e-05,0.11264667415753207,21.3848876953125,0.12960538268089294,33.17672348022461,1005.3552856445312,76.0,423,9,295,426.0,55.0,263.0,,,81.0,0.0,^3Xen_Crypt,^7Jak of the Shadows
8 Xen_Crypt mpctf_kejim 2025-07-26_21-28-15.dm_26.dm_meta,1084326,00:15:19.714,114489,1379676,MOD_FLECHETTE_ALT_SPLASH,bad,True,0.2866666666666667,0.23333333333333334,0.2397624137631574,0.012108712920659551,0.06174125894904137,-0.4040013972999893,0.15804974734295113,0.6,1.2394708643644454e-27,0.998187672689061,3.196516513824463,0.09686413407325745,127.8082275390625,3872.9765625,30.0,319,116,299,760.0,139.0,243.0,,,2525.0,1878.0,^3Xen_Crypt,^7Right Click
8 Xen_Crypt mpctf_kejim 2025-07-26_21-28-15.dm_26.dm_meta,1335489,00:19:30.877,114489,1379676,MOD_REPEATER_ALT,bad,False,0.11333333333333333,0.056666666666666664,0.021568420233325277,0.03045486092028945,0.005592942237854004,-1.2049486049296576,0.08566048616326662,0.0,2.7546045408397985e-14,0.35912599631982706,0.0,0.0,23.782825469970703,720.6917114257812,30.0,372,114,178,241.0,171.0,242.0,,,14.0,0.0,^3Xen_Crypt,^7Jak of the Shadows
8 Xen_Crypt mpctf_kejim 2025-07-26_21-28-15.dm_26.dm_meta,1343805,00:19:39.193,114489,1379676,MOD_TIMED_MINE_SPLASH,bad,False,,,,,,,,,,,0.0,0.0,5.8450775146484375,177.12356567382812,279.0,461,29,527,266.0,304.0,712.0,,,233.0,13.0,^3Xen_Crypt,^7Jak of the Shadows
8 Xen_Crypt mpctf_krildor 2025-07-26_23-17-03.dm_26.dm_meta,96764,00:01:08.116,29081,1285853,MOD_ROCKET_SPLASH,bad,False,0.12,0.15,0.09750350477193086,0.09974794866199452,0.014621521346271038,-0.8295435876960671,0.1545326118997192,0.2,0.0008001585397619565,0.2920716154001626,0.9421377182006836,0.004078518133610487,27.073530197143555,820.4100341796875,250.0,183,0,311,401.0,188.0,253.0,,,215.0,0.0,^3Xen_Crypt,^7lg
8 Xen_Crypt mpctf_krildor 2025-07-26_23-17-03.dm_26.dm_meta,124121,00:01:35.473,29081,1285853,MOD_FLECHETTE,bad,False,,,,,,,,,,,8.196267127990723,0.031046466901898384,15.513452529907227,470.1046142578125,351.0,442,53,471,373.0,24.0,512.0,99.0,-24.0,21.0,0.0,^3Xen_Crypt,^7TheGuy
8 Xen_Crypt mpctf_krildor 2025-07-26_23-17-03.dm_26.dm_meta,325454,00:04:56.806,29081,1285853,MOD_ROCKET_SPLASH,bad,False,0.2966666666666667,0.23666666666666666,0.12643049605869588,0.0947538183593017,0.08287908881902695,-0.7231889249607429,0.17725775444083805,0.6,0.9668937694425981,0.46555768713512563,0.0,0.0,0.0,0.0,451.0,560,362,566,315.0,304.0,402.0,,,274.0,9.0,^3Xen_Crypt,^2b^0anana
8 Xen_Crypt mpctf_krildor 2025-07-26_23-17-03.dm_26.dm_meta,335387,00:05:06.739,29081,1285853,MOD_ROCKET_SPLASH,bad,False,0.37,0.42,0.08883717967909892,0.09205138621586793,0.013107669539749622,-0.8724379364629665,0.14678155884125244,0.6,0.4350842776191261,0.25962040047112495,1.3581563234329224,0.04115625098347664,5.110762596130371,154.87159729003906,233.0,627,269,752,274.0,198.0,591.0,,,155.0,0.0,^3Xen_Crypt,^2b^0anana
8 Xen_Crypt mpctf_krildor 2025-07-26_23-17-03.dm_26.dm_meta,435938,00:06:47.290,29081,1285853,MOD_ROCKET_SPLASH,bad,True,0.22333333333333333,0.23,0.027380905405883043,0.045512218556884275,0.012423024512827396,-1.2932423678267357,0.08461915326446545,0.2,1.2088210775261022e-09,1.684598018926936e-07,66.88630676269531,0.4053715467453003,86.62435150146484,2624.98046875,53.0,176,10,627,415.0,286.0,206.0,,,578.0,479.0,^3Xen_Crypt,^7TheGuy
8 Xen_Crypt mpctf_krildor 2025-07-26_23-17-03.dm_26.dm_meta,901931,00:13:59.628,29081,1285853,MOD_ROCKET_SPLASH,bad,False,0.11666666666666667,0.15,0.16166535438175603,0.10059778116122342,0.005611433181911707,-0.6328227341430748,0.1934733138930249,0.0,1.5436314564891485e-05,0.5580752052377476,0.0,0.0,22.993091583251953,696.7603759765625,286.0,404,415,455,563.0,50.0,583.0,,,105.0,0.0,^3Xen_Crypt,^7lg
8 Xen_Crypt mpctf_krildor 2025-07-26_23-17-03.dm_26.dm_meta,922952,00:14:20.649,29081,1285853,MOD_ROCKET_SPLASH,bad,False,0.21333333333333335,0.29,0.050155307927252445,0.09353638326386156,0.0923241674900055,-1.0828293111186431,0.11304172271024283,0.4,0.0012998808082319388,0.01634429300723795,15.403299331665039,0.23338332772254944,87.04180908203125,2637.630615234375,118.0,320,97,550,407.0,253.0,270.0,,,292.0,0.0,^3Xen_Crypt,^7enab
8 Xen_Crypt mpctf_krildor 2025-07-26_23-17-03.dm_26.dm_meta,1006838,00:15:44.535,29081,1285853,MOD_REPEATER_ALT,bad,False,0.09,0.07,0.022408857667806575,0.016994597714990005,0.0014565623132511973,-1.1775153826661577,0.09237705134651587,0.0,3.236406356430928e-14,0.4376365786923159,0.0,0.0,18.240402221679688,552.7394409179688,81.0,114,38,264,394.0,88.0,324.0,33.0,-14.0,24.0,3.0,^3Xen_Crypt,^2b^0anana
8 Xen_Crypt mpctf_krildor 2025-07-26_23-17-03.dm_26.dm_meta,1020599,00:15:58.296,29081,1285853,MOD_ROCKET_SPLASH,bad,False,0.13333333333333333,0.11333333333333333,0.13828195642824348,0.12187049666948324,0.06343501806259155,-0.6951407677312714,0.18085143676762117,0.2,2.256028171927666e-05,0.44624676913402406,0.0,0.0,4.868443489074707,147.52859497070312,257.0,261,0,297,435.0,205.0,445.0,,,256.0,0.0,^3Xen_Crypt,^7lg
8 Xen_Crypt mpctf_krildor 2025-07-26_23-17-03.dm_26.dm_meta,1021424,00:15:59.121,29081,1285853,MOD_ROCKET_SPLASH,bad,False,0.13666666666666666,0.14333333333333334,0.07903543231625143,0.10406107723984595,0.02044805698096752,-0.9186343340198406,0.1345930793323317,0.2,6.725631354179026e-07,0.016271585042329537,25.85320472717285,0.2611434757709503,32.99822235107422,999.9461669921875,100.0,578,96,340,541.0,195.0,405.0,,,316.0,0.0,^3Xen_Crypt,^2b^0anana
8 Xen_Crypt mpctf_krildor 2025-07-26_23-17-03.dm_26.dm_meta,1033601,00:16:11.298,29081,1285853,MOD_ROCKET,bad,False,0.06333333333333334,0.08666666666666667,0.009886262840127807,0.014266207837904787,0.004020051099359989,-1.60450868580677,0.054268075995416776,0.0,4.956676827112209e-07,0.16187990733298482,5.043885707855225,0.01910562813282013,37.401912689208984,1133.391357421875,45.0,358,73,125,66.0,52.0,272.0,,,411.0,404.0,^3Xen_Crypt,^7lg
8 Xen_Crypt mpctf_krildor 2025-07-26_23-17-03.dm_26.dm_meta,1128014,00:17:45.711,29081,1285853,MOD_REPEATER_ALT_SPLASH,bad,False,0.1,0.15666666666666668,0.10940343063954253,0.16919635286844362,0.023257778957486153,-0.789365456175728,0.16085228831577533,0.0,0.0003100563481673573,0.4524378156910476,0.0,0.0,17.18239974975586,520.6787719726562,192.0,459,0,512,497.0,124.0,474.0,,,210.0,7.0,^3Xen_Crypt,^7lg
8 Xen_Crypt mpctf_krildor 2025-07-26_23-17-03.dm_26.dm_meta,1235990,00:19:33.687,29081,1285853,MOD_FLECHETTE_ALT_SPLASH,bad,False,0.12333333333333334,0.08666666666666667,0.20805116003613694,0.008155014670449911,0.019359884783625603,-0.49673445685218526,0.14957167489375425,0.0,1.9771293173140073e-14,0.9218939216778823,0.0,0.0,115.0777816772461,3487.20556640625,186.0,340,0,671,104.0,65.0,540.0,,,3.0,1.0,^3Xen_Crypt,^2b^0anana
8 Xen_Crypt mpctf_talay 2025-07-26_21-56-58.dm_26.dm_meta,294203,00:00:59.569,235067,1673042,MOD_REPEATER_ALT,bad,False,0.22666666666666666,0.2966666666666667,0.10351755426435702,0.10161448027703869,0.08595292270183563,-0.7221296825876417,0.1936367123395434,0.2,2.2950351006373105e-06,0.7452908739546145,0.0,0.0,2.61332631111145,79.19170379638672,380.0,326,162,495,571.0,120.0,455.0,231.0,-13.0,31.0,0.0,^3Xen_Crypt,^7Jak of the Shadows
8 Xen_Crypt mpctf_talay 2025-07-26_21-56-58.dm_26.dm_meta,299021,00:01:04.387,235067,1673042,MOD_REPEATER_ALT_SPLASH,bad,False,0.13333333333333333,0.20333333333333334,0.06271271726560709,0.08264287499951947,0.006299121305346489,-1.0112181162010985,0.12836739880151152,0.4,0.07673319783459255,0.07610324129184812,6.153131008148193,0.1864585131406784,26.93047523498535,816.0750122070312,161.0,111,0,331,324.0,46.0,256.0,,,52.0,0.0,^3Xen_Crypt,^7notspec
8 Xen_Crypt mpctf_talay 2025-07-26_21-56-58.dm_26.dm_meta,317138,00:01:22.504,235067,1673042,MOD_REPEATER_ALT,bad,False,0.19666666666666666,0.19666666666666666,0.059413065006269195,0.1263120063644808,0.042999062687158585,-0.9256023952713357,0.13478320084036907,0.0,2.0790197040054026e-16,0.24031114280049615,2.1121342182159424,0.06400406360626221,93.03196716308594,2819.150634765625,339.0,406,302,418,228.0,54.0,523.0,231.0,-4.0,6.0,0.0,^3Xen_Crypt,^7notspec
8 Xen_Crypt mpctf_talay 2025-07-26_21-56-58.dm_26.dm_meta,353240,00:01:58.606,235067,1673042,MOD_REPEATER_ALT_SPLASH,bad,False,0.14666666666666667,0.14,0.05915279587771209,0.1107588846208804,0.006214889697730541,-1.015784738271883,0.12234021526937959,0.0,1.5225872043710986e-05,0.003748866838228543,8.732621192932129,0.2646248936653137,116.60855865478516,3533.5927734375,189.0,487,85,433,75.0,128.0,333.0,,,26.0,0.0,^3Xen_Crypt,^7notspec
8 Xen_Crypt mpctf_talay 2025-07-26_21-56-58.dm_26.dm_meta,385910,00:02:31.276,235067,1673042,MOD_FLECHETTE_ALT_SPLASH,bad,False,0.14333333333333334,0.15,0.07857792441208106,0.012492560804558652,0.01924021914601326,-0.8535852867866779,0.16706928699079063,0.4,3.702640570075228e-07,0.32176032563957746,10.696621894836426,0.10804668813943863,29.76805305480957,902.0621948242188,138.0,399,0,196,93.0,475.0,296.0,,,12.0,11.0,^3Xen_Crypt,^7lg
8 Xen_Crypt mpctf_talay 2025-07-26_21-56-58.dm_26.dm_meta,561734,00:05:27.100,235067,1673042,MOD_ROCKET_SPLASH,bad,False,0.07666666666666666,0.11,0.09415057569196386,0.09833467502245412,0.0029546518344432116,-0.844149512617954,0.1525766354963077,0.0,0.6252454224804224,0.369582003564381,0.1962989717721939,0.005948453675955534,0.5836728811264038,17.687057495117188,273.0,335,13,399,330.0,91.0,339.0,,,226.0,0.0,^3Xen_Crypt,^7lg
8 Xen_Crypt mpctf_talay 2025-07-26_21-56-58.dm_26.dm_meta,562559,00:05:27.925,235067,1673042,MOD_ROCKET,bad,True,0.043333333333333335,0.09,0.023637328236835887,0.006965475807349071,0.0010219552787020802,-1.311349248126443,0.07865032091983928,0.2,9.452810775067233e-33,1.039894749760282e-05,62.264671325683594,0.3773616552352905,144.0441131591797,4364.97314453125,35.0,769,33,370,301.0,353.0,310.0,,,40.0,10.0,^3Xen_Crypt,^7Jak of the Shadows
8 Xen_Crypt mpctf_talay 2025-07-26_21-56-58.dm_26.dm_meta,579092,00:05:44.458,235067,1673042,MOD_BRYAR_PISTOL_ALT,bad,False,0.11666666666666667,0.12333333333333334,0.027975027735295328,0.0071728288619339435,0.002154284156858921,-1.1691676117593932,0.48034556511029963,0.0,0.9930138333254189,1.5804749634612253e-14,36.685203552246094,0.15881040692329407,61.59529113769531,1866.52392578125,61.0,381,0,393,341.0,49.0,200.0,,,22.0,0.0,^3Xen_Crypt,^7TheGuy
8 Xen_Crypt mpctf_talay 2025-07-26_21-56-58.dm_26.dm_meta,1019510,00:13:04.876,235067,1673042,MOD_REPEATER,bad,False,,,,,,,,,,,23.26351547241211,0.11749250441789627,41.695491790771484,1263.499755859375,163.0,239,78,254,293.0,142.0,350.0,66.0,16.0,241.0,182.0,^3Xen_Crypt,^7lg
8 Xen_Crypt mpctf_talay 2025-07-26_21-56-58.dm_26.dm_meta,1195367,00:16:00.733,235067,1673042,MOD_REPEATER_ALT_SPLASH,bad,False,0.18666666666666668,0.36333333333333334,0.09840746730531537,0.12600534922165538,0.003742930246517062,-0.808305965865152,0.15223081368095012,0.2,0.8313653827191935,0.13383463335225224,21.67671012878418,0.0821087509393692,79.52491760253906,2409.845947265625,272.0,416,0,347,290.0,431.0,280.0,,,341.0,16.0,^3Xen_Crypt,^7Jak of the Shadows
8 Xen_Crypt mpctf_talay 2025-07-26_21-56-58.dm_26.dm_meta,1218665,00:16:24.031,235067,1673042,MOD_REPEATER_ALT_SPLASH,bad,False,0.10416666666666667,0.09833333333333333,0.08721137634078537,0.08330620828085945,0.005416162312030792,-0.8721822571887174,0.1443301306174483,0.0,8.551422374735156e-06,0.2927100984814842,0.0,0.0,16.092748641967773,487.6590576171875,259.0,303,0,330,165.0,379.0,246.0,,,197.0,54.0,^3Xen_Crypt,^7Jak of the Shadows
8 Xen_Crypt mpctf_talay 2025-07-26_21-56-58.dm_26.dm_meta,1265063,00:17:10.429,235067,1673042,MOD_FLECHETTE_ALT_SPLASH,bad,False,0.04,0.09666666666666666,0.11363831545644407,0.004722778349248639,0.028422236442565918,-0.7417447685824903,0.18279945653917787,0.2,3.6542847598611616e-10,0.26374535175527275,25.57625961303711,0.09687977284193039,25.57625961303711,775.0381469726562,70.0,186,10,357,501.0,60.0,482.0,,,45.0,0.0,^3Xen_Crypt,^7TheGuy
8 Xen_Crypt mpctf_talay 2025-07-26_21-56-58.dm_26.dm_meta,1437455,00:20:02.821,235067,1673042,MOD_REPEATER_ALT_SPLASH,bad,False,0.13,0.17,0.07864163145688424,0.14756101063115787,0.15786901116371155,-0.9153348708080641,0.13693163108998888,0.4,0.31134319419445955,0.2514745804854028,0.0,0.0,7.397929668426514,224.1796875,207.0,431,0,360,326.0,74.0,235.0,,,72.0,0.0,^3Xen_Crypt,^7lg
8 Xen_Crypt mpctf_talay 2025-07-26_21-56-58.dm_26.dm_meta,1447355,00:20:12.721,235067,1673042,MOD_REPEATER_ALT_SPLASH,bad,False,0.19666666666666666,0.21666666666666667,0.06947942737575225,0.15899932173252196,0.026685994118452072,-0.9510747737953249,0.13220857496865432,0.0,3.036586300174808e-06,0.09414094945928937,3.5955727100372314,0.10895674675703049,106.01515197753906,3212.580322265625,321.0,292,517,511,326.0,74.0,203.0,,,77.0,0.0,^3Xen_Crypt,^7Jak of the Shadows
8 Xen_Crypt mpctf_talay 2025-07-26_21-56-58.dm_26.dm_meta,1476659,00:20:42.025,235067,1673042,MOD_ROCKET,bad,False,0.06666666666666667,0.04,0.0837520420194758,0.030115134448332453,0.00255253491923213,-0.880322822083,0.13709903951189015,0.0,6.428146525636274e-35,0.3145837732717063,0.0,0.0,21.496952056884766,651.4227905273438,36.0,646,23,247,461.0,538.0,689.0,,,43.0,3.0,^3Xen_Crypt,^7TheGuy
