_source_file,time_raw,map_start_time_raw,map_end_time_raw,mod_name,consensus,extreme_99th,prob_rf,prob_et,prob_lr,prob_gb,human_time,attacker_name,target_name,mod_name,view_delta_deg,view_speed_deg_per_ms,view_best_delta_deg,view_best_speed_deg_per_sec,attacker_target_distance,attacker_xy_speed,attacker_z_speed,attacker_distance_last_second,target_xy_speed,target_z_speed,target_distance_last_second,missile_lifetime,missile_pitch,target_corpse_travel_distance,target_corpse_travel_z_distance
0 sal mpctf_kejim 2014-05-27_01-38-21.dm_26.dm_meta,381632,365726,1580984.0,MOD_TRIP_MINE_SPLASH,bad,False,,,,,00:00:16.735,sal,sid,MOD_TRIP_MINE_SPLASH,0.0,0.0,2.4496309757232666,74.23123931884766,126.0,166,31,312,258.0,161.0,199.0,,,145.0,18.0
0 sal mpctf_kejim 2014-05-27_01-38-21.dm_26.dm_meta,390740,365726,1580984.0,MOD_FALLING,bad,False,,,,,00:00:25.843,sal,,MOD_FALLING,5.348505973815918,0.023153705522418022,5.348505973815918,162.07594299316406,518.0,280,0,169,285.0,0.0,536.0,,,14.0,0.0
0 sal mpctf_kejim 2014-05-27_01-38-21.dm_26.dm_meta,434564,365726,1580984.0,MOD_REPEATER_ALT_SPLASH,bad,False,0.2733333333333333,0.38666666666666666,0.31381568746782407,0.38406633259034295,00:01:09.667,sal,sid,MOD_REPEATER_ALT_SPLASH,5.075472354888916,0.07690109312534332,46.3587760925293,1404.8114013671875,520.0,274,273,253,241.0,317.0,443.0,,,231.0,29.0
0 sal mpctf_kejim 2014-05-27_01-38-21.dm_26.dm_meta,500696,365726,1580984.0,MOD_BRYAR_PISTOL_ALT,bad,False,0.19,0.15666666666666668,0.04070519501200863,0.02420015316363205,00:02:15.799,sal,sid,MOD_BRYAR_PISTOL_ALT,12.768548965454102,0.19346286356449127,84.57347106933594,2562.83251953125,223.0,173,0,296,723.0,53.0,417.0,99.0,2.0,2001.0,1903.0
0 sal mpctf_kejim 2014-05-27_01-38-21.dm_26.dm_meta,523862,365726,1580984.0,MOD_BRYAR_PISTOL_ALT,bad,False,0.47,0.43666666666666665,0.09153540157319114,0.34918094400722494,00:02:38.965,sal,,MOD_BRYAR_PISTOL_ALT,38.69182586669922,0.11724795401096344,47.647705078125,1443.869873046875,253.0,348,529,365,931.0,738.0,842.0,231.0,-49.0,288.0,88.0
0 sal mpctf_kejim 2014-05-27_01-38-21.dm_26.dm_meta,553265,365726,1580984.0,MOD_ROCKET,bad,False,0.0033333333333333335,0.013333333333333334,0.025643446357039176,0.006318778715208102,00:03:08.368,sal,,MOD_ROCKET,1.7810053825378418,0.02698493003845215,24.991350173950195,757.3136596679688,75.0,230,139,385,512.0,168.0,250.0,99.0,-19.0,58.0,8.0
0 sal mpctf_kejim 2014-05-27_01-38-21.dm_26.dm_meta,599531,365726,1580984.0,MOD_SABER,bad,True,,,,,00:03:54.634,sal,sid,MOD_SABER,144.16592407226562,0.48540714383125305,144.16592407226562,4368.66455078125,33.0,197,0,206,255.0,0.0,196.0,,,8.0,0.0
0 sal mpctf_kejim 2014-05-27_01-38-21.dm_26.dm_meta,651110,365726,1580984.0,MOD_TRIP_MINE_SPLASH,bad,False,,,,,00:04:46.213,sal,,MOD_TRIP_MINE_SPLASH,1.8644417524337769,0.007062279153615236,8.182955741882324,247.96835327148438,468.0,172,0,170,660.0,281.0,343.0,,,217.0,82.0
0 sal mpctf_kejim 2014-05-27_01-38-21.dm_26.dm_meta,671273,365726,1580984.0,MOD_FLECHETTE,bad,True,,,,,00:05:06.376,sal,sid,MOD_FLECHETTE,89.68133544921875,0.19411544501781464,96.84671783447266,2934.7490234375,149.0,458,0,307,387.0,10.0,530.0,33.0,-7.0,17.0,0.0
0 sal mpctf_kejim 2014-05-27_01-38-21.dm_26.dm_meta,735656,365726,1580984.0,MOD_REPEATER_ALT_SPLASH,bad,False,0.13333333333333333,0.22,0.20897695972020883,0.1266233680914497,00:06:10.759,sal,,MOD_REPEATER_ALT_SPLASH,14.075980186462402,0.03554540500044823,30.73395347595215,931.3319091796875,318.0,313,41,291,286.0,290.0,272.0,,,238.0,38.0
0 sal mpctf_kejim 2014-05-27_01-38-21.dm_26.dm_meta,776246,365726,1580984.0,MOD_BRYAR_PISTOL_ALT,bad,False,0.16,0.19333333333333333,0.0563991261002565,0.0031214062851370084,00:06:51.349,sal,,MOD_BRYAR_PISTOL_ALT,11.520484924316406,0.1745527982711792,43.077171325683594,1305.3687744140625,125.0,250,0,244,323.0,66.0,191.0,66.0,-8.0,21.0,0.0
0 sal mpctf_kejim 2014-05-27_01-38-21.dm_26.dm_meta,855248,365726,1580984.0,MOD_DISRUPTOR_SNIPER,bad,False,,,,,00:08:10.351,sal,,MOD_DISRUPTOR_SNIPER,0.0,0.0,0.928019642829895,28.121807098388672,1039.0,723,142,742,0.0,295.0,310.0,,,312.0,312.0
0 sal mpctf_kejim 2014-05-27_01-38-21.dm_26.dm_meta,899897,365726,1580984.0,MOD_BRYAR_PISTOL_ALT,bad,False,0.2833333333333333,0.33666666666666667,0.25071449492925113,0.0017643939588555752,00:08:55.000,sal,,MOD_BRYAR_PISTOL_ALT,11.118739128112793,0.011618327349424362,124.31684875488281,3767.17724609375,194.0,379,0,513,903.0,56.0,470.0,132.0,-5.0,144.0,0.0
0 sal mpctf_kejim 2014-05-27_01-38-21.dm_26.dm_meta,919565,365726,1580984.0,MOD_TRIP_MINE_SPLASH,bad,False,,,,,00:09:14.668,sal,,MOD_TRIP_MINE_SPLASH,1.12060546875,0.033957742154598236,5.393674373626709,163.44467163085938,579.0,536,82,504,473.0,199.0,502.0,,,275.0,0.0
0 sal mpctf_kejim 2014-05-27_01-38-21.dm_26.dm_meta,968339,365726,1580984.0,MOD_TRIP_MINE_SPLASH,bad,False,,,,,00:10:03.442,sal,sid,MOD_TRIP_MINE_SPLASH,11.850220680236816,0.0138114457949996,11.850220680236816,359.09759521484375,320.0,125,0,207,411.0,132.0,166.0,,,193.0,12.0
0 sal mpctf_kejim 2014-05-27_01-38-21.dm_26.dm_meta,991901,365726,1580984.0,MOD_ROCKET_SPLASH,bad,False,0.17,0.14,0.1659059942096124,0.09329015148032176,00:10:27.004,sal,,MOD_ROCKET_SPLASH,29.47364616394043,0.03307928889989853,29.784513473510742,902.56103515625,184.0,352,29,632,902.0,528.0,586.0,,,841.0,14.0
0 sal mpctf_kejim 2014-05-27_01-38-21.dm_26.dm_meta,1025000,365726,1580984.0,MOD_TRIP_MINE_SPLASH,bad,True,,,,,00:11:00.103,sal,,MOD_TRIP_MINE_SPLASH,56.10844802856445,0.24289371073246002,114.40814208984375,3466.913330078125,76.0,199,73,209,398.0,132.0,648.0,,,83.0,28.0
0 sal mpctf_kejim 2014-05-27_01-38-21.dm_26.dm_meta,1056581,365726,1580984.0,MOD_TRIP_MINE_SPLASH,bad,False,,,,,00:11:31.684,sal,,MOD_TRIP_MINE_SPLASH,0.0,0.0,2.4309346675872803,73.66468811035156,215.0,274,437,423,628.0,304.0,379.0,,,505.0,22.0
0 sal mpctf_kejim 2014-05-27_01-38-21.dm_26.dm_meta,1148156,365726,1580984.0,MOD_ROCKET_SPLASH,bad,True,0.26666666666666666,0.3333333333333333,0.09049535786989428,0.09383741959594208,00:13:03.259,sal,,MOD_ROCKET_SPLASH,104.70828247070312,0.1762765645980835,107.06092071533203,3244.270263671875,140.0,353,69,114,480.0,515.0,259.0,,,454.0,11.0
0 sal mpctf_kejim 2014-05-27_01-38-21.dm_26.dm_meta,1173962,365726,1580984.0,MOD_BRYAR_PISTOL_ALT,bad,False,0.35,0.42,0.07840325008953544,0.45989111991528275,00:13:29.065,sal,davis,MOD_BRYAR_PISTOL_ALT,24.409143447875977,0.028448885306715965,26.756166458129883,810.7929077148438,873.0,792,64,774,616.0,17.0,349.0,924.0,-2.0,71.0,0.0
0 sal mpctf_kejim 2014-05-27_01-38-21.dm_26.dm_meta,1206962,365726,1580984.0,MOD_TRIP_MINE_SPLASH,bad,False,,,,,00:14:02.065,sal,sid,MOD_TRIP_MINE_SPLASH,4.8682732582092285,0.0491744764149189,83.55529022216797,2531.978515625,354.0,74,456,610,181.0,851.0,421.0,,,244.0,239.0
0 sal mpctf_kejim 2014-05-27_01-38-21.dm_26.dm_meta,1216235,365726,1580984.0,MOD_SABER,bad,False,,,,,00:14:11.338,sal,,MOD_SABER,0.0,0.0,5.967440128326416,180.83151245117188,35.0,144,0,48,110.0,0.0,124.0,,,1.0,0.0
0 sal mpctf_kejim 2014-05-27_01-38-21.dm_26.dm_meta,1237025,365726,1580984.0,MOD_REPEATER_ALT,bad,False,0.18333333333333332,0.2633333333333333,0.016372338173183277,0.013040244792241012,00:14:32.128,sal,,MOD_REPEATER_ALT,23.096513748168945,0.058324530720710754,34.243160247802734,1037.6715087890625,214.0,587,118,496,651.0,226.0,502.0,330.0,-18.0,82.0,14.0
0 sal mpctf_kejim 2014-05-27_01-38-21.dm_26.dm_meta,1260884,365726,1580984.0,MOD_REPEATER_ALT_SPLASH,bad,False,0.2866666666666667,0.2966666666666667,0.1788570582190443,0.23114289979790603,00:14:55.987,sal,sid,MOD_REPEATER_ALT_SPLASH,2.1927084922790527,0.02214857004582882,8.995333671569824,272.58587646484375,201.0,455,39,417,383.0,22.0,323.0,,,16.0,4.0
0 sal mpctf_kejim 2014-05-27_01-38-21.dm_26.dm_meta,1278968,365726,1580984.0,MOD_ROCKET_SPLASH,bad,False,0.11,0.19,0.3554969674344675,0.13024417859511217,00:15:14.071,sal,,MOD_ROCKET_SPLASH,0.0,0.0,9.098994255065918,275.72711181640625,434.0,313,0,330,539.0,85.0,474.0,,,149.0,0.0
0 sal mpctf_kejim 2014-05-27_01-38-21.dm_26.dm_meta,1309625,365726,1580984.0,MOD_TRIP_MINE_SPLASH,bad,True,,,,,00:15:44.728,sal,sid,MOD_TRIP_MINE_SPLASH,0.0,0.0,59.409542083740234,1800.2891845703125,225.0,855,262,982,71.0,75.0,450.0,,,1.0,0.0
0 sal mpctf_kejim 2014-05-27_01-38-21.dm_26.dm_meta,1356155,365726,1580984.0,MOD_ROCKET_SPLASH,bad,False,0.23333333333333334,0.2,0.2779841601163341,0.19247088801604967,00:16:31.258,sal,sid,MOD_ROCKET_SPLASH,0.0,0.0,0.0,0.0,362.0,267,0,272,500.0,145.0,413.0,,,394.0,88.0
0 sal mpctf_kejim 2014-05-27_01-38-21.dm_26.dm_meta,1388792,365726,1580984.0,MOD_FLECHETTE,bad,False,,,,,00:17:03.895,sal,,MOD_FLECHETTE,20.37637710571289,0.023748692125082016,52.457942962646484,1589.6346435546875,361.0,608,262,544,712.0,272.0,655.0,99.0,-4.0,138.0,36.0
0 sal mpctf_kejim 2014-05-27_01-38-21.dm_26.dm_meta,1392026,365726,1580984.0,MOD_FLECHETTE_ALT_SPLASH,bad,False,0.22666666666666666,0.2633333333333333,0.13778047701681376,0.20251292895464665,00:17:07.129,sal,sal,MOD_FLECHETTE_ALT_SPLASH,0.0,0.0,30.955102920532227,938.033447265625,0.0,487,32,356,487.0,32.0,356.0,,,0.0,0.0
0 sal mpctf_kejim 2014-05-27_01-38-21.dm_26.dm_meta,1403246,365726,1580984.0,MOD_BRYAR_PISTOL_ALT,bad,False,0.25333333333333335,0.23666666666666666,0.20290054030034557,0.024913382712886952,00:17:18.349,sal,,MOD_BRYAR_PISTOL_ALT,0.0,0.0,76.30767059326172,2312.353759765625,113.0,531,104,494,779.0,76.0,389.0,66.0,-27.0,80.0,0.0
0 sal mpctf_kejim 2014-05-27_01-38-21.dm_26.dm_meta,1420637,365726,1580984.0,MOD_DISRUPTOR,bad,False,,,,,00:17:35.740,sal,,MOD_DISRUPTOR,0.0,0.0,1.1213188171386719,33.9793586730957,1476.0,551,41,399,819.0,179.0,714.0,,,244.0,56.0
0 sal mpctf_kejim 2014-05-27_01-38-21.dm_26.dm_meta,1436675,365726,1580984.0,MOD_DISRUPTOR_SNIPER,bad,False,,,,,00:17:51.778,sal,,MOD_DISRUPTOR_SNIPER,0.0,0.0,9.97248363494873,302.19647216796875,532.0,0,0,174,540.0,201.0,516.0,,,218.0,96.0
0 sal mpctf_kejim 2014-05-27_01-38-21.dm_26.dm_meta,1502807,365726,1580984.0,MOD_ROCKET,bad,True,0.04,0.08333333333333333,0.06864809476562521,0.0042395143373668495,00:18:57.910,sal,,MOD_ROCKET,44.67253112792969,0.15041255950927734,148.96658325195312,4514.138671875,99.0,329,53,480,520.0,99.0,534.0,99.0,-11.0,52.0,0.0
0337.dm_26.dm_meta,58314500,58099600,,MOD_DISRUPTOR_SNIPER,bad,False,,,,,00:03:36.000,apache,^4(&),MOD_DISRUPTOR_SNIPER,3.012343168258667,0.012049372307956219,3.267878532409668,99.02661895751953,1884.0,0,0,175,374.0,282.0,337.0,,,340.0,26.0
0337.dm_26.dm_meta,58470200,58099600,,MOD_TRIP_MINE_SPLASH,bad,False,,,,,00:06:11.700,apache,^4(&),MOD_TRIP_MINE_SPLASH,6.291975021362305,0.017977071925997734,9.71528434753418,294.4025573730469,324.0,312,125,317,441.0,4.0,436.0,,,86.0,32.0
0337.dm_26.dm_meta,58825950,58099600,,MOD_ROCKET,bad,True,0.023333333333333334,0.043333333333333335,0.012425987474287303,0.0068654704062287705,00:12:07.450,apache,^3^^0shulba^4*,MOD_ROCKET,26.680953979492188,0.5336191058158875,35.943206787109375,1089.1881103515625,79.0,274,246,189,479.0,234.0,363.0,50.0,-33.0,152.0,15.0
0337.dm_26.dm_meta,59086250,58099600,,MOD_REPEATER_ALT,bad,False,0.32666666666666666,0.47,0.010352167995549623,0.03422458889764743,00:16:27.750,apache,^4(@),MOD_REPEATER_ALT,1.2567826509475708,0.025135653093457222,4.1583251953125,126.00985717773438,120.0,266,180,299,234.0,157.0,254.0,100.0,-26.0,33.0,0.0
0515-awb is teh xD.dm_26.dm_meta,59790160,59750280,,MOD_FLECHETTE_ALT_SPLASH,bad,False,0.32,0.29,0.4066608830891212,0.4376002373657891,00:00:40.800,Rosh,,MOD_FLECHETTE_ALT_SPLASH,8.577195167541504,0.042885974049568176,9.954239845275879,301.6436462402344,694.0,344,73,353,140.0,33.0,385.0,,,16.0,0.0
0515-awb is teh xD.dm_26.dm_meta,59908720,59750280,,MOD_REPEATER_ALT_SPLASH,bad,True,0.1,0.06,0.05442034828973012,0.020668981857208016,00:02:39.360,Rosh,,MOD_REPEATER_ALT_SPLASH,29.24289321899414,0.7310723066329956,53.30221939086914,1615.21875,89.0,701,293,620,310.0,76.0,252.0,,,84.0,11.0
0515-awb is teh xD.dm_26.dm_meta,59970760,59750280,,MOD_FLECHETTE_ALT_SPLASH,bad,False,0.19666666666666666,0.23666666666666666,0.11933843144283661,0.07022385289264349,00:03:41.400,Rosh,Rosh,MOD_FLECHETTE_ALT_SPLASH,0.0,0.0,55.283416748046875,1675.2550048828125,0.0,476,373,287,476.0,373.0,287.0,,,0.0,0.0
0515-awb is teh xD.dm_26.dm_meta,60041920,59750280,,MOD_ROCKET_SPLASH,bad,False,0.2733333333333333,0.37333333333333335,0.13775443639041268,0.18868210583120887,00:04:52.560,Rosh,THE RAT,MOD_ROCKET_SPLASH,0.1476016342639923,0.0036900409031659365,54.533756256103516,1652.5380859375,49.0,30,132,252,196.0,125.0,348.0,,,120.0,0.0
0515-awb is teh xD.dm_26.dm_meta,60150080,59750280,,MOD_ROCKET_SPLASH,bad,False,0.18666666666666668,0.22666666666666666,0.19200137646158877,0.14979968527446388,00:06:40.720,rosh,teh,MOD_ROCKET_SPLASH,0.2260221689939499,0.005650554317981005,83.4170913696289,2527.790771484375,497.0,354,0,434,276.0,302.0,253.0,,,1440.0,1400.0
0515-awb is teh xD.dm_26.dm_meta,60171760,59750280,,MOD_ROCKET_SPLASH,bad,False,0.24,0.2966666666666667,0.28124477630555444,0.1562593188512179,00:07:02.400,rosh,teh,MOD_ROCKET_SPLASH,1.0949186086654663,0.027372965589165688,76.71668243408203,2324.748046875,336.0,331,0,348,283.0,44.0,457.0,,,123.0,35.0
0515-awb is teh xD.dm_26.dm_meta,60175480,59750280,,MOD_ROCKET_SPLASH,bad,False,0.18666666666666668,0.22,0.12443997577009594,0.14938453923893355,00:07:06.120,rosh,evrae,MOD_ROCKET_SPLASH,0.0,0.0,39.930809020996094,1210.0245361328125,83.0,458,129,373,334.0,459.0,181.0,,,260.0,17.0
0515-awb is teh xD.dm_26.dm_meta,60262400,59750280,,MOD_TRIP_MINE_SPLASH,bad,True,,,,,00:08:33.040,rosh,,MOD_TRIP_MINE_SPLASH,81.63713073730469,2.040928363800049,81.63713073730469,2473.8525390625,3964.0,14,43,3835,295.0,31.0,238.0,,,199.0,5.0
0515-awb is teh xD.dm_26.dm_meta,60291360,59750280,,MOD_SABER,bad,False,,,,,00:09:02.000,rosh,,MOD_SABER,0.9503173828125,0.0237579345703125,2.098388671875,63.5875358581543,53.0,225,0,226,145.0,0.0,225.0,,,3.0,0.0
0515-awb is teh xD.dm_26.dm_meta,60313760,59750280,,MOD_TRIP_MINE_SPLASH,bad,False,,,,,00:09:24.400,rosh,,MOD_TRIP_MINE_SPLASH,5.307755470275879,0.13269388675689697,8.764253616333008,265.58343505859375,547.0,390,168,290,119.0,60.0,291.0,,,23.0,0.0
0515-awb is teh xD.dm_26.dm_meta,60321640,59750280,,MOD_TRIP_MINE_SPLASH,bad,False,,,,,00:09:32.280,rosh,,MOD_TRIP_MINE_SPLASH,1.5748529434204102,0.039371322840452194,60.787353515625,1842.041015625,165.0,264,0,201,459.0,121.0,411.0,,,179.0,0.0
0515-awb is teh xD.dm_26.dm_meta,60388480,59750280,,MOD_REPEATER_ALT_SPLASH,bad,False,0.10666666666666667,0.16333333333333333,0.14821438922867605,0.02829473803615575,00:10:39.120,rosh,^4T^7or^4N,MOD_REPEATER_ALT_SPLASH,5.79079532623291,0.14476987719535828,22.09506607055664,669.5474853515625,182.0,352,0,379,306.0,92.0,316.0,,,253.0,114.0
0515-awb is teh xD.dm_26.dm_meta,60425760,59750280,,MOD_ROCKET_SPLASH,bad,False,0.15,0.11666666666666667,0.06556314406693052,0.09021976275773418,00:11:16.400,rosh,,MOD_ROCKET_SPLASH,5.09832239151001,0.12745806574821472,5.295948505401611,160.48329162597656,244.0,439,0,415,439.0,302.0,210.0,,,1972.0,1883.0
0515-awb is teh xD.dm_26.dm_meta,60561480,59750280,,MOD_BRYAR_PISTOL_ALT,bad,False,0.09666666666666666,0.13,0.0625124398069865,0.002585154178763789,00:13:32.120,rosh,,MOD_BRYAR_PISTOL_ALT,1.2806614637374878,0.032016538083553314,7.356626510620117,222.92807006835938,256.0,243,0,200,440.0,25.0,135.0,120.0,-5.0,52.0,0.0
0515-awb is teh xD.dm_26.dm_meta,60815280,59750280,,MOD_FALLING,bad,False,,,,,00:17:45.920,rosh,rosh,MOD_FALLING,0.0,0.0,1.8501853942871094,56.06622314453125,0.0,0,0,0,0.0,0.0,0.0,,,0.0,0.0
0515-awb is teh xD.dm_26.dm_meta,60945920,59750280,,MOD_FALLING,bad,False,,,,,00:19:56.560,Rosh,Rosh,MOD_FALLING,0.0,0.0,0.1476016342639923,4.472776889801025,0.0,0,0,0,0.0,0.0,0.0,,,0.0,0.0
0550.dm_26.dm_meta,39069650,38970550,,MOD_ROCKET_SPLASH,bad,False,0.24,0.24,0.21875342429926833,0.25407713468300075,00:01:40.350,JAMES T KIRK,f^1O^7a,MOD_ROCKET_SPLASH,3.8315398693084717,0.07663080096244812,37.42018508911133,1133.945068359375,238.0,550,80,544,522.0,356.0,546.0,,,79.0,26.0
0550.dm_26.dm_meta,39097900,38970550,,MOD_ROCKET_SPLASH,bad,False,0.28,0.27666666666666667,0.14098538295661617,0.12927049795933587,00:02:08.600,JAMES T KIRK,f^1O^7a,MOD_ROCKET_SPLASH,0.0,0.0,5.479832649230957,166.0555419921875,144.0,92,249,281,218.0,396.0,196.0,,,32.0,0.0
0550.dm_26.dm_meta,39129600,38970550,,MOD_ROCKET,bad,False,0.01,0.016666666666666666,0.018825718682366214,0.003997243778862325,00:02:40.300,JAMES T KIRK,^4K^7ill^4y,MOD_ROCKET,7.161790370941162,0.047745268791913986,22.89866828918457,693.8990478515625,125.0,509,39,431,483.0,127.0,128.0,100.0,-14.0,95.0,0.0
0550.dm_26.dm_meta,39136650,38970550,,MOD_ROCKET,bad,False,0.12,0.1,0.023887048932381534,0.05874777084040326,00:02:47.350,JAMES T KIRK,^7qui^5n,MOD_ROCKET,0.0,0.0,9.856447219848633,298.6802062988281,306.0,436,0,456,157.0,218.0,254.0,500.0,-9.0,107.0,18.0
0550.dm_26.dm_meta,39136650,38970550,,MOD_ROCKET_SPLASH,bad,False,0.18,0.3333333333333333,0.23242651009496226,0.17419087378579598,00:02:47.350,JAMES T KIRK,f^1O^7a,MOD_ROCKET_SPLASH,0.0,0.0,9.856447219848633,298.6802062988281,265.0,436,0,456,526.0,87.0,349.0,,,72.0,0.0
0550.dm_26.dm_meta,39140150,38970550,,MOD_ROCKET_SPLASH,bad,False,0.30666666666666664,0.3,0.12608842852779004,0.08979217025827865,00:02:50.850,JAMES T KIRK,JAMES T KIRK,MOD_ROCKET_SPLASH,0.0,0.0,13.217896461486816,400.5423278808594,0.0,622,241,172,622.0,241.0,172.0,,,0.0,0.0
0550.dm_26.dm_meta,39235550,38970550,,MOD_ROCKET,bad,False,0.06333333333333334,0.08,0.013581833060614149,0.006401546932918325,00:04:26.250,JAMES T KIRK,^4K^7ill^4y,MOD_ROCKET,36.691532135009766,0.12230511009693146,38.465576171875,1165.62353515625,60.0,770,85,712,744.0,24.0,348.0,100.0,-33.0,401.0,3.0
0550.dm_26.dm_meta,39267650,38970550,,MOD_ROCKET,bad,False,0.31666666666666665,0.35333333333333333,0.10693283025169553,0.3365576762816998,00:04:58.350,JAMES T KIRK,^1Zod,MOD_ROCKET,0.0,0.0,14.697803497314453,445.38800048828125,403.0,355,3,489,710.0,199.0,498.0,650.0,-14.0,771.0,138.0
0550.dm_26.dm_meta,39318450,38970550,,MOD_SABER,bad,False,,,,,00:05:49.150,JAMES T KIRK,^1Zod,MOD_SABER,4.4329833984375,0.08865966647863388,14.1778564453125,429.63201904296875,54.0,213,5,239,216.0,25.0,166.0,,,11.0,1.0
0550.dm_26.dm_meta,39521750,38970550,,MOD_ROCKET_SPLASH,bad,False,0.39666666666666667,0.45,0.15552969722841214,0.6954500703834218,00:09:12.450,JAMES T KIRK,f^1O^7a,MOD_ROCKET_SPLASH,6.808674335479736,0.13617348670959473,36.22598648071289,1097.7572021484375,262.0,240,69,425,143.0,180.0,228.0,,,178.0,165.0
0550.dm_26.dm_meta,39583400,38970550,,MOD_TRIP_MINE_SPLASH,bad,False,,,,,00:10:14.100,JAMES T KIRK,^4K^7ill^4y,MOD_TRIP_MINE_SPLASH,0.0,0.0,7.359581470489502,223.0176239013672,392.0,174,0,152,591.0,68.0,321.0,,,210.0,10.0
0550.dm_26.dm_meta,39613950,38970550,,MOD_ROCKET_SPLASH,bad,True,0.20333333333333334,0.14333333333333334,0.12813673585391017,0.12005255913953045,00:10:44.650,JAMES T KIRK,superz,MOD_ROCKET_SPLASH,77.36592102050781,0.08143781125545502,77.46469116210938,2347.414794921875,158.0,496,36,330,729.0,56.0,178.0,,,68.0,0.0
0550.dm_26.dm_meta,39731950,38970550,,MOD_ROCKET_SPLASH,bad,True,0.17666666666666667,0.14666666666666667,0.05802133337294947,0.04371774556249736,00:12:42.650,JAMES T KIRK,^4K^7ill^4y,MOD_ROCKET_SPLASH,107.78504180908203,0.3592834770679474,108.70767974853516,3294.172119140625,158.0,695,67,534,328.0,537.0,367.0,,,478.0,58.0
0550.dm_26.dm_meta,39752250,38970550,,MOD_TRIP_MINE_SPLASH,bad,False,,,,,00:13:02.950,JAMES T KIRK,^1Zod,MOD_TRIP_MINE_SPLASH,0.0,0.0,30.16228675842285,914.0086669921875,535.0,472,0,332,502.0,66.0,608.0,,,148.0,30.0
0550.dm_26.dm_meta,39859150,38970550,,MOD_ROCKET,bad,False,0.09666666666666666,0.14,0.08152242124814353,0.01215106924457932,00:14:49.850,JAMES T KIRK,f^1O^7a,MOD_ROCKET,1.1098366975784302,0.022196734324097633,82.60310363769531,2503.124267578125,207.0,229,0,271,438.0,35.0,301.0,250.0,7.0,160.0,63.0
0550.dm_26.dm_meta,39892400,38970550,,MOD_ROCKET_SPLASH,bad,False,0.46,0.44666666666666666,0.14135978234566082,0.24800541516069227,00:15:23.100,JAMES T KIRK,JAMES T KIRK,MOD_ROCKET_SPLASH,0.0,0.0,68.19447326660156,2066.499267578125,0.0,425,82,242,425.0,82.0,242.0,,,0.0,0.0
0550.dm_26.dm_meta,39892400,38970550,,MOD_ROCKET_SPLASH,bad,False,0.29,0.30666666666666664,0.24346198153268012,0.27781425507305546,00:15:23.100,JAMES T KIRK,^1Zod,MOD_ROCKET_SPLASH,0.0,0.0,68.19447326660156,2066.499267578125,258.0,425,82,242,345.0,278.0,378.0,,,131.0,39.0
0550.dm_26.dm_meta,39950900,38970550,,MOD_ROCKET_SPLASH,bad,False,0.21666666666666667,0.22,0.1807962575559443,0.18780050028044962,00:16:21.600,JAMES T KIRK,f^1O^7a,MOD_ROCKET_SPLASH,1.082822322845459,0.021656446158885956,9.290213584899902,281.5216369628906,179.0,312,45,170,554.0,454.0,446.0,,,765.0,143.0
0550.dm_26.dm_meta,39973700,38970550,,MOD_ROCKET_SPLASH,bad,False,0.12,0.19666666666666666,0.1483579510106976,0.2189832153330335,00:16:44.400,JAMES T KIRK,^1Zod,MOD_ROCKET_SPLASH,0.0,0.0,66.63407897949219,2019.2144775390625,141.0,306,218,634,336.0,295.0,554.0,,,293.0,18.0
0550.dm_26.dm_meta,39989650,38970550,,MOD_ROCKET_SPLASH,bad,True,0.19666666666666666,0.15666666666666668,0.07550819716673784,0.14087653585582263,00:17:00.350,JAMES T KIRK,^4K^7ill^4y,MOD_ROCKET_SPLASH,66.38385772705078,0.08851180970668793,105.37870788574219,3193.294189453125,103.0,756,106,522,224.0,327.0,210.0,,,123.0,16.0
0550.dm_26.dm_meta,40055700,38970550,,MOD_TRIP_MINE_SPLASH,bad,True,,,,,00:18:06.400,JAMES T KIRK,^7qui^5n,MOD_TRIP_MINE_SPLASH,151.2117462158203,3.0242350101470947,151.2117462158203,4582.17431640625,2610.0,459,0,3146,202.0,358.0,254.0,,,89.0,73.0
0550.dm_26.dm_meta,40113800,38970550,,MOD_ROCKET_SPLASH,bad,True,0.42333333333333334,0.24666666666666667,0.09673260907233634,0.5341536236467148,00:19:04.500,JAMES T KIRK,^1Zod,MOD_ROCKET_SPLASH,152.8175048828125,0.152817502617836,153.9124298095703,4664.01318359375,400.0,294,175,332,46.0,44.0,335.0,,,6.0,1.0
0926.dm_26.dm_meta,68937047,68897216,,MOD_TRIP_MINE_SPLASH,bad,False,,,,,00:00:41.221,lamer hall of famer,mythols,MOD_TRIP_MINE_SPLASH,1.936408519744873,0.014669761061668396,1.936408519744873,58.679046630859375,413.0,252,0,198,384.0,147.0,352.0,,,98.0,29.0
0926.dm_26.dm_meta,68938103,68897216,,MOD_TRIP_MINE_SPLASH,bad,False,,,,,00:00:42.277,lamer hall of famer,a fly,MOD_TRIP_MINE_SPLASH,0.0,0.0,0.0,0.0,298.0,258,0,201,355.0,287.0,370.0,,,290.0,14.0
0926.dm_26.dm_meta,68969420,68897216,,MOD_ROCKET_SPLASH,bad,False,0.32,0.25,0.40913153233892113,0.5079443162402694,00:01:13.594,lamer hall of famer,a fly,MOD_ROCKET_SPLASH,4.212669372558594,0.009819742292165756,8.032825469970703,243.41896057128906,694.0,541,267,526,612.0,162.0,564.0,,,459.0,70.0
0926.dm_26.dm_meta,69029051,68897216,,MOD_ROCKET_SPLASH,bad,True,0.07,0.15333333333333332,0.1193943566074574,0.04996418798966132,00:02:13.225,lamer hall of famer,a fly,MOD_ROCKET_SPLASH,10.957683563232422,0.33205100893974304,18.350290298461914,556.0693969726562,60.0,310,29,298,536.0,108.0,133.0,,,32.0,0.0
0926.dm_26.dm_meta,69040634,68897216,,MOD_ROCKET,bad,False,0.01,0.03333333333333333,0.02095599153219827,0.004530838996992197,00:02:24.808,lamer hall of famer,^3Xen_Mike,MOD_ROCKET,0.3076171875,0.009321733377873898,8.516341209411621,258.0709533691406,141.0,300,47,383,233.0,120.0,401.0,132.0,-20.0,39.0,0.0
0926.dm_26.dm_meta,69056672,68897216,,MOD_DET_PACK_SPLASH,bad,True,,,,,00:02:40.846,lamer hall of famer,a fly,MOD_DET_PACK_SPLASH,0.0,0.0,0.0,0.0,39.0,470,882,137,335.0,482.0,212.0,,,289.0,148.0
0926.dm_26.dm_meta,69136037,68897216,,MOD_ROCKET,bad,False,0.08,0.056666666666666664,0.021515630837714662,0.003520948309494414,00:04:00.211,lamer hall of famer,a fly,MOD_ROCKET,1.7559576034545898,0.05321083590388298,22.88270378112793,693.415283203125,185.0,485,198,506,392.0,47.0,216.0,297.0,-7.0,66.0,6.0
0926.dm_26.dm_meta,69198044,68897216,,MOD_THERMAL_SPLASH,bad,False,,,,,00:05:02.218,lamer hall of famer,mythols,MOD_THERMAL_SPLASH,0.2032470703125,0.006159001961350441,1.4504554271697998,43.95319366455078,31.0,354,1,196,449.0,3.0,0.0,,,65.0,0.0
0926.dm_26.dm_meta,69225137,68897216,,MOD_ROCKET_SPLASH,bad,False,0.37333333333333335,0.4,0.11268114054067228,0.2610485411053272,00:05:29.311,lamer hall of famer,^3Xen_Mike,MOD_ROCKET_SPLASH,1.775618076324463,0.0538066066801548,3.7405824661254883,113.35098266601562,58.0,133,82,247,199.0,317.0,199.0,,,210.0,53.0
0926.dm_26.dm_meta,69254144,68897216,,MOD_TRIP_MINE_SPLASH,bad,False,,,,,00:05:58.318,lamer hall of famer,mythols,MOD_TRIP_MINE_SPLASH,0.0,0.0,2.054949998855591,62.27121353149414,551.0,250,0,255,210.0,202.0,676.0,,,40.0,9.0
0926.dm_26.dm_meta,69325688,68897216,,MOD_ROCKET,bad,False,0.18666666666666668,0.18333333333333332,0.13323095204887403,0.057261175085984176,00:07:09.862,lamer hall of famer,a fly,MOD_ROCKET,0.626220703125,0.01897638477385044,1.9987419843673706,60.56793975830078,388.0,320,0,338,486.0,228.0,329.0,264.0,8.0,170.0,108.0
0926.dm_26.dm_meta,69388454,68897216,,MOD_DET_PACK_SPLASH,bad,False,,,,,00:08:12.628,lamer hall of famer,a fly,MOD_DET_PACK_SPLASH,0.0,0.0,0.0,0.0,231.0,209,181,493,363.0,280.0,295.0,,,212.0,38.0
0926.dm_26.dm_meta,69398552,68897216,,MOD_ROCKET_SPLASH,bad,False,0.13,0.25,0.14556143143797035,0.15386255393861578,00:08:22.726,lamer hall of famer,mythols,MOD_ROCKET_SPLASH,0.0,0.0,10.427821159362793,315.99456787109375,106.0,500,150,457,598.0,151.0,439.0,,,331.0,12.0
0926.dm_26.dm_meta,69430859,68897216,,MOD_DET_PACK_SPLASH,bad,False,,,,,00:08:55.033,lamer hall of famer,Hand of Judgement,MOD_DET_PACK_SPLASH,0.0,0.0,0.0,0.0,190.0,260,0,176,410.0,144.0,174.0,,,181.0,0.0
0926.dm_26.dm_meta,69464024,68897216,,MOD_ROCKET_SPLASH,bad,False,0.44666666666666666,0.37,0.09724788085841554,0.3485898957423533,00:09:28.198,lamer hall of famer,lamer hall of famer,MOD_ROCKET_SPLASH,7.146979808807373,0.021657515317201614,7.294593334197998,221.04827880859375,0.0,84,96,361,84.0,96.0,361.0,,,0.0,0.0
0926.dm_26.dm_meta,69500423,68897216,,MOD_ROCKET_SPLASH,bad,False,0.22,0.19333333333333333,0.2700413776766872,0.11622301247692184,00:10:04.597,lamer hall of famer,mythols,MOD_ROCKET_SPLASH,0.0,0.0,47.106990814208984,1427.484619140625,252.0,114,43,254,506.0,37.0,372.0,,,91.0,0.0
0926.dm_26.dm_meta,69517022,68897216,,MOD_THERMAL_SPLASH,bad,False,,,,,00:10:21.196,lamer hall of famer,mythols,MOD_THERMAL_SPLASH,0.0,0.0,120.27781677246094,3644.7822265625,116.0,495,111,338,365.0,114.0,413.0,,,235.0,59.0
0926.dm_26.dm_meta,69545072,68897216,,MOD_FALLING,bad,False,,,,,00:10:49.246,lamer hall of famer,Hand of Judgement,MOD_FALLING,0.0,0.0,0.0,0.0,1797.0,0,0,0,0.0,0.0,0.0,,,0.0,0.0
0926.dm_26.dm_meta,69650969,68897216,,MOD_ROCKET_SPLASH,bad,False,0.3433333333333333,0.49333333333333335,0.13887586713891287,0.29851223631859475,00:12:35.143,lamer hall of famer,^3Xen_Mike,MOD_ROCKET_SPLASH,3.832717180252075,0.11614294350147247,55.37843322753906,1678.1343994140625,90.0,263,22,288,208.0,195.0,260.0,,,98.0,12.0
0926.dm_26.dm_meta,69666314,68897216,,MOD_ROCKET_SPLASH,bad,False,0.26666666666666666,0.31666666666666665,0.12268032118207267,0.16643861022467535,00:12:50.488,lamer hall of famer,lamer hall of famer,MOD_ROCKET_SPLASH,0.6125801801681519,0.009281517937779427,34.713592529296875,1051.927001953125,0.0,449,208,238,449.0,208.0,238.0,,,0.0,0.0
0926.dm_26.dm_meta,69673574,68897216,,MOD_DET_PACK_SPLASH,bad,False,,,,,00:12:57.748,lamer hall of famer,Hand of Judgement,MOD_DET_PACK_SPLASH,0.0,0.0,0.0,0.0,188.0,289,72,410,936.0,29.0,246.0,,,939.0,392.0
0926.dm_26.dm_meta,69673574,68897216,,MOD_DET_PACK_SPLASH,bad,False,,,,,00:12:57.748,lamer hall of famer,mythols,MOD_DET_PACK_SPLASH,0.0,0.0,0.0,0.0,97.0,289,72,410,808.0,243.0,229.0,,,80.0,0.0
0926.dm_26.dm_meta,69685817,68897216,,MOD_DET_PACK_SPLASH,bad,True,,,,,00:13:09.991,lamer hall of famer,a fly,MOD_DET_PACK_SPLASH,0.0,0.0,0.0,0.0,142.0,962,304,467,1315.0,131.0,633.0,,,808.0,20.0
0926.dm_26.dm_meta,69721655,68897216,,MOD_TRIP_MINE_SPLASH,bad,False,,,,,00:13:45.829,lamer hall of famer,mythols,MOD_TRIP_MINE_SPLASH,0.0,0.0,0.24094898998737335,7.30148458480835,499.0,622,181,646,374.0,7.0,350.0,,,34.0,0.0
0926.dm_26.dm_meta,69782606,68897216,,MOD_ROCKET_SPLASH,bad,False,0.38,0.25333333333333335,0.1295093613037812,0.23158484222765766,00:14:46.780,lamer hall of famer,a fly,MOD_ROCKET_SPLASH,0.098876953125,0.0029962712433189154,0.6249666213989258,18.938383102416992,182.0,109,2,703,123.0,308.0,174.0,,,95.0,0.0
0926.dm_26.dm_meta,69804155,68897216,,MOD_DET_PACK_SPLASH,bad,False,,,,,00:15:08.329,lamer hall of famer,^3Xen_Mike,MOD_DET_PACK_SPLASH,0.0,0.0,1.1001834869384766,33.33889389038086,144.0,730,442,275,500.0,392.0,231.0,,,142.0,0.0
0926.dm_26.dm_meta,69833129,68897216,,MOD_TRIP_MINE_SPLASH,bad,False,,,,,00:15:37.303,lamer hall of famer,mythols,MOD_TRIP_MINE_SPLASH,0.2142333984375,0.006491921376436949,10.499933242797852,318.1798095703125,853.0,214,19,274,73.0,104.0,203.0,,,35.0,0.0
0926.dm_26.dm_meta,69871277,68897216,,MOD_REPEATER_ALT_SPLASH,bad,True,0.17666666666666667,0.13666666666666666,0.1337377145426719,0.09199167851843403,00:16:15.451,lamer hall of famer,mythols,MOD_REPEATER_ALT_SPLASH,19.948347091674805,0.6044953465461731,52.42319869995117,1588.581787109375,242.0,386,19,217,297.0,117.0,92.0,,,117.0,0.0
0926.dm_26.dm_meta,69872531,68897216,,MOD_REPEATER_ALT,bad,True,0.3233333333333333,0.22333333333333333,0.0037197339069025225,0.4851108090092007,00:16:16.705,lamer hall of famer,^3Xen_Mike,MOD_REPEATER_ALT,51.826961517333984,1.5705139636993408,168.47914123535156,5105.4287109375,100.0,244,359,284,358.0,243.0,138.0,66.0,-27.0,73.0,15.0
0926.dm_26.dm_meta,69894113,68897216,,MOD_ROCKET_SPLASH,bad,False,0.21,0.26666666666666666,0.6007729346279357,0.11159180366700132,00:16:38.287,lamer hall of famer,mythols,MOD_ROCKET_SPLASH,1.208808183670044,0.0028177346102893353,1.301416277885437,39.43685531616211,1003.0,251,299,210,156.0,137.0,299.0,,,40.0,0.0
0926.dm_26.dm_meta,69904640,68897216,,MOD_FALLING,bad,False,,,,,00:16:48.814,lamer hall of famer,a fly,MOD_FALLING,0.0,0.0,1.658935546875,50.270774841308594,1471.0,194,0,214,783.0,0.0,847.0,,,61.0,0.0
0926.dm_26.dm_meta,69977042,68897216,,MOD_TRIP_MINE_SPLASH,bad,False,,,,,00:18:01.216,lamer hall of famer,mythols,MOD_TRIP_MINE_SPLASH,1.471399188041687,0.04458785429596901,14.10018253326416,427.27825927734375,200.0,130,0,197,428.0,149.0,311.0,,,71.0,0.0
0926.dm_26.dm_meta,69980771,68897216,,MOD_TRIP_MINE_SPLASH,bad,False,,,,,00:18:04.945,lamer hall of famer,^3Xen_Mike,MOD_TRIP_MINE_SPLASH,1.0686992406845093,0.03238482400774956,6.189548015594482,187.5620574951172,90.0,638,5,231,176.0,338.0,349.0,,,21.0,11.0
0926.dm_26.dm_meta,70012913,68897216,,MOD_REPEATER_ALT_SPLASH,bad,False,0.33,0.36666666666666664,0.13378713769455436,0.2753531208490334,00:18:37.087,lamer hall of famer,^3Xen_Mike,MOD_REPEATER_ALT_SPLASH,0.5276011824607849,0.01598791405558586,0.8211315870285034,24.882776260375977,196.0,596,297,549,228.0,62.0,543.0,,,48.0,0.0
0926.dm_26.dm_meta,70026311,68897216,,MOD_ROCKET_SPLASH,bad,True,0.09333333333333334,0.18,0.10858526066706763,0.03295470239525922,00:18:50.485,lamer hall of famer,mythols,MOD_ROCKET_SPLASH,9.085077285766602,0.2753053605556488,42.92939376831055,1300.8907470703125,73.0,335,250,252,384.0,180.0,338.0,,,235.0,15.0
0926.dm_26.dm_meta,70080563,68897216,,MOD_THERMAL_SPLASH,bad,False,,,,,00:19:44.737,lamer hall of famer,mythols,MOD_THERMAL_SPLASH,0.0,0.0,70.56193542480469,2138.240478515625,290.0,65,0,301,258.0,180.0,216.0,,,173.0,42.0
12 sal mpctf_talravin 2015-06-19_21-37-11.dm_26.dm_meta,224544,168180,1423764.0,MOD_ROCKET_SPLASH,bad,True,0.41333333333333333,0.21666666666666667,0.05948636434577042,0.2673517272822079,00:00:56.797,sal,sal,MOD_ROCKET_SPLASH,0.0,0.0,0.0,0.0,0.0,860,1629,1024,860.0,1629.0,1024.0,,,0.0,0.0
12 sal mpctf_talravin 2015-06-19_21-37-11.dm_26.dm_meta,310179,168180,1423764.0,MOD_SABER,bad,True,,,,,00:02:22.432,sal,^1h^74^1x^7't^1/^7f^1a^7y',MOD_SABER,41.46920394897461,0.31416064500808716,41.46920394897461,1256.642578125,45.0,410,0,272,95.0,0.0,401.0,,,1.0,0.0
12 sal mpctf_talravin 2015-06-19_21-37-11.dm_26.dm_meta,444291,168180,1423764.0,MOD_TRIP_MINE_SPLASH,bad,False,,,,,00:04:36.544,sal,,MOD_TRIP_MINE_SPLASH,0.0,0.0,31.585861206054688,957.1473388671875,42.0,176,214,178,120.0,273.0,535.0,,,117.0,77.0
12 sal mpctf_talravin 2015-06-19_21-37-11.dm_26.dm_meta,444291,168180,1423764.0,MOD_FLECHETTE_ALT_SPLASH,bad,False,0.41,0.43333333333333335,0.1074756837276105,0.1675241130065341,00:04:36.544,sal,sal,MOD_FLECHETTE_ALT_SPLASH,0.0,0.0,31.585861206054688,957.1473388671875,0.0,176,214,178,176.0,214.0,178.0,,,0.0,0.0
12 sal mpctf_talravin 2015-06-19_21-37-11.dm_26.dm_meta,664830,168180,1423764.0,MOD_ROCKET_SPLASH,bad,True,0.25333333333333335,0.25666666666666665,0.23880374265188334,0.22083979677376328,00:08:17.083,sal,^7wol^3f,MOD_ROCKET_SPLASH,54.75960159301758,0.06637527793645859,81.14886474609375,2459.056640625,424.0,606,0,582,470.0,412.0,464.0,,,129.0,35.0
12 sal mpctf_talravin 2015-06-19_21-37-11.dm_26.dm_meta,756471,168180,1423764.0,MOD_ROCKET_SPLASH,bad,False,0.13666666666666666,0.17666666666666667,0.23903157037989137,0.14871587851497164,00:09:48.724,sal,^41^7E0,MOD_ROCKET_SPLASH,0.0,0.0,4.730890274047852,143.3603057861328,384.0,150,247,311,272.0,593.0,240.0,,,162.0,0.0
12 sal mpctf_talravin 2015-06-19_21-37-11.dm_26.dm_meta,887712,168180,1423764.0,MOD_ROCKET_SPLASH,bad,True,0.17,0.22333333333333333,0.14945210130908362,0.05383003870128774,00:11:59.965,sal,Cydonis (d only),MOD_ROCKET_SPLASH,7.372644901275635,0.22341348230838776,173.10162353515625,5245.50390625,56.0,210,114,459,267.0,111.0,429.0,,,88.0,0.0
12 sal mpctf_talravin 2015-06-19_21-37-11.dm_26.dm_meta,891342,168180,1423764.0,MOD_ROCKET_SPLASH,bad,False,0.27666666666666667,0.36,0.21948194044490013,0.07592929203930716,00:12:03.595,sal,,MOD_ROCKET_SPLASH,1.3229291439056396,0.005726966075599194,47.8438606262207,1449.81396484375,273.0,252,0,223,171.0,7.0,368.0,,,187.0,149.0
12 sal mpctf_talravin 2015-06-19_21-37-11.dm_26.dm_meta,902265,168180,1423764.0,MOD_THERMAL_SPLASH,bad,False,,,,,00:12:14.518,sal,^7wol^3f,MOD_THERMAL_SPLASH,0.0,0.0,6.0627336502075195,183.71920776367188,229.0,519,12,470,379.0,305.0,575.0,,,213.0,16.0
12 sal mpctf_talravin 2015-06-19_21-37-11.dm_26.dm_meta,1065681,168180,1423764.0,MOD_ROCKET_SPLASH,bad,False,0.2833333333333333,0.3233333333333333,0.15231822267389233,0.14298935944006108,00:14:57.934,sal,^41^7E0,MOD_ROCKET_SPLASH,0.4529779255390167,0.013726604171097279,0.5916318893432617,17.928239822387695,190.0,425,0,427,288.0,296.0,212.0,,,202.0,70.0
12 sal mpctf_talravin 2015-06-19_21-37-11.dm_26.dm_meta,1151316,168180,1423764.0,MOD_ROCKET_SPLASH,bad,False,0.39666666666666667,0.3233333333333333,0.13516941217661946,0.1196835887991043,00:16:23.569,sal,,MOD_ROCKET_SPLASH,0.0,0.0,0.0,0.0,95.0,528,37,481,444.0,521.0,458.0,,,399.0,139.0
12 sal mpctf_talravin 2015-06-19_21-37-11.dm_26.dm_meta,1202169,168180,1423764.0,MOD_ROCKET_SPLASH,bad,False,0.3,0.29333333333333333,0.3188889921150381,0.30446861976846945,00:17:14.422,sal,^7mou^1z ^7coolle^4R,MOD_ROCKET_SPLASH,0.3474181890487671,0.01052782405167818,28.806507110595703,872.9244384765625,513.0,286,37,365,190.0,28.0,205.0,,,19.0,0.0
12 sal mpctf_talravin 2015-06-19_21-37-11.dm_26.dm_meta,1262229,168180,1423764.0,MOD_SABER,bad,True,,,,,00:18:14.482,sal,^7wol^3f,MOD_SABER,2.4448037147521973,0.07408495992422104,156.613037109375,4745.849609375,48.0,213,51,320,334.0,0.0,332.0,,,905.0,426.0
12 sal mpctf_talravin 2015-06-19_21-37-11.dm_26.dm_meta,1370172,168180,1423764.0,MOD_ROCKET_SPLASH,bad,False,0.27666666666666667,0.30333333333333334,0.4295158611413165,0.19953640965810224,00:20:02.425,sal,,MOD_ROCKET_SPLASH,0.0,0.0,72.37251281738281,2193.1064453125,729.0,347,403,523,467.0,43.0,184.0,,,76.0,0.0
12 sal mpctf_talravin 2015-06-19_21-37-11.dm_26.dm_meta,1384065,168180,1423764.0,MOD_ROCKET,bad,False,0.02666666666666667,0.03,0.03255291501176097,0.005691073908933239,00:20:16.318,sal,,MOD_ROCKET,4.0704345703125,0.12334650009870529,84.61210632324219,2564.003173828125,148.0,391,1,268,309.0,127.0,438.0,99.0,-14.0,21.0,0.0
"1242,1458.dm_26.dm_meta",28537900,28457500,,MOD_SABER,bad,False,,,,,00:01:21.300,oE^2|^4Jeff,^7-=^1redstar^7=-,MOD_SABER,1.60400390625,0.03208007663488388,49.54313659667969,1501.30712890625,31.0,6,0,217,162.0,0.0,260.0,,,4.0,0.0
"1242,1458.dm_26.dm_meta",29108950,28457500,,MOD_ROCKET,bad,True,0.11666666666666667,0.04666666666666667,0.0034281425169679462,0.02634198549114968,00:10:52.350,oE^2|^4Jeff,Lilo,MOD_ROCKET,1.054701805114746,0.021094035357236862,29.3594970703125,889.6817626953125,68.0,876,109,856,177.0,149.0,159.0,150.0,-25.0,13.0,0.0
"1242,1458.dm_26.dm_meta",29218200,28457500,,MOD_THERMAL,bad,False,,,,,00:12:41.600,oE^2|^4Jeff,^7-=^1redstar^7=-,MOD_THERMAL,5.144913673400879,0.10289826989173889,27.055828094482422,819.8735961914062,741.0,372,0,606,322.0,450.0,192.0,450.0,22.0,172.0,140.0
"1242,1458.dm_26.dm_meta",29285200,28457500,,MOD_SABER,bad,True,,,,,00:13:48.600,oE^2|^4Jeff,^2Speedy,MOD_SABER,30.768035888671875,0.6153607368469238,53.38514709472656,1617.731689453125,57.0,203,0,201,105.0,0.0,273.0,,,1.0,0.0
"1242,1458.dm_26.dm_meta",29353600,28457500,,MOD_TRIP_MINE_SPLASH,bad,False,,,,,00:14:57.000,oE^2|^4Jeff,bS.^^0crap,MOD_TRIP_MINE_SPLASH,0.0,0.0,15.641993522644043,473.99981689453125,126.0,524,313,410,269.0,201.0,368.0,,,150.0,0.0
"1242,1458.dm_26.dm_meta",29477550,28457500,,MOD_ROCKET_SPLASH,bad,False,0.32,0.36666666666666664,0.12331407856945381,0.20744503584717736,00:17:00.950,oE^2|^4Jeff,Snake Plissken,MOD_ROCKET_SPLASH,1.8641908168792725,0.03728381544351578,4.602058410644531,139.45631408691406,91.0,399,81,272,211.0,225.0,331.0,,,185.0,64.0
"1242,1458.dm_26.dm_meta",29550900,28457500,,MOD_ROCKET_SPLASH,bad,False,0.19666666666666666,0.29,0.19434291868950798,0.12739697843763964,00:18:14.300,oE^2|^4Jeff,^1-=cAtA=-,MOD_ROCKET_SPLASH,0.0,0.0,4.893851280212402,148.29852294921875,222.0,274,8,504,310.0,365.0,372.0,,,51.0,11.0
"1242,1458.dm_26.dm_meta",29552350,28457500,,MOD_ROCKET_SPLASH,bad,False,0.13333333333333333,0.20666666666666667,0.09878348827526177,0.06549970710305018,00:18:15.750,oE^2|^4Jeff,^1succubus,MOD_ROCKET_SPLASH,4.330843448638916,0.04330843314528465,22.902050018310547,694.0015258789062,147.0,307,513,311,212.0,533.0,218.0,,,305.0,46.0
"1242,1458.dm_26.dm_meta",29632050,28457500,,MOD_BRYAR_PISTOL_ALT,bad,False,0.22666666666666666,0.2966666666666667,0.17221636963512332,0.026269826400049694,00:19:35.450,oE^2|^4Jeff,^2Speedy,MOD_BRYAR_PISTOL_ALT,2.529010057449341,0.05058019980788231,11.529622077941895,349.3824768066406,337.0,442,278,295,427.0,105.0,396.0,150.0,0.0,25.0,2.0
"1242,1458.dm_26.dm_meta",29676250,28457500,,MOD_CONC,bad,False,,,,,00:20:19.650,oE^2|^4Jeff,Snake Plissken,MOD_CONC,0.208740234375,0.0041748047806322575,16.021202087402344,485.490966796875,252.0,256,0,321,291.0,138.0,346.0,,,220.0,79.0
"1242,1458.dm_26.dm_meta",29723950,28457500,,MOD_ROCKET_SPLASH,bad,True,0.08666666666666667,0.14333333333333334,0.11295084798936622,0.08725649999624446,00:21:07.350,oE^2|^4Jeff,Lilo,MOD_ROCKET_SPLASH,53.77919387817383,0.2688959836959839,100.29975128173828,3039.386474609375,188.0,342,57,330,249.0,107.0,172.0,,,104.0,8.0
"1242,1458.dm_26.dm_meta",29723950,28457500,,MOD_ROCKET_SPLASH,bad,True,0.07666666666666666,0.12666666666666668,0.120526488459298,0.06517919985315197,00:21:07.350,oE^2|^4Jeff,^2Speedy,MOD_ROCKET_SPLASH,53.77919387817383,0.2688959836959839,100.29975128173828,3039.386474609375,125.0,342,57,330,596.0,101.0,311.0,,,318.0,29.0
"1242,1458.dm_26.dm_meta",29727900,28457500,,MOD_ROCKET_SPLASH,bad,True,0.07333333333333333,0.09666666666666666,0.16626995893497232,0.05501031211387586,00:21:11.300,oE^2|^4Jeff,^1succubus,MOD_ROCKET_SPLASH,19.576900482177734,0.39153802394866943,120.4544677734375,3650.135498046875,120.0,308,55,229,630.0,155.0,267.0,,,239.0,13.0
"1242,1458.dm_26.dm_meta",29745700,28457500,,MOD_ROCKET_SPLASH,bad,False,0.23,0.26666666666666666,0.1850914388048651,0.15892568243633395,00:21:29.100,oE^2|^4Jeff,bS.^^0crap,MOD_ROCKET_SPLASH,0.0,0.0,3.3877193927764893,102.65816497802734,242.0,185,218,276,380.0,192.0,278.0,,,193.0,8.0
"1242,1458.dm_26.dm_meta",29747600,28457500,,MOD_TRIP_MINE_SPLASH,bad,True,,,,,00:21:31.000,oE^2|^4Jeff,^1succubus,MOD_TRIP_MINE_SPLASH,2.3112125396728516,0.04622425138950348,18.868576049804688,571.7750244140625,40.0,926,21,216,587.0,26.0,431.0,,,96.0,12.0
1255.dm_26.dm_meta,26203250,26132550,,MOD_ROCKET,bad,False,0.04,0.1,0.06213075645953123,0.007505047703699326,00:01:11.750,oE^2|^4Jeff,,MOD_ROCKET,7.726125240325928,0.03863062709569931,41.34977722167969,1253.0235595703125,179.0,494,2,378,626.0,55.0,447.0,200.0,-9.0,168.0,21.0
1255.dm_26.dm_meta,26221050,26132550,,MOD_TRIP_MINE_SPLASH,bad,False,,,,,00:01:29.550,oE^2|^4Jeff,oE^2|^4Jeff,MOD_TRIP_MINE_SPLASH,0.0,0.0,3.4401814937591553,104.2479248046875,0.0,614,140,211,614.0,140.0,211.0,,,0.0,0.0
1255.dm_26.dm_meta,26221050,26132550,,MOD_TRIP_MINE_SPLASH,bad,False,,,,,00:01:29.550,oE^2|^4Jeff,,MOD_TRIP_MINE_SPLASH,0.0,0.0,3.4401814937591553,104.2479248046875,49.0,614,140,211,623.0,20.0,338.0,,,104.0,0.0
1255.dm_26.dm_meta,26330150,26132550,,MOD_ROCKET_SPLASH,bad,True,0.11666666666666667,0.24333333333333335,0.11041023663918076,0.04432213262343721,00:03:18.650,oE^2|^4Jeff,^7-=^1redstar^7=-,MOD_ROCKET_SPLASH,14.760884284973145,0.29521769285202026,49.466758728027344,1498.99267578125,118.0,384,153,181,295.0,402.0,248.0,,,382.0,97.0
1255.dm_26.dm_meta,26385500,26132550,,MOD_ROCKET,bad,True,0.01,0.02,0.01052971647054986,0.002497955437606868,00:04:14.000,oE^2|^4Jeff,^7-=^1redstar^7=-,MOD_ROCKET,49.227088928222656,0.9845417737960815,54.63153839111328,1655.501220703125,35.0,534,268,166,507.0,353.0,249.0,,,118.0,0.0
1255.dm_26.dm_meta,26441550,26132550,,MOD_TRIP_MINE_SPLASH,bad,False,,,,,00:05:10.050,oE^2|^4Jeff,meatwad,MOD_TRIP_MINE_SPLASH,0.8825037479400635,0.017650075256824493,2.6850337982177734,81.36466217041016,302.0,540,82,272,465.0,282.0,642.0,,,406.0,27.0
1255.dm_26.dm_meta,26541250,26132550,,MOD_ROCKET_SPLASH,bad,False,0.31333333333333335,0.3566666666666667,0.17807424263428026,0.12304172432618993,00:06:49.750,oE^2|^4Jeff,meatwad,MOD_ROCKET_SPLASH,0.0,0.0,0.0,0.0,257.0,484,28,587,347.0,49.0,289.0,,,63.0,0.0
1255.dm_26.dm_meta,26543450,26132550,,MOD_ROCKET_SPLASH,bad,False,0.23333333333333334,0.19333333333333333,0.1907155790063928,0.2419820352414744,00:06:51.950,oE^2|^4Jeff,^7t^4u^7rk^4ey,MOD_ROCKET_SPLASH,0.0,0.0,7.661473274230957,232.16586303710938,253.0,334,0,368,547.0,292.0,570.0,,,897.0,431.0
1255.dm_26.dm_meta,26572550,26132550,,MOD_BRYAR_PISTOL_ALT,bad,False,0.15,0.13333333333333333,0.09304234823093992,0.009624895467131647,00:07:21.050,oE^2|^4Jeff,Lilo,MOD_BRYAR_PISTOL_ALT,1.241455078125,0.02482910081744194,15.955167770385742,483.48992919921875,184.0,250,0,301,485.0,47.0,272.0,100.0,8.0,35.0,0.0
1255.dm_26.dm_meta,26579550,26132550,,MOD_SABER,bad,False,,,,,00:07:28.050,oE^2|^4Jeff,meatwad,MOD_SABER,0.0,0.0,0.0,0.0,30.0,0,0,4,0.0,0.0,0.0,,,0.0,0.0
1255.dm_26.dm_meta,26618900,26132550,,MOD_TRIP_MINE_SPLASH,bad,False,,,,,00:08:07.400,oE^2|^4Jeff,^1Edge,MOD_TRIP_MINE_SPLASH,0.5108642578125,0.01021728478372097,10.546876907348633,319.6023254394531,384.0,116,0,288,218.0,253.0,624.0,,,182.0,35.0
1255.dm_26.dm_meta,26627400,26132550,,MOD_ROCKET_SPLASH,bad,False,0.19666666666666666,0.19333333333333333,0.19511416029220946,0.16763970907781467,00:08:15.900,oE^2|^4Jeff,,MOD_ROCKET_SPLASH,0.0,0.0,3.2539288997650146,98.6039047241211,169.0,250,0,247,452.0,94.0,391.0,,,231.0,30.0
1255.dm_26.dm_meta,26672550,26132550,,MOD_DISRUPTOR_SNIPER,bad,False,,,,,00:09:01.050,oE^2|^4Jeff,,MOD_DISRUPTOR_SNIPER,0.615234375,0.01230468787252903,20.558095932006836,622.9725952148438,1040.0,0,0,0,0.0,0.0,281.0,,,0.0,0.0
1255.dm_26.dm_meta,26694400,26132550,,MOD_TRIP_MINE_SPLASH,bad,False,,,,,00:09:22.900,oE^2|^4Jeff,meatwad,MOD_TRIP_MINE_SPLASH,0.0,0.0,0.208740234375,6.3254618644714355,285.0,211,0,265,578.0,393.0,884.0,,,647.0,41.0
1255.dm_26.dm_meta,26697500,26132550,,MOD_ROCKET_SPLASH,bad,False,0.26666666666666666,0.28,0.12597761446771244,0.19174520880888044,00:09:26.000,oE^2|^4Jeff,,MOD_ROCKET_SPLASH,0.0,0.0,5.725642681121826,173.5043182373047,48.0,27,187,210,217.0,136.0,383.0,,,114.0,22.0
1255.dm_26.dm_meta,26848200,26132550,,MOD_DET_PACK_SPLASH,bad,False,,,,,00:11:56.700,oE^2|^4Jeff,Lilo,MOD_DET_PACK_SPLASH,0.0,0.0,35.691383361816406,1081.55712890625,140.0,479,409,303,729.0,125.0,247.0,,,112.0,0.0
1255.dm_26.dm_meta,26899450,26132550,,MOD_BRYAR_PISTOL_ALT,bad,False,0.3,0.39,0.3516131584636112,0.16858585041456484,00:12:47.950,oE^2|^4Jeff,^7-=^1redstar^7=-,MOD_BRYAR_PISTOL_ALT,0.6186092495918274,0.012372184544801712,6.496945381164551,196.87713623046875,306.0,437,0,301,334.0,419.0,350.0,150.0,26.0,185.0,147.0
1255.dm_26.dm_meta,26928150,26132550,,MOD_DET_PACK_SPLASH,bad,True,,,,,00:13:16.650,oE^2|^4Jeff,,MOD_DET_PACK_SPLASH,10.6873779296875,0.07124918699264526,10.6873779296875,323.85992431640625,49.0,1032,55,482,990.0,21.0,186.0,,,694.0,128.0
1255.dm_26.dm_meta,26952450,26132550,,MOD_BLASTER,bad,False,,,,,00:13:40.950,oE^2|^4Jeff,,MOD_BLASTER,0.0,0.0,1.3921242952346802,42.185585021972656,539.0,249,55,225,187.0,9.0,166.0,,,8.0,0.0
1255.dm_26.dm_meta,27031950,26132550,,MOD_ROCKET_SPLASH,bad,False,0.25333333333333335,0.35333333333333333,0.1502612145654352,0.16368152660951435,00:15:00.450,oE^2|^4Jeff,Lilo,MOD_ROCKET_SPLASH,1.844173789024353,0.03688347712159157,8.942391395568848,270.9815673828125,158.0,359,5,355,257.0,194.0,244.0,,,135.0,0.0
1255.dm_26.dm_meta,27109950,26132550,,MOD_ROCKET,bad,False,0.22666666666666666,0.25,0.27639747972334877,0.09385830144103166,00:16:18.450,oE^2|^4Jeff,Snake Plissken,MOD_ROCKET,1.927153468132019,0.03854306787252426,4.26748514175415,129.31773376464844,815.0,340,0,405,451.0,29.0,304.0,1450.0,-2.0,62.0,0.0
1255.dm_26.dm_meta,27152200,26132550,,MOD_ROCKET_SPLASH,bad,False,0.48,0.48,0.2134242443905239,0.8174849281678193,00:17:00.700,oE^2|^4Jeff,,MOD_ROCKET_SPLASH,1.3927310705184937,0.027854621410369873,78.86324310302734,2389.795166015625,308.0,321,0,356,71.0,58.0,172.0,,,48.0,46.0
1255.dm_26.dm_meta,27156600,26132550,,MOD_ROCKET_SPLASH,bad,False,0.17,0.23,0.1403020272914007,0.10936329608994882,00:17:05.100,oE^2|^4Jeff,oE|^1eido,MOD_ROCKET_SPLASH,5.604817867279053,0.028024088591337204,6.093592643737793,184.65432739257812,173.0,368,311,338,470.0,242.0,400.0,,,350.0,34.0
1255.dm_26.dm_meta,27176100,26132550,,MOD_ROCKET_SPLASH,bad,False,0.26,0.22666666666666666,0.32280775839752385,0.2940030158391763,00:17:24.600,oE^2|^4Jeff,,MOD_ROCKET_SPLASH,5.438870429992676,0.10877741128206253,60.95290756225586,1847.057861328125,367.0,452,0,414,614.0,423.0,371.0,,,69.0,0.0
1255.dm_26.dm_meta,27184700,26132550,,MOD_ROCKET_SPLASH,bad,False,0.26666666666666666,0.2833333333333333,0.18571268257264212,0.45069716049062697,00:17:33.200,oE^2|^4Jeff,Lilo,MOD_ROCKET_SPLASH,5.9823784828186035,0.1196475699543953,101.07634735107422,3062.919677734375,226.0,323,112,276,463.0,625.0,439.0,,,815.0,403.0
1255.dm_26.dm_meta,27188550,26132550,,MOD_ROCKET_SPLASH,bad,False,0.08666666666666667,0.16,0.12183616397480775,0.0671451489851557,00:17:37.050,oE^2|^4Jeff,^7-=^1redstar^7=-,MOD_ROCKET_SPLASH,0.0,0.0,15.999475479125977,484.83258056640625,230.0,287,670,365,400.0,291.0,255.0,,,329.0,8.0
1255.dm_26.dm_meta,27249450,26132550,,MOD_ROCKET_SPLASH,bad,False,0.18666666666666668,0.24,0.2537056439400767,0.13075838155498692,00:18:37.950,oE^2|^4Jeff,^7-=^1redstar^7=-,MOD_ROCKET_SPLASH,1.8134846687316895,0.036269694566726685,16.99741554260254,515.0731811523438,396.0,259,114,276,257.0,244.0,291.0,,,181.0,14.0
1255.dm_26.dm_meta,27268000,26132550,,MOD_DET_PACK_SPLASH,bad,False,,,,,00:18:56.500,oE^2|^4Jeff,,MOD_DET_PACK_SPLASH,0.0,0.0,0.0,0.0,172.0,745,126,381,978.0,479.0,206.0,,,818.0,36.0
1255.dm_26.dm_meta,27300950,26132550,,MOD_ROCKET_SPLASH,bad,False,0.18333333333333332,0.16666666666666666,0.1834890440950232,0.14603528316832698,00:19:29.450,oE^2|^4Jeff,Lilo,MOD_ROCKET_SPLASH,0.5257391333580017,0.01051478274166584,6.211425304412842,188.22500610351562,201.0,250,0,248,327.0,313.0,257.0,,,277.0,4.0
1255.dm_26.dm_meta,27311600,26132550,,MOD_BRYAR_PISTOL_ALT,bad,False,0.13666666666666666,0.13333333333333333,0.039403954248253124,0.009591792047391365,00:19:40.100,oE^2|^4Jeff,^7-=^1redstar^7=-,MOD_BRYAR_PISTOL_ALT,7.350175857543945,0.14700351655483246,21.66401481628418,656.4852905273438,219.0,52,0,327,504.0,19.0,246.0,100.0,-4.0,45.0,0.0
13 sal mpctf_genarius 2014-12-27_20-30-02.dm_26.dm_meta,101190,85911,1301532.0,MOD_REPEATER_ALT_SPLASH,bad,False,0.10333333333333333,0.20666666666666667,0.17369556688008717,0.11074687682232658,00:00:15.712,sal,,MOD_REPEATER_ALT_SPLASH,0.0,0.0,30.01104736328125,909.4256591796875,155.0,239,0,313,333.0,134.0,252.0,,,172.0,20.0
13 sal mpctf_genarius 2014-12-27_20-30-02.dm_26.dm_meta,105579,85911,1301532.0,MOD_DISRUPTOR_SNIPER,bad,False,,,,,00:00:20.101,sal,spdy,MOD_DISRUPTOR_SNIPER,0.0,0.0,16.656564712524414,504.744384765625,1553.0,0,0,77,687.0,66.0,640.0,,,215.0,14.0
13 sal mpctf_genarius 2014-12-27_20-30-02.dm_26.dm_meta,130989,85911,1301532.0,MOD_ROCKET_SPLASH,bad,False,0.25666666666666665,0.31666666666666665,0.15683003096712,0.20627789264811466,00:00:45.511,sal,spdy,MOD_ROCKET_SPLASH,3.2166731357574463,0.09747494012117386,100.29939270019531,3039.37548828125,120.0,301,6,339,498.0,312.0,441.0,,,805.0,326.0
13 sal mpctf_genarius 2014-12-27_20-30-02.dm_26.dm_meta,158544,85911,1301532.0,MOD_TRIP_MINE_SPLASH,bad,True,,,,,00:01:13.066,sal,,MOD_TRIP_MINE_SPLASH,54.50428009033203,0.13763706386089325,54.551029205322266,1653.0615234375,163.0,190,0,221,101.0,502.0,266.0,,,17.0,16.0
13 sal mpctf_genarius 2014-12-27_20-30-02.dm_26.dm_meta,171744,85911,1301532.0,MOD_TRIP_MINE_SPLASH,bad,False,,,,,00:01:26.266,sal,spdy,MOD_TRIP_MINE_SPLASH,1.3380787372589111,0.04054784029722214,35.51926803588867,1076.3414306640625,139.0,332,147,306,359.0,234.0,578.0,,,90.0,48.0
13 sal mpctf_genarius 2014-12-27_20-30-02.dm_26.dm_meta,199035,85911,1301532.0,MOD_ROCKET,bad,False,0.08666666666666667,0.11333333333333333,0.07985892040841154,0.004158004513356408,00:01:53.557,sal,spdy,MOD_ROCKET,0.0,0.0,112.56810760498047,3411.15478515625,109.0,394,198,453,961.0,331.0,466.0,99.0,-30.0,78.0,0.0
13 sal mpctf_genarius 2014-12-27_20-30-02.dm_26.dm_meta,271140,85911,1301532.0,MOD_BRYAR_PISTOL_ALT,bad,False,0.13333333333333333,0.11333333333333333,0.04057491201149457,0.013924300564118166,00:03:05.662,sal,spdy,MOD_BRYAR_PISTOL_ALT,0.0,0.0,30.972747802734375,938.568115234375,125.0,0,0,358,415.0,24.0,250.0,66.0,-4.0,31.0,0.0
13 sal mpctf_genarius 2014-12-27_20-30-02.dm_26.dm_meta,328131,85911,1301532.0,MOD_REPEATER_ALT_SPLASH,bad,False,0.37666666666666665,0.46,0.1721827491167059,0.12261240499676784,00:04:02.653,sal,spdy,MOD_REPEATER_ALT_SPLASH,0.42811453342437744,0.012973167933523655,3.244619131088257,98.32179260253906,138.0,427,0,383,394.0,106.0,488.0,,,129.0,11.0
13 sal mpctf_genarius 2014-12-27_20-30-02.dm_26.dm_meta,385419,85911,1301532.0,MOD_DET_PACK_SPLASH,bad,False,,,,,00:04:59.941,sal,,MOD_DET_PACK_SPLASH,0.0,0.0,0.0,0.0,38.0,0,0,544,946.0,541.0,333.0,,,87.0,0.0
13 sal mpctf_genarius 2014-12-27_20-30-02.dm_26.dm_meta,437229,85911,1301532.0,MOD_REPEATER_ALT_SPLASH,bad,False,0.12,0.13666666666666666,0.10535934796826216,0.0720508118650878,00:05:51.751,sal,spdy,MOD_REPEATER_ALT_SPLASH,32.48429870605469,0.039374906569719315,50.08359146118164,1517.6845703125,32.0,381,52,550,550.0,74.0,308.0,,,138.0,0.0
13 sal mpctf_genarius 2014-12-27_20-30-02.dm_26.dm_meta,496860,85911,1301532.0,MOD_REPEATER_ALT_SPLASH,bad,False,0.29,0.2966666666666667,0.22479541819798587,0.19289267743944086,00:06:51.382,sal,spdy,MOD_REPEATER_ALT_SPLASH,0.714111328125,0.010819868184626102,2.860182285308838,86.67218780517578,242.0,379,7,411,515.0,82.0,449.0,,,140.0,0.0
13 sal mpctf_genarius 2014-12-27_20-30-02.dm_26.dm_meta,527880,85911,1301532.0,MOD_TRIP_MINE_SPLASH,bad,False,,,,,00:07:22.402,sal,spdy,MOD_TRIP_MINE_SPLASH,13.626679420471191,0.031763821840286255,22.087560653686523,669.3200073242188,303.0,387,0,404,297.0,61.0,209.0,,,59.0,0.0
13 sal mpctf_genarius 2014-12-27_20-30-02.dm_26.dm_meta,565269,85911,1301532.0,MOD_ROCKET_SPLASH,bad,False,0.14,0.16666666666666666,0.2669348379709725,0.15612931196123758,00:07:59.791,sal,,MOD_ROCKET_SPLASH,0.0,0.0,61.36600112915039,1859.5758056640625,328.0,358,0,235,263.0,323.0,256.0,,,146.0,42.0
13 sal mpctf_genarius 2014-12-27_20-30-02.dm_26.dm_meta,636681,85911,1301532.0,MOD_SABER,bad,True,,,,,00:09:11.203,sal,spdy,MOD_SABER,0.0,0.0,174.4078826904297,5285.08740234375,70.0,434,0,339,419.0,0.0,258.0,,,19.0,0.0
13 sal mpctf_genarius 2014-12-27_20-30-02.dm_26.dm_meta,658659,85911,1301532.0,MOD_REPEATER_ALT,bad,True,0.08333333333333333,0.14333333333333334,0.028428519826095667,0.02209229254145019,00:09:33.181,sal,spdy,MOD_REPEATER_ALT,46.16379928588867,0.17486287653446198,104.96134185791016,3180.646728515625,123.0,443,187,420,787.0,70.0,542.0,132.0,36.0,579.0,189.0
13 sal mpctf_genarius 2014-12-27_20-30-02.dm_26.dm_meta,745845,85911,1301532.0,MOD_DET_PACK_SPLASH,bad,False,,,,,00:11:00.367,sal,spdy,MOD_DET_PACK_SPLASH,0.3621324300765991,0.010973709635436535,57.91468811035156,1754.9906005859375,364.0,207,0,199,936.0,112.0,751.0,,,429.0,17.0
13 sal mpctf_genarius 2014-12-27_20-30-02.dm_26.dm_meta,811449,85911,1301532.0,MOD_THERMAL_SPLASH,bad,False,,,,,00:12:05.971,sal,spdy,MOD_THERMAL_SPLASH,6.472415924072266,0.010322832502424717,24.552635192871094,744.0192260742188,353.0,250,0,262,322.0,302.0,272.0,,,191.0,20.0
13 sal mpctf_genarius 2014-12-27_20-30-02.dm_26.dm_meta,843525,85911,1301532.0,MOD_BRYAR_PISTOL_ALT,bad,False,0.32,0.38,0.2423620447418095,0.1620111974092215,00:12:38.047,sal,spdy,MOD_BRYAR_PISTOL_ALT,0.0,0.0,57.33445739746094,1737.4078369140625,107.0,292,151,343,635.0,144.0,399.0,66.0,26.0,887.0,406.0
13 sal mpctf_genarius 2014-12-27_20-30-02.dm_26.dm_meta,892299,85911,1301532.0,MOD_ROCKET_SPLASH,bad,False,0.19,0.21666666666666667,0.2518357382637383,0.20756804171489812,00:13:26.821,sal,spdy,MOD_ROCKET_SPLASH,0.0,0.0,47.03706741333008,1425.36572265625,287.0,75,110,259,584.0,91.0,330.0,,,420.0,183.0
13 sal mpctf_genarius 2014-12-27_20-30-02.dm_26.dm_meta,932592,85911,1301532.0,MOD_REPEATER_ALT_SPLASH,bad,False,0.2633333333333333,0.38333333333333336,0.2632884625929683,0.10443638138242381,00:14:07.114,sal,,MOD_REPEATER_ALT_SPLASH,4.6307373046875,0.1403253674507141,69.73359680175781,2113.139404296875,281.0,251,0,218,281.0,25.0,504.0,,,29.0,0.0
13 sal mpctf_genarius 2014-12-27_20-30-02.dm_26.dm_meta,1052778,85911,1301532.0,MOD_ROCKET_SPLASH,bad,True,0.46,0.29333333333333333,0.23050590701746332,0.8949014063956799,00:16:07.300,sal,^0xmas ^7UNDEAD,MOD_ROCKET_SPLASH,0.3203037679195404,0.009706174954771996,172.77163696289062,5235.50439453125,240.0,324,0,426,101.0,124.0,208.0,,,32.0,2.0
13 sal mpctf_genarius 2014-12-27_20-30-02.dm_26.dm_meta,1060896,85911,1301532.0,MOD_ROCKET_SPLASH,bad,False,0.3333333333333333,0.46,0.13659008740955514,0.26766391680292734,00:16:15.418,sal,,MOD_ROCKET_SPLASH,9.706974029541016,0.021010765805840492,10.498360633850098,318.13214111328125,230.0,296,174,283,192.0,229.0,9.0,,,122.0,0.0
13 sal mpctf_genarius 2014-12-27_20-30-02.dm_26.dm_meta,1081257,85911,1301532.0,MOD_ROCKET_SPLASH,bad,False,0.18666666666666668,0.31666666666666665,0.2118625050259375,0.133071520679194,00:16:35.779,sal,^0xmas ^7UNDEAD,MOD_ROCKET_SPLASH,7.876379489898682,0.021698014810681343,9.804292678833008,297.09979248046875,293.0,148,0,198,244.0,317.0,144.0,,,143.0,8.0
13 sal mpctf_genarius 2014-12-27_20-30-02.dm_26.dm_meta,1092378,85911,1301532.0,MOD_ROCKET_SPLASH,bad,False,0.3433333333333333,0.25666666666666665,0.17186514768254121,0.41796839852992096,00:16:46.900,sal,spdy,MOD_ROCKET_SPLASH,19.49212646484375,0.08438149839639664,95.02140808105469,2879.4365234375,382.0,208,671,501,203.0,137.0,475.0,,,79.0,0.0
13 sal mpctf_kejim 2014-12-26_21-40-09.dm_26.dm_meta,248733,205338,1420959.0,MOD_TRIP_MINE_SPLASH,bad,False,,,,,00:00:43.828,sal,^0P_rn Fay_01,MOD_TRIP_MINE_SPLASH,0.0,0.0,46.09626388549805,1396.8564453125,284.0,584,123,586,440.0,71.0,289.0,,,104.0,0.0
13 sal mpctf_kejim 2014-12-26_21-40-09.dm_26.dm_meta,270612,205338,1420959.0,MOD_ROCKET,bad,False,0.043333333333333335,0.03666666666666667,0.02937292582729716,0.002309992921658999,00:01:05.707,sal,^0P_rn Fay_01,MOD_ROCKET,33.46265411376953,0.16900330781936646,53.389686584472656,1617.8692626953125,41.0,818,39,632,550.0,185.0,528.0,,,63.0,0.0
13 sal mpctf_kejim 2014-12-26_21-40-09.dm_26.dm_meta,297243,205338,1420959.0,MOD_TRIP_MINE_SPLASH,bad,False,,,,,00:01:32.338,sal,^0P_rn Fay_01,MOD_TRIP_MINE_SPLASH,8.76663875579834,0.03795081749558449,24.108373641967773,730.5567626953125,219.0,334,0,348,436.0,72.0,444.0,,,234.0,52.0
13 sal mpctf_kejim 2014-12-26_21-40-09.dm_26.dm_meta,310773,205338,1420959.0,MOD_THERMAL_SPLASH,bad,False,,,,,00:01:45.868,sal,spec,MOD_THERMAL_SPLASH,6.469233512878418,0.06534579396247864,10.04851245880127,304.5003662109375,206.0,315,166,610,556.0,153.0,487.0,,,98.0,25.0
13 sal mpctf_kejim 2014-12-26_21-40-09.dm_26.dm_meta,317604,205338,1420959.0,MOD_TRIP_MINE_SPLASH,bad,False,,,,,00:01:52.699,sal,^0P_rn Fay_01,MOD_TRIP_MINE_SPLASH,7.467474937438965,0.056571781635284424,133.15660095214844,4035.048583984375,232.0,304,0,446,595.0,34.0,301.0,,,89.0,0.0
13 sal mpctf_kejim 2014-12-26_21-40-09.dm_26.dm_meta,408519,205338,1420959.0,MOD_BRYAR_PISTOL_ALT,bad,True,0.30666666666666664,0.36,0.5267733313677434,0.02267207301363991,00:03:23.614,sal,spec,MOD_BRYAR_PISTOL_ALT,0.0,0.0,15.136006355285645,458.6668701171875,206.0,859,74,842,927.0,287.0,550.0,198.0,-5.0,325.0,45.0
13 sal mpctf_kejim 2014-12-26_21-40-09.dm_26.dm_meta,470889,205338,1420959.0,MOD_FALLING,bad,True,,,,,00:04:25.984,sal,^0P_rn Fay_01,MOD_FALLING,0.0,0.0,160.71481323242188,4870.14599609375,478.0,285,200,211,375.0,0.0,738.0,,,6.0,0.0
13 sal mpctf_kejim 2014-12-26_21-40-09.dm_26.dm_meta,481449,205338,1420959.0,MOD_ROCKET_SPLASH,bad,False,0.28,0.24333333333333335,0.2506733750830548,0.32072756492689564,00:04:36.544,sal,spec,MOD_ROCKET_SPLASH,1.2375600337982178,0.004166868980973959,18.749927520751953,568.1796264648438,415.0,338,0,494,124.0,247.0,333.0,,,95.0,25.0
13 sal mpctf_kejim 2014-12-26_21-40-09.dm_26.dm_meta,514449,205338,1420959.0,MOD_BRYAR_PISTOL_ALT,bad,False,0.2833333333333333,0.34,0.10607360071174708,0.2441852581430643,00:05:09.544,sal,^0P_rn Fay_01,MOD_BRYAR_PISTOL_ALT,39.28178405761719,0.07002100348472595,50.72344207763672,1537.073974609375,312.0,407,129,589,835.0,393.0,468.0,198.0,-3.0,233.0,86.0
13 sal mpctf_kejim 2014-12-26_21-40-09.dm_26.dm_meta,544347,205338,1420959.0,MOD_TRIP_MINE_SPLASH,bad,False,,,,,00:05:39.442,sal,^0P_rn Fay_01,MOD_TRIP_MINE_SPLASH,3.588789701461792,0.027187800034880638,26.471590042114258,802.1693725585938,638.0,0,0,193,195.0,500.0,509.0,,,221.0,209.0
13 sal mpctf_kejim 2014-12-26_21-40-09.dm_26.dm_meta,551244,205338,1420959.0,MOD_REPEATER_ALT_SPLASH,bad,False,0.27666666666666667,0.31666666666666665,0.22603531938761887,0.1483170324938953,00:05:46.339,sal,spec,MOD_REPEATER_ALT_SPLASH,0.0,0.0,4.428025245666504,134.18258666992188,255.0,192,0,421,353.0,24.0,450.0,,,43.0,0.0
13 sal mpctf_kejim 2014-12-26_21-40-09.dm_26.dm_meta,567150,205338,1420959.0,MOD_FLECHETTE,bad,False,,,,,00:06:02.245,sal,spec,MOD_FLECHETTE,0.302722692489624,0.009173414669930935,16.35502052307129,495.606689453125,445.0,424,0,433,502.0,171.0,418.0,132.0,-2.0,92.0,30.0
13 sal mpctf_kejim 2014-12-26_21-40-09.dm_26.dm_meta,573321,205338,1420959.0,MOD_ROCKET_SPLASH,bad,False,0.29,0.29333333333333333,0.13040384989627896,0.22456536079456557,00:06:08.416,sal,sal,MOD_ROCKET_SPLASH,2.0898077487945557,0.021109169349074364,27.417247772216797,830.82568359375,0.0,425,21,280,425.0,21.0,280.0,,,0.0,0.0
13 sal mpctf_kejim 2014-12-26_21-40-09.dm_26.dm_meta,606222,205338,1420959.0,MOD_ROCKET_SPLASH,bad,False,0.17333333333333334,0.15333333333333332,0.21087979422583863,0.1387433572431359,00:06:41.317,sal,^0P_rn Fay_01,MOD_ROCKET_SPLASH,2.8535122871398926,0.010808758437633514,18.117307662963867,549.0093383789062,380.0,149,0,356,252.0,158.0,253.0,,,549.0,439.0
13 sal mpctf_kejim 2014-12-26_21-40-09.dm_26.dm_meta,633249,205338,1420959.0,MOD_TRIP_MINE_SPLASH,bad,True,,,,,00:07:08.344,sal,^0P_rn Fay_01,MOD_TRIP_MINE_SPLASH,22.2528076171875,0.06743275374174118,22.30263900756836,675.8375244140625,65.0,540,74,954,597.0,95.0,702.0,,,171.0,37.0
13 sal mpctf_kejim 2014-12-26_21-40-09.dm_26.dm_meta,651036,205338,1420959.0,MOD_ROCKET_SPLASH,bad,False,0.25666666666666665,0.32666666666666666,0.16499882927440454,0.2707434052486576,00:07:26.131,sal,spec,MOD_ROCKET_SPLASH,2.087033748626709,0.031621724367141724,24.524822235107422,743.1764526367188,189.0,217,87,361,192.0,334.0,322.0,,,111.0,30.0
13 sal mpctf_kejim 2014-12-26_21-40-09.dm_26.dm_meta,666414,205338,1420959.0,MOD_TRIP_MINE_SPLASH,bad,False,,,,,00:07:41.509,sal,^0P_rn Fay_01,MOD_TRIP_MINE_SPLASH,10.002462387084961,0.101034976541996,116.78765106201172,3539.019775390625,61.0,712,54,185,517.0,155.0,373.0,,,51.0,1.0
13 sal mpctf_kejim 2014-12-26_21-40-09.dm_26.dm_meta,666414,205338,1420959.0,MOD_FLECHETTE_ALT_SPLASH,bad,False,0.23666666666666666,0.18,0.16154376378850396,0.14391679661231235,00:07:41.509,sal,sal,MOD_FLECHETTE_ALT_SPLASH,10.002462387084961,0.101034976541996,116.78765106201172,3539.019775390625,0.0,712,54,185,712.0,54.0,185.0,,,0.0,0.0
13 sal mpctf_kejim 2014-12-26_21-40-09.dm_26.dm_meta,723141,205338,1420959.0,MOD_TRIP_MINE_SPLASH,bad,False,,,,,00:08:38.236,sal,^0P_rn Fay_01,MOD_TRIP_MINE_SPLASH,0.0,0.0,48.53284454345703,1470.6922607421875,281.0,250,0,265,191.0,465.0,456.0,,,60.0,55.0
13 sal mpctf_kejim 2014-12-26_21-40-09.dm_26.dm_meta,739113,205338,1420959.0,MOD_ROCKET,bad,True,0.02666666666666667,0.08666666666666667,0.03469414870119112,0.0037844857005288335,00:08:54.208,sal,^0P_rn Fay_01,MOD_ROCKET,56.7279052734375,0.3438054919242859,145.5724334716797,4411.28564453125,104.0,498,598,469,725.0,615.0,517.0,66.0,-9.0,484.0,328.0
13 sal mpctf_kejim 2014-12-26_21-40-09.dm_26.dm_meta,749442,205338,1420959.0,MOD_ROCKET_SPLASH,bad,False,0.20666666666666667,0.17333333333333334,0.29018446596617103,0.199197937587616,00:09:04.537,sal,^0P_rn Fay_01,MOD_ROCKET_SPLASH,0.7539054751396179,0.022845620289444923,133.94677734375,4058.9931640625,258.0,322,255,291,653.0,140.0,533.0,,,284.0,0.0
13 sal mpctf_kejim 2014-12-26_21-40-09.dm_26.dm_meta,788910,205338,1420959.0,MOD_FLECHETTE,bad,True,,,,,00:09:44.005,sal,^0P_rn Fay_01,MOD_FLECHETTE,62.768470764160156,0.07315672934055328,62.768470764160156,1902.0748291015625,224.0,600,19,505,661.0,141.0,510.0,66.0,-6.0,245.0,73.0
13 sal mpctf_kejim 2014-12-26_21-40-09.dm_26.dm_meta,808479,205338,1420959.0,MOD_SABER,bad,False,,,,,00:10:03.574,sal,spec,MOD_SABER,0.0,0.0,51.003292083740234,1545.5543212890625,48.0,426,0,417,367.0,301.0,371.0,,,319.0,6.0
13 sal mpctf_kejim 2014-12-26_21-40-09.dm_26.dm_meta,815706,205338,1420959.0,MOD_ROCKET,bad,False,0.016666666666666666,0.016666666666666666,0.028227970179388155,0.005247688561580146,00:10:10.801,sal,^0P_rn Adam_02,MOD_ROCKET,1.7068190574645996,0.05172178894281387,23.49350357055664,711.9243774414062,60.0,164,110,505,403.0,145.0,376.0,66.0,-16.0,43.0,0.0
13 sal mpctf_kejim 2014-12-26_21-40-09.dm_26.dm_meta,826266,205338,1420959.0,MOD_ROCKET_SPLASH,bad,False,0.27666666666666667,0.2966666666666667,0.26883562849011344,0.25728103452715134,00:10:21.361,sal,^0P_rn Fay_01,MOD_ROCKET_SPLASH,0.4529779255390167,0.0034316510427743196,1.0379754304885864,31.453800201416016,408.0,425,0,298,152.0,683.0,413.0,,,212.0,208.0
13 sal mpctf_kejim 2014-12-26_21-40-09.dm_26.dm_meta,864282,205338,1420959.0,MOD_TRIP_MINE_SPLASH,bad,False,,,,,00:10:59.377,sal,spec,MOD_TRIP_MINE_SPLASH,32.107078552246094,0.06080885976552963,50.60790252685547,1533.57275390625,133.0,239,10,487,677.0,181.0,423.0,,,376.0,0.0
13 sal mpctf_kejim 2014-12-26_21-40-09.dm_26.dm_meta,901704,205338,1420959.0,MOD_TRIP_MINE_SPLASH,bad,False,,,,,00:11:36.799,sal,^0P_rn Adam_02,MOD_TRIP_MINE_SPLASH,0.0,0.0,6.958019733428955,210.84909057617188,131.0,395,18,423,410.0,201.0,343.0,,,141.0,0.0
13 sal mpctf_kejim 2014-12-26_21-40-09.dm_26.dm_meta,951600,205338,1420959.0,MOD_ROCKET_SPLASH,bad,True,0.28,0.13333333333333333,0.09663422378054225,0.21431408997894033,00:12:26.695,sal,spec,MOD_ROCKET_SPLASH,91.40364837646484,0.10258546471595764,106.85841369628906,3238.1337890625,206.0,160,321,490,390.0,72.0,411.0,,,95.0,0.0
13 sal mpctf_kejim 2014-12-26_21-40-09.dm_26.dm_meta,1012485,205338,1420959.0,MOD_BRYAR_PISTOL_ALT,bad,False,0.25666666666666665,0.31,0.3059454963063347,0.30074905137876096,00:13:27.580,sal,^0P_rn Fay_01,MOD_BRYAR_PISTOL_ALT,8.73607349395752,0.024066317826509476,8.73607349395752,264.7294921875,289.0,514,124,525,440.0,327.0,529.0,132.0,-3.0,234.0,172.0
13 sal mpctf_kejim 2014-12-26_21-40-09.dm_26.dm_meta,1086999,205338,1420959.0,MOD_REPEATER_ALT_SPLASH,bad,False,0.25666666666666665,0.22333333333333333,0.3695642320078388,0.20711760184436395,00:14:42.094,sal,spec,MOD_REPEATER_ALT_SPLASH,10.876066207885742,0.04708253592252731,12.396363258361816,375.6473693847656,467.0,250,0,250,680.0,163.0,822.0,,,666.0,349.0
13 sal mpctf_kejim 2014-12-26_21-40-09.dm_26.dm_meta,1112409,205338,1420959.0,MOD_FALLING,bad,False,,,,,00:15:07.504,sal,spec,MOD_FALLING,0.6950534582138062,0.010531112551689148,21.75617027282715,659.2778930664062,382.0,12,46,373,461.0,0.0,625.0,,,27.0,0.0
13 sal mpctf_kejim 2014-12-26_21-40-09.dm_26.dm_meta,1124949,205338,1420959.0,MOD_REPEATER_ALT_SPLASH,bad,False,0.18,0.31,0.18539000767098435,0.24738338129375947,00:15:20.044,sal,^0P_rn Fay_01,MOD_REPEATER_ALT_SPLASH,1.1452819108963013,0.0347055122256279,56.79438781738281,1721.0421142578125,199.0,142,177,394,280.0,156.0,440.0,,,131.0,0.0
13 sal mpctf_kejim 2014-12-26_21-40-09.dm_26.dm_meta,1164516,205338,1420959.0,MOD_FLECHETTE_ALT_SPLASH,bad,False,0.19666666666666666,0.3233333333333333,0.23030659022733097,0.15206384963953148,00:15:59.611,sal,^6JA+ Fairy,MOD_FLECHETTE_ALT_SPLASH,0.0,0.0,15.67068862915039,474.8693542480469,320.0,406,129,357,476.0,77.0,226.0,,,122.0,0.0
13 sal mpctf_kejim 2014-12-26_21-40-09.dm_26.dm_meta,1255596,205338,1420959.0,MOD_TRIP_MINE_SPLASH,bad,False,,,,,00:17:30.691,sal,^0P_rn Fay_01,MOD_TRIP_MINE_SPLASH,4.590146064758301,0.13909533619880676,18.326641082763672,555.352783203125,120.0,355,10,492,493.0,237.0,332.0,,,1644.0,1599.0
13 sal mpctf_kejim 2014-12-26_21-40-09.dm_26.dm_meta,1322388,205338,1420959.0,MOD_REPEATER_ALT_SPLASH,bad,True,0.23666666666666666,0.12333333333333334,0.13483423742750403,0.07878733865279784,00:18:37.483,sal,^0P_rn Fay_01,MOD_REPEATER_ALT_SPLASH,130.56260681152344,0.4396047294139862,171.2531280517578,5189.48876953125,217.0,211,0,203,660.0,185.0,571.0,,,153.0,39.0
13 sal mpctf_kejim 2014-12-26_21-40-09.dm_26.dm_meta,1357995,205338,1420959.0,MOD_DISRUPTOR_SNIPER,bad,True,,,,,00:19:13.090,sal,spec,MOD_DISRUPTOR_SNIPER,0.0,0.0,2.6719372272491455,80.9677963256836,2522.0,0,0,34,626.0,363.0,592.0,,,282.0,146.0
13 sal mpctf_kejim 2014-12-26_21-40-09.dm_26.dm_meta,1378125,205338,1420959.0,MOD_REPEATER_ALT,bad,True,0.30666666666666664,0.2733333333333333,0.000542141303171169,0.0322419843414054,00:19:33.220,sal,spec,MOD_REPEATER_ALT,60.89979553222656,0.07689367979764938,60.89979553222656,1845.4483642578125,65.0,430,150,245,88.0,177.0,255.0,33.0,-33.0,11.0,0.0
13 sal mpctf_kejim 2014-12-26_21-40-09.dm_26.dm_meta,1399674,205338,1420959.0,MOD_BRYAR_PISTOL_ALT,bad,False,0.3233333333333333,0.37666666666666665,0.1864121909176307,0.2587381095828918,00:19:54.769,sal,^0P_rn Fay_01,MOD_BRYAR_PISTOL_ALT,20.441194534301758,0.06194301322102547,20.441194534301758,619.4301147460938,114.0,708,460,754,1005.0,639.0,596.0,99.0,-38.0,395.0,128.0
13 sal mpctf_kharzet 2014-12-26_23-11-42.dm_26.dm_meta,753864,594045,1809666.0,MOD_ROCKET_SPLASH,bad,True,0.31,0.27666666666666667,0.2854054241994663,0.3012369276550502,00:02:40.252,sal,^4^^0Doc^7Tr^0Pepper,MOD_ROCKET_SPLASH,1.7549347877502441,0.05317984148859978,160.5629425048828,4865.5439453125,314.0,319,0,417,319.0,9.0,360.0,,,191.0,87.0
13 sal mpctf_kharzet 2014-12-26_23-11-42.dm_26.dm_meta,780231,594045,1809666.0,MOD_ROCKET_SPLASH,bad,False,0.48333333333333334,0.4766666666666667,0.14272612300300677,0.38249343348103826,00:03:06.619,sal,^7A^5b'^7Sou^5l,MOD_ROCKET_SPLASH,2.3662850856781006,0.03585280478000641,6.183753967285156,187.38648986816406,170.0,571,187,167,145.0,170.0,358.0,,,68.0,0.0
13 sal mpctf_kharzet 2014-12-26_23-11-42.dm_26.dm_meta,786138,594045,1809666.0,MOD_ROCKET_SPLASH,bad,False,0.41333333333333333,0.38666666666666666,0.41589567070960815,0.41318291078200003,00:03:12.526,sal,^4^^0Doc^7Tr^0Pepper,MOD_ROCKET_SPLASH,0.0,0.0,107.39310455322266,3254.33642578125,560.0,194,172,280,83.0,490.0,484.0,,,68.0,9.0
13 sal mpctf_kharzet 2014-12-26_23-11-42.dm_26.dm_meta,808743,594045,1809666.0,MOD_TRIP_MINE_SPLASH,bad,False,,,,,00:03:35.131,sal,^0P_rn Fay_01,MOD_TRIP_MINE_SPLASH,0.27022793889045715,0.00409436272457242,3.91965651512146,118.77747344970703,389.0,193,0,205,473.0,25.0,518.0,,,419.0,47.0
13 sal mpctf_kharzet 2014-12-26_23-11-42.dm_26.dm_meta,1018689,594045,1809666.0,MOD_REPEATER_ALT_SPLASH,bad,False,0.2,0.39,0.17148289495536623,0.14123883978277293,00:07:05.077,sal,^4^^0Doc^7Tr^0Pepper,MOD_REPEATER_ALT_SPLASH,5.047822952270508,0.15296433866024017,62.20551300048828,1885.0155029296875,149.0,204,20,339,281.0,98.0,380.0,,,74.0,31.0
13 sal mpctf_kharzet 2014-12-26_23-11-42.dm_26.dm_meta,1152339,594045,1809666.0,MOD_SABER,bad,False,,,,,00:09:18.727,sal,^0xmas ^7UNDEAD,MOD_SABER,24.045434951782227,0.18216238915920258,88.20931243896484,2673.009521484375,33.0,255,0,158,0.0,0.0,0.0,,,0.0,0.0
13 sal mpctf_kharzet 2014-12-26_23-11-42.dm_26.dm_meta,1212762,594045,1809666.0,MOD_ROCKET,bad,False,0.013333333333333334,0.043333333333333335,0.018260547676687677,0.003997243778862325,00:10:19.150,sal,^4^^0Doc^7Tr^0Pepper,MOD_ROCKET,1.6655250787734985,0.05047045648097992,27.211278915405273,824.584228515625,39.0,636,81,199,438.0,194.0,289.0,,,54.0,11.0
13 sal mpctf_kharzet 2014-12-26_23-11-42.dm_26.dm_meta,1342254,594045,1809666.0,MOD_DISRUPTOR_SNIPER,bad,False,,,,,00:12:28.642,sal,^6^6*P^3_^6rn ^7d^63^7lt^64^3_^707,MOD_DISRUPTOR_SNIPER,8.270859718322754,0.250632107257843,138.4622344970703,4195.8251953125,369.0,141,51,248,434.0,185.0,425.0,,,133.0,60.0
13 sal mpctf_kharzet 2014-12-26_23-11-42.dm_26.dm_meta,1548867,594045,1809666.0,MOD_CONC,bad,False,,,,,00:15:55.255,sal,^6^6*P^3_^6rn ^7d^63^7lt^64^3_^707,MOD_CONC,3.873070240020752,0.117365762591362,58.813045501708984,1782.2135009765625,453.0,456,0,568,366.0,106.0,404.0,,,131.0,4.0
13 sal mpctf_kharzet 2014-12-26_23-11-42.dm_26.dm_meta,1659846,594045,1809666.0,MOD_ROCKET,bad,False,0.03,0.03333333333333333,0.024502644164664283,0.005774796412098656,00:17:46.234,sal,^6^6*P^3_^6rn ^7d^63^7lt^64^3_^707,MOD_ROCKET,0.0,0.0,12.876662254333496,390.2018737792969,146.0,458,18,261,476.0,151.0,214.0,99.0,-17.0,49.0,0.0
13 sal mpctf_kharzet 2014-12-26_23-11-42.dm_26.dm_meta,1691988,594045,1809666.0,MOD_FALLING,bad,False,,,,,00:18:18.376,sal,^0P_rn Fay_01,MOD_FALLING,0.0,0.0,30.57548713684082,926.5299072265625,,425,0,452,,,,,,,
13 sal mpctf_kharzet 2014-12-26_23-11-42.dm_26.dm_meta,1784652,594045,1809666.0,MOD_REPEATER_ALT_SPLASH,bad,False,0.21333333333333335,0.20333333333333334,0.43781147332325754,0.117192360881987,00:19:51.040,sal,^6^6*P^3_^6rn ^7d^63^7lt^64^3_^707,MOD_REPEATER_ALT_SPLASH,0.120849609375,0.003662109375,8.021915435791016,243.08834838867188,650.0,265,0,222,206.0,414.0,401.0,,,248.0,48.0
13 sal mpctf_kharzet 2015-05-30_19-52-30.dm_26.dm_meta,278990,135143,1350764.0,MOD_CONC,bad,False,,,,,00:02:24.280,sal,Florentino Ariza,MOD_CONC,0.9015652537345886,0.02732015959918499,4.384418964385986,132.86117553710938,199.0,340,104,339,159.0,59.0,255.0,,,28.0,0.0
13 sal mpctf_kharzet 2015-05-30_19-52-30.dm_26.dm_meta,320933,135143,1350764.0,MOD_CONC,bad,False,,,,,00:03:06.223,sal,sal,MOD_CONC,0.0,0.0,34.11211395263672,1033.700439453125,0.0,143,121,361,143.0,121.0,361.0,,,0.0,0.0
13 sal mpctf_kharzet 2015-05-30_19-52-30.dm_26.dm_meta,456728,135143,1350764.0,MOD_REPEATER_ALT_SPLASH,bad,True,0.27,0.15333333333333332,0.2419423845767585,0.2600965165690335,00:05:22.018,sal,SirWhoresAlot,MOD_REPEATER_ALT_SPLASH,0.15380859375,0.004660866688936949,159.97154235839844,4847.62255859375,143.0,384,40,419,432.0,12.0,475.0,,,31.0,0.0
13 sal mpctf_kharzet 2015-05-30_19-52-30.dm_26.dm_meta,600146,135143,1350764.0,MOD_FALLING,bad,False,,,,,00:07:45.436,sal,sal,MOD_FALLING,0.0,0.0,0.6878529191017151,20.84402847290039,0.0,0,7,6,0.0,7.0,6.0,,,0.0,0.0
13 sal mpctf_talravin 2014-12-26_22-20-16.dm_26.dm_meta,412211,391982,1607603.0,MOD_TRIP_MINE_SPLASH,bad,False,,,,,00:00:20.662,sal,^6JA+ Fairy,MOD_TRIP_MINE_SPLASH,0.0,0.0,43.58572006225586,1320.7794189453125,42.0,285,14,428,468.0,4.0,280.0,,,24.0,0.0
13 sal mpctf_talravin 2014-12-26_22-20-16.dm_26.dm_meta,412211,391982,1607603.0,MOD_FLECHETTE_ALT_SPLASH,bad,False,0.19333333333333333,0.2733333333333333,0.12979653646645456,0.07303738910100238,00:00:20.662,sal,sal,MOD_FLECHETTE_ALT_SPLASH,0.0,0.0,43.58572006225586,1320.7794189453125,0.0,285,14,428,285.0,14.0,428.0,,,0.0,0.0
13 sal mpctf_talravin 2014-12-26_22-20-16.dm_26.dm_meta,472964,391982,1607603.0,MOD_ROCKET_SPLASH,bad,True,0.09333333333333334,0.12,0.14481800979953247,0.053549509164609585,00:01:21.415,sal,^6JA+ Fairy,MOD_ROCKET_SPLASH,13.789837837219238,0.4178738594055176,58.66529846191406,1777.736328125,218.0,479,14,344,366.0,177.0,298.0,,,306.0,86.0
13 sal mpctf_talravin 2014-12-26_22-20-16.dm_26.dm_meta,482336,391982,1607603.0,MOD_ROCKET_SPLASH,bad,False,0.26666666666666666,0.2866666666666667,0.23581698333647141,0.16867095452015077,00:01:30.787,sal,^0P_rn Fay_01,MOD_ROCKET_SPLASH,0.0,0.0,0.0,0.0,303.0,273,0,369,350.0,295.0,384.0,,,180.0,80.0
13 sal mpctf_talravin 2014-12-26_22-20-16.dm_26.dm_meta,584108,391982,1607603.0,MOD_ROCKET_SPLASH,bad,False,0.48,0.3466666666666667,0.20421522201964484,0.8247779288210131,00:03:12.559,sal,^3N^7a^0M^3i,MOD_ROCKET_SPLASH,0.0,0.0,139.33050537109375,4222.13671875,198.0,300,60,300,70.0,115.0,249.0,,,22.0,0.0
13 sal mpctf_talravin 2014-12-26_22-20-16.dm_26.dm_meta,584108,391982,1607603.0,MOD_ROCKET_SPLASH,bad,False,0.25333333333333335,0.20666666666666667,0.20451972338571334,0.25891602486916454,00:03:12.559,sal,^0*^3rS^0! G^3ra^0b^7,MOD_ROCKET_SPLASH,0.0,0.0,139.33050537109375,4222.13671875,115.0,300,60,300,403.0,115.0,346.0,,,202.0,26.0
13 sal mpctf_talravin 2014-12-26_22-20-16.dm_26.dm_meta,592721,391982,1607603.0,MOD_TRIP_MINE_SPLASH,bad,False,,,,,00:03:21.172,sal,^6JA+ Fairy,MOD_TRIP_MINE_SPLASH,6.894185543060303,0.20891471207141876,55.170013427734375,1671.818603515625,361.0,386,134,218,195.0,8.0,230.0,,,7.0,0.0
13 sal mpctf_talravin 2014-12-26_22-20-16.dm_26.dm_meta,600245,391982,1607603.0,MOD_TRIP_MINE_SPLASH,bad,False,,,,,00:03:28.696,sal,^0*^3rS^0! G^3ra^0b^7,MOD_TRIP_MINE_SPLASH,0.0,0.0,2.2062082290649414,66.85479736328125,209.0,319,0,182,431.0,201.0,361.0,,,269.0,12.0
13 sal mpctf_talravin 2014-12-26_22-20-16.dm_26.dm_meta,612521,391982,1607603.0,MOD_ROCKET_SPLASH,bad,False,0.16666666666666666,0.24,0.1501641093186626,0.12026106341178631,00:03:40.972,sal,^6JA+ Fairy,MOD_ROCKET_SPLASH,0.0,0.0,89.74466705322266,2719.535400390625,116.0,531,180,566,342.0,438.0,395.0,,,155.0,13.0
13 sal mpctf_talravin 2014-12-26_22-20-16.dm_26.dm_meta,635786,391982,1607603.0,MOD_BRYAR_PISTOL_ALT,bad,True,0.23,0.27666666666666667,0.7491985981661343,0.2391106868070841,00:04:04.237,sal,^0*^3rS^0! G^3ra^0b^7,MOD_BRYAR_PISTOL_ALT,0.0,0.0,7.660000324249268,232.1212158203125,478.0,1119,292,830,883.0,214.0,486.0,198.0,-11.0,359.0,74.0
13 sal mpctf_talravin 2014-12-26_22-20-16.dm_26.dm_meta,805175,391982,1607603.0,MOD_ROCKET_SPLASH,bad,False,0.3433333333333333,0.3333333333333333,0.09056310605945685,0.18478089250244364,00:06:53.626,sal,sal,MOD_ROCKET_SPLASH,17.8242130279541,0.060014184564352036,17.8242130279541,540.127685546875,0.0,208,191,351,208.0,191.0,351.0,,,0.0,0.0
13 sal mpctf_talravin 2014-12-26_22-20-16.dm_26.dm_meta,848636,391982,1607603.0,MOD_FALLING,bad,False,,,,,00:07:37.087,sal,^6JA+ Fairy,MOD_FALLING,0.0,0.0,6.628674030303955,200.86891174316406,536.0,24,0,259,217.0,0.0,531.0,,,6.0,0.0
13 sal mpctf_talravin 2014-12-26_22-20-16.dm_26.dm_meta,901931,391982,1607603.0,MOD_ROCKET_SPLASH,bad,True,0.15333333333333332,0.16666666666666666,0.0616647117237643,0.03453042653122555,00:08:30.382,sal,sal,MOD_ROCKET_SPLASH,106.47720336914062,0.14666281640529633,106.56937408447266,3229.375,0.0,307,39,285,307.0,39.0,285.0,,,0.0,0.0
13 sal mpctf_talravin 2014-12-26_22-20-16.dm_26.dm_meta,933380,391982,1607603.0,MOD_TRIP_MINE_SPLASH,bad,False,,,,,00:09:01.831,sal,^0*^3rS^0! G^3ra^0b^7,MOD_TRIP_MINE_SPLASH,25.533367156982422,0.055267028510570526,46.95062255859375,1422.74609375,82.0,737,76,170,407.0,535.0,584.0,,,876.0,405.0
13 sal mpctf_talravin 2014-12-26_22-20-16.dm_26.dm_meta,957932,391982,1607603.0,MOD_ROCKET_SPLASH,bad,True,0.24,0.29333333333333333,0.09628798120630043,0.25667936546884057,00:09:26.383,sal,^6JA+ Fairy,MOD_ROCKET_SPLASH,74.65376281738281,0.11906500905752182,74.65376281738281,2262.2353515625,131.0,90,22,337,257.0,301.0,291.0,,,226.0,14.0
13 sal mpctf_talravin 2014-12-26_22-20-16.dm_26.dm_meta,979217,391982,1607603.0,MOD_REPEATER_ALT_SPLASH,bad,False,0.18666666666666668,0.26666666666666666,0.21980103451543714,0.14482426793757505,00:09:47.668,sal,^6JA+ Fairy,MOD_REPEATER_ALT_SPLASH,0.0,0.0,66.79520416259766,2024.0970458984375,188.0,551,17,555,694.0,349.0,629.0,,,553.0,36.0
13 sal mpctf_talravin 2014-12-26_22-20-16.dm_26.dm_meta,995453,391982,1607603.0,MOD_ROCKET_SPLASH,bad,False,0.38666666666666666,0.37,0.14711044525008504,0.12715338498446854,00:10:03.904,sal,^0*^3rS^0! G^3ra^0b^7,MOD_ROCKET_SPLASH,21.87533950805664,0.07365433871746063,76.21296691894531,2309.48388671875,123.0,394,1,435,146.0,350.0,497.0,,,11.0,7.0
13 sal mpctf_talravin 2014-12-26_22-20-16.dm_26.dm_meta,1014263,391982,1607603.0,MOD_REPEATER_ALT_SPLASH,bad,False,0.19,0.22666666666666666,0.19463798104588317,0.22702064221357468,00:10:22.714,sal,^6JA+ Fairy,MOD_REPEATER_ALT_SPLASH,5.642773628234863,0.042748283594846725,25.576995849609375,775.0604858398438,243.0,616,158,515,795.0,306.0,676.0,,,792.0,43.0
13 sal mpctf_talravin 2014-12-26_22-20-16.dm_26.dm_meta,1081055,391982,1607603.0,MOD_ROCKET_SPLASH,bad,True,0.12333333333333334,0.14,0.25308627937336486,0.11547805182965878,00:11:29.506,sal,^0*^3rS^0! G^3ra^0b^7,MOD_ROCKET_SPLASH,0.0,0.0,42.341373443603516,1283.0718994140625,502.0,55,842,630,608.0,112.0,379.0,,,67.0,0.0
13 sal mpctf_talravin 2014-12-26_22-20-16.dm_26.dm_meta,1107917,391982,1607603.0,MOD_ROCKET,bad,False,0.23,0.30333333333333334,0.036167004992357164,0.04520530180214911,00:11:56.368,sal,^6JA+ Fairy,MOD_ROCKET,0.0,0.0,1.715494990348816,51.98469543457031,189.0,463,132,509,647.0,404.0,382.0,363.0,-11.0,640.0,432.0
13 sal mpctf_talravin 2014-12-26_22-20-16.dm_26.dm_meta,1164149,391982,1607603.0,MOD_ROCKET_SPLASH,bad,False,0.19,0.22333333333333333,0.18506512029944866,0.0977075754430138,00:12:52.600,sal,^6JA+ Fairy,MOD_ROCKET_SPLASH,0.33404579758644104,0.0025306500028818846,1.489690899848938,45.142147064208984,220.0,178,0,563,516.0,399.0,121.0,,,156.0,88.0
13 sal mpctf_talravin 2014-12-26_22-20-16.dm_26.dm_meta,1186886,391982,1607603.0,MOD_THERMAL,bad,False,,,,,00:13:15.337,sal,^0*^3rS^0! G^3ra^0b^7,MOD_THERMAL,17.01701545715332,0.03966670110821724,19.60167694091797,593.990234375,76.0,76,163,512,646.0,95.0,357.0,132.0,-13.0,74.0,0.0
13 sal mpctf_talravin 2014-12-26_22-20-16.dm_26.dm_meta,1209128,391982,1607603.0,MOD_TRIP_MINE_SPLASH,bad,False,,,,,00:13:37.579,sal,^0*^3rS^0! G^3ra^0b^7,MOD_TRIP_MINE_SPLASH,4.601268291473389,0.02788647450506687,4.601268291473389,139.432373046875,223.0,174,0,148,270.0,479.0,239.0,,,191.0,23.0
13 sal mpctf_talravin 2014-12-26_22-20-16.dm_26.dm_meta,1223285,391982,1607603.0,MOD_ROCKET,bad,False,0.22,0.11,0.011765160432990694,0.0552114076312931,00:13:51.736,sal,^6JA+ Fairy,MOD_ROCKET,1.9910730123519897,0.06033554673194885,94.39557647705078,2860.471923828125,218.0,274,274,320,356.0,266.0,26.0,330.0,-39.0,25.0,0.0
13 sal mpctf_talravin 2014-12-26_22-20-16.dm_26.dm_meta,1241270,391982,1607603.0,MOD_DISRUPTOR_SNIPER,bad,False,,,,,00:14:09.721,sal,^0*^3rS^0! G^3ra^0b^7,MOD_DISRUPTOR_SNIPER,0.0,0.0,30.589635848999023,926.9586791992188,541.0,0,0,62,412.0,201.0,385.0,,,2133.0,2075.0
13 sal mpctf_talravin 2014-12-26_22-20-16.dm_26.dm_meta,1258760,391982,1607603.0,MOD_ROCKET_SPLASH,bad,False,0.1,0.11666666666666667,0.10650126367317907,0.09987244917989098,00:14:27.211,sal,^0*^3rS^0! G^3ra^0b^7,MOD_ROCKET_SPLASH,38.44520950317383,0.07766708731651306,42.948448181152344,1301.4681396484375,120.0,477,121,381,612.0,215.0,460.0,,,710.0,236.0
13 sal mpctf_talravin 2014-12-26_22-20-16.dm_26.dm_meta,1373402,391982,1607603.0,MOD_ROCKET_SPLASH,bad,True,0.14666666666666667,0.18666666666666668,0.14087733489036905,0.18255686540642319,00:16:21.853,sal,^0*^3rS^0! G^3ra^0b^7,MOD_ROCKET_SPLASH,44.90702438354492,0.06480090320110321,45.38705062866211,1375.365234375,106.0,144,70,415,776.0,214.0,372.0,,,310.0,88.0
13 sal mpctf_talravin 2014-12-26_22-20-16.dm_26.dm_meta,1398251,391982,1607603.0,MOD_ROCKET_SPLASH,bad,False,0.3566666666666667,0.32666666666666666,0.21422662423796848,0.4880133738401476,00:16:46.702,sal,^3N^7a^0M^3i,MOD_ROCKET_SPLASH,0.34480270743370056,0.010448566637933254,30.953166961669922,937.9747314453125,334.0,406,0,430,136.0,141.0,228.0,,,52.0,0.0
13 sal mpctf_talravin 2014-12-26_22-20-16.dm_26.dm_meta,1401089,391982,1607603.0,MOD_ROCKET_SPLASH,bad,False,0.27666666666666667,0.33,0.2466275236100556,0.1342041007152314,00:16:49.540,sal,^6JA+ Fairy,MOD_ROCKET_SPLASH,14.309195518493652,0.017344478517770767,26.77483558654785,811.358642578125,396.0,114,0,398,242.0,18.0,190.0,,,18.0,0.0
13 sal mpctf_talravin 2014-12-26_22-20-16.dm_26.dm_meta,1505237,391982,1607603.0,MOD_ROCKET_SPLASH,bad,False,0.16,0.11666666666666667,0.0873658882061876,0.01734051549255695,00:18:33.688,sal,sal,MOD_ROCKET_SPLASH,33.37916564941406,0.16858164966106415,75.18293762207031,2278.270751953125,0.0,546,462,358,546.0,462.0,358.0,,,0.0,0.0
13 sal mpctf_talravin 2014-12-26_22-20-16.dm_26.dm_meta,1517216,391982,1607603.0,MOD_ROCKET_SPLASH,good,False,0.5466666666666666,0.67,0.1874332206183417,0.6035883277775886,00:18:45.667,sal,^6JA+ Fairy,MOD_ROCKET_SPLASH,16.4157657623291,0.04974474385380745,42.14516067504883,1277.1260986328125,242.0,23,0,189,100.0,6.0,246.0,,,19.0,8.0
13 sal mpctf_talravin 2014-12-26_22-20-16.dm_26.dm_meta,1580642,391982,1607603.0,MOD_DISRUPTOR_SNIPER,bad,False,,,,,00:19:49.093,sal,^6JA+ Fairy,MOD_DISRUPTOR_SNIPER,2.0449037551879883,0.006196678150445223,25.13364601135254,761.6256103515625,1577.0,0,0,385,0.0,0.0,50.0,,,0.0,0.0
2 deltaaa mp_ctf4 2014-02-16_04-37-19.dm_26.dm_meta,344725,282300,1497700.0,MOD_REPEATER_ALT_SPLASH,bad,False,0.4666666666666667,0.42333333333333334,0.11346560055882864,0.4620722731403195,00:01:03.025,deltaaa,deltaaa,MOD_REPEATER_ALT_SPLASH,0.0,0.0,30.973228454589844,938.5827026367188,0.0,58,11,382,58.0,11.0,382.0,,,0.0,0.0
2 deltaaa mp_ctf4 2014-02-16_04-37-19.dm_26.dm_meta,619825,282300,1497700.0,MOD_TRIP_MINE_SPLASH,bad,False,,,,,00:05:38.125,deltaaa,^1S^3i^0nn,MOD_TRIP_MINE_SPLASH,1.4504554271697998,0.058018218725919724,2.5537071228027344,77.38506317138672,191.0,334,25,253,842.0,211.0,562.0,,,219.0,46.0
2 deltaaa mp_ctf4 2014-02-16_04-37-19.dm_26.dm_meta,629900,282300,1497700.0,MOD_ROCKET_SPLASH,bad,False,0.4066666666666667,0.37333333333333335,0.10667409960244148,0.21980789387796315,00:05:48.200,deltaaa,deltaaa,MOD_ROCKET_SPLASH,0.0,0.0,11.10935115814209,336.6470031738281,0.0,72,51,429,72.0,51.0,429.0,,,0.0,0.0
2 deltaaa mp_ctf4 2014-02-16_04-37-19.dm_26.dm_meta,665975,282300,1497700.0,MOD_ROCKET_SPLASH,bad,False,0.24666666666666667,0.26666666666666666,0.11779823974549021,0.10002188274359841,00:06:24.275,deltaaa,deltaaa,MOD_ROCKET_SPLASH,0.0,0.0,13.703092575073242,415.2452392578125,0.0,559,306,254,559.0,306.0,254.0,,,0.0,0.0
2 deltaaa mp_ctf4 2014-02-16_04-37-19.dm_26.dm_meta,692200,282300,1497700.0,MOD_TRIP_MINE_SPLASH,bad,False,,,,,00:06:50.500,deltaaa,sid,MOD_TRIP_MINE_SPLASH,0.0,0.0,88.20835876464844,2672.98046875,66.0,352,239,265,471.0,774.0,500.0,,,121.0,92.0
2 deltaaa mp_ctf4 2014-02-16_04-37-19.dm_26.dm_meta,692200,282300,1497700.0,MOD_TRIP_MINE_SPLASH,bad,False,,,,,00:06:50.500,deltaaa,deltaaa,MOD_TRIP_MINE_SPLASH,0.0,0.0,88.20835876464844,2672.98046875,0.0,352,239,265,352.0,239.0,265.0,,,0.0,0.0
2 deltaaa mp_ctf4 2014-02-16_04-37-19.dm_26.dm_meta,936925,282300,1497700.0,MOD_REPEATER_ALT_SPLASH,bad,False,0.28,0.36333333333333334,0.1872609263114123,0.19492470649290086,00:10:55.225,deltaaa,r^4d^7l,MOD_REPEATER_ALT_SPLASH,6.802395820617676,0.045349303632974625,6.802395820617676,206.13320922851562,299.0,250,256,317,246.0,27.0,373.0,,,24.0,0.0
2 deltaaa mp_ctf4 2014-02-16_04-37-19.dm_26.dm_meta,1048375,282300,1497700.0,MOD_FALLING,bad,False,,,,,00:12:46.675,deltaaa,^1S^3i^0nn,MOD_FALLING,0.0,0.0,43.98235321044922,1332.798583984375,364.0,199,146,360,169.0,0.0,590.0,,,0.0,0.0
2 deltaaa mp_ctf4 2014-02-16_04-37-19.dm_26.dm_meta,1206725,282300,1497700.0,MOD_DISRUPTOR_SNIPER,bad,False,,,,,00:15:25.025,deltaaa,^1S^3i^0nn,MOD_DISRUPTOR_SNIPER,3.428478240966797,0.03428478166460991,4.330620288848877,131.2309112548828,1286.0,279,412,335,434.0,156.0,415.0,,,143.0,60.0
2 deltaaa mp_ctf4 2014-02-16_04-37-19.dm_26.dm_meta,1330300,282300,1497700.0,MOD_DET_PACK_SPLASH,bad,False,,,,,00:17:28.600,deltaaa,r^4d^7l,MOD_DET_PACK_SPLASH,0.0,0.0,5.090133190155029,154.2464599609375,513.0,175,255,373,368.0,64.0,208.0,,,78.0,0.0
2 deltaaa mp_ctf4 2014-02-16_04-37-19.dm_26.dm_meta,1396125,282300,1497700.0,MOD_BRYAR_PISTOL_ALT,bad,False,0.21333333333333335,0.2,0.0196957475323952,0.028036838630036122,00:18:34.425,deltaaa,^1S^3i^0nn,MOD_BRYAR_PISTOL_ALT,14.807730674743652,0.09871820360422134,20.37537384033203,617.435546875,152.0,5,0,139,303.0,18.0,162.0,75.0,-11.0,20.0,4.0
2 sal mpctf4 2015-06-03_23-44-57.dm_26.dm_meta,146862,128184,1343805.0,MOD_REPEATER_ALT,bad,True,0.12,0.16333333333333333,0.03061528237063681,0.004630088784317817,00:00:19.111,sal,g^0.^7o^0.^7a^0.^7t^0.,MOD_REPEATER_ALT,10.481524467468262,0.31762194633483887,35.25547409057617,1068.34765625,89.0,668,279,445,476.0,2.0,687.0,33.0,9.0,370.0,160.0
2 sal mpctf4 2015-06-03_23-44-57.dm_26.dm_meta,158181,128184,1343805.0,MOD_REPEATER_ALT_SPLASH,bad,True,0.23666666666666666,0.31666666666666665,0.1134437634958448,0.08352274325575808,00:00:30.430,sal,^0*^3rS^0! G^3ra^0b^7,MOD_REPEATER_ALT_SPLASH,13.441632270812988,0.4073221981525421,55.03015899658203,1667.58056640625,49.0,122,70,226,245.0,28.0,347.0,,,12.0,1.0
2 sal mpctf4 2015-06-03_23-44-57.dm_26.dm_meta,168213,128184,1343805.0,MOD_REPEATER_ALT_SPLASH,bad,False,0.18,0.25666666666666665,0.33783300589903403,0.06714115015511089,00:00:40.462,sal,g^0.^7o^0.^7a^0.^7t^0.,MOD_REPEATER_ALT_SPLASH,0.0,0.0,15.752617835998535,477.35205078125,417.0,672,122,651,740.0,202.0,728.0,,,133.0,26.0
2 sal mpctf4 2015-06-03_23-44-57.dm_26.dm_meta,192105,128184,1343805.0,MOD_ROCKET_SPLASH,bad,False,0.15333333333333332,0.2866666666666667,0.11682410551470412,0.1780939128119479,00:01:04.354,sal,g^0.^7o^0.^7a^0.^7t^0.,MOD_ROCKET_SPLASH,0.0,0.0,8.554110527038574,259.2154846191406,96.0,383,135,537,249.0,602.0,330.0,,,228.0,22.0
2 sal mpctf4 2015-06-03_23-44-57.dm_26.dm_meta,212499,128184,1343805.0,MOD_ROCKET_SPLASH,bad,True,0.2866666666666667,0.22666666666666666,0.19422189354165892,0.23907101781757129,00:01:24.748,sal,g^0.^7o^0.^7a^0.^7t^0.,MOD_ROCKET_SPLASH,43.94365310668945,0.0532650351524353,71.14962768554688,2156.04931640625,264.0,418,14,693,669.0,70.0,665.0,,,300.0,76.0
2 sal mpctf4 2015-06-03_23-44-57.dm_26.dm_meta,257610,128184,1343805.0,MOD_TRIP_MINE_SPLASH,bad,False,,,,,00:02:09.859,sal,^0*^3rS^0! G^3ra^0b^7,MOD_TRIP_MINE_SPLASH,29.262287139892578,0.031669143587350845,68.29849243164062,2069.6513671875,213.0,257,113,293,577.0,232.0,437.0,,,142.0,46.0
2 sal mpctf4 2015-06-03_23-44-57.dm_26.dm_meta,257610,128184,1343805.0,MOD_FLECHETTE_ALT_SPLASH,bad,False,0.23333333333333334,0.24333333333333335,0.23555819286778917,0.11880768606219816,00:02:09.859,sal,^0res^5i^0st^5i^0nho,MOD_FLECHETTE_ALT_SPLASH,29.262287139892578,0.031669143587350845,68.29849243164062,2069.6513671875,158.0,257,113,293,863.0,423.0,472.0,,,103.0,0.0
2 sal mpctf4 2015-06-03_23-44-57.dm_26.dm_meta,267048,128184,1343805.0,MOD_DET_PACK_SPLASH,bad,False,,,,,00:02:19.297,sal,g^0.^7o^0.^7a^0.^7t^0.,MOD_DET_PACK_SPLASH,0.0,0.0,0.0,0.0,103.0,0,0,276,1146.0,29.0,731.0,,,96.0,16.0
2 sal mpctf4 2015-06-03_23-44-57.dm_26.dm_meta,285759,128184,1343805.0,MOD_ROCKET_SPLASH,bad,False,0.2966666666666667,0.29333333333333333,0.2331865700474316,0.20898953749691365,00:02:38.008,sal,g^0.^7o^0.^7a^0.^7t^0.,MOD_ROCKET_SPLASH,3.720393180847168,0.1127391904592514,93.0805892944336,2820.6240234375,238.0,553,35,349,424.0,15.0,399.0,,,31.0,0.0
2 sal mpctf4 2015-06-03_23-44-57.dm_26.dm_meta,291039,128184,1343805.0,MOD_ROCKET_SPLASH,bad,True,0.24666666666666667,0.19333333333333333,0.13036004918746558,0.29017739598192704,00:02:43.288,sal,^0*^3rS^0! G^3ra^0b^7,MOD_ROCKET_SPLASH,74.79581451416016,0.13332587480545044,76.06306457519531,2304.94140625,352.0,343,446,406,553.0,99.0,294.0,,,220.0,65.0
2 sal mpctf4 2015-06-03_23-44-57.dm_26.dm_meta,322422,128184,1343805.0,MOD_ROCKET_SPLASH,bad,False,0.12333333333333334,0.18666666666666668,0.16196315777232012,0.09735258509149378,00:03:14.671,sal,g^0.^7o^0.^7a^0.^7t^0.,MOD_ROCKET_SPLASH,35.02652359008789,0.13267622888088226,64.03748321533203,1940.52978515625,118.0,319,0,302,551.0,7.0,420.0,,,44.0,0.0
2 sal mpctf4 2015-06-03_23-44-57.dm_26.dm_meta,322422,128184,1343805.0,MOD_ROCKET_SPLASH,bad,False,0.12,0.18333333333333332,0.15091982652597352,0.12768081124456843,00:03:14.671,sal,enab,MOD_ROCKET_SPLASH,35.02652359008789,0.13267622888088226,64.03748321533203,1940.52978515625,204.0,319,0,302,292.0,313.0,333.0,,,266.0,13.0
2 sal mpctf4 2015-06-03_23-44-57.dm_26.dm_meta,347172,128184,1343805.0,MOD_FLECHETTE,bad,False,,,,,00:03:39.421,sal,^0*^3rS^0! G^3ra^0b^7,MOD_FLECHETTE,5.168973922729492,0.011188255622982979,5.468523979187012,165.7128448486328,929.0,249,0,229,59.0,6.0,197.0,264.0,-6.0,1.0,0.0
2 sal mpctf4 2015-06-03_23-44-57.dm_26.dm_meta,379842,128184,1343805.0,MOD_REPEATER_ALT,bad,False,0.21,0.2866666666666667,0.05102052038416881,0.1356834047841985,00:04:12.091,sal,g^0.^7o^0.^7a^0.^7t^0.,MOD_REPEATER_ALT,17.989620208740234,0.045428335666656494,66.81640625,2024.7396240234375,177.0,293,10,314,733.0,522.0,447.0,165.0,-11.0,166.0,39.0
2 sal mpctf4 2015-06-03_23-44-57.dm_26.dm_meta,395880,128184,1343805.0,MOD_ROCKET_SPLASH,bad,False,0.35333333333333333,0.2866666666666667,0.20924315590277737,0.2599472873471788,00:04:28.129,sal,^0*^3rS^0! G^3ra^0b^7,MOD_ROCKET_SPLASH,0.757439374923706,0.011476353742182255,135.76181030273438,4113.994140625,111.0,143,122,266,207.0,165.0,598.0,,,93.0,0.0
2 sal mpctf4 2015-06-03_23-44-57.dm_26.dm_meta,460329,128184,1343805.0,MOD_ROCKET_SPLASH,bad,False,0.17666666666666667,0.25333333333333335,0.14548635795006704,0.1561273397278246,00:05:32.578,sal,^0*^3rS^0! G^3ra^0b^7,MOD_ROCKET_SPLASH,1.668810248374939,0.02528500370681286,67.10441589355469,2033.4671630859375,180.0,393,103,480,367.0,186.0,262.0,,,447.0,235.0
2 sal mpctf4 2015-06-03_23-44-57.dm_26.dm_meta,500523,128184,1343805.0,MOD_ROCKET_SPLASH,bad,False,0.20333333333333334,0.21666666666666667,0.15282823761999337,0.3459520869635258,00:06:12.772,sal,g^0.^7o^0.^7a^0.^7t^0.,MOD_ROCKET_SPLASH,29.602445602416992,0.08154943585395813,38.07894515991211,1153.907470703125,229.0,233,38,288,424.0,375.0,376.0,,,617.0,202.0
2 sal mpctf4 2015-06-03_23-44-57.dm_26.dm_meta,514119,128184,1343805.0,MOD_ROCKET_SPLASH,bad,True,0.11666666666666667,0.18,0.11612922279643502,0.1505528442508171,00:06:26.368,sal,g^0.^7o^0.^7a^0.^7t^0.,MOD_ROCKET_SPLASH,40.886714935302734,0.06194956973195076,55.93213653564453,1694.9132080078125,81.0,547,63,431,451.0,631.0,616.0,,,463.0,16.0
2 sal mpctf4 2015-06-03_23-44-57.dm_26.dm_meta,612294,128184,1343805.0,MOD_ROCKET_SPLASH,bad,False,0.14333333333333334,0.20333333333333334,0.2867228192540583,0.10319180719411818,00:08:04.543,sal,g^0.^7o^0.^7a^0.^7t^0.,MOD_ROCKET_SPLASH,11.12255573272705,0.017739323899149895,18.473609924316406,559.8063354492188,402.0,253,0,241,364.0,145.0,322.0,,,155.0,0.0
2 sal mpctf4 2015-06-03_23-44-57.dm_26.dm_meta,683970,128184,1343805.0,MOD_ROCKET_SPLASH,bad,True,0.37333333333333335,0.3333333333333333,0.2589884031901346,0.4396971105031863,00:09:16.219,sal,g^0.^7o^0.^7a^0.^7t^0.,MOD_ROCKET_SPLASH,54.0234489440918,0.07795591652393341,56.930259704589844,1725.159423828125,488.0,140,252,196,328.0,351.0,529.0,,,243.0,14.0
2 sal mpctf4 2015-06-03_23-44-57.dm_26.dm_meta,701097,128184,1343805.0,MOD_ROCKET_SPLASH,bad,False,0.16666666666666666,0.24,0.1828681958796937,0.09254328470867326,00:09:33.346,sal,^0*^3rS^0! G^3ra^0b^7,MOD_ROCKET_SPLASH,8.418971061706543,0.01962464116513729,77.69544982910156,2354.407470703125,177.0,595,165,654,708.0,463.0,648.0,,,549.0,30.0
2 sal mpctf4 2015-06-03_23-44-57.dm_26.dm_meta,727530,128184,1343805.0,MOD_ROCKET_SPLASH,bad,True,0.21666666666666667,0.16,0.09490148289193935,0.08377351731364031,00:09:59.779,sal,g^0.^7o^0.^7a^0.^7t^0.,MOD_ROCKET_SPLASH,82.60858154296875,0.3129113018512726,163.76174926757812,4962.47705078125,291.0,787,289,849,328.0,326.0,593.0,,,304.0,9.0
2 sal mpctf4 2015-06-03_23-44-57.dm_26.dm_meta,749937,128184,1343805.0,MOD_ROCKET,bad,True,0.01,0.03,0.02930471655112383,0.003390568306210988,00:10:22.186,sal,^0*^3rS^0! G^3ra^0b^7,MOD_ROCKET,47.58578109741211,0.2883986830711365,135.7826690673828,4114.62646484375,82.0,621,83,460,637.0,361.0,351.0,66.0,-16.0,153.0,52.0
2 sal mpctf4 2015-06-03_23-44-57.dm_26.dm_meta,851016,128184,1343805.0,MOD_REPEATER_ALT_SPLASH,bad,False,0.16666666666666666,0.18,0.2145739650739816,0.14962413715572837,00:12:03.265,sal,^0*^3rS^0! G^3ra^0b^7,MOD_REPEATER_ALT_SPLASH,0.0,0.0,38.31574249267578,1161.0831298828125,181.0,93,0,162,370.0,121.0,280.0,,,166.0,12.0
2 sal mpctf4 2015-06-03_23-44-57.dm_26.dm_meta,864216,128184,1343805.0,MOD_REPEATER_ALT_SPLASH,bad,False,0.13,0.19333333333333333,0.19834229480424198,0.13417432242310737,00:12:16.465,sal,g^0.^7o^0.^7a^0.^7t^0.,MOD_REPEATER_ALT_SPLASH,9.75083065032959,0.010943693108856678,30.207509994506836,915.3790893554688,195.0,357,11,267,510.0,405.0,455.0,,,469.0,14.0
2 sal mpctf4 2015-06-03_23-44-57.dm_26.dm_meta,906357,128184,1343805.0,MOD_ROCKET_SPLASH,bad,False,0.3333333333333333,0.31333333333333335,0.20385576329366742,0.1720168061643719,00:12:58.606,sal,g^0.^7o^0.^7a^0.^7t^0.,MOD_ROCKET_SPLASH,0.8244322538375854,0.012491397559642792,55.128265380859375,1670.553466796875,140.0,283,31,165,397.0,276.0,285.0,,,82.0,18.0
2 sal mpctf4 2015-06-03_23-44-57.dm_26.dm_meta,970509,128184,1343805.0,MOD_REPEATER_ALT,bad,False,0.19,0.19333333333333333,0.022746665248982736,0.01521928409851678,00:14:02.758,sal,g^0.^7o^0.^7a^0.^7t^0.,MOD_REPEATER_ALT,21.4682559967041,0.029570600017905235,21.4682559967041,650.55322265625,154.0,211,7,341,475.0,418.0,274.0,132.0,-7.0,491.0,382.0
2 sal mpctf4 2015-06-03_23-44-57.dm_26.dm_meta,1001562,128184,1343805.0,MOD_FALLING,bad,False,,,,,00:14:33.811,sal,^0*^3rS^0! G^3ra^0b^7,MOD_FALLING,0.0,0.0,40.399559020996094,1224.2291259765625,757.0,24,0,37,37.0,0.0,437.0,,,0.0,0.0
2 sal mpctf4 2015-06-03_23-44-57.dm_26.dm_meta,1193259,128184,1343805.0,MOD_ROCKET_SPLASH,bad,True,0.18666666666666668,0.18333333333333332,0.12478464612000541,0.2345399024546223,00:17:45.508,sal,^0*^3rS^0! G^3ra^0b^7,MOD_ROCKET_SPLASH,47.66578674316406,0.09027611464262009,47.66578674316406,1444.4178466796875,242.0,426,0,539,220.0,236.0,297.0,,,145.0,43.0
2 sal mpctf4 2015-06-03_23-44-57.dm_26.dm_meta,1236126,128184,1343805.0,MOD_ROCKET_SPLASH,bad,False,0.19666666666666666,0.2633333333333333,0.15822586715776776,0.07913125839966641,00:18:28.375,sal,g^0.^7o^0.^7a^0.^7t^0.,MOD_ROCKET_SPLASH,11.847517013549805,0.051287952810525894,40.934783935546875,1240.447998046875,197.0,222,0,506,273.0,146.0,232.0,,,90.0,0.0
2 sal mpctf4 2015-06-03_23-44-57.dm_26.dm_meta,1277673,128184,1343805.0,MOD_REPEATER_ALT,bad,False,0.2733333333333333,0.28,0.14949156083411275,0.12229960668189681,00:19:09.922,sal,^0*^3rS^0! G^3ra^0b^7,MOD_REPEATER_ALT,0.8242675065994263,0.024977803230285645,50.733421325683594,1537.37646484375,165.0,491,348,542,580.0,352.0,407.0,165.0,19.0,439.0,284.0
2006-01-19-201838-ctf4.dm_26.dm_meta,57092700,56960050,,MOD_ROCKET,bad,False,0.13333333333333333,0.09666666666666666,0.05361511826835619,0.02158584580850676,00:02:26.500,^^0ghetto^7teh 1337,^3<^7shulba^4*,MOD_ROCKET,2.6261000633239746,0.052521999925374985,34.09437561035156,1033.1629638671875,230.0,120,0,85,497.0,47.0,0.0,200.0,-5.0,58.0,0.0
2006-01-19-201838-ctf4.dm_26.dm_meta,57167150,56960050,,MOD_ROCKET_SPLASH,bad,False,0.15666666666666668,0.26,0.32570267156040394,0.07945084165373217,00:03:40.950,^^0ghetto^7teh 1337,^3<^7batman^4*,MOD_ROCKET_SPLASH,0.9265878200531006,0.018531756475567818,26.144973754882812,792.2719116210938,492.0,336,0,332,217.0,137.0,307.0,,,81.0,0.0
2006-01-19-201838-ctf4.dm_26.dm_meta,57169550,56960050,,MOD_ROCKET_SPLASH,bad,False,0.3233333333333333,0.27666666666666667,0.22990004591725194,0.3642016235944689,00:03:43.350,^^0ghetto^7teh 1337,^3<^7shulba^4*,MOD_ROCKET_SPLASH,3.762556791305542,0.07525113224983215,26.938631057739258,816.3221435546875,344.0,174,0,325,342.0,222.0,101.0,,,217.0,0.0
2006-01-19-201838-ctf4.dm_26.dm_meta,57180900,56960050,,MOD_DISRUPTOR_SNIPER,bad,False,,,,,00:03:54.700,^^0ghetto^7teh 1337,^3<^7shulba^4*,MOD_DISRUPTOR_SNIPER,0.530453085899353,0.0011787846451625228,0.9294329881668091,28.164636611938477,663.0,0,0,4,0.0,0.0,0.0,,,0.0,0.0
2006-01-19-201838-ctf4.dm_26.dm_meta,57287850,56960050,,MOD_DISRUPTOR_SNIPER,bad,False,,,,,00:05:41.650,^^0ghetto^7teh 1337,,MOD_DISRUPTOR_SNIPER,0.0,0.0,0.07768507301807404,2.354093074798584,593.0,0,0,0,0.0,0.0,0.0,,,0.0,0.0
2006-01-19-201838-ctf4.dm_26.dm_meta,57300650,56960050,,MOD_BRYAR_PISTOL_ALT,bad,False,0.21333333333333335,0.2,0.07041102128930522,0.018456047441545182,00:05:54.450,^^0ghetto^7teh 1337,^3<^7batman^4*,MOD_BRYAR_PISTOL_ALT,0.4047459363937378,0.00809491891413927,0.9723055362701416,29.463804244995117,379.0,237,241,203,207.0,66.0,243.0,200.0,0.0,13.0,3.0
2006-01-19-201838-ctf4.dm_26.dm_meta,57305050,56960050,,MOD_ROCKET,bad,False,0.11666666666666667,0.10666666666666667,0.06203378291459806,0.0186373046070843,00:05:58.850,^^0ghetto^7teh 1337,^7p^3H^7a^3G^7e^1.,MOD_ROCKET,0.0,0.0,7.940343379974365,240.61647033691406,373.0,320,32,287,499.0,21.0,0.0,500.0,-2.0,64.0,0.0
2006-01-19-201838-ctf4.dm_26.dm_meta,57330750,56960050,,MOD_ROCKET_SPLASH,bad,False,0.27666666666666667,0.37666666666666665,0.1453011491858702,0.21815713222434863,00:06:24.550,^^0ghetto^7teh 1337,^3<^7batman^4*,MOD_ROCKET_SPLASH,17.582321166992188,0.11721547693014145,81.0475845336914,2455.9873046875,157.0,341,0,354,167.0,117.0,236.0,,,56.0,0.0
2006-01-19-205432-ctf4.dm_26.dm_meta,59166450,59120300,,MOD_TRIP_MINE_SPLASH,bad,False,,,,,00:09:51.200,^^0ghetto^7teh 1337,^4T^7or^4N,MOD_TRIP_MINE_SPLASH,0.0,0.0,30.330196380615234,919.0968627929688,,755,268,734,,,,,,,
2006-01-20-223538-ctf4.dm_26.dm_meta,65308700,65260450,,MOD_ROCKET_SPLASH,bad,True,0.24666666666666667,0.3,0.07532533953739305,0.10538114986857654,00:05:00.250,^^0ghetto^7teh 1337,^4s^3e^7nse,MOD_ROCKET_SPLASH,87.75769805908203,0.19501709938049316,88.5604476928711,2683.64990234375,61.0,381,137,151,231.0,570.0,375.0,,,184.0,14.0
2006-01-20-223538-ctf4.dm_26.dm_meta,65371550,65260450,,MOD_DET_PACK_SPLASH,bad,False,,,,,00:06:03.100,^^0ghetto^7teh 1337,Pedro,MOD_DET_PACK_SPLASH,3.800102472305298,0.07600204646587372,48.31372833251953,1464.0523681640625,407.0,0,2,330,554.0,255.0,0.0,,,2418.0,2110.0
2006-01-20-223538-ctf4.dm_26.dm_meta,65400700,65260450,,MOD_BRYAR_PISTOL_ALT,bad,False,0.16,0.18333333333333332,0.14262505531053227,0.029455607836237664,00:06:32.250,^^0ghetto^7teh 1337,^5^^0neuROOO^7OOOOO,MOD_BRYAR_PISTOL_ALT,0.1263427734375,0.0025268555618822575,5.229844093322754,158.48011779785156,450.0,260,0,194,167.0,13.0,245.0,200.0,-1.0,10.0,0.0
2006-01-20-223538-ctf4.dm_26.dm_meta,65501950,65260450,,MOD_BRYAR_PISTOL_ALT,bad,True,0.20333333333333334,0.17333333333333334,0.025810515172891135,0.1165222689260346,00:08:13.500,^^0ghetto^7teh 1337,^4s^3e^7nse,MOD_BRYAR_PISTOL_ALT,50.90675735473633,0.06363344937562943,166.44557189941406,5043.80517578125,30.0,0,0,151,358.0,48.0,220.0,,,43.0,0.0
2006-01-20-223538-ctf4.dm_26.dm_meta,65538650,65260450,,MOD_ROCKET_SPLASH,bad,False,0.43666666666666665,0.42333333333333334,0.15377553246716047,0.44510851129655155,00:08:50.200,^^0ghetto^7teh 1337,Pedro,MOD_ROCKET_SPLASH,3.957659959793091,0.07915320247411728,7.817839622497559,236.90423583984375,202.0,115,41,294,278.0,274.0,56.0,,,205.0,0.0
2006-01-20-223538-ctf4.dm_26.dm_meta,65561250,65260450,,MOD_BRYAR_PISTOL_ALT,bad,False,0.13666666666666666,0.08666666666666667,0.022135886874513584,0.002273054267582745,00:09:12.800,^^0ghetto^7teh 1337,^2^^0nazi^2turtle,MOD_BRYAR_PISTOL_ALT,0.9744600653648376,0.0021654667798429728,0.9744600653648376,29.52909278869629,202.0,44,0,0,424.0,12.0,0.0,100.0,-1.0,48.0,0.0
2006-01-20-223538-ctf4.dm_26.dm_meta,65599350,65260450,,MOD_ROCKET_SPLASH,bad,False,0.14666666666666667,0.14666666666666667,0.16112210449835998,0.10082143559907901,00:09:50.900,^^0ghetto^7teh 1337,Pedro,MOD_ROCKET_SPLASH,9.82341480255127,0.1964682936668396,38.52771759033203,1167.506591796875,216.0,320,0,314,430.0,253.0,26.0,,,235.0,0.0
2006-01-20-223538-ctf4.dm_26.dm_meta,65620050,65260450,,MOD_BRYAR_PISTOL_ALT,bad,False,0.14666666666666667,0.17,0.04496104688260626,0.017695752855325,00:10:11.600,^^0ghetto^7teh 1337,^^5Ski^5bod^2a^1,MOD_BRYAR_PISTOL_ALT,0.0,0.0,8.677448272705078,262.9529724121094,324.0,397,126,415,359.0,1.0,7.0,250.0,0.0,108.0,16.0
2006-01-20-223538-ctf4.dm_26.dm_meta,65659500,65260450,,MOD_FALLING,bad,False,,,,,00:10:51.050,^^0ghetto^7teh 1337,^2^^0nazi^2turtle,MOD_FALLING,0.0,0.0,34.63883590698242,1049.6617431640625,,426,0,460,,,,,,,
2006-01-20-223538-ctf4.dm_26.dm_meta,65713650,65260450,,MOD_ROCKET,bad,False,0.04,0.043333333333333335,0.03485331611772464,0.008130329466548451,00:11:45.200,^^0ghetto^7teh 1337,^5^^0neuROOO^7OOOOO,MOD_ROCKET,4.255738258361816,0.08511476218700409,18.1689453125,550.5740966796875,169.0,135,13,306,488.0,107.0,43.0,150.0,-12.0,86.0,5.0
2006-01-20-232300-ctf4.dm_26.dm_meta,68354150,68104050,,MOD_ROCKET_SPLASH,bad,False,0.18,0.23666666666666666,0.166305545954918,0.2074679870115376,00:04:16.950,^^0ghetto^7teh 1337,Mith,MOD_ROCKET_SPLASH,10.228150367736816,0.20456300675868988,23.936521530151367,725.34912109375,184.0,355,198,238,433.0,21.0,431.0,,,36.0,0.0
2006-01-20-232300-ctf4.dm_26.dm_meta,68616550,68104050,,MOD_FALLING,bad,True,,,,,00:08:39.350,^^0ghetto^7teh 1337,^^5Ski^5bod^2a^1,MOD_FALLING,0.0,0.0,154.0290985107422,4667.54833984375,,0,60,5604,,,,,,,
2s_pugforall_kejim.dm_26.dm_meta,283780300,283621100,,MOD_TRIP_MINE_SPLASH,bad,False,,,,,00:02:40.000,^1#^4m^7o^4R^7e^1.^4g^7hos^4t,radle,MOD_TRIP_MINE_SPLASH,18.067180633544922,0.060223937034606934,27.413877487182617,830.7235717773438,251.0,262,0,215,188.0,420.0,619.0,,,269.0,264.0
2s_pugforall_kejim.dm_26.dm_meta,283956300,283621100,,MOD_TRIP_MINE_SPLASH,bad,False,,,,,00:05:36.000,^1#^4m^7o^4R^7e^1.^4g^7hos^4t,radle,MOD_TRIP_MINE_SPLASH,0.0,0.0,36.56678771972656,1108.08447265625,231.0,0,0,138,360.0,30.0,644.0,,,204.0,73.0
2s_pugforall_kejim.dm_26.dm_meta,284103650,283621100,,MOD_BRYAR_PISTOL_ALT,bad,True,0.2833333333333333,0.3566666666666667,0.45275771541190096,0.014333653655747894,00:08:03.350,^1#^4m^7o^4R^7e^1.^4g^7hos^4t,,MOD_BRYAR_PISTOL_ALT,9.686444282531738,0.19372887909412384,170.5109405517578,5166.998046875,220.0,407,75,422,321.0,31.0,569.0,100.0,-17.0,246.0,124.0
2s_pugforall_kejim.dm_26.dm_meta,284215800,283621100,,MOD_TRIP_MINE_SPLASH,bad,False,,,,,00:09:55.500,^1#^4m^7o^4R^7e^1.^4g^7hos^4t,radle,MOD_TRIP_MINE_SPLASH,2.2124974727630615,0.04424994811415672,97.60316467285156,2957.671630859375,544.0,204,298,333,79.0,315.0,337.0,,,54.0,53.0
2s_pugforall_kejim.dm_26.dm_meta,284292650,283621100,,MOD_ROCKET_SPLASH,bad,True,0.11666666666666667,0.1,0.07192091633638932,0.03649310208275005,00:11:12.350,^1#^4m^7o^4R^7e^1.^4g^7hos^4t,,MOD_ROCKET_SPLASH,19.179758071899414,0.38359516859054565,19.179758071899414,581.2047729492188,148.0,909,94,871,366.0,361.0,272.0,,,333.0,16.0
2s_pugforall_kejim.dm_26.dm_meta,284298350,283621100,,MOD_ROCKET,bad,True,0.06666666666666667,0.03333333333333333,0.026580589073669142,0.00260835698204989,00:11:18.050,^1#^4m^7o^4R^7e^1.^4g^7hos^4t,,MOD_ROCKET,10.519272804260254,0.21038545668125153,78.58428192138672,2381.341796875,46.0,939,130,600,520.0,479.0,695.0,,,63.0,0.0
2s_pugforall_kejim.dm_26.dm_meta,284415250,283621100,,MOD_FALLING,bad,False,,,,,00:13:14.950,^1#^4m^7o^4R^7e^1.^4g^7hos^4t,^1#^4m^7o^4R^7e^1.^4g^7hos^4t,MOD_FALLING,0.0,0.0,0.33164337277412415,10.049798965454102,0.0,0,0,0,0.0,0.0,0.0,,,0.0,0.0
2s_pugforall_kejim.dm_26.dm_meta,284490000,283621100,,MOD_THERMAL,bad,False,,,,,00:14:29.700,^1#^4m^7o^4R^7e^1.^4g^7hos^4t,,MOD_THERMAL,0.0,0.0,5.213501930236816,157.9849090576172,349.0,354,13,380,449.0,537.0,295.0,450.0,5.0,111.0,26.0
2s_pugforall_kejim.dm_26.dm_meta,284662300,283621100,,MOD_REPEATER_ALT,bad,True,0.4766666666666667,0.37666666666666665,0.31017389366631165,0.8027803788237473,00:17:22.000,^1#^4m^7o^4R^7e^1.^4g^7hos^4t,,MOD_REPEATER_ALT,0.5311352610588074,0.010622705332934856,0.9330297112464905,28.27362823486328,322.0,846,31,823,688.0,622.0,920.0,150.0,-3.0,254.0,64.0
2s_pugforall_kejim.dm_26.dm_meta,284676350,283621100,,MOD_ROCKET_SPLASH,bad,False,0.30666666666666664,0.31666666666666665,0.10329716624788422,0.10669245164989631,00:17:36.050,^1#^4m^7o^4R^7e^1.^4g^7hos^4t,^1#^4m^7o^4R^7e^1.^4g^7hos^4t,MOD_ROCKET_SPLASH,0.0,0.0,76.61863708496094,2321.77685546875,0.0,336,586,326,336.0,586.0,326.0,,,0.0,0.0
2s_pugforall_kejim.dm_26.dm_meta,284702500,283621100,,MOD_TRIP_MINE_SPLASH,bad,False,,,,,00:18:02.200,^1#^4m^7o^4R^7e^1.^4g^7hos^4t,^1#^4m^7o^4R^7e^1.^4g^7hos^4t,MOD_TRIP_MINE_SPLASH,16.50116729736328,0.027501946315169334,16.50116729736328,500.0353698730469,0.0,545,35,385,545.0,35.0,385.0,,,0.0,0.0
2s_pugforall_kejim.dm_26.dm_meta,284719600,283621100,,MOD_ROCKET_SPLASH,bad,False,0.11666666666666667,0.21666666666666667,0.25803092846560155,0.1111219733412641,00:18:19.300,^1#^4m^7o^4R^7e^1.^4g^7hos^4t,radle,MOD_ROCKET_SPLASH,0.0,0.0,40.2010498046875,1218.213623046875,349.0,349,0,391,216.0,117.0,322.0,,,8.0,0.0
2s_pugforall_kejim.dm_26.dm_meta,284770400,283621100,,MOD_ROCKET_SPLASH,bad,True,0.09333333333333334,0.18333333333333332,0.12258713791210718,0.07007580360457875,00:19:10.100,^1#^4m^7o^4R^7e^1.^4g^7hos^4t,,MOD_ROCKET_SPLASH,39.80308151245117,0.15921232104301453,75.72370910644531,2294.657958984375,202.0,376,169,456,381.0,118.0,291.0,,,220.0,50.0
2s_pugforall_kejim.dm_26.dm_meta,284801050,283621100,,MOD_TRIP_MINE_SPLASH,bad,False,,,,,00:19:40.750,^1#^4m^7o^4R^7e^1.^4g^7hos^4t,,MOD_TRIP_MINE_SPLASH,0.0,0.0,1.6606807708740234,50.32366180419922,100.0,630,499,635,413.0,112.0,510.0,,,268.0,61.0
3 Eclipse mpctf4 2015-03-29_17-10-03.dm_26.dm_meta,294467,154910,1370102.0,MOD_DISRUPTOR_SNIPER,bad,False,,,,,00:02:20.452,Eclipse,Czar,MOD_DISRUPTOR_SNIPER,0.0,0.0,68.19747924804688,2066.59033203125,1148.0,0,0,103,726.0,0.0,777.0,,,45.0,0.0
3 Eclipse mpctf4 2015-03-29_17-10-03.dm_26.dm_meta,395711,154910,1370102.0,MOD_DISRUPTOR,bad,False,,,,,00:04:01.696,Eclipse,teh,MOD_DISRUPTOR,0.0,0.0,23.464406967163086,711.0426635742188,187.0,359,1,382,385.0,160.0,476.0,,,148.0,76.0
3 Eclipse mpctf4 2015-03-29_17-10-03.dm_26.dm_meta,484613,154910,1370102.0,MOD_DISRUPTOR_SNIPER,bad,False,,,,,00:05:30.598,Eclipse,,MOD_DISRUPTOR_SNIPER,0.0,0.0,8.67878246307373,262.993408203125,1160.0,0,0,0,638.0,137.0,675.0,,,241.0,73.0
3 Eclipse mpctf4 2015-03-29_17-10-03.dm_26.dm_meta,577409,154910,1370102.0,MOD_DISRUPTOR_SNIPER,bad,False,,,,,00:07:03.394,Eclipse,Czar,MOD_DISRUPTOR_SNIPER,0.0,0.0,29.366640090942383,889.898193359375,874.0,0,0,0,649.0,242.0,558.0,,,138.0,43.0
3 Eclipse mpctf4 2015-03-29_17-10-03.dm_26.dm_meta,677630,154910,1370102.0,MOD_DISRUPTOR_SNIPER,bad,False,,,,,00:08:43.615,Eclipse,Czar,MOD_DISRUPTOR_SNIPER,0.0,0.0,10.908804893493652,330.5698547363281,1265.0,281,394,260,514.0,0.0,553.0,,,25.0,0.0
3 Eclipse mpctf4 2015-03-29_17-10-03.dm_26.dm_meta,715382,154910,1370102.0,MOD_DISRUPTOR_SNIPER,bad,False,,,,,00:09:21.367,Eclipse,,MOD_DISRUPTOR_SNIPER,1.6172773838043213,0.008168067783117294,10.57084846496582,320.3287353515625,1013.0,0,0,238,482.0,167.0,474.0,,,161.0,64.0
3 Eclipse mpctf4 2015-03-29_17-10-03.dm_26.dm_meta,762737,154910,1370102.0,MOD_BRYAR_PISTOL_ALT,bad,False,0.24,0.30666666666666664,0.05569475929840923,0.07331262284670145,00:10:08.722,Eclipse,Czar,MOD_BRYAR_PISTOL_ALT,0.0,0.0,31.380138397216797,950.9132690429688,733.0,193,276,314,423.0,42.0,34.0,363.0,-5.0,10.0,0.0
3 Eclipse mpctf4 2015-03-29_17-10-03.dm_26.dm_meta,832862,154910,1370102.0,MOD_DISRUPTOR_SNIPER,bad,True,,,,,00:11:18.847,Eclipse,,MOD_DISRUPTOR_SNIPER,0.40608566999435425,0.012305626645684242,12.90737533569336,391.1325988769531,2467.0,0,0,0,288.0,219.0,300.0,,,39.0,19.0
3 Eclipse mpctf4 2015-03-29_17-10-03.dm_26.dm_meta,902393,154910,1370102.0,MOD_DISRUPTOR_SNIPER,bad,False,,,,,00:12:28.378,Eclipse,,MOD_DISRUPTOR_SNIPER,0.0,0.0,0.8193841576576233,24.829822540283203,1295.0,0,0,95,0.0,0.0,38.0,,,0.0,0.0
3 Eclipse mpctf4 2015-03-29_17-10-03.dm_26.dm_meta,961397,154910,1370102.0,MOD_DISRUPTOR_SNIPER,bad,False,,,,,00:13:27.382,Eclipse,Czar,MOD_DISRUPTOR_SNIPER,0.3526337444782257,0.010685871355235577,33.248470306396484,1007.5294189453125,1012.0,0,0,0,170.0,0.0,427.0,,,3.0,0.0
3 Eclipse mpctf4 2015-03-29_17-10-03.dm_26.dm_meta,1031720,154910,1370102.0,MOD_DISRUPTOR_SNIPER,bad,True,,,,,00:14:37.705,Eclipse,Czar,MOD_DISRUPTOR_SNIPER,0.0,0.0,7.459425926208496,226.043212890625,2244.0,0,0,0,0.0,0.0,553.0,,,0.0,0.0
3 Eclipse mpctf4 2015-03-29_17-10-03.dm_26.dm_meta,1089635,154910,1370102.0,MOD_DISRUPTOR_SNIPER,bad,False,,,,,00:15:35.620,Eclipse,Czar,MOD_DISRUPTOR_SNIPER,0.8184814453125,0.002066872315481305,12.305886268615723,372.9056396484375,1802.0,0,0,0,0.0,0.0,0.0,,,0.0,0.0
3 Eclipse mpctf4 2015-03-29_17-10-03.dm_26.dm_meta,1149167,154910,1370102.0,MOD_DISRUPTOR_SNIPER,bad,False,,,,,00:16:35.152,Eclipse,Czar,MOD_DISRUPTOR_SNIPER,0.0,0.0,3.9225845336914062,118.86619567871094,1420.0,0,0,0,325.0,0.0,487.0,,,12.0,0.0
3 Eclipse mpctf4 2015-03-29_17-10-03.dm_26.dm_meta,1225892,154910,1370102.0,MOD_DISRUPTOR_SNIPER,bad,False,,,,,00:17:51.877,Eclipse,,MOD_DISRUPTOR_SNIPER,4.668688774108887,0.005441362038254738,5.089400768280029,154.22427368164062,1338.0,0,0,0,0.0,0.0,25.0,,,0.0,0.0
3 Eclipse mpctf4 2015-03-29_17-10-03.dm_26.dm_meta,1273709,154910,1370102.0,MOD_DISRUPTOR_SNIPER,bad,False,,,,,00:18:39.694,Eclipse,,MOD_DISRUPTOR_SNIPER,9.404557228088379,0.01899910531938076,104.66417694091797,3171.641845703125,278.0,321,13,351,471.0,172.0,481.0,,,149.0,60.0
3 Eclipse mpctf4 2015-03-29_17-10-03.dm_26.dm_meta,1315388,154910,1370102.0,MOD_DISRUPTOR_SNIPER,bad,False,,,,,00:19:21.373,Eclipse,teh,MOD_DISRUPTOR_SNIPER,1.3619502782821655,0.00317470938898623,6.520290851593018,197.58457946777344,732.0,0,0,0,0.0,0.0,273.0,,,0.0,0.0
3 Eclipse mpctf4 2015-03-29_17-10-03.dm_26.dm_meta,1329743,154910,1370102.0,MOD_DISRUPTOR_SNIPER,bad,False,,,,,00:19:35.728,Eclipse,Czar,MOD_DISRUPTOR_SNIPER,0.0,0.0,41.91964340209961,1270.292236328125,541.0,0,0,11,339.0,340.0,361.0,,,460.0,396.0
3 Eclipse mpctf4 2015-03-29_17-10-03.dm_26.dm_meta,1335122,154910,1370102.0,MOD_DISRUPTOR_SNIPER,bad,False,,,,,00:19:41.107,Eclipse,,MOD_DISRUPTOR_SNIPER,8.28369140625,0.050204191356897354,29.15522575378418,883.49169921875,479.0,0,0,0,0.0,0.0,600.0,,,0.0,0.0
3 Eclipse mpctf4 2015-03-29_17-10-03.dm_26.dm_meta,1347827,154910,1370102.0,MOD_DISRUPTOR_SNIPER,bad,False,,,,,00:19:53.812,Eclipse,Czar,MOD_DISRUPTOR_SNIPER,0.5010837316513062,0.007592177949845791,1.4661706686019897,44.429412841796875,1109.0,0,0,94,373.0,153.0,402.0,,,125.0,63.0
3 Eclipse mpctf_kharzet 2015-03-29_17-42-27.dm_26.dm_meta,322719,168774,1383966.0,MOD_ROCKET_SPLASH,bad,False,0.44333333333333336,0.5166666666666667,0.14068793623615616,0.33724204366869576,00:02:34.840,Eclipse,,MOD_ROCKET_SPLASH,8.136117935180664,0.01643660105764866,88.28517150878906,2675.308349609375,30.0,81,66,380,147.0,48.0,527.0,,,21.0,0.0
3 Eclipse mpctf_kharzet 2015-03-29_17-42-27.dm_26.dm_meta,587907,168774,1383966.0,MOD_DET_PACK_SPLASH,bad,False,,,,,00:07:00.028,Eclipse,,MOD_DET_PACK_SPLASH,0.0,0.0,6.383056640625,193.42596435546875,210.0,8,0,242,503.0,115.0,367.0,,,175.0,0.0
3 Eclipse mpctf_kharzet 2015-03-29_17-42-27.dm_26.dm_meta,622722,168774,1383966.0,MOD_REPEATER_ALT_SPLASH,bad,False,0.24666666666666667,0.28,0.3692003408863089,0.4122102686420461,00:07:34.843,Eclipse,Czar,MOD_REPEATER_ALT_SPLASH,23.04783058166504,0.0367588996887207,71.2095718383789,2157.86572265625,628.0,523,309,506,391.0,125.0,576.0,,,40.0,5.0
3 Eclipse mpctf_kharzet 2015-03-29_17-42-27.dm_26.dm_meta,780165,168774,1383966.0,MOD_TRIP_MINE_SPLASH,bad,False,,,,,00:10:12.286,Eclipse,,MOD_TRIP_MINE_SPLASH,0.0,0.0,38.935428619384766,1179.8614501953125,128.0,733,266,494,678.0,589.0,414.0,,,1215.0,162.0
3 Eclipse mpctf_kharzet 2015-03-29_17-42-27.dm_26.dm_meta,921603,168774,1383966.0,MOD_CONC,bad,False,,,,,00:12:33.724,Eclipse,^3^0^^1l^7eo^0Trex,MOD_CONC,0.0,0.0,4.960302829742432,150.3122100830078,341.0,390,355,423,299.0,39.0,267.0,,,160.0,78.0
3 Eclipse mpctf_kharzet 2015-03-29_17-42-27.dm_26.dm_meta,1011825,168774,1383966.0,MOD_ROCKET_SPLASH,bad,True,0.13,0.11,0.05722886341652918,0.03223198127985519,00:14:03.946,Eclipse,,MOD_ROCKET_SPLASH,91.41602325439453,0.4616971015930176,91.41602325439453,2770.1826171875,53.0,215,263,559,544.0,219.0,308.0,,,74.0,6.0
3 Eclipse mpctf_kharzet 2015-03-29_17-42-27.dm_26.dm_meta,1082049,168774,1383966.0,MOD_ROCKET_SPLASH,bad,True,0.19666666666666666,0.12,0.10739787649209583,0.06882315307312253,00:15:14.170,Eclipse,^0ent,MOD_ROCKET_SPLASH,88.17218017578125,0.1406254917383194,179.6544647216797,5444.07470703125,296.0,778,158,819,430.0,167.0,248.0,,,210.0,1.0
3 Eclipse mpctf_kharzet 2015-03-29_17-42-27.dm_26.dm_meta,1253154,168774,1383966.0,MOD_CONC,bad,False,,,,,00:18:05.275,Eclipse,Czar,MOD_CONC,8.45527172088623,0.009489642456173897,10.741466522216797,325.4989929199219,721.0,319,86,298,212.0,94.0,172.0,,,69.0,9.0
5 Eclipse mpctf_aeten 2014-12-07_16-36-05.dm_26.dm_meta,79703,60299,1377395.0,MOD_REPEATER_ALT_SPLASH,bad,True,0.22,0.23,0.2906545574320818,0.2500899853589101,00:00:20.134,Eclipse,Czar,MOD_REPEATER_ALT_SPLASH,0.0,0.0,147.33628845214844,4464.73583984375,281.0,539,22,551,597.0,138.0,574.0,,,419.0,62.0
5 Eclipse mpctf_aeten 2014-12-07_16-36-05.dm_26.dm_meta,122240,60299,1377395.0,MOD_TRIP_MINE_SPLASH,bad,False,,,,,00:01:02.671,Eclipse,,MOD_TRIP_MINE_SPLASH,0.0,0.0,109.70779418945312,3324.478515625,613.0,172,350,301,456.0,147.0,522.0,,,327.0,61.0
5 Eclipse mpctf_aeten 2014-12-07_16-36-05.dm_26.dm_meta,146495,60299,1377395.0,MOD_ROCKET_SPLASH,bad,False,0.24333333333333335,0.24666666666666667,0.1477188947610348,0.26294008107830535,00:01:26.926,Eclipse,Czar,MOD_ROCKET_SPLASH,0.0,0.0,29.94101905822754,907.3035888671875,76.0,118,129,316,388.0,87.0,256.0,,,54.0,12.0
5 Eclipse mpctf_aeten 2014-12-07_16-36-05.dm_26.dm_meta,157154,60299,1377395.0,MOD_REPEATER_ALT_SPLASH,bad,False,0.30333333333333334,0.4166666666666667,0.16877747036318963,0.08782761689836499,00:01:37.585,Eclipse,teh,MOD_REPEATER_ALT_SPLASH,4.973425388336182,0.03767746686935425,4.973425388336182,150.70985412597656,168.0,360,47,259,380.0,15.0,310.0,,,91.0,11.0
5 Eclipse mpctf_aeten 2014-12-07_16-36-05.dm_26.dm_meta,159563,60299,1377395.0,MOD_REPEATER_ALT,bad,False,0.19333333333333333,0.13666666666666666,0.14289406183659528,0.0740607369530959,00:01:39.994,Eclipse,Czar,MOD_REPEATER_ALT,0.0,0.0,24.099279403686523,730.2811889648438,179.0,682,144,692,954.0,437.0,667.0,297.0,-5.0,186.0,4.0
5 Eclipse mpctf_aeten 2014-12-07_16-36-05.dm_26.dm_meta,182498,60299,1377395.0,MOD_ROCKET_SPLASH,bad,True,0.19666666666666666,0.13,0.1846744920287148,0.0747680334858937,00:02:02.929,Eclipse,Eclipse,MOD_ROCKET_SPLASH,0.0,0.0,111.0750503540039,3365.91064453125,0.0,1019,243,653,1019.0,243.0,653.0,,,0.0,0.0
5 Eclipse mpctf_aeten 2014-12-07_16-36-05.dm_26.dm_meta,182498,60299,1377395.0,MOD_ROCKET_SPLASH,bad,True,0.19666666666666666,0.18666666666666668,0.12923398845957618,0.117823416829608,00:02:02.929,Eclipse,^^0Nubst^7e^4r,MOD_ROCKET_SPLASH,0.0,0.0,111.0750503540039,3365.91064453125,149.0,1019,243,653,367.0,228.0,285.0,,,176.0,88.0
5 Eclipse mpctf_aeten 2014-12-07_16-36-05.dm_26.dm_meta,255758,60299,1377395.0,MOD_REPEATER_ALT_SPLASH,bad,False,0.24666666666666667,0.3333333333333333,0.3563258284125742,0.3361648722193402,00:03:16.189,Eclipse,^^0Nubst^7e^4r,MOD_REPEATER_ALT_SPLASH,5.308005332946777,0.006702026817947626,70.5243911743164,2137.102783203125,468.0,388,202,422,794.0,269.0,687.0,,,760.0,59.0
5 Eclipse mpctf_aeten 2014-12-07_16-36-05.dm_26.dm_meta,263975,60299,1377395.0,MOD_REPEATER_ALT_SPLASH,good,True,0.5266666666666666,0.4166666666666667,0.08205142857949499,0.5077541109510958,00:03:24.406,Eclipse,^^0Nubst^7e^4r,MOD_REPEATER_ALT_SPLASH,49.50670623779297,0.060008127242326736,49.50670623779297,1500.2032470703125,30.0,182,109,266,124.0,113.0,305.0,,,42.0,0.0
5 Eclipse mpctf_aeten 2014-12-07_16-36-05.dm_26.dm_meta,263975,60299,1377395.0,MOD_REPEATER_ALT_SPLASH,bad,True,0.38666666666666666,0.4166666666666667,0.0792998500404429,0.18052965998963813,00:03:24.406,Eclipse,Eclipse,MOD_REPEATER_ALT_SPLASH,49.50670623779297,0.060008127242326736,49.50670623779297,1500.2032470703125,0.0,182,109,266,182.0,109.0,266.0,,,0.0,0.0
5 Eclipse mpctf_aeten 2014-12-07_16-36-05.dm_26.dm_meta,323243,60299,1377395.0,MOD_REPEATER_ALT_SPLASH,bad,False,0.21,0.22666666666666666,0.1505372093336386,0.17499861879966905,00:04:23.674,Eclipse,^^0Nubst^7e^4r,MOD_REPEATER_ALT_SPLASH,4.134572505950928,0.03132252022624016,33.64178466796875,1019.447998046875,112.0,442,7,335,352.0,99.0,271.0,,,105.0,0.0
5 Eclipse mpctf_aeten 2014-12-07_16-36-05.dm_26.dm_meta,329744,60299,1377395.0,MOD_REPEATER_ALT_SPLASH,bad,False,0.3,0.30666666666666664,0.14975737676593429,0.08192725762033559,00:04:30.175,Eclipse,Eclipse,MOD_REPEATER_ALT_SPLASH,5.289220809936523,0.05342647433280945,98.28258514404297,2978.26025390625,0.0,515,57,188,515.0,57.0,188.0,,,0.0,0.0
5 Eclipse mpctf_aeten 2014-12-07_16-36-05.dm_26.dm_meta,352481,60299,1377395.0,MOD_ROCKET_SPLASH,good,False,0.5066666666666667,0.5033333333333333,0.16886272518641088,0.40939461055831744,00:04:52.912,Eclipse,Czar,MOD_ROCKET_SPLASH,0.0,0.0,56.43227005004883,1710.06884765625,111.0,194,0,199,137.0,22.0,300.0,,,5.0,0.0
5 Eclipse mpctf_aeten 2014-12-07_16-36-05.dm_26.dm_meta,373898,60299,1377395.0,MOD_REPEATER_ALT,bad,True,0.22333333333333333,0.2866666666666667,0.0030601540023727806,0.05094127956013753,00:05:14.329,Eclipse,^^0Nubst^7e^4r,MOD_REPEATER_ALT,51.48615264892578,0.1950232982635498,51.48615264892578,1560.1864013671875,145.0,258,61,277,615.0,151.0,461.0,132.0,-24.0,71.0,0.0
5 Eclipse mpctf_aeten 2014-12-07_16-36-05.dm_26.dm_meta,397328,60299,1377395.0,MOD_REPEATER_ALT_SPLASH,bad,False,0.21666666666666667,0.26666666666666666,0.3433215645310087,0.09487468956231283,00:05:37.759,Eclipse,Czar,MOD_REPEATER_ALT_SPLASH,3.517341136932373,0.021317219361662865,72.0155029296875,2182.2880859375,463.0,591,128,672,526.0,533.0,510.0,,,62.0,7.0
5 Eclipse mpctf_aeten 2014-12-07_16-36-05.dm_26.dm_meta,420428,60299,1377395.0,MOD_REPEATER_ALT_SPLASH,bad,True,0.17666666666666667,0.12333333333333334,0.11564527591856155,0.2022365293464485,00:06:00.859,Eclipse,^^0Nubst^7e^4r,MOD_REPEATER_ALT_SPLASH,39.433631896972656,0.05431629717350006,54.215049743652344,1642.8802490234375,64.0,429,27,322,337.0,103.0,446.0,,,105.0,0.0
5 Eclipse mpctf_aeten 2014-12-07_16-36-05.dm_26.dm_meta,432176,60299,1377395.0,MOD_ROCKET,bad,True,0.023333333333333334,0.06,0.030073051886745063,0.006074916110517219,00:06:12.607,Eclipse,Czar,MOD_ROCKET,50.27506637573242,0.2176409810781479,74.98274993896484,2272.20458984375,125.0,575,15,337,523.0,208.0,372.0,66.0,-10.0,273.0,2.0
5 Eclipse mpctf_aeten 2014-12-07_16-36-05.dm_26.dm_meta,455309,60299,1377395.0,MOD_ROCKET_SPLASH,bad,False,0.19333333333333333,0.23666666666666666,0.21901603660024113,0.16783914285248375,00:06:35.740,Eclipse,^^0Nubst^7e^4r,MOD_ROCKET_SPLASH,0.6948363780975342,0.003509274683892727,45.4063835144043,1375.9510498046875,205.0,156,0,174,305.0,125.0,296.0,,,135.0,12.0
5 Eclipse mpctf_aeten 2014-12-07_16-36-05.dm_26.dm_meta,495074,60299,1377395.0,MOD_REPEATER_ALT_SPLASH,bad,True,0.27666666666666667,0.22,0.10388675012912811,0.1435965107281865,00:07:15.505,Eclipse,^^0Nubst^7e^4r,MOD_REPEATER_ALT_SPLASH,0.936113178730011,0.028367066755890846,86.99015808105469,2636.0654296875,164.0,16,810,706,196.0,215.0,446.0,,,10.0,0.0
5 Eclipse mpctf_aeten 2014-12-07_16-36-05.dm_26.dm_meta,527513,60299,1377395.0,MOD_REPEATER_ALT_SPLASH,bad,False,0.36666666666666664,0.36666666666666664,0.2129303703587714,0.5343291242779419,00:07:47.944,Eclipse,^^0Nubst^7e^4r,MOD_REPEATER_ALT_SPLASH,16.049680709838867,0.03741184249520302,102.18714904785156,3096.580322265625,284.0,316,7,378,155.0,25.0,353.0,,,74.0,60.0
5 Eclipse mpctf_aeten 2014-12-07_16-36-05.dm_26.dm_meta,619451,60299,1377395.0,MOD_BLASTER,bad,False,,,,,00:09:19.882,Eclipse,^^0Nubst^7e^4r,MOD_BLASTER,0.0,0.0,22.065614700317383,668.6549682617188,290.0,250,0,237,443.0,321.0,323.0,,,55.0,8.0
5 Eclipse mpctf_aeten 2014-12-07_16-36-05.dm_26.dm_meta,627074,60299,1377395.0,MOD_REPEATER_ALT,bad,False,0.26,0.22333333333333333,0.027799089021869627,0.011827636857024188,00:09:27.505,Eclipse,Czar,MOD_REPEATER_ALT,0.0,0.0,9.621170043945312,291.55059814453125,30.0,135,117,390,326.0,243.0,348.0,,,32.0,0.0
5 Eclipse mpctf_aeten 2014-12-07_16-36-05.dm_26.dm_meta,643211,60299,1377395.0,MOD_ROCKET_SPLASH,bad,False,0.14,0.22333333333333333,0.17138626081452538,0.177438711940834,00:09:43.642,Eclipse,^^0Nubst^7e^4r,MOD_ROCKET_SPLASH,0.439453125,0.006658380851149559,45.41210174560547,1376.124267578125,150.0,336,48,352,260.0,492.0,403.0,,,234.0,52.0
5 Eclipse mpctf_aeten 2014-12-07_16-36-05.dm_26.dm_meta,660503,60299,1377395.0,MOD_ROCKET_SPLASH,bad,False,0.19,0.21,0.16923071499432976,0.22759100546770503,00:10:00.934,Eclipse,Czar,MOD_ROCKET_SPLASH,7.788295745849609,0.07866965234279633,93.22351837158203,2824.955078125,168.0,681,200,836,629.0,66.0,623.0,,,106.0,41.0
5 Eclipse mpctf_aeten 2014-12-07_16-36-05.dm_26.dm_meta,721058,60299,1377395.0,MOD_ROCKET_SPLASH,bad,False,0.2633333333333333,0.31,0.2885334536427832,0.2092608427254177,00:11:01.489,Eclipse,^^0Nubst^7e^4r,MOD_ROCKET_SPLASH,10.957181930541992,0.018446434289216995,104.61233520507812,3170.07080078125,262.0,163,29,383,517.0,458.0,432.0,,,104.0,37.0
5 Eclipse mpctf_aeten 2014-12-07_16-36-05.dm_26.dm_meta,767456,60299,1377395.0,MOD_REPEATER_ALT_SPLASH,bad,False,0.21666666666666667,0.23333333333333334,0.18972578739901486,0.1917709535966696,00:11:47.887,Eclipse,Czar,MOD_REPEATER_ALT_SPLASH,2.2648894786834717,0.013726603239774704,133.833740234375,4055.56787109375,202.0,361,304,396,200.0,165.0,481.0,,,92.0,0.0
5 Eclipse mpctf_aeten 2014-12-07_16-36-05.dm_26.dm_meta,817814,60299,1377395.0,MOD_ROCKET_SPLASH,bad,False,0.05333333333333334,0.1,0.13748267059020908,0.032054070149800405,00:12:38.245,Eclipse,^^0Nubst^7e^4r,MOD_ROCKET_SPLASH,33.79358673095703,0.2560120224952698,70.75173950195312,2143.9921875,155.0,458,104,532,643.0,161.0,441.0,,,256.0,0.0
5 Eclipse mpctf_aeten 2014-12-07_16-36-05.dm_26.dm_meta,897278,60299,1377395.0,MOD_REPEATER_ALT_SPLASH,bad,True,0.14666666666666667,0.11,0.12988044081077108,0.13215888197874448,00:13:57.709,Eclipse,Czar,MOD_REPEATER_ALT_SPLASH,43.54732131958008,0.08247599005699158,46.22117614746094,1400.6417236328125,121.0,460,12,417,545.0,91.0,300.0,,,57.0,12.0
5 Eclipse mpctf_aeten 2014-12-07_16-36-05.dm_26.dm_meta,904076,60299,1377395.0,MOD_REPEATER_ALT_SPLASH,bad,False,0.22,0.33666666666666667,0.3068953967349975,0.253456082381343,00:14:04.507,Eclipse,^^0Nubst^7e^4r,MOD_REPEATER_ALT_SPLASH,0.0,0.0,68.56522369384766,2077.734130859375,355.0,216,0,258,267.0,125.0,403.0,,,97.0,0.0
5 Eclipse mpctf_aeten 2014-12-07_16-36-05.dm_26.dm_meta,927836,60299,1377395.0,MOD_ROCKET_SPLASH,bad,False,0.11666666666666667,0.18,0.1639495955559541,0.1080341991078326,00:14:28.267,Eclipse,^^0Nubst^7e^4r,MOD_ROCKET_SPLASH,14.72337818145752,0.01487209927290678,43.94651412963867,1331.7125244140625,100.0,107,72,336,629.0,128.0,281.0,,,244.0,0.0
5 Eclipse mpctf_aeten 2014-12-07_16-36-05.dm_26.dm_meta,935228,60299,1377395.0,MOD_ROCKET,bad,True,0.14333333333333334,0.17,0.15808175690804788,0.0071925379969712605,00:14:35.659,Eclipse,Czar,MOD_ROCKET,23.86908721923828,0.03287753090262413,164.23391723632812,4976.78515625,158.0,136,16,229,485.0,414.0,441.0,132.0,13.0,45.0,45.0
5 Eclipse mpctf_aeten 2014-12-07_16-36-05.dm_26.dm_meta,942851,60299,1377395.0,MOD_TRIP_MINE_SPLASH,bad,True,,,,,00:14:43.282,Eclipse,^^0Nubst^7e^4r,MOD_TRIP_MINE_SPLASH,75.66364288330078,0.07396250218153,175.43423461914062,5316.18896484375,190.0,82,677,271,349.0,978.0,381.0,,,63.0,48.0
5 Eclipse mpctf_aeten 2014-12-07_16-36-05.dm_26.dm_meta,982418,60299,1377395.0,MOD_REPEATER_ALT_SPLASH,bad,False,0.25,0.19666666666666666,0.3336628505472598,0.3478160522993374,00:15:22.849,Eclipse,Czar,MOD_REPEATER_ALT_SPLASH,0.15537014603614807,0.0015693954192101955,124.09165954589844,3760.353271484375,295.0,426,0,381,576.0,68.0,488.0,,,122.0,0.0
5 Eclipse mpctf_aeten 2014-12-07_16-36-05.dm_26.dm_meta,1013372,60299,1377395.0,MOD_ROCKET_SPLASH,good,False,0.42333333333333334,0.5,0.20439060849447888,0.5625951904978834,00:15:53.803,Eclipse,Czar,MOD_ROCKET_SPLASH,14.864889144897461,0.0643501728773117,82.28804779052734,2493.5771484375,135.0,233,102,40,308.0,239.0,527.0,,,74.0,0.0
5 Eclipse mpctf_aeten 2014-12-07_16-36-05.dm_26.dm_meta,1037462,60299,1377395.0,MOD_REPEATER_ALT,bad,False,0.25,0.22666666666666666,0.04019856759677705,0.01798824122306518,00:16:17.893,Eclipse,Czar,MOD_REPEATER_ALT,12.397141456604004,0.01633352041244507,28.527435302734375,864.4677124023438,162.0,415,104,407,559.0,331.0,308.0,198.0,-3.0,65.0,1.0
5 Eclipse mpctf_aeten 2014-12-07_16-36-05.dm_26.dm_meta,1054490,60299,1377395.0,MOD_ROCKET,bad,False,0.04,0.023333333333333334,0.006660887471616226,0.05753510607363124,00:16:34.921,Eclipse,Czar,MOD_ROCKET,32.29304504394531,0.12232214212417603,35.20173645019531,1066.71923828125,63.0,598,115,159,183.0,136.0,311.0,33.0,-27.0,6.0,0.0
5 Eclipse mpctf_aeten 2014-12-07_16-36-05.dm_26.dm_meta,1060397,60299,1377395.0,MOD_ROCKET_SPLASH,bad,True,0.29,0.16333333333333333,0.14824215610607672,0.30685195318296876,00:16:40.828,Eclipse,^^0Nubst^7e^4r,MOD_ROCKET_SPLASH,132.15643310546875,0.13349135220050812,144.81088256835938,4388.20849609375,314.0,188,20,180,539.0,94.0,386.0,,,228.0,13.0
5 Eclipse mpctf_aeten 2014-12-07_16-36-05.dm_26.dm_meta,1105508,60299,1377395.0,MOD_REPEATER_ALT_SPLASH,bad,True,0.2833333333333333,0.11,0.04666094058801096,0.37843981638861823,00:17:25.939,Eclipse,Czar,MOD_REPEATER_ALT_SPLASH,142.40736389160156,0.33195188641548157,160.59234619140625,4866.4345703125,233.0,379,517,449,147.0,142.0,323.0,,,118.0,13.0
5 Eclipse mpctf_aeten 2014-12-07_16-36-05.dm_26.dm_meta,1125407,60299,1377395.0,MOD_ROCKET_SPLASH,bad,False,0.41,0.49666666666666665,0.11640617824488281,0.19013066821262406,00:17:45.838,Eclipse,Eclipse,MOD_ROCKET_SPLASH,4.295506954193115,0.010012837126851082,40.009342193603516,1212.404296875,0.0,175,36,378,175.0,36.0,378.0,,,0.0,0.0
5 Eclipse mpctf_aeten 2014-12-07_16-36-05.dm_26.dm_meta,1138277,60299,1377395.0,MOD_ROCKET_SPLASH,bad,False,0.18,0.29,0.13602082126453763,0.14830324810951773,00:17:58.708,Eclipse,Czar,MOD_ROCKET_SPLASH,7.437107086181641,0.05634171888232231,68.24642181396484,2068.073486328125,86.0,345,83,552,533.0,264.0,348.0,,,384.0,16.0
5 Eclipse mpctf_aeten 2014-12-07_16-36-05.dm_26.dm_meta,1151642,60299,1377395.0,MOD_REPEATER_ALT_SPLASH,bad,False,0.42,0.32,0.4430703684223081,0.7349008947837572,00:18:12.073,Eclipse,,MOD_REPEATER_ALT_SPLASH,0.2197265625,0.006658380851149559,26.181852340698242,793.3894653320312,807.0,428,0,478,91.0,63.0,1.0,,,16.0,0.0
5 Eclipse mpctf_aeten 2014-12-07_16-36-05.dm_26.dm_meta,1182332,60299,1377395.0,MOD_REPEATER_ALT_SPLASH,bad,False,0.2833333333333333,0.27666666666666667,0.14325430574512263,0.29383194406275376,00:18:42.763,Eclipse,^^0Nubst^7e^4r,MOD_REPEATER_ALT_SPLASH,34.68638610839844,0.0656939148902893,65.57847595214844,1987.2265625,227.0,359,126,414,258.0,24.0,268.0,,,25.0,0.0
5 Eclipse mpctf_aeten 2014-12-07_16-36-05.dm_26.dm_meta,1204805,60299,1377395.0,MOD_ROCKET_SPLASH,bad,True,0.25333333333333335,0.24,0.09252385677495004,0.06099530721381211,00:19:05.236,Eclipse,Czar,MOD_ROCKET_SPLASH,69.21862030029297,0.149823859333992,120.59676361083984,3654.447509765625,97.0,211,308,251,286.0,5.0,384.0,,,52.0,8.0
5 Eclipse mpctf_aeten 2014-12-07_16-36-05.dm_26.dm_meta,1215497,60299,1377395.0,MOD_ROCKET_SPLASH,bad,True,0.25333333333333335,0.11666666666666667,0.1504340932784393,0.19399325082910954,00:19:15.928,Eclipse,^^0Nubst^7e^4r,MOD_ROCKET_SPLASH,95.8508529663086,0.1161828488111496,147.6383819580078,4473.890625,326.0,434,0,513,399.0,7.0,322.0,,,99.0,12.0
5 Eclipse mpctf_aeten 2014-12-07_16-36-05.dm_26.dm_meta,1239224,60299,1377395.0,MOD_REPEATER_ALT,bad,False,0.21,0.21666666666666667,0.08040333948712446,0.014983941890119479,00:19:39.655,Eclipse,Czar,MOD_REPEATER_ALT,5.234858512878418,0.039658017456531525,82.87641906738281,2511.40673828125,148.0,408,19,668,597.0,182.0,363.0,165.0,15.0,539.0,307.0
5 Eclipse mpctf_aeten 2014-12-07_16-36-05.dm_26.dm_meta,1282289,60299,1377395.0,MOD_REPEATER_ALT_SPLASH,bad,True,0.11,0.05333333333333334,0.06825798664382511,0.03915632740457804,00:20:22.720,Eclipse,Czar,MOD_REPEATER_ALT_SPLASH,149.1141357421875,0.6455157399177551,163.931884765625,4967.6328125,187.0,379,2,254,659.0,194.0,341.0,,,468.0,226.0
5 Eclipse mpctf_aeten 2014-12-07_16-36-05.dm_26.dm_meta,1293707,60299,1377395.0,MOD_ROCKET_SPLASH,bad,False,0.23333333333333334,0.22,0.218057130426314,0.12324290955480433,00:20:34.138,Eclipse,^^0Nubst^7e^4r,MOD_ROCKET_SPLASH,9.173164367675781,0.025270424783229828,52.87837219238281,1602.3748779296875,284.0,490,28,770,907.0,300.0,588.0,,,878.0,14.0
5 Eclipse mpctf_aeten 2014-12-07_16-36-05.dm_26.dm_meta,1308524,60299,1377395.0,MOD_REPEATER_ALT_SPLASH,bad,False,0.15666666666666668,0.21333333333333335,0.2368833213446528,0.1564001705423413,00:20:48.955,Eclipse,^^0Nubst^7e^4r,MOD_REPEATER_ALT_SPLASH,0.32958984375,0.009987571276724339,23.592456817626953,714.9229125976562,308.0,635,98,663,848.0,377.0,686.0,,,796.0,17.0
7 Eclipse mpctf_kejim 2015-03-28_21-58-51.dm_26.dm_meta,79208,56702,1272356.0,MOD_ROCKET_SPLASH,bad,False,0.11333333333333333,0.11333333333333333,0.18250566771386484,0.1493457255176643,00:00:22.939,Eclipse,Czar,MOD_ROCKET_SPLASH,0.0,0.0,24.807968139648438,751.756591796875,69.0,407,71,274,759.0,120.0,412.0,,,268.0,0.0
7 Eclipse mpctf_kejim 2015-03-28_21-58-51.dm_26.dm_meta,89735,56702,1272356.0,MOD_FLECHETTE_ALT_SPLASH,bad,False,0.15666666666666668,0.10333333333333333,0.11787067703718193,0.0700088053197906,00:00:33.466,Eclipse,Eclipse,MOD_FLECHETTE_ALT_SPLASH,35.74637222290039,0.13540291786193848,62.99412155151367,1908.912841796875,0.0,673,6,397,673.0,6.0,397.0,,,0.0,0.0
7 Eclipse mpctf_kejim 2015-03-28_21-58-51.dm_26.dm_meta,99470,56702,1272356.0,MOD_FLECHETTE,bad,False,,,,,00:00:43.201,Eclipse,Czar,MOD_FLECHETTE,13.679823875427246,0.06909001618623734,27.49764633178711,833.2620239257812,324.0,553,156,469,630.0,246.0,538.0,66.0,-9.0,134.0,44.0
7 Eclipse mpctf_kejim 2015-03-28_21-58-51.dm_26.dm_meta,142040,56702,1272356.0,MOD_DISRUPTOR,bad,False,,,,,00:01:25.771,Eclipse,Czar,MOD_DISRUPTOR,0.0,0.0,9.35065746307373,283.353271484375,777.0,250,0,229,561.0,300.0,428.0,,,459.0,16.0
7 Eclipse mpctf_kejim 2015-03-28_21-58-51.dm_26.dm_meta,222527,56702,1272356.0,MOD_REPEATER_ALT_SPLASH,bad,True,0.22,0.24333333333333335,0.09235758591645131,0.12558712884459308,00:02:46.258,Eclipse,Czar,MOD_REPEATER_ALT_SPLASH,43.72206115722656,0.08280693739652634,89.83062744140625,2722.14013671875,91.0,304,344,344,345.0,163.0,250.0,,,135.0,77.0
7 Eclipse mpctf_kejim 2015-03-28_21-58-51.dm_26.dm_meta,240314,56702,1272356.0,MOD_REPEATER_ALT_SPLASH,bad,True,0.30333333333333334,0.21333333333333335,0.25074944020881,0.28831286969967823,00:03:04.045,Eclipse,,MOD_REPEATER_ALT_SPLASH,32.1685676574707,0.034814465790987015,147.19004821777344,4460.3046875,243.0,57,0,200,370.0,96.0,352.0,,,110.0,0.0
7 Eclipse mpctf_kejim 2015-03-28_21-58-51.dm_26.dm_meta,372017,56702,1272356.0,MOD_THERMAL_SPLASH,bad,False,,,,,00:05:15.748,Eclipse,,MOD_THERMAL_SPLASH,1.20849609375,0.03662109375,123.0811767578125,3729.732666015625,159.0,165,85,432,546.0,199.0,547.0,,,461.0,73.0
7 Eclipse mpctf_kejim 2015-03-28_21-58-51.dm_26.dm_meta,489431,56702,1272356.0,MOD_REPEATER_ALT_SPLASH,bad,False,0.16,0.24,0.19590553151647164,0.10431847225474528,00:07:13.162,Eclipse,Czar,MOD_REPEATER_ALT_SPLASH,2.5788753032684326,0.011163962073624134,7.924646377563477,240.14080810546875,263.0,475,0,638,440.0,424.0,492.0,,,331.0,19.0
7 Eclipse mpctf_kejim 2015-03-28_21-58-51.dm_26.dm_meta,571502,56702,1272356.0,MOD_TRIP_MINE_SPLASH,bad,False,,,,,00:08:35.233,Eclipse,,MOD_TRIP_MINE_SPLASH,12.015256881713867,0.022756168618798256,13.097444534301758,396.89227294921875,146.0,396,177,398,315.0,261.0,408.0,,,30.0,12.0
7 Eclipse mpctf_kejim 2015-03-28_21-58-51.dm_26.dm_meta,590213,56702,1272356.0,MOD_ROCKET_SPLASH,bad,False,0.42,0.53,0.2222463945796649,0.3060544980486946,00:08:53.944,Eclipse,,MOD_ROCKET_SPLASH,11.076055526733398,0.04794829338788986,77.00467681884766,2333.47509765625,239.0,75,27,196,190.0,71.0,344.0,,,41.0,0.0
7 Eclipse mpctf_kejim 2015-03-28_21-58-51.dm_26.dm_meta,591995,56702,1272356.0,MOD_ROCKET_SPLASH,bad,True,0.23,0.23,0.055327049262531194,0.06795710205930211,00:08:55.726,Eclipse,Eclipse,MOD_ROCKET_SPLASH,75.57456970214844,0.38168975710868835,76.67312622070312,2323.427978515625,0.0,161,166,387,161.0,166.0,387.0,,,0.0,0.0
7 Eclipse mpctf_kejim 2015-03-28_21-58-51.dm_26.dm_meta,691523,56702,1272356.0,MOD_ROCKET_SPLASH,bad,True,0.15666666666666668,0.18333333333333332,0.05855830515382514,0.06206788676349851,00:10:35.254,Eclipse,,MOD_ROCKET_SPLASH,148.38626098632812,0.14505010843276978,148.38626098632812,4496.55322265625,103.0,188,43,411,231.0,398.0,410.0,,,213.0,12.0
7 Eclipse mpctf_kejim 2015-03-28_21-58-51.dm_26.dm_meta,695351,56702,1272356.0,MOD_REPEATER_ALT,bad,False,0.3333333333333333,0.27666666666666667,0.08978228367170697,0.04800838746805046,00:10:39.082,Eclipse,Czar,MOD_REPEATER_ALT,0.10986328125,0.0033291904255747795,59.096187591552734,1790.7935791015625,238.0,314,98,522,703.0,347.0,443.0,231.0,-11.0,190.0,76.0
7 Eclipse mpctf_kejim 2015-03-28_21-58-51.dm_26.dm_meta,739175,56702,1272356.0,MOD_ROCKET_SPLASH,bad,True,0.10333333333333333,0.13333333333333333,0.09892404356749365,0.07441389696103884,00:11:22.906,Eclipse,Florentino Ariza,MOD_ROCKET_SPLASH,83.19003295898438,0.14828883111476898,83.19003295898438,2520.91015625,199.0,618,102,422,429.0,82.0,455.0,,,284.0,80.0
7 Eclipse mpctf_kejim 2015-03-28_21-58-51.dm_26.dm_meta,780029,56702,1272356.0,MOD_ROCKET,bad,True,0.27,0.22666666666666666,0.04864360959832041,0.01869758640794528,00:12:03.760,Eclipse,Czar,MOD_ROCKET,2.9954724311828613,0.006483706645667553,43.456748962402344,1316.8712158203125,416.0,131,779,659,157.0,93.0,551.0,396.0,-10.0,4.0,0.0
7 Eclipse mpctf_kejim 2015-03-28_21-58-51.dm_26.dm_meta,853718,56702,1272356.0,MOD_ROCKET,bad,False,0.03666666666666667,0.07666666666666666,0.036038268678043016,0.005573638611013296,00:13:17.449,Eclipse,Czar,MOD_ROCKET,2.733151435852051,0.0026717022992670536,34.00458526611328,1030.4420166015625,121.0,200,62,233,331.0,122.0,502.0,99.0,-20.0,20.0,0.0
7 Eclipse mpctf_kejim 2015-03-28_21-58-51.dm_26.dm_meta,878468,56702,1272356.0,MOD_ROCKET_SPLASH,bad,True,0.22,0.16666666666666666,0.25254965467960255,0.20576186002476682,00:13:42.199,Eclipse,Czar,MOD_ROCKET_SPLASH,9.402854919433594,0.012951591052114964,153.1742706298828,4641.64453125,218.0,520,236,505,553.0,545.0,526.0,,,53.0,19.0
7 Eclipse mpctf_kejim 2015-03-28_21-58-51.dm_26.dm_meta,924602,56702,1272356.0,MOD_REPEATER_ALT,bad,False,0.21666666666666667,0.22,0.014930743492452856,0.030018241986837925,00:14:28.333,Eclipse,Czar,MOD_REPEATER_ALT,28.180498123168945,0.085395447909832,95.41232299804688,2891.282470703125,87.0,360,18,324,745.0,55.0,461.0,66.0,-6.0,83.0,0.0
7 Eclipse mpctf_kejim 2015-03-28_21-58-51.dm_26.dm_meta,932060,56702,1272356.0,MOD_REPEATER_ALT_SPLASH,bad,False,0.48333333333333334,0.4766666666666667,0.15902346677162862,0.7049629016579324,00:14:35.791,Eclipse,,MOD_REPEATER_ALT_SPLASH,3.351824998855591,0.033856816589832306,34.43739318847656,1043.557373046875,300.0,487,209,492,51.0,108.0,295.0,,,19.0,6.0
7 Eclipse mpctf_kejim 2015-03-28_21-58-51.dm_26.dm_meta,967898,56702,1272356.0,MOD_REPEATER_ALT_SPLASH,bad,False,0.08333333333333333,0.08,0.1042060535769925,0.04639947484446171,00:15:11.629,Eclipse,Czar,MOD_REPEATER_ALT_SPLASH,2.6093454360961914,0.019767768681049347,37.08499526977539,1123.7877197265625,254.0,705,0,686,611.0,51.0,674.0,,,1752.0,1335.0
7 Eclipse mpctf_kejim 2015-03-28_21-58-51.dm_26.dm_meta,1089965,56702,1272356.0,MOD_TRIP_MINE_SPLASH,bad,True,,,,,00:17:13.696,Eclipse,,MOD_TRIP_MINE_SPLASH,70.80625915527344,0.15326030552387238,70.80625915527344,2145.644287109375,43.0,1534,337,415,517.0,336.0,584.0,,,133.0,67.0
7 Eclipse mpctf_kejim 2015-03-28_21-58-51.dm_26.dm_meta,1144613,56702,1272356.0,MOD_TRIP_MINE_SPLASH,bad,True,,,,,00:18:08.344,Eclipse,,MOD_TRIP_MINE_SPLASH,12.548345565795898,0.03456844389438629,25.256484985351562,765.3480224609375,4791.0,492,0,412,233.0,21.0,426.0,,,19.0,0.0
7 Eclipse mpctf_kejim 2015-03-28_21-58-51.dm_26.dm_meta,1153226,56702,1272356.0,MOD_TRIP_MINE_SPLASH,bad,False,,,,,00:18:16.957,Eclipse,Eclipse,MOD_TRIP_MINE_SPLASH,22.964332580566406,0.07732098549604416,56.05365753173828,1698.595703125,0.0,545,6,406,545.0,6.0,406.0,,,0.0,0.0
7 Eclipse mpctf_kejim 2015-03-28_21-58-51.dm_26.dm_meta,1153292,56702,1272356.0,MOD_TRIP_MINE_SPLASH,bad,False,,,,,00:18:17.023,Eclipse,,MOD_TRIP_MINE_SPLASH,0.0,0.0,66.9118423461914,2027.631591796875,75.0,545,41,414,573.0,0.0,401.0,,,55.0,0.0
7 Eclipse mpctf_kejim 2015-03-28_21-58-51.dm_26.dm_meta,1203122,56702,1272356.0,MOD_REPEATER_ALT,bad,True,0.21333333333333335,0.16666666666666666,0.0005056463990434366,0.008514172792259024,00:19:06.853,Eclipse,^2^^7Fl^0k,MOD_REPEATER_ALT,71.81177520751953,0.19782857596874237,103.36734008789062,3132.34375,82.0,339,57,417,262.0,68.0,178.0,66.0,-30.0,23.0,1.0
9 camp hannah ctf_ramodi_v2 2025-03-20_00-01-13.dm_26.dm_meta,209195,188702,1403333.0,MOD_DISRUPTOR_SNIPER,bad,False,,,,,00:00:20.926,^7?camp hannah,^7Him,MOD_DISRUPTOR_SNIPER,0.0,0.0,0.0,0.0,902.0,370,68,419,531.0,100.0,492.0,,,187.0,3.0
9 camp hannah ctf_ramodi_v2 2025-03-20_00-01-13.dm_26.dm_meta,230315,188702,1403333.0,MOD_DISRUPTOR,bad,False,,,,,00:00:42.046,^7?camp hannah,^7florjob,MOD_DISRUPTOR,0.0,0.0,15.07471752166748,456.80963134765625,192.0,163,37,209,428.0,132.0,429.0,,,38.0,7.0
9 camp hannah ctf_ramodi_v2 2025-03-20_00-01-13.dm_26.dm_meta,250940,188702,1403333.0,MOD_THERMAL_SPLASH,bad,False,,,,,00:01:02.671,^7?camp hannah,^7enab,MOD_THERMAL_SPLASH,0.0,0.0,44.058963775634766,1335.1201171875,68.0,306,90,346,593.0,88.0,424.0,,,171.0,0.0
9 camp hannah ctf_ramodi_v2 2025-03-20_00-01-13.dm_26.dm_meta,290111,188702,1403333.0,MOD_THERMAL_SPLASH,bad,False,,,,,00:01:41.842,^7?camp hannah,^7florjob,MOD_THERMAL_SPLASH,12.004000663757324,0.12125252932310104,43.93212127685547,1331.2763671875,96.0,506,58,527,591.0,71.0,513.0,,,244.0,21.0
9 camp hannah ctf_ramodi_v2 2025-03-20_00-01-13.dm_26.dm_meta,306413,188702,1403333.0,MOD_FLECHETTE_ALT_SPLASH,bad,False,0.24666666666666667,0.2966666666666667,0.42851353663107655,0.1801514960481894,00:01:58.144,^7?camp hannah,^7enab,MOD_FLECHETTE_ALT_SPLASH,0.0,0.0,6.743594646453857,204.35134887695312,679.0,438,45,483,254.0,45.0,426.0,,,9.0,0.0
9 camp hannah ctf_ramodi_v2 2025-03-20_00-01-13.dm_26.dm_meta,307271,188702,1403333.0,MOD_FLECHETTE_ALT_SPLASH,bad,False,0.23333333333333334,0.23666666666666666,0.2788114896980156,0.1662392657394079,00:01:59.002,^7?camp hannah,^7florjob,MOD_FLECHETTE_ALT_SPLASH,0.6948363780975342,0.02105564810335636,38.014713287353516,1151.9610595703125,356.0,496,103,493,392.0,81.0,605.0,,,16.0,0.0
9 camp hannah ctf_ramodi_v2 2025-03-20_00-01-13.dm_26.dm_meta,376340,188702,1403333.0,MOD_DISRUPTOR,bad,False,,,,,00:03:08.071,^7?camp hannah,^7Him,MOD_DISRUPTOR,0.0,0.0,5.038527965545654,152.6826629638672,587.0,432,0,381,687.0,77.0,485.0,,,627.0,271.0
9 camp hannah ctf_ramodi_v2 2025-03-20_00-01-13.dm_26.dm_meta,380993,188702,1403333.0,MOD_ROCKET_SPLASH,bad,False,0.20333333333333334,0.22666666666666666,0.2809178839213055,0.17606322161722052,00:03:12.724,^7?camp hannah,^7enab,MOD_ROCKET_SPLASH,0.0,0.0,2.9760684967041016,90.18389129638672,405.0,204,82,360,388.0,78.0,360.0,,,162.0,16.0
9 camp hannah ctf_ramodi_v2 2025-03-20_00-01-13.dm_26.dm_meta,410165,188702,1403333.0,MOD_DISRUPTOR_SNIPER,bad,False,,,,,00:03:41.896,^7?camp hannah,^7Him,MOD_DISRUPTOR_SNIPER,0.0,0.0,0.5839313268661499,17.694889068603516,911.0,0,0,368,701.0,358.0,618.0,,,52.0,2.0
9 camp hannah ctf_ramodi_v2 2025-03-20_00-01-13.dm_26.dm_meta,416732,188702,1403333.0,MOD_DISRUPTOR_SNIPER,bad,True,,,,,00:03:48.463,^7?camp hannah,^7florjob,MOD_DISRUPTOR_SNIPER,0.0,0.0,0.0439453125,1.3316761255264282,2469.0,0,0,0,318.0,0.0,375.0,,,13.0,0.0
9 camp hannah ctf_ramodi_v2 2025-03-20_00-01-13.dm_26.dm_meta,427391,188702,1403333.0,MOD_DISRUPTOR,bad,False,,,,,00:03:59.122,^7?camp hannah,^7enab,MOD_DISRUPTOR,0.0,0.0,8.91573715209961,270.1738586425781,275.0,258,0,235,492.0,0.0,411.0,,,29.0,11.0
9 camp hannah ctf_ramodi_v2 2025-03-20_00-01-13.dm_26.dm_meta,464450,188702,1403333.0,MOD_DISRUPTOR_SNIPER,bad,True,,,,,00:04:36.181,^7?camp hannah,^7enab,MOD_DISRUPTOR_SNIPER,0.0,0.0,2.972796678543091,90.08474731445312,2036.0,0,0,75,207.0,0.0,421.0,,,3.0,0.0
9 camp hannah ctf_ramodi_v2 2025-03-20_00-01-13.dm_26.dm_meta,477188,188702,1403333.0,MOD_DISRUPTOR,bad,False,,,,,00:04:48.919,^7?camp hannah,^7florjob,MOD_DISRUPTOR,0.0,0.0,8.859513282775879,268.4700927734375,459.0,410,187,427,182.0,70.0,226.0,,,7.0,0.0
9 camp hannah ctf_ramodi_v2 2025-03-20_00-01-13.dm_26.dm_meta,489926,188702,1403333.0,MOD_REPEATER_ALT,bad,False,0.19,0.29333333333333333,0.028650370474707188,0.04233757865752006,00:05:01.657,^7?camp hannah,^7florjob,MOD_REPEATER_ALT,0.0,0.0,4.142446517944336,125.5286865234375,136.0,515,101,367,266.0,229.0,419.0,132.0,-5.0,304.0,259.0
9 camp hannah ctf_ramodi_v2 2025-03-20_00-01-13.dm_26.dm_meta,519197,188702,1403333.0,MOD_DISRUPTOR,bad,False,,,,,00:05:30.928,^7?camp hannah,^7enab,MOD_DISRUPTOR,3.4392647743225098,0.10422014445066452,12.393733024597168,375.5676574707031,586.0,367,450,428,77.0,0.0,375.0,,,0.0,0.0
9 camp hannah ctf_ramodi_v2 2025-03-20_00-01-13.dm_26.dm_meta,574637,188702,1403333.0,MOD_DISRUPTOR_SNIPER,bad,False,,,,,00:06:26.368,^7?camp hannah,^7enab,MOD_DISRUPTOR_SNIPER,0.0,0.0,6.691623210906982,202.77645874023438,344.0,0,0,0,0.0,0.0,399.0,,,0.0,0.0
9 camp hannah ctf_ramodi_v2 2025-03-20_00-01-13.dm_26.dm_meta,579851,188702,1403333.0,MOD_REPEATER_ALT_SPLASH,bad,False,0.44333333333333336,0.45666666666666667,0.1397389177033184,0.4094953486883481,00:06:31.582,^7?camp hannah,^7florjob,MOD_REPEATER_ALT_SPLASH,3.699155569076538,0.11209562420845032,5.802718639373779,175.8399658203125,76.0,581,60,310,477.0,72.0,430.0,,,106.0,0.0
9 camp hannah ctf_ramodi_v2 2025-03-20_00-01-13.dm_26.dm_meta,588761,188702,1403333.0,MOD_REPEATER_ALT_SPLASH,bad,False,0.36666666666666664,0.49666666666666665,0.1418904084466258,0.05185227891229896,00:06:40.492,^7?camp hannah,^7enab,MOD_REPEATER_ALT_SPLASH,5.461989879608154,0.16551484167575836,37.954681396484375,1150.141845703125,139.0,131,0,296,151.0,72.0,197.0,,,31.0,0.0
9 camp hannah ctf_ramodi_v2 2025-03-20_00-01-13.dm_26.dm_meta,638987,188702,1403333.0,MOD_DISRUPTOR_SNIPER,bad,False,,,,,00:07:30.718,^7?camp hannah,^7florjob,MOD_DISRUPTOR_SNIPER,0.0,0.0,0.4964556097984314,15.044109344482422,1669.0,0,0,8,601.0,172.0,685.0,,,249.0,99.0
9 camp hannah ctf_ramodi_v2 2025-03-20_00-01-13.dm_26.dm_meta,682151,188702,1403333.0,MOD_ROCKET_SPLASH,bad,False,0.20333333333333334,0.2866666666666667,0.18606436404860055,0.09358081128310179,00:08:13.882,^7?camp hannah,^7pickable,MOD_ROCKET_SPLASH,0.0,0.0,4.8197340965271,146.05255126953125,180.0,416,6,574,574.0,14.0,517.0,,,242.0,56.0
9 camp hannah ctf_ramodi_v2 2025-03-20_00-01-13.dm_26.dm_meta,699311,188702,1403333.0,MOD_SABER,bad,False,,,,,00:08:31.042,^7?camp hannah,^7florjob,MOD_SABER,8.97066593170166,0.27183836698532104,122.53620910644531,3713.218505859375,32.0,5,0,93,11.0,40.0,277.0,,,8.0,7.0
9 camp hannah ctf_ramodi_v2 2025-03-20_00-01-13.dm_26.dm_meta,739175,188702,1403333.0,MOD_DISRUPTOR,bad,False,,,,,00:09:10.906,^7?camp hannah,^7enab,MOD_DISRUPTOR,9.749652862548828,0.09848134219646454,37.120582580566406,1124.8660888671875,420.0,268,0,239,113.0,0.0,244.0,,,1.0,0.0
9 camp hannah ctf_ramodi_v2 2025-03-20_00-01-13.dm_26.dm_meta,759899,188702,1403333.0,MOD_REPEATER,bad,False,,,,,00:09:31.630,^7?camp hannah,^7pickable,MOD_REPEATER,0.0,0.0,23.541667938232422,713.3839111328125,107.0,434,0,430,367.0,7.0,378.0,66.0,-6.0,22.0,0.0
9 camp hannah ctf_ramodi_v2 2025-03-20_00-01-13.dm_26.dm_meta,817517,188702,1403333.0,MOD_TIMED_MINE_SPLASH,bad,False,,,,,00:10:29.248,^7?camp hannah,^7florjob,MOD_TIMED_MINE_SPLASH,1.2526341676712036,0.03795861080288887,6.904976844787598,209.24172973632812,247.0,125,236,157,145.0,126.0,283.0,,,49.0,0.0
9 camp hannah ctf_ramodi_v2 2025-03-20_00-01-13.dm_26.dm_meta,876785,188702,1403333.0,MOD_TIMED_MINE_SPLASH,bad,False,,,,,00:11:28.516,^7?camp hannah,^3Xen_Crypt,MOD_TIMED_MINE_SPLASH,5.553053855895996,0.16827435791492462,11.776463508605957,356.8625183105469,332.0,418,195,279,168.0,4.0,148.0,,,175.0,0.0
9 camp hannah ctf_ramodi_v2 2025-03-20_00-01-13.dm_26.dm_meta,911468,188702,1403333.0,MOD_DISRUPTOR_SNIPER,bad,False,,,,,00:12:03.199,^7?camp hannah,^7Him,MOD_DISRUPTOR_SNIPER,0.0,0.0,5.955960273742676,180.483642578125,964.0,0,0,0,0.0,0.0,256.0,,,0.0,0.0
9 camp hannah ctf_ramodi_v2 2025-03-20_00-01-13.dm_26.dm_meta,957734,188702,1403333.0,MOD_SABER,bad,False,,,,,00:12:49.465,^7?camp hannah,^7pickable,MOD_SABER,2.2407801151275635,0.03395121544599533,6.25401496887207,189.51560974121094,57.0,213,0,215,0.0,0.0,84.0,,,0.0,0.0
9 camp hannah ctf_ramodi_v2 2025-03-20_00-01-13.dm_26.dm_meta,1099832,188702,1403333.0,MOD_DISRUPTOR_SNIPER,bad,False,,,,,00:15:11.563,^7?camp hannah,^7Him,MOD_DISRUPTOR_SNIPER,0.4575512111186981,0.0034662969410419464,1.5732042789459229,47.672855377197266,1614.0,0,0,0,0.0,0.0,383.0,,,0.0,0.0
9 camp hannah ctf_ramodi_v2 2025-03-20_00-01-13.dm_26.dm_meta,1183322,188702,1403333.0,MOD_BRYAR_PISTOL_ALT,bad,False,0.16333333333333333,0.1,0.056022245320757495,0.0018012048563203667,00:16:35.053,^7?camp hannah,^7pickable,MOD_BRYAR_PISTOL_ALT,0.0,0.0,1.0411103963851929,31.548799514770508,203.0,587,136,579,423.0,38.0,0.0,165.0,-5.0,34.0,0.0
9 camp hannah ctf_ramodi_v2 2025-03-20_00-01-13.dm_26.dm_meta,1221338,188702,1403333.0,MOD_DISRUPTOR_SNIPER,bad,False,,,,,00:17:13.069,^7?camp hannah,^7florjob,MOD_DISRUPTOR_SNIPER,0.0,0.0,0.0,0.0,348.0,210,190,249,482.0,257.0,522.0,,,89.0,37.0
9 camp hannah ctf_ramodi_v2 2025-03-20_00-01-13.dm_26.dm_meta,1271267,188702,1403333.0,MOD_TIMED_MINE_SPLASH,bad,True,,,,,00:18:02.998,^7?camp hannah,^7florjob,MOD_TIMED_MINE_SPLASH,0.0,0.0,3.277536630630493,99.31929016113281,167.0,363,30,236,979.0,392.0,944.0,,,1085.0,539.0
9 camp hannah ctf_ramodi_v2 2025-03-20_00-01-13.dm_26.dm_meta,1279055,188702,1403333.0,MOD_DISRUPTOR_SNIPER,bad,False,,,,,00:18:10.786,^7?camp hannah,^7enab,MOD_DISRUPTOR_SNIPER,2.2866413593292236,0.023097386583685875,2.2866413593292236,69.29216003417969,846.0,0,0,33,281.0,0.0,435.0,,,6.0,0.0
9 camp hannah ctf_ramodi_v2 2025-03-20_00-01-13.dm_26.dm_meta,1319183,188702,1403333.0,MOD_TIMED_MINE_SPLASH,bad,False,,,,,00:18:50.914,^7?camp hannah,^7florjob,MOD_TIMED_MINE_SPLASH,0.0,0.0,0.0,0.0,524.0,297,137,273,147.0,352.0,299.0,,,147.0,16.0
9 camp hannah ctf_ramodi_v2 2025-03-20_00-01-13.dm_26.dm_meta,1324496,188702,1403333.0,MOD_DISRUPTOR_SNIPER,bad,False,,,,,00:18:56.227,^7?camp hannah,^7Him,MOD_DISRUPTOR_SNIPER,1.8917311429977417,0.01433129608631134,5.179147720336914,156.94387817382812,649.0,0,0,0,0.0,0.0,316.0,,,0.0,0.0
9 camp hannah ctf_ramodi_v2 2025-03-20_00-01-13.dm_26.dm_meta,1352975,188702,1403333.0,MOD_FLECHETTE_ALT_SPLASH,bad,False,0.3566666666666667,0.25666666666666665,0.31278223073574696,0.5213054241785383,00:19:24.706,^7?camp hannah,^7florjob,MOD_FLECHETTE_ALT_SPLASH,0.439453125,0.013316761702299118,2.85750675201416,86.59111785888672,536.0,38,0,212,42.0,5.0,51.0,,,7.0,5.0
9 camp hannah ctf_ramodi_v2 2025-03-20_00-01-13.dm_26.dm_meta,1373864,188702,1403333.0,MOD_DISRUPTOR,bad,False,,,,,00:19:45.595,^7?camp hannah,^7enab,MOD_DISRUPTOR,0.0,0.0,10.897929191589355,330.24029541015625,586.0,247,0,184,536.0,0.0,488.0,,,24.0,0.0
awb_tant_0300.dm_26.dm_meta,32628850,32596000,,MOD_TRIP_MINE_SPLASH,bad,False,,,,,00:04:43.000,,,MOD_TRIP_MINE_SPLASH,4.493210315704346,0.08986420929431915,12.562477111816406,380.6811218261719,114.0,396,71,223,357.0,460.0,220.0,,,510.0,126.0
awb_tant_0300.dm_26.dm_meta,32668650,32596000,,MOD_FALLING,bad,False,,,,,00:05:22.800,,,MOD_FALLING,0.0,0.0,0.0,0.0,0.0,0,0,0,0.0,0.0,0.0,,,0.0,0.0
awb_tant_0300.dm_26.dm_meta,32694850,32596000,,MOD_ROCKET_SPLASH,bad,False,0.37333333333333335,0.33666666666666667,0.183709977873819,0.22506973456785348,00:05:49.000,,,MOD_ROCKET_SPLASH,0.3404875695705414,0.0034048757515847683,4.0043206214904785,121.34304809570312,261.0,296,0,184,106.0,322.0,71.0,,,91.0,6.0
awb_tant_0300.dm_26.dm_meta,32718600,32596000,,MOD_THERMAL,bad,True,,,,,00:06:12.750,,,MOD_THERMAL,56.114112854003906,0.056114111095666885,57.507080078125,1742.6387939453125,314.0,261,0,758,389.0,234.0,0.0,400.0,-10.0,80.0,0.0
ayatollah_vs_nL_ctf4_pov_awb.dm_26.dm_meta,26192000,26084050,27285200.0,MOD_REPEATER_ALT,bad,True,0.28,0.21333333333333335,0.026943115138159012,0.11720838684710629,00:01:49.300,^7Khalifa^5_^7aw^5b,Mujtahid^5_^7hydr^5o,MOD_REPEATER_ALT,0.0,0.0,175.4949493408203,5318.02880859375,30.0,286,42,260,308.0,108.0,219.0,,,43.0,0.0
ayatollah_vs_nL_ctf4_pov_awb.dm_26.dm_meta,26193850,26084050,27285200.0,MOD_REPEATER_ALT,bad,False,0.23666666666666666,0.18666666666666668,0.028274632488340525,0.024185679492880523,00:01:51.150,^7Khalifa^5_^7aw^5b,dream,MOD_REPEATER_ALT,23.410058975219727,0.15606705844402313,23.410058975219727,709.395751953125,445.0,452,84,401,229.0,115.0,327.0,250.0,-10.0,15.0,0.0
ayatollah_vs_nL_ctf4_pov_awb.dm_26.dm_meta,26260850,26084050,27285200.0,MOD_REPEATER_ALT,good,False,0.4766666666666667,0.5066666666666667,0.5150201629851354,0.7838146241244112,00:02:58.150,^7Khalifa^5_^7aw^5b,Mahdi^5_^7f^5p,MOD_REPEATER_ALT,8.165121078491211,0.16330242156982422,45.97697448730469,1393.24169921875,1080.0,431,178,437,235.0,105.0,190.0,650.0,7.0,28.0,0.0
ayatollah_vs_nL_ctf4_pov_awb.dm_26.dm_meta,26383950,26084050,27285200.0,MOD_REPEATER_ALT_SPLASH,bad,False,0.18333333333333332,0.24333333333333335,0.1528960347837915,0.13323385030846605,00:05:01.250,^7Khalifa^5_^7aw^5b,s3,MOD_REPEATER_ALT_SPLASH,0.0,0.0,52.87931823730469,1602.403564453125,93.0,123,79,394,275.0,58.0,403.0,,,137.0,49.0
ayatollah_vs_nL_ctf4_pov_awb.dm_26.dm_meta,26484900,26084050,27285200.0,MOD_TRIP_MINE_SPLASH,bad,False,,,,,00:06:42.200,^7Khalifa^5_^7aw^5b,Mahdi^5_^7f^5p,MOD_TRIP_MINE_SPLASH,0.0,0.0,4.431335926055908,134.2829132080078,392.0,199,0,410,303.0,390.0,375.0,,,326.0,32.0
ayatollah_vs_nL_ctf4_pov_awb.dm_26.dm_meta,26618200,26084050,27285200.0,MOD_TRIP_MINE_SPLASH,bad,True,,,,,00:08:55.500,^7Khalifa^5_^7aw^5b,Mahdi^5_^7f^5p,MOD_TRIP_MINE_SPLASH,0.0,0.0,52.07887649536133,1578.1478271484375,2983.0,244,52,241,485.0,202.0,407.0,,,104.0,90.0
ayatollah_vs_nL_ctf4_pov_awb.dm_26.dm_meta,26888750,26084050,27285200.0,MOD_ROCKET_SPLASH,bad,False,0.29,0.25333333333333335,0.17164408161240843,0.29098325847498924,00:13:26.050,^7Khalifa^5_^7aw^5b,dream,MOD_ROCKET_SPLASH,7.0999650955200195,0.0067618717439472675,27.84565544128418,843.8077392578125,379.0,433,80,378,295.0,471.0,267.0,,,876.0,648.0
ayatollah_vs_nL_ctf4_pov_awb.dm_26.dm_meta,26923700,26084050,27285200.0,MOD_ROCKET_SPLASH,bad,False,0.14666666666666667,0.18,0.4980419063967515,0.12986617241508808,00:14:01.000,^7Khalifa^5_^7aw^5b,dream,MOD_ROCKET_SPLASH,6.640801429748535,0.00699031725525856,7.283954620361328,220.7259063720703,787.0,163,0,268,398.0,352.0,420.0,,,584.0,432.0
ayatollah_vs_nL_ctf4_pov_awb.dm_26.dm_meta,27000900,26084050,27285200.0,MOD_REPEATER_ALT_SPLASH,bad,False,0.17666666666666667,0.26,0.14577139242497325,0.11590289704296283,00:15:18.200,^7Khalifa^5_^7aw^5b,Mahdi^5_^7f^5p,MOD_REPEATER_ALT_SPLASH,0.0,0.0,16.42676544189453,497.78076171875,100.0,139,32,174,316.0,308.0,289.0,,,406.0,221.0
ayatollah_vs_nL_ctf4_pov_awb.dm_26.dm_meta,27073250,26084050,27285200.0,MOD_ROCKET,bad,True,0.11666666666666667,0.08,0.03559202738382075,0.03311188488864307,00:16:30.550,^7Khalifa^5_^7aw^5b,^7Ayatollah^5_^7dra^5g,MOD_ROCKET,2.8039307594299316,0.05607861652970314,180.63108825683594,5473.66943359375,59.0,500,20,244,588.0,211.0,256.0,,,505.0,69.0
ayatollah_vs_nL_ctf4_pov_awb.dm_26.dm_meta,27077650,26084050,27285200.0,MOD_ROCKET_SPLASH,bad,False,0.29333333333333333,0.33666666666666667,0.10232358077960502,0.25247297328938717,00:16:34.950,^7Khalifa^5_^7aw^5b,Mahdi^5_^7f^5p,MOD_ROCKET_SPLASH,3.414243459701538,0.013656973838806152,14.603282928466797,442.52374267578125,55.0,628,27,754,210.0,543.0,534.0,,,200.0,76.0
ayatollah_vs_nL_ctf4_pov_awb.dm_26.dm_meta,27109250,26084050,27285200.0,MOD_ROCKET,bad,True,0.09,0.10333333333333333,0.051311697472343085,0.024523944337354425,00:17:06.550,^7Khalifa^5_^7aw^5b,s3,MOD_ROCKET,55.12752151489258,0.07875360548496246,55.12752151489258,1670.531005859375,86.0,646,52,283,788.0,221.0,757.0,50.0,-17.0,687.0,3.0
ayatollah_vs_nL_ctf4_pov_awb.dm_26.dm_meta,27136100,26084050,27285200.0,MOD_TRIP_MINE_SPLASH,bad,True,,,,,00:17:33.400,^7Khalifa^5_^7aw^5b,s3,MOD_TRIP_MINE_SPLASH,26.069889068603516,0.10427955538034439,174.1382293701172,5276.916015625,112.0,99,127,401,489.0,872.0,383.0,,,142.0,105.0
ayatollah_vs_nL_ctf4_pov_awb.dm_26.dm_meta,27272350,26084050,27285200.0,MOD_FALLING,bad,True,,,,,00:19:49.650,^7Khalifa^5_^7aw^5b,s3,MOD_FALLING,0.0,0.0,12.636470794677734,382.9233703613281,2043.0,76,27,168,0.0,0.0,0.0,,,0.0,0.0
bat_rocket1300.dm_26.dm_meta,265592320,265565960,266777400.0,MOD_ROCKET_SPLASH,bad,True,0.2833333333333333,0.2733333333333333,0.2077458236752002,0.3050392168871573,00:00:28.320,^3^^0batman^4*,^4^^0Sn^7ake,MOD_ROCKET_SPLASH,0.0,0.0,146.4207305908203,4436.99169921875,131.0,235,0,271,294.0,139.0,302.0,,,222.0,69.0
bat_rocket1300.dm_26.dm_meta,265640440,265565960,266777400.0,MOD_ROCKET_SPLASH,bad,False,0.25,0.26666666666666666,0.17860841948736758,0.19725694408881153,00:01:16.440,^3^^0batman^4*,^4^^0Sn^7ake,MOD_ROCKET_SPLASH,26.086883544921875,0.054347675293684006,92.5606460571289,2804.8681640625,258.0,313,207,292,410.0,254.0,261.0,,,304.0,0.0
bat_rocket1300.dm_26.dm_meta,265716040,265565960,266777400.0,MOD_TRIP_MINE_SPLASH,bad,True,,,,,00:02:32.040,^3^^0batman^4*,^1P^7l^4a^1t^7i^4n^1u^7m^43^1x,MOD_TRIP_MINE_SPLASH,17.44559669494629,0.14537997543811798,173.07833862304688,5244.79833984375,143.0,261,0,288,236.0,0.0,204.0,,,8.0,0.0
bat_rocket1300.dm_26.dm_meta,265844680,265565960,266777400.0,MOD_ROCKET,bad,True,0.18,0.17333333333333334,0.062286877373887654,0.006482865904165802,00:04:40.680,^3^^0batman^4*,^4^^0Sn^7ake,MOD_ROCKET,0.0,0.0,148.40342712402344,4497.07373046875,212.0,424,166,480,476.0,0.0,529.0,320.0,-16.0,44.0,8.0
bat_rocket1300.dm_26.dm_meta,265875760,265565960,266777400.0,MOD_FLECHETTE_ALT_SPLASH,bad,True,0.2966666666666667,0.2633333333333333,0.088735789279918,0.11004917810060397,00:05:11.760,^3^^0batman^4*,^1P^7l^4a^1t^7i^4n^1u^7m^43^1x,MOD_FLECHETTE_ALT_SPLASH,54.52919387817383,0.07174894213676453,97.61717987060547,2958.096435546875,160.0,601,125,609,151.0,400.0,265.0,,,139.0,128.0
bat_rocket1300.dm_26.dm_meta,265894680,265565960,266777400.0,MOD_BRYAR_PISTOL_ALT,bad,False,0.39666666666666667,0.3233333333333333,0.3134941129191173,0.05039996071719616,00:05:30.680,^3^^0batman^4*,^4^^0Sn^7ake,MOD_BRYAR_PISTOL_ALT,0.0,0.0,102.71284484863281,3112.510498046875,104.0,34,184,371,875.0,474.0,689.0,,,406.0,191.0
bat_rocket1300.dm_26.dm_meta,265924120,265565960,266777400.0,MOD_BRYAR_PISTOL_ALT,bad,False,0.24333333333333335,0.22666666666666666,0.07081409548524441,0.014558979162893466,00:06:00.120,^3^^0batman^4*,^1P^7l^4a^1t^7i^4n^1u^7m^43^1x,MOD_BRYAR_PISTOL_ALT,17.191129684448242,0.07162971049547195,17.25470542907715,522.869873046875,246.0,251,0,234,408.0,0.0,346.0,120.0,-7.0,22.0,0.0
bat_rocket1300.dm_26.dm_meta,265961160,265565960,266777400.0,MOD_TRIP_MINE_SPLASH,bad,True,,,,,00:06:37.160,^3^^0batman^4*,^4^^0Sn^7ake,MOD_TRIP_MINE_SPLASH,128.48886108398438,0.1606110781431198,133.2414093017578,4037.618408203125,100.0,345,57,422,151.0,743.0,319.0,,,26.0,4.0
bat_rocket1300.dm_26.dm_meta,265980880,265565960,266777400.0,MOD_TRIP_MINE_SPLASH,bad,False,,,,,00:06:56.880,^3^^0batman^4*,^3^^0batman^4*,MOD_TRIP_MINE_SPLASH,0.0,0.0,81.24256134033203,2461.895751953125,0.0,551,36,440,551.0,36.0,440.0,,,0.0,0.0
bat_rocket1300.dm_26.dm_meta,265980880,265565960,266777400.0,MOD_TRIP_MINE_SPLASH,bad,False,,,,,00:06:56.880,^3^^0batman^4*,^1P^7l^4a^1t^7i^4n^1u^7m^43^1x,MOD_TRIP_MINE_SPLASH,0.0,0.0,81.24256134033203,2461.895751953125,82.0,551,36,440,400.0,288.0,50.0,,,286.0,0.0
bat_rocket1300.dm_26.dm_meta,266119320,265565960,266777400.0,MOD_ROCKET_SPLASH,bad,True,0.25,0.23666666666666666,0.11438869034721288,0.11318763557015916,00:09:15.320,^3^^0batman^4*,^4^^0Sn^7ake,MOD_ROCKET_SPLASH,159.01828002929688,0.16564403474330902,178.3965301513672,5405.95556640625,347.0,225,140,171,426.0,488.0,353.0,,,385.0,53.0
bat_rocket1300.dm_26.dm_meta,266169800,265565960,266777400.0,MOD_TRIP_MINE_SPLASH,bad,False,,,,,00:10:05.800,^3^^0batman^4*,^1P^7l^4a^1t^7i^4n^1u^7m^43^1x,MOD_TRIP_MINE_SPLASH,25.46763801574707,0.05788099393248558,96.25564575195312,2916.837646484375,146.0,479,0,371,433.0,2.0,256.0,,,24.0,0.0
bat_rocket1300.dm_26.dm_meta,266201800,265565960,266777400.0,MOD_TRIP_MINE_SPLASH,bad,False,,,,,00:10:37.800,^3^^0batman^4*,^4^^0Sn^7ake,MOD_TRIP_MINE_SPLASH,9.113637924194336,0.07594697922468185,22.529245376586914,682.7044067382812,587.0,305,597,404,151.0,252.0,233.0,,,119.0,36.0
bat_rocket1300.dm_26.dm_meta,266245600,265565960,266777400.0,MOD_FALLING,bad,False,,,,,00:11:21.600,^3^^0batman^4*,^1P^7l^4a^1t^7i^4n^1u^7m^43^1x,MOD_FALLING,0.0,0.0,9.666728019714355,292.93115234375,546.0,443,62,421,617.0,0.0,784.0,,,42.0,0.0
bat_rocket1300.dm_26.dm_meta,266329600,265565960,266777400.0,MOD_ROCKET_SPLASH,bad,False,0.16,0.18333333333333332,0.1309955259421463,0.13700259238579626,00:12:45.600,^3^^0batman^4*,^3^^0batman^4*,MOD_ROCKET_SPLASH,0.0,0.0,35.4757194519043,1075.0218505859375,0.0,482,134,385,482.0,134.0,385.0,,,0.0,0.0
bat_rocket1300.dm_26.dm_meta,266364960,265565960,266777400.0,MOD_ROCKET,bad,False,0.17666666666666667,0.19,0.02971280464349819,0.014196336596434933,00:13:20.960,^3^^0batman^4*,tensor,MOD_ROCKET,2.387751340866089,0.014923445880413055,49.314937591552734,1494.39208984375,199.0,445,444,569,682.0,661.0,357.0,440.0,-19.0,357.0,237.0
bat_rocket1300.dm_26.dm_meta,266449320,265565960,266777400.0,MOD_ROCKET_SPLASH,bad,False,0.17333333333333334,0.17666666666666667,0.20038479509652002,0.1994468476120998,00:14:45.320,^3^^0batman^4*,^1P^7l^4a^1t^7i^4n^1u^7m^43^1x,MOD_ROCKET_SPLASH,0.0,0.0,90.72831726074219,2749.343017578125,137.0,470,29,371,497.0,78.0,382.0,,,184.0,44.0
bat_rocket1300.dm_26.dm_meta,266449320,265565960,266777400.0,MOD_ROCKET_SPLASH,bad,False,0.27,0.2833333333333333,0.15560425780766737,0.19966676194587277,00:14:45.320,^3^^0batman^4*,^3^^0batman^4*,MOD_ROCKET_SPLASH,0.0,0.0,90.72831726074219,2749.343017578125,0.0,470,29,371,470.0,29.0,371.0,,,0.0,0.0
bat_rocket1300.dm_26.dm_meta,266499680,265565960,266777400.0,MOD_FALLING,bad,True,,,,,00:15:35.680,^3^^0batman^4*,tensor,MOD_FALLING,68.44324493408203,0.0950600653886795,68.44324493408203,2074.037841796875,863.0,253,0,269,246.0,0.0,515.0,,,12.0,0.0
bat_rocket1300.dm_26.dm_meta,266581840,265565960,266777400.0,MOD_ROCKET_SPLASH,bad,True,0.12,0.06666666666666667,0.043959576730975516,0.049443349104020436,00:16:57.840,^3^^0batman^4*,^4^^0Sn^7ake,MOD_ROCKET_SPLASH,174.33657836914062,0.48426827788352966,179.86961364746094,5450.59423828125,148.0,378,18,514,261.0,149.0,323.0,,,80.0,42.0
bat_rocket1300.dm_26.dm_meta,266625120,265565960,266777400.0,MOD_REPEATER_ALT,bad,False,0.22333333333333333,0.21,0.03311988350643032,0.017254359866517736,00:17:41.120,^3^^0batman^4*,^1P^7l^4a^1t^7i^4n^1u^7m^43^1x,MOD_REPEATER_ALT,10.13213062286377,0.036186181008815765,136.9135284423828,4148.89501953125,149.0,379,0,430,546.0,46.0,351.0,160.0,0.0,35.0,0.0
bat_rocket1300.dm_26.dm_meta,266755480,265565960,266777400.0,MOD_TRIP_MINE_SPLASH,bad,False,,,,,00:19:51.480,^3^^0batman^4*,^1P^7l^4a^1t^7i^4n^1u^7m^43^1x,MOD_TRIP_MINE_SPLASH,0.0,0.0,12.96601390838623,392.9095153808594,235.0,320,0,263,579.0,220.0,357.0,,,226.0,28.0
bat_rocket1300.dm_26.dm_meta,266755480,265565960,266777400.0,MOD_FLECHETTE_ALT_SPLASH,bad,False,0.18333333333333332,0.22333333333333333,0.2800166967424635,0.08003509040788641,00:19:51.480,^3^^0batman^4*,^5brits sux hard,MOD_FLECHETTE_ALT_SPLASH,0.0,0.0,12.96601390838623,392.9095153808594,372.0,320,0,263,260.0,0.0,360.0,,,11.0,0.0
bat_rocket730.dm_26.dm_meta,37441850,37416000,38616450.0,MOD_ROCKET_SPLASH,bad,False,0.18666666666666668,0.24,0.25122404223793554,0.20348626530003222,00:00:28.700,^3^^0batman^4*,^4{^7JOC^4}^7Pabl^5o^4{JM},MOD_ROCKET_SPLASH,0.0,0.0,63.57331085205078,1926.4639892578125,295.0,305,0,384,555.0,362.0,419.0,,,563.0,389.0
bat_rocket730.dm_26.dm_meta,37451200,37416000,38616450.0,MOD_ROCKET_SPLASH,bad,False,0.23,0.24,0.3839114605267814,0.1551359995565412,00:00:38.050,^3^^0batman^4*,,MOD_ROCKET_SPLASH,6.256936073303223,0.025027744472026825,40.02067565917969,1212.747802734375,600.0,283,0,414,401.0,45.0,204.0,,,188.0,40.0
bat_rocket730.dm_26.dm_meta,37458850,37416000,38616450.0,MOD_TRIP_MINE_SPLASH,bad,False,,,,,00:00:45.700,^3^^0batman^4*,^3Xen_Crypt,MOD_TRIP_MINE_SPLASH,1.109129548072815,0.011091295629739761,58.14108657836914,1761.85107421875,864.0,250,0,222,471.0,170.0,209.0,,,1374.0,1150.0
bat_rocket730.dm_26.dm_meta,37473200,37416000,38616450.0,MOD_ROCKET_SPLASH,bad,True,0.13666666666666666,0.2,0.0701140179530253,0.05436685778989881,00:01:00.050,^3^^0batman^4*,^4{^7JOC^4}^7Pabl^5o^4{JM},MOD_ROCKET_SPLASH,63.93891525268555,0.3196945786476135,74.33628845214844,2252.61474609375,30.0,207,151,322,325.0,126.0,292.0,,,129.0,0.0
bat_rocket730.dm_26.dm_meta,37486700,37416000,38616450.0,MOD_ROCKET_SPLASH,bad,False,0.13333333333333333,0.21666666666666667,0.14291778319720969,0.07250686480798808,00:01:13.550,^3^^0batman^4*,^3Xen_Crypt,MOD_ROCKET_SPLASH,0.0,0.0,10.454870223999023,316.8142395019531,230.0,301,401,437,268.0,247.0,246.0,,,44.0,0.0
bat_rocket730.dm_26.dm_meta,37539250,37416000,38616450.0,MOD_ROCKET_SPLASH,bad,False,0.4266666666666667,0.4266666666666667,0.12880608073380778,0.3265410322246014,00:02:06.100,^3^^0batman^4*,^3^^0batman^4*,MOD_ROCKET_SPLASH,3.7255845069885254,0.07451169192790985,60.244346618652344,1825.5863037109375,0.0,390,74,229,390.0,74.0,229.0,,,0.0,0.0
bat_rocket730.dm_26.dm_meta,37552150,37416000,38616450.0,MOD_ROCKET_SPLASH,bad,True,0.14,0.10666666666666667,0.08209163686562831,0.06198480588510541,00:02:19.000,^3^^0batman^4*,,MOD_ROCKET_SPLASH,98.40959930419922,0.2460239976644516,154.30819702148438,4676.005859375,69.0,440,133,198,649.0,11.0,609.0,,,724.0,324.0
bat_rocket730.dm_26.dm_meta,37589600,37416000,38616450.0,MOD_ROCKET_SPLASH,bad,False,0.16333333333333333,0.21333333333333335,0.12970958228546628,0.1865404803074239,00:02:56.450,^3^^0batman^4*,,MOD_ROCKET_SPLASH,0.0,0.0,33.542991638183594,1016.4542846679688,380.0,611,435,693,336.0,427.0,301.0,,,787.0,508.0
bat_rocket730.dm_26.dm_meta,37646400,37416000,38616450.0,MOD_FALLING,bad,True,,,,,00:03:53.250,^3^^0batman^4*,,MOD_FALLING,124.53465270996094,0.11860442906618118,125.41463470458984,3800.443603515625,147.0,415,0,637,206.0,0.0,739.0,,,9.0,0.0
bat_rocket730.dm_26.dm_meta,37679050,37416000,38616450.0,MOD_ROCKET_SPLASH,bad,False,0.11,0.17333333333333334,0.15106035192725076,0.02110316281094412,00:04:25.900,^3^^0batman^4*,,MOD_ROCKET_SPLASH,19.798864364624023,0.19798864424228668,39.53482437133789,1198.0250244140625,158.0,367,160,204,538.0,499.0,277.0,,,263.0,118.0
bat_rocket730.dm_26.dm_meta,37711600,37416000,38616450.0,MOD_TRIP_MINE_SPLASH,bad,False,,,,,00:04:58.450,^3^^0batman^4*,,MOD_TRIP_MINE_SPLASH,3.820526123046875,0.019102631136775017,75.15213775634766,2277.33740234375,362.0,247,0,314,206.0,57.0,253.0,,,19.0,0.0
bat_rocket730.dm_26.dm_meta,37722000,37416000,38616450.0,MOD_TRIP_MINE_SPLASH,bad,False,,,,,00:05:08.850,^3^^0batman^4*,sally wally,MOD_TRIP_MINE_SPLASH,21.30141830444336,0.10650709271430969,93.0340576171875,2819.2138671875,59.0,277,13,201,399.0,285.0,333.0,,,104.0,15.0
bat_rocket730.dm_26.dm_meta,37771500,37416000,38616450.0,MOD_ROCKET_SPLASH,bad,False,0.23333333333333334,0.3333333333333333,0.2097080653816619,0.23050684558796705,00:05:58.350,^3^^0batman^4*,,MOD_ROCKET_SPLASH,0.0,0.0,81.98657989501953,2484.44189453125,197.0,250,1,233,348.0,134.0,235.0,,,269.0,86.0
bat_rocket730.dm_26.dm_meta,37838400,37416000,38616450.0,MOD_ROCKET,bad,False,0.15666666666666668,0.16333333333333333,0.06070863661910841,0.019980225374172777,00:07:05.250,^3^^0batman^4*,,MOD_ROCKET,4.596284866333008,0.004596285056322813,29.452436447143555,892.4981079101562,340.0,268,243,296,540.0,204.0,321.0,300.0,-24.0,49.0,0.0
bat_rocket730.dm_26.dm_meta,37859550,37416000,38616450.0,MOD_ROCKET,bad,True,0.24666666666666667,0.25333333333333335,0.07835344840773423,0.11496850061029623,00:07:26.400,^3^^0batman^4*,^1^4{^7JOC^4}^2Snake^4{JM},MOD_ROCKET,139.3301544189453,0.13269539177417755,146.43173217773438,4437.3251953125,314.0,291,339,302,152.0,14.0,258.0,200.0,37.0,965.0,954.0
bat_rocket730.dm_26.dm_meta,37880150,37416000,38616450.0,MOD_TRIP_MINE_SPLASH,bad,False,,,,,00:07:47.000,^3^^0batman^4*,^1^4{^7JOC^4}^2Snake^4{JM},MOD_TRIP_MINE_SPLASH,10.332864761352539,0.03444288298487663,86.35491180419922,2616.8154296875,310.0,264,1,318,507.0,178.0,579.0,,,276.0,0.0
bat_rocket730.dm_26.dm_meta,37884600,37416000,38616450.0,MOD_ROCKET_SPLASH,bad,False,0.13666666666666666,0.15,0.3323619204051117,0.18482250192895736,00:07:51.450,^3^^0batman^4*,,MOD_ROCKET_SPLASH,0.0,0.0,8.483017921447754,257.0611572265625,522.0,425,0,312,552.0,157.0,289.0,,,565.0,248.0
bat_rocket730.dm_26.dm_meta,37891300,37416000,38616450.0,MOD_ROCKET,bad,False,0.32,0.31666666666666665,0.19605010366352318,0.1302406406100049,00:07:58.150,^3^^0batman^4*,^3Xen_Crypt,MOD_ROCKET,34.30860137939453,0.03812066838145256,113.2226333618164,3430.989013671875,347.0,330,299,301,882.0,117.0,396.0,400.0,-10.0,76.0,0.0
bat_rocket730.dm_26.dm_meta,37904500,37416000,38616450.0,MOD_ROCKET_SPLASH,bad,False,0.2866666666666667,0.22333333333333333,0.10848742878064684,0.16557440862128636,00:08:11.350,^3^^0batman^4*,^3^^0batman^4*,MOD_ROCKET_SPLASH,16.956218719482422,0.042390547692775726,16.956218719482422,513.8248291015625,0.0,423,87,354,423.0,87.0,354.0,,,0.0,0.0
bat_rocket730.dm_26.dm_meta,37997250,37416000,38616450.0,MOD_ROCKET,bad,False,0.02,0.03,0.01528388871484857,0.005419838203640075,00:09:44.100,^3^^0batman^4*,sally wally,MOD_ROCKET,0.0,0.0,117.51071166992188,3560.9306640625,39.0,549,262,368,211.0,280.0,400.0,,,93.0,76.0
bat_rocket730.dm_26.dm_meta,37997250,37416000,38616450.0,MOD_ROCKET_SPLASH,bad,False,0.19666666666666666,0.15,0.15032685140291138,0.083338820433522,00:09:44.100,^3^^0batman^4*,^3^^0batman^4*,MOD_ROCKET_SPLASH,0.0,0.0,117.51071166992188,3560.9306640625,0.0,549,262,368,549.0,262.0,368.0,,,0.0,0.0
bat_rocket730.dm_26.dm_meta,38082550,37416000,38616450.0,MOD_ROCKET_SPLASH,bad,False,0.21333333333333335,0.26666666666666666,0.1898476235355399,0.09949340960883711,00:11:09.400,^3^^0batman^4*,sally wally,MOD_ROCKET_SPLASH,0.6878529191017151,0.003439264604821801,20.820009231567383,630.9093627929688,306.0,533,212,464,412.0,4.0,354.0,,,224.0,82.0
bat_rocket730.dm_26.dm_meta,38083750,37416000,38616450.0,MOD_ROCKET,bad,False,0.35,0.3233333333333333,0.029817057538650785,0.054883665563791,00:11:10.600,^3^^0batman^4*,,MOD_ROCKET,0.0,0.0,66.21492004394531,2006.5126953125,773.0,93,428,714,18.0,754.0,480.0,550.0,-87.0,133.0,127.0
bat_rocket730.dm_26.dm_meta,38107300,37416000,38616450.0,MOD_ROCKET_SPLASH,bad,True,0.31666666666666665,0.22333333333333333,0.29232412397683216,0.2737936607843272,00:11:34.150,^3^^0batman^4*,sally wally,MOD_ROCKET_SPLASH,43.54069519042969,0.039582449942827225,169.35140991210938,5131.86083984375,485.0,473,0,384,241.0,114.0,174.0,,,88.0,5.0
bat_rocket730.dm_26.dm_meta,38128500,37416000,38616450.0,MOD_ROCKET_SPLASH,bad,False,0.10666666666666667,0.18666666666666668,0.21716681741940683,0.05461657556433774,00:11:55.350,^3^^0batman^4*,,MOD_ROCKET_SPLASH,3.9254605770111084,0.013084868900477886,16.50362205505371,500.1097717285156,514.0,376,617,408,308.0,316.0,281.0,,,277.0,10.0
bat_rocket730.dm_26.dm_meta,38209400,37416000,38616450.0,MOD_ROCKET_SPLASH,bad,False,0.14,0.38333333333333336,0.17368049709415206,0.059392135340168066,00:13:16.250,^3^^0batman^4*,^1^4{^7JOC^4}^2Snake^4{JM},MOD_ROCKET_SPLASH,9.626086235046387,0.19252172112464905,86.27194213867188,2614.30126953125,199.0,440,8,393,484.0,437.0,374.0,,,580.0,44.0
bat_rocket730.dm_26.dm_meta,38280800,37416000,38616450.0,MOD_TRIP_MINE_SPLASH,bad,True,,,,,00:14:27.650,^3^^0batman^4*,^1^4{^7JOC^4}^2Snake^4{JM},MOD_TRIP_MINE_SPLASH,41.157737731933594,0.20578868687152863,103.51692199707031,3136.87646484375,308.0,253,0,136,705.0,138.0,573.0,,,341.0,4.0
bat_rocket730.dm_26.dm_meta,38313700,37416000,38616450.0,MOD_ROCKET_SPLASH,bad,False,0.18666666666666668,0.17,0.17997800885823242,0.20361434049797367,00:15:00.550,^3^^0batman^4*,^1^4{^7JOC^4}^2Snake^4{JM},MOD_ROCKET_SPLASH,0.0,0.0,57.14080047607422,1731.5394287109375,193.0,498,154,430,385.0,98.0,321.0,,,64.0,9.0
bat_rocket730.dm_26.dm_meta,38360500,37416000,38616450.0,MOD_ROCKET_SPLASH,bad,False,0.32666666666666666,0.3566666666666667,0.14118837986045144,0.3093426513414582,00:15:47.350,^3^^0batman^4*,^1^4{^7JOC^4}^2Snake^4{JM},MOD_ROCKET_SPLASH,0.0,0.0,44.93701171875,1361.7276611328125,47.0,126,113,112,224.0,180.0,290.0,,,150.0,27.0
bat_rocket730.dm_26.dm_meta,38381500,37416000,38616450.0,MOD_ROCKET_SPLASH,bad,False,0.22,0.24,0.23924210326904782,0.14705229592424723,00:16:08.350,^3^^0batman^4*,^1^4{^7JOC^4}^2Snake^4{JM},MOD_ROCKET_SPLASH,0.0,0.0,5.257374286651611,159.3143768310547,202.0,272,142,214,783.0,7.0,455.0,,,266.0,17.0
bat_rocket730.dm_26.dm_meta,38458450,37416000,38616450.0,MOD_BRYAR_PISTOL_ALT,bad,False,0.24666666666666667,0.33,0.20297562568594213,0.027465349276993394,00:17:25.300,^3^^0batman^4*,,MOD_BRYAR_PISTOL_ALT,1.4591563940048218,0.014591563493013382,112.68602752685547,3414.72802734375,594.0,250,0,342,218.0,19.0,199.0,350.0,-4.0,72.0,29.0
bat_rocket730.dm_26.dm_meta,38520400,37416000,38616450.0,MOD_ROCKET_SPLASH,bad,True,0.16666666666666666,0.23333333333333334,0.09078170500447336,0.10885656307142655,00:18:27.250,^3^^0batman^4*,^1^4{^7JOC^4}^2Snake^4{JM},MOD_ROCKET_SPLASH,48.70500183105469,0.048705000430345535,52.113365173339844,1579.19287109375,80.0,249,149,370,430.0,111.0,161.0,,,224.0,21.0
bat_rocket730.dm_26.dm_meta,38533400,37416000,38616450.0,MOD_ROCKET_SPLASH,bad,False,0.38333333333333336,0.3333333333333333,0.2367005987419118,0.20856201561461535,00:18:40.250,^3^^0batman^4*,,MOD_ROCKET_SPLASH,0.0,0.0,89.66475677490234,2717.11376953125,135.0,88,88,216,499.0,0.0,417.0,,,40.0,0.0
cln_vs_nSo_ctf3_pov_fm_(2006-10-03).dm_26.dm_meta,6161150,6121650,7285000.0,MOD_REPEATER_ALT_SPLASH,bad,False,0.07,0.13666666666666666,0.19974914309834216,0.1370822937874242,00:01:22.450,^2^^0cl^7n^2^^0g^2a^7i,^5^^0nso^5.^7en^53^7rgy^5',MOD_REPEATER_ALT_SPLASH,0.0,0.0,18.73419952392578,567.7030029296875,253.0,273,9,326,227.0,406.0,329.0,,,256.0,44.0
cln_vs_nSo_ctf3_pov_fm_(2006-10-03).dm_26.dm_meta,6548850,6121650,7285000.0,MOD_THERMAL_SPLASH,bad,False,,,,,00:07:50.150,^2^^0cl^7n^2^^0g^2a^7i,nso-teh,MOD_THERMAL_SPLASH,0.0,0.0,17.040082931518555,516.3661499023438,920.0,0,0,0,214.0,37.0,265.0,,,26.0,0.0
cln_vs_nSo_ctf3_pov_fm_(2006-10-03).dm_26.dm_meta,6884650,6121650,7285000.0,MOD_REPEATER_ALT_SPLASH,bad,True,0.39666666666666667,0.38,0.2555893574111382,0.24055988502211859,00:13:25.950,^2^^0cl^7n^2^^0g^2a^7i,^5^^0nso^5.^7en^53^7rgy^5',MOD_REPEATER_ALT_SPLASH,18.25943946838379,0.3651887774467468,22.48493003845215,681.3615112304688,470.0,0,0,17,113.0,133.0,118.0,,,76.0,65.0
cln_vs_nSo_ctf3_pov_fm_(2006-10-03).dm_26.dm_meta,6964650,6121650,7285000.0,MOD_THERMAL_SPLASH,bad,False,,,,,00:14:45.950,^2^^0cl^7n^2^^0g^2a^7i,^2^^0cl^7n^2^^0g^2a^7i,MOD_THERMAL_SPLASH,0.0,0.0,34.91683578491211,1058.0859375,0.0,501,89,408,501.0,89.0,408.0,,,0.0,0.0
cln_vs_nSo_ctf3_pov_tri_(2006-10-03).dm_26.dm_meta,6161100,6079900,7293800.0,MOD_ROCKET_SPLASH,bad,False,0.2966666666666667,0.29333333333333333,0.1509191426447353,0.2633439195747054,00:01:22.400,^5^^0cl^7n^5^^0deathmet^5a^7l,nso-Skiboda,MOD_ROCKET_SPLASH,0.0,0.0,125.44566345214844,3801.3837890625,100.0,327,100,466,211.0,331.0,261.0,,,192.0,5.0
cln_vs_nSo_ctf3_pov_tri_(2006-10-03).dm_26.dm_meta,6177500,6079900,7293800.0,MOD_FALLING,bad,False,,,,,00:01:38.800,^5^^0cl^7n^5^^0deathmet^5a^7l,nso-teh,MOD_FALLING,0.0,0.0,114.51055145263672,3470.016845703125,,476,0,282,,,,,,,
cln_vs_nSo_ctf3_pov_tri_(2006-10-03).dm_26.dm_meta,6207100,6079900,7293800.0,MOD_ROCKET_SPLASH,bad,False,0.14,0.19666666666666666,0.1182126086739166,0.14228063346671763,00:02:08.400,^5^^0cl^7n^5^^0deathmet^5a^7l,nso-Skiboda,MOD_ROCKET_SPLASH,28.603015899658203,0.11441206187009811,28.87504005432129,875.001220703125,159.0,516,105,212,465.0,402.0,231.0,,,561.0,50.0
cln_vs_nSo_ctf3_pov_tri_(2006-10-03).dm_26.dm_meta,6228200,6079900,7293800.0,MOD_REPEATER_ALT_SPLASH,bad,False,0.37,0.26,0.10140876627433887,0.6445090363454282,00:02:29.500,^5^^0cl^7n^5^^0deathmet^5a^7l,nso-teh,MOD_REPEATER_ALT_SPLASH,30.674224853515625,0.08764064311981201,120.13195037841797,3640.362060546875,41.0,552,107,302,139.0,59.0,272.0,,,26.0,0.0
cln_vs_nSo_ctf3_pov_tri_(2006-10-03).dm_26.dm_meta,6231850,6079900,7293800.0,MOD_REPEATER_ALT_SPLASH,bad,False,0.18333333333333332,0.31666666666666665,0.1703064811961259,0.032242661647125616,00:02:33.150,^5^^0cl^7n^5^^0deathmet^5a^7l,nso-Skiboda,MOD_REPEATER_ALT_SPLASH,7.963354587554932,0.1592670977115631,51.452430725097656,1559.16455078125,169.0,262,0,218,213.0,475.0,317.0,,,185.0,15.0
cln_vs_nSo_ctf3_pov_tri_(2006-10-03).dm_26.dm_meta,6241900,6079900,7293800.0,MOD_THERMAL_SPLASH,bad,False,,,,,00:02:43.200,^5^^0cl^7n^5^^0deathmet^5a^7l,nso-teh,MOD_THERMAL_SPLASH,3.7355332374572754,0.0747106671333313,22.689044952392578,687.5468139648438,109.0,200,102,260,603.0,105.0,372.0,,,671.0,337.0
cln_vs_nSo_ctf3_pov_tri_(2006-10-03).dm_26.dm_meta,6299600,6079900,7293800.0,MOD_BRYAR_PISTOL_ALT,bad,True,0.23666666666666666,0.16,0.004079386704031522,0.12704217704348905,00:03:40.900,^5^^0cl^7n^5^^0deathmet^5a^7l,nso-Skiboda,MOD_BRYAR_PISTOL_ALT,95.9207763671875,0.27405935525894165,118.12582397460938,3579.570556640625,88.0,4,0,180,354.0,134.0,92.0,,,44.0,1.0
cln_vs_nSo_ctf3_pov_tri_(2006-10-03).dm_26.dm_meta,6329400,6079900,7293800.0,MOD_THERMAL_SPLASH,bad,True,,,,,00:04:10.700,^5^^0cl^7n^5^^0deathmet^5a^7l,nso-teh,MOD_THERMAL_SPLASH,72.3834228515625,0.09651122987270355,115.93707275390625,3513.24462890625,201.0,173,0,207,260.0,160.0,295.0,,,93.0,0.0
cln_vs_nSo_ctf3_pov_tri_(2006-10-03).dm_26.dm_meta,6351700,6079900,7293800.0,MOD_REPEATER_ALT_SPLASH,bad,False,0.2733333333333333,0.23333333333333334,0.37072856089125306,0.1059862811554133,00:04:33.000,^5^^0cl^7n^5^^0deathmet^5a^7l,nso-Skiboda,MOD_REPEATER_ALT_SPLASH,0.0,0.0,12.243178367614746,371.0054016113281,634.0,13,441,181,290.0,513.0,396.0,,,366.0,30.0
cln_vs_nSo_ctf3_pov_tri_(2006-10-03).dm_26.dm_meta,6384400,6079900,7293800.0,MOD_REPEATER_ALT,bad,True,0.19333333333333333,0.11666666666666667,0.004796526200240723,0.061648647627158694,00:05:05.700,^5^^0cl^7n^5^^0deathmet^5a^7l,nso-teh,MOD_REPEATER_ALT,30.503311157226562,0.3050331175327301,43.659324645996094,1323.0098876953125,32.0,358,76,134,97.0,160.0,476.0,,,7.0,0.0
cln_vs_nSo_ctf3_pov_tri_(2006-10-03).dm_26.dm_meta,6416250,6079900,7293800.0,MOD_ROCKET_SPLASH,bad,True,0.27666666666666667,0.21666666666666667,0.14561930489840286,0.23341938592381387,00:05:37.550,^5^^0cl^7n^5^^0deathmet^5a^7l,nso-Skiboda,MOD_ROCKET_SPLASH,39.32801818847656,0.08739559352397919,139.09634399414062,4215.04052734375,199.0,352,3,354,351.0,382.0,320.0,,,619.0,327.0
cln_vs_nSo_ctf3_pov_tri_(2006-10-03).dm_26.dm_meta,6462600,6079900,7293800.0,MOD_THERMAL_SPLASH,bad,False,,,,,00:06:23.900,^5^^0cl^7n^5^^0deathmet^5a^7l,^5^^0nso^5.^7en^53^7rgy^5',MOD_THERMAL_SPLASH,29.881147384643555,0.049801912158727646,29.881147384643555,905.4893188476562,285.0,370,240,495,402.0,89.0,393.0,,,301.0,106.0
cln_vs_nSo_ctf3_pov_tri_(2006-10-03).dm_26.dm_meta,6495200,6079900,7293800.0,MOD_ROCKET_SPLASH,bad,False,0.14,0.18,0.2994742432212472,0.13056467102813382,00:06:56.500,^5^^0cl^7n^5^^0deathmet^5a^7l,nso-teh,MOD_ROCKET_SPLASH,7.088233947753906,0.010904975235462189,22.908802032470703,694.2061157226562,412.0,318,0,362,604.0,117.0,182.0,,,220.0,1.0
cln_vs_nSo_ctf3_pov_tri_(2006-10-03).dm_26.dm_meta,6566500,6079900,7293800.0,MOD_ROCKET_SPLASH,bad,True,0.18333333333333332,0.16,0.08082319558231925,0.06403942080822657,00:08:07.800,^5^^0cl^7n^5^^0deathmet^5a^7l,^5^^0nso^5.^7en^53^7rgy^5',MOD_ROCKET_SPLASH,93.4316177368164,0.16987566649913788,139.8811798095703,4238.82373046875,89.0,70,10,478,216.0,170.0,276.0,,,77.0,7.0
cln_vs_nSo_ctf3_pov_tri_(2006-10-03).dm_26.dm_meta,6680650,6079900,7293800.0,MOD_FALLING,bad,False,,,,,00:10:01.950,^5^^0cl^7n^5^^0deathmet^5a^7l,nso-teh,MOD_FALLING,19.775466918945312,0.07910186797380447,101.29246520996094,3069.46875,,426,0,412,,,,,,,
cln_vs_nSo_ctf3_pov_tri_(2006-10-03).dm_26.dm_meta,6735650,6079900,7293800.0,MOD_DISRUPTOR_SNIPER,bad,False,,,,,00:10:56.950,^5^^0cl^7n^5^^0deathmet^5a^7l,nso-teh,MOD_DISRUPTOR_SNIPER,17.463165283203125,0.038807034492492676,141.74603271484375,4295.33447265625,492.0,408,113,403,137.0,0.0,266.0,,,2.0,0.0
cln_vs_nSo_ctf3_pov_tri_(2006-10-03).dm_26.dm_meta,6760450,6079900,7293800.0,MOD_ROCKET_SPLASH,good,False,0.5866666666666667,0.5866666666666667,0.2133180567468465,0.7318497845734124,00:11:21.750,^5^^0cl^7n^5^^0deathmet^5a^7l,^4^^0cl^7n^4^^0Ze^4u^7s,MOD_ROCKET_SPLASH,2.021073818206787,0.04042147472500801,95.3492660522461,2889.371826171875,292.0,50,276,173,79.0,205.0,217.0,,,43.0,0.0
cln_vs_nSo_ctf3_pov_tri_(2006-10-03).dm_26.dm_meta,6766350,6079900,7293800.0,MOD_ROCKET_SPLASH,bad,False,0.37333333333333335,0.24666666666666667,0.18765788646953488,0.16507724380828617,00:11:27.650,^5^^0cl^7n^5^^0deathmet^5a^7l,nso-Skiboda,MOD_ROCKET_SPLASH,0.6646728515625,0.0016616821521893144,7.906846523284912,239.60140991210938,273.0,279,18,341,45.0,374.0,244.0,,,27.0,14.0
cln_vs_nSo_ctf3_pov_tri_(2006-10-03).dm_26.dm_meta,6810450,6079900,7293800.0,MOD_ROCKET_SPLASH,bad,True,0.12,0.12333333333333334,0.10164359508523829,0.029543893272206568,00:12:11.750,^5^^0cl^7n^5^^0deathmet^5a^7l,nso-Skiboda,MOD_ROCKET_SPLASH,84.04794311523438,0.240136981010437,102.34172058105469,3101.26416015625,101.0,612,193,413,1031.0,449.0,904.0,,,1143.0,25.0
cln_vs_nSo_ctf3_pov_tri_(2006-10-03).dm_26.dm_meta,6833150,6079900,7293800.0,MOD_BRYAR_PISTOL_ALT,bad,False,0.23666666666666666,0.23,0.426744150297724,0.0593005965998784,00:12:34.450,^5^^0cl^7n^5^^0deathmet^5a^7l,nso-Skiboda,MOD_BRYAR_PISTOL_ALT,0.936113178730011,0.0018722263630479574,9.070743560791016,274.87103271484375,456.0,299,279,423,1210.0,243.0,629.0,350.0,-4.0,1157.0,28.0
cln_vs_nSo_ctf3_pov_tri_(2006-10-03).dm_26.dm_meta,6855250,6079900,7293800.0,MOD_DISRUPTOR_SNIPER,bad,True,,,,,00:12:56.550,^5^^0cl^7n^5^^0deathmet^5a^7l,nso-teh,MOD_DISRUPTOR_SNIPER,2.164306640625,0.0054107666946947575,2.52685546875,76.57138061523438,2094.0,0,0,0,0.0,0.0,240.0,,,0.0,0.0
cln_vs_nSo_ctf3_pov_tri_(2006-10-03).dm_26.dm_meta,6918450,6079900,7293800.0,MOD_ROCKET_SPLASH,bad,True,0.14,0.13666666666666666,0.1211729248979623,0.11633720779776245,00:13:59.750,^5^^0cl^7n^5^^0deathmet^5a^7l,nso-Skiboda,MOD_ROCKET_SPLASH,40.665283203125,0.054220378398895264,40.735225677490234,1234.4007568359375,206.0,452,41,657,456.0,479.0,266.0,,,346.0,27.0
cln_vs_nSo_ctf3_pov_tri_(2006-10-03).dm_26.dm_meta,6978350,6079900,7293800.0,MOD_ROCKET_SPLASH,bad,False,0.21333333333333335,0.27666666666666667,0.1346855454474134,0.09213992774465798,00:14:59.650,^5^^0cl^7n^5^^0deathmet^5a^7l,nso-teh,MOD_ROCKET_SPLASH,38.7215461730957,0.048401933163404465,62.77809524536133,1902.3665771484375,165.0,263,70,216,301.0,577.0,231.0,,,278.0,276.0
cln_vs_nSo_ctf3_pov_tri_(2006-10-03).dm_26.dm_meta,6986200,6079900,7293800.0,MOD_ROCKET_SPLASH,bad,True,0.24,0.19666666666666666,0.08307090628363846,0.12383949316709096,00:15:07.500,^5^^0cl^7n^5^^0deathmet^5a^7l,^5^^0cl^7n^5^^0deathmet^5a^7l,MOD_ROCKET_SPLASH,26.784114837646484,0.5356823205947876,62.48851013183594,1893.5911865234375,0.0,353,106,111,353.0,106.0,111.0,,,0.0,0.0
cln_vs_nSo_ctf3_pov_tri_(2006-10-03).dm_26.dm_meta,7013000,6079900,7293800.0,MOD_ROCKET_SPLASH,bad,False,0.16333333333333333,0.17,0.32846545790744514,0.13297855704658743,00:15:34.300,^5^^0cl^7n^5^^0deathmet^5a^7l,nso-Skiboda,MOD_ROCKET_SPLASH,6.954345703125,0.008692932315170765,37.706485748291016,1142.6207275390625,385.0,262,0,246,529.0,91.0,331.0,,,88.0,6.0
cln_vs_nSo_ctf3_pov_tri_(2006-10-03).dm_26.dm_meta,7048400,6079900,7293800.0,MOD_REPEATER_ALT_SPLASH,bad,False,0.2866666666666667,0.2633333333333333,0.13334890119455747,0.1252515059566784,00:16:09.700,^5^^0cl^7n^5^^0deathmet^5a^7l,^5^^0cl^7n^5^^0deathmet^5a^7l,MOD_REPEATER_ALT_SPLASH,0.0,0.0,1.3238525390625,40.11674499511719,0.0,558,41,201,558.0,41.0,201.0,,,0.0,0.0
cukocrew_vs_beasts_ctf4_pov_awb.dm_26.dm_meta,21098500,21071100,,MOD_SABER,bad,False,,,,,00:13:19.700,^7^^0=^2> ^7(aw^5b^7),^7be^5a^7sty kr^5ie^7G,MOD_SABER,0.9716070294380188,0.0014947800664231181,23.82819175720215,722.06640625,49.0,43,0,45,0.0,0.0,0.0,,,0.0,0.0
cukocrew_vs_beasts_ctf4_pov_awb.dm_26.dm_meta,21141500,21071100,,MOD_SABER,bad,False,,,,,00:14:02.700,^7^^0=^2> ^7(aw^5b^7),be^5^1a^7sty je^1nk^7s,MOD_SABER,13.325737953186035,0.022209562361240387,56.31291961669922,1706.4521484375,35.0,0,0,89,0.0,0.0,43.0,,,0.0,0.0
cukocrew_vs_beasts_ctf4_pov_awb.dm_26.dm_meta,21170550,21071100,,MOD_DET_PACK_SPLASH,bad,False,,,,,00:14:31.750,^7^^0=^2> ^7(aw^5b^7),be^6a^7sty e^6iz^7ei^6,MOD_DET_PACK_SPLASH,0.0,0.0,91.18968200683594,2763.32373046875,179.0,612,57,422,623.0,66.0,374.0,,,323.0,190.0
cukocrew_vs_beasts_ctf4_pov_awb.dm_26.dm_meta,21189050,21071100,,MOD_FALLING,bad,False,,,,,00:14:50.250,^7^^0=^2> ^7(aw^5b^7),^7^^0<^1=^7^7 (cuko),MOD_FALLING,33.37456512451172,0.03708285093307495,60.65922164916992,1838.158203125,440.0,199,83,245,223.0,0.0,553.0,,,10.0,0.0
cukocrew_vs_nL_kejim(1)_pov_awb.dm_26.dm_meta,3618800,3570092,,MOD_ROCKET_SPLASH,bad,False,0.21666666666666667,0.21666666666666667,0.12814359439984155,0.07667755210391616,00:01:41.875,^7^^0=^2> ^7(awb!!),^7no^2L^7imits^2.^7s3^2!,MOD_ROCKET_SPLASH,4.334186553955078,0.01193990744650364,62.75301742553711,1901.6065673828125,218.0,446,274,706,217.0,236.0,223.0,,,118.0,0.0
cukocrew_vs_nL_kejim(1)_pov_awb.dm_26.dm_meta,3651569,3570092,,MOD_REPEATER_ALT,bad,False,0.2833333333333333,0.4166666666666667,0.029082617857340173,0.743211380483012,00:02:14.644,^7^^0=^2> ^7(awb!!),^^0<^6= ^7(KABA!!),MOD_REPEATER_ALT,6.382843971252441,0.019341951236128807,69.29598999023438,2099.87841796875,244.0,214,70,248,297.0,37.0,66.0,231.0,3.0,38.0,0.0
delta_chase_whoracle_kejim (7).dm_26.dm_meta,882625913,882585620,,MOD_TRIP_MINE_SPLASH,bad,True,,,,,00:00:40.924,deltaaa,,MOD_TRIP_MINE_SPLASH,0.0,0.0,24.285367965698242,735.9202270507812,45.0,1446,319,670,437.0,153.0,268.0,,,136.0,55.0
delta_chase_whoracle_kejim (7).dm_26.dm_meta,882640664,882585620,,MOD_TRIP_MINE_SPLASH,bad,False,,,,,00:00:55.675,deltaaa,,MOD_TRIP_MINE_SPLASH,0.0,0.0,38.866127014160156,1177.761474609375,127.0,480,4,419,617.0,398.0,551.0,,,999.0,290.0
delta_chase_whoracle_kejim (7).dm_26.dm_meta,882707093,882585620,,MOD_THERMAL_SPLASH,bad,False,,,,,00:02:02.104,deltaaa,,MOD_THERMAL_SPLASH,0.0,0.0,7.4943389892578125,227.10118103027344,333.0,494,266,421,746.0,535.0,569.0,,,2284.0,1802.0
delta_chase_whoracle_kejim (7).dm_26.dm_meta,882724583,882585620,,MOD_FLECHETTE,bad,False,,,,,00:02:19.594,deltaaa,^1^0=^7::^0leo^7Trex^0::^7=,MOD_FLECHETTE,14.455703735351562,0.03369627892971039,43.39876937866211,1315.1142578125,147.0,531,132,410,606.0,353.0,336.0,33.0,-13.0,98.0,16.0
delta_chase_whoracle_kejim (7).dm_26.dm_meta,882752171,882585620,,MOD_TRIP_MINE_SPLASH,bad,True,,,,,00:02:47.182,deltaaa,,MOD_TRIP_MINE_SPLASH,0.0,0.0,176.71206665039062,5354.9111328125,1762.0,0,81,2036,223.0,192.0,251.0,,,129.0,12.0
delta_chase_whoracle_kejim (7).dm_26.dm_meta,882813947,882585620,,MOD_FALLING,bad,False,,,,,00:03:48.958,deltaaa,,MOD_FALLING,0.0,0.0,23.329919815063477,706.96728515625,339.0,278,0,416,1008.0,409.0,699.0,,,263.0,99.0
delta_chase_whoracle_kejim (7).dm_26.dm_meta,882824639,882585620,,MOD_TRIP_MINE_SPLASH,bad,False,,,,,00:03:59.650,deltaaa,,MOD_TRIP_MINE_SPLASH,20.824663162231445,0.09015005826950073,26.248106002807617,795.3971557617188,165.0,248,0,361,232.0,352.0,419.0,,,222.0,12.0
delta_chase_whoracle_kejim (7).dm_26.dm_meta,882834770,882585620,,MOD_TRIP_MINE_SPLASH,bad,False,,,,,00:04:09.781,deltaaa,^5Luke Skywalker,MOD_TRIP_MINE_SPLASH,22.943878173828125,0.17381726205348969,86.74517059326172,2628.6416015625,72.0,131,254,484,57.0,142.0,330.0,,,49.0,15.0
delta_chase_whoracle_kejim (7).dm_26.dm_meta,882862160,882585620,,MOD_TRIP_MINE_SPLASH,bad,True,,,,,00:04:37.171,deltaaa,^1^0=^7::^0leo^7Trex^0::^7=,MOD_TRIP_MINE_SPLASH,3.004117965698242,0.09103387594223022,74.0911636352539,2245.186767578125,56.0,904,127,294,726.0,459.0,414.0,,,1067.0,173.0
delta_chase_whoracle_kejim (7).dm_26.dm_meta,882891365,882585620,,MOD_FALLING,bad,False,,,,,00:05:06.376,deltaaa,,MOD_FALLING,0.0,0.0,1.3365445137023926,40.50135040283203,1934.0,578,137,492,0.0,0.0,0.0,,,0.0,0.0
delta_chase_whoracle_kejim (7).dm_26.dm_meta,882896975,882585620,,MOD_TRIP_MINE_SPLASH,bad,False,,,,,00:05:11.986,deltaaa,^1^0=^7::^0leo^7Trex^0::^7=,MOD_TRIP_MINE_SPLASH,0.0,0.0,29.841569900512695,904.2899780273438,118.0,309,6,113,720.0,180.0,234.0,,,70.0,0.0
delta_chase_whoracle_kejim (7).dm_26.dm_meta,882939215,882585620,,MOD_TRIP_MINE_SPLASH,bad,False,,,,,00:05:54.226,deltaaa,^1^0=^7::^0leo^7Trex^0::^7=,MOD_TRIP_MINE_SPLASH,4.142446517944336,0.017932668328285217,21.926042556762695,664.425537109375,288.0,253,0,303,520.0,30.0,281.0,,,93.0,43.0
delta_chase_whoracle_kejim (7).dm_26.dm_meta,882960500,882585620,,MOD_REPEATER_ALT,bad,False,0.23666666666666666,0.24333333333333335,0.02927224022447573,0.05706968630575261,00:06:15.511,deltaaa,^1^0=^7::^0leo^7Trex^0::^7=,MOD_REPEATER_ALT,5.2259626388549805,0.1583625078201294,9.583460807800293,290.40789794921875,63.0,388,118,419,828.0,148.0,499.0,66.0,-13.0,534.0,176.0
delta_chase_whoracle_kejim (7).dm_26.dm_meta,883024553,882585620,,MOD_TRIP_MINE_SPLASH,bad,False,,,,,00:07:19.564,deltaaa,,MOD_TRIP_MINE_SPLASH,3.387643575668335,0.020531173795461655,10.018434524536133,303.58892822265625,211.0,78,0,448,300.0,212.0,339.0,,,187.0,12.0
delta_chase_whoracle_kejim (7).dm_26.dm_meta,883066595,882585620,,MOD_TRIP_MINE_SPLASH,bad,True,,,,,00:08:01.606,deltaaa,,MOD_TRIP_MINE_SPLASH,38.9726448059082,0.05134735628962517,39.19805908203125,1187.8199462890625,78.0,829,70,68,509.0,779.0,215.0,,,1439.0,1318.0
delta_chase_whoracle_kejim (7).dm_26.dm_meta,883112135,882585620,,MOD_TRIP_MINE_SPLASH,bad,False,,,,,00:08:47.146,deltaaa,,MOD_TRIP_MINE_SPLASH,6.661203861236572,0.02523183263838291,15.413251876831055,467.0682373046875,311.0,512,0,762,1079.0,168.0,524.0,,,855.0,79.0
delta_chase_whoracle_kejim (7).dm_26.dm_meta,883145597,882585620,,MOD_REPEATER_ALT,bad,True,0.17,0.16,0.0021260351304138968,0.024817293614760993,00:09:20.608,deltaaa,,MOD_REPEATER_ALT,61.7260627746582,0.12469911575317383,94.65667724609375,2868.38427734375,36.0,390,45,164,328.0,122.0,206.0,,,23.0,0.0
delta_chase_whoracle_kejim (7).dm_26.dm_meta,883156784,882585620,,MOD_FLECHETTE_ALT_SPLASH,bad,True,0.19333333333333333,0.11,0.1221239808548261,0.03580106410292869,00:09:31.795,deltaaa,deltaaa,MOD_FLECHETTE_ALT_SPLASH,17.09259605407715,0.020718298852443695,17.107807159423828,518.4183959960938,0.0,967,357,372,967.0,357.0,372.0,,,0.0,0.0
delta_chase_whoracle_kejim (7).dm_26.dm_meta,883166585,882585620,,MOD_FLECHETTE_ALT_SPLASH,bad,False,0.12,0.17666666666666667,0.19180853217271357,0.12999672574100865,00:09:41.596,deltaaa,,MOD_FLECHETTE_ALT_SPLASH,7.471680641174316,0.03773576021194458,13.238740921020508,401.1739807128906,237.0,339,0,481,585.0,256.0,376.0,,,454.0,14.0
delta_chase_whoracle_kejim (7).dm_26.dm_meta,883231001,882585620,,MOD_FLECHETTE_ALT_SPLASH,bad,False,0.2833333333333333,0.29333333333333333,0.11363069322190934,0.0644905707193798,00:10:46.012,deltaaa,deltaaa,MOD_FLECHETTE_ALT_SPLASH,0.0,0.0,53.05952453613281,1607.8643798828125,0.0,406,394,196,406.0,394.0,196.0,,,0.0,0.0
delta_chase_whoracle_kejim (7).dm_26.dm_meta,883305548,882585620,,MOD_TRIP_MINE_SPLASH,bad,False,,,,,00:12:00.559,deltaaa,^7pete^4',MOD_TRIP_MINE_SPLASH,0.54931640625,0.016645951196551323,1.9436798095703125,58.89938735961914,472.0,467,124,442,76.0,289.0,381.0,,,56.0,0.0
delta_chase_whoracle_kejim (7).dm_26.dm_meta,883307066,882585620,,MOD_TRIP_MINE_SPLASH,bad,False,,,,,00:12:02.077,deltaaa,^1^0=^7::^0leo^7Trex^0::^7=,MOD_TRIP_MINE_SPLASH,0.0,0.0,10.558432579040527,319.9525146484375,338.0,87,12,112,64.0,368.0,246.0,,,1550.0,1543.0
delta_chase_whoracle_kejim (7).dm_26.dm_meta,883314590,882585620,,MOD_BRYAR_PISTOL_ALT,bad,False,0.14333333333333334,0.1,0.032811366361690485,0.002341545668904197,00:12:09.601,deltaaa,sal,MOD_BRYAR_PISTOL_ALT,4.488963603973389,0.02720583975315094,37.32896423339844,1131.1807861328125,142.0,0,0,93,249.0,17.0,143.0,66.0,-3.0,11.0,0.0
delta_chase_whoracle_kejim (7).dm_26.dm_meta,883334918,882585620,,MOD_TRIP_MINE_SPLASH,bad,False,,,,,00:12:29.929,deltaaa,,MOD_TRIP_MINE_SPLASH,1.559139609336853,0.04724665358662605,26.536197662353516,804.127197265625,245.0,328,0,264,214.0,485.0,91.0,,,265.0,11.0
delta_chase_whoracle_kejim (7).dm_26.dm_meta,883348481,882585620,,MOD_SABER,bad,False,,,,,00:12:43.492,deltaaa,^5Luke Skywalker,MOD_SABER,0.0,0.0,0.0,0.0,31.0,0,0,7,0.0,0.0,2.0,,,0.0,0.0
delta_chase_whoracle_kejim (7).dm_26.dm_meta,883390853,882585620,,MOD_FLECHETTE_ALT_SPLASH,bad,True,0.17333333333333334,0.09666666666666666,0.08211605157325605,0.0316099214167747,00:13:25.864,deltaaa,deltaaa,MOD_FLECHETTE_ALT_SPLASH,120.90983581542969,0.192838653922081,126.38680267333984,3829.903076171875,0.0,1215,173,470,1215.0,173.0,470.0,,,0.0,0.0
delta_chase_whoracle_kejim (7).dm_26.dm_meta,883422566,882585620,,MOD_REPEATER_ALT_SPLASH,bad,False,0.49,0.44333333333333336,0.21135465457965674,0.5286468071004292,00:13:57.577,deltaaa,^1^0=^7::^0leo^7Trex^0::^7=,MOD_REPEATER_ALT_SPLASH,10.274310111999512,0.07783567905426025,110.66682434082031,3353.5400390625,310.0,111,16,229,123.0,418.0,284.0,,,519.0,327.0
delta_chase_whoracle_kejim (7).dm_26.dm_meta,883508762,882585620,,MOD_FALLING,bad,True,,,,,00:15:23.773,deltaaa,^1^0=^7::^0leo^7Trex^0::^7=,MOD_FALLING,0.0,0.0,80.20561981201172,2430.473388671875,2977.0,0,0,124,0.0,0.0,0.0,,,0.0,0.0
delta_chase_whoracle_kejim (7).dm_26.dm_meta,883519817,882585620,,MOD_TRIP_MINE_SPLASH,bad,False,,,,,00:15:34.828,deltaaa,,MOD_TRIP_MINE_SPLASH,30.92955207824707,0.039052464067935944,115.32699584960938,3494.757568359375,142.0,506,230,543,811.0,103.0,583.0,,,960.0,496.0
delta_chase_whoracle_kejim (7).dm_26.dm_meta,883762433,882585620,,MOD_TRIP_MINE_SPLASH,bad,False,,,,,00:19:37.444,deltaaa,^1^0=^7::^0leo^7Trex^0::^7=,MOD_TRIP_MINE_SPLASH,0.15537014603614807,0.0023540931288152933,53.974571228027344,1635.593017578125,43.0,617,341,138,710.0,65.0,525.0,,,174.0,0.0
demo17 (1).dm_26.dm_meta,74364250,74230150,,MOD_ROCKET_SPLASH,bad,False,0.29333333333333333,0.34,0.29982399052351455,0.29309841416612187,00:02:24.900,{JAWA}teh 1337,^1shulba,MOD_ROCKET_SPLASH,2.447387933731079,0.009789551608264446,40.1321907043457,1216.126953125,466.0,415,113,344,314.0,169.0,204.0,,,47.0,0.0
demo17 (1).dm_26.dm_meta,74470800,74230150,,MOD_ROCKET_SPLASH,bad,False,0.3233333333333333,0.28,0.15565161892465273,0.258002877812424,00:04:11.450,{JAWA}teh 1337,^1shulba,MOD_ROCKET_SPLASH,8.507889747619629,0.021269723773002625,65.65435028076172,1989.5257568359375,136.0,425,0,349,388.0,59.0,81.0,,,85.0,0.0
demo17 (1).dm_26.dm_meta,74518850,74230150,,MOD_REPEATER_ALT_SPLASH,bad,True,0.19333333333333333,0.2633333333333333,0.08482292093815254,0.15052314882964746,00:04:59.500,{JAWA}teh 1337,{JAWA}teh 1337,MOD_REPEATER_ALT_SPLASH,37.04200744628906,0.37042006850242615,67.58956146240234,2048.16845703125,0.0,259,18,289,259.0,18.0,289.0,,,0.0,0.0
demo17 (1).dm_26.dm_meta,74548150,74230150,,MOD_ROCKET_SPLASH,bad,False,0.25666666666666665,0.33,0.15115933787933555,0.29056542220719955,00:05:28.800,{JAWA}teh 1337,^1shulba,MOD_ROCKET_SPLASH,0.3573513329029083,0.0035735133569687605,29.374841690063477,890.146728515625,266.0,294,234,284,204.0,168.0,0.0,,,211.0,120.0
demo17 (1).dm_26.dm_meta,74893700,74230150,,MOD_ROCKET_SPLASH,bad,False,0.39,0.4866666666666667,0.22668607600799812,0.33143876416876816,00:11:14.350,{JAWA}teh 1337,^1shulba,MOD_ROCKET_SPLASH,2.549928903579712,0.05099857971072197,29.42506217956543,891.6685791015625,423.0,274,205,287,191.0,109.0,45.0,,,63.0,0.0
demo17 (1).dm_26.dm_meta,75000050,74230150,,MOD_TRIP_MINE_SPLASH,bad,False,,,,,00:13:00.700,{JAWA}teh 1337,^1Book,MOD_TRIP_MINE_SPLASH,10.67316722869873,0.017788611352443695,13.398966789245605,406.029296875,393.0,16,53,32,418.0,136.0,341.0,,,65.0,5.0
demo17 (1).dm_26.dm_meta,75020350,74230150,,MOD_ROCKET_SPLASH,bad,False,0.21,0.2733333333333333,0.2670653905817194,0.15769036379337958,00:13:21.000,{JAWA}teh 1337,^1Killy,MOD_ROCKET_SPLASH,1.91162109375,0.03823242336511612,103.79020690917969,3145.15771484375,381.0,635,90,585,447.0,360.0,310.0,,,220.0,112.0
demo17 (1).dm_26.dm_meta,75250350,74230150,,MOD_FALLING,bad,False,,,,,00:17:11.000,{JAWA}teh 1337,^1shulba,MOD_FALLING,1.2806614637374878,0.02561322972178459,33.05006408691406,1001.51708984375,1288.0,187,0,172,64.0,0.0,745.0,,,0.0,0.0
demo17.dm_26.dm_meta,74364250,74230150,,MOD_ROCKET_SPLASH,bad,False,0.29333333333333333,0.34,0.29982399052351455,0.29309841416612187,00:02:24.900,{JAWA}teh 1337,^1shulba,MOD_ROCKET_SPLASH,2.447387933731079,0.009789551608264446,40.1321907043457,1216.126953125,466.0,415,113,344,314.0,169.0,204.0,,,47.0,0.0
demo17.dm_26.dm_meta,74470800,74230150,,MOD_ROCKET_SPLASH,bad,False,0.3233333333333333,0.28,0.15565161892465273,0.258002877812424,00:04:11.450,{JAWA}teh 1337,^1shulba,MOD_ROCKET_SPLASH,8.507889747619629,0.021269723773002625,65.65435028076172,1989.5257568359375,136.0,425,0,349,388.0,59.0,81.0,,,85.0,0.0
demo17.dm_26.dm_meta,74518850,74230150,,MOD_REPEATER_ALT_SPLASH,bad,True,0.19333333333333333,0.2633333333333333,0.08482292093815254,0.15052314882964746,00:04:59.500,{JAWA}teh 1337,{JAWA}teh 1337,MOD_REPEATER_ALT_SPLASH,37.04200744628906,0.37042006850242615,67.58956146240234,2048.16845703125,0.0,259,18,289,259.0,18.0,289.0,,,0.0,0.0
demo17.dm_26.dm_meta,74548150,74230150,,MOD_ROCKET_SPLASH,bad,False,0.25666666666666665,0.33,0.15115933787933555,0.29056542220719955,00:05:28.800,{JAWA}teh 1337,^1shulba,MOD_ROCKET_SPLASH,0.3573513329029083,0.0035735133569687605,29.374841690063477,890.146728515625,266.0,294,234,284,204.0,168.0,0.0,,,211.0,120.0
demo17.dm_26.dm_meta,74893700,74230150,,MOD_ROCKET_SPLASH,bad,False,0.39,0.4866666666666667,0.22668607600799812,0.33143876416876816,00:11:14.350,{JAWA}teh 1337,^1shulba,MOD_ROCKET_SPLASH,2.549928903579712,0.05099857971072197,29.42506217956543,891.6685791015625,423.0,274,205,287,191.0,109.0,45.0,,,63.0,0.0
demo17.dm_26.dm_meta,75000050,74230150,,MOD_TRIP_MINE_SPLASH,bad,False,,,,,00:13:00.700,{JAWA}teh 1337,^1Book,MOD_TRIP_MINE_SPLASH,10.67316722869873,0.017788611352443695,13.398966789245605,406.029296875,393.0,16,53,32,418.0,136.0,341.0,,,65.0,5.0
demo17.dm_26.dm_meta,75020350,74230150,,MOD_ROCKET_SPLASH,bad,False,0.21,0.2733333333333333,0.2670653905817194,0.15769036379337958,00:13:21.000,{JAWA}teh 1337,^1Killy,MOD_ROCKET_SPLASH,1.91162109375,0.03823242336511612,103.79020690917969,3145.15771484375,381.0,635,90,585,447.0,360.0,310.0,,,220.0,112.0
demo17.dm_26.dm_meta,75250350,74230150,,MOD_FALLING,bad,False,,,,,00:17:11.000,{JAWA}teh 1337,^1shulba,MOD_FALLING,1.2806614637374878,0.02561322972178459,33.05006408691406,1001.51708984375,1288.0,187,0,172,64.0,0.0,745.0,,,0.0,0.0
dest_chase_ctf_dosuun_019_smooth.dm_26.dm_meta,1399600,1329350,,MOD_ROCKET,bad,True,0.38666666666666666,0.23,0.1319208862240702,0.2454219997958832,00:02:18.150,^5^^0de^5s^7t^5.^7e^5X,^1>^7npo^1<^7salec,MOD_ROCKET,82.13724517822266,0.08646025508642197,160.56321716308594,4865.55224609375,415.0,33,0,270,290.0,151.0,281.0,350.0,-17.0,14.0,0.0
"dp-ctf4-0111(rocket,skiboda,7),1207(rocket,JC,5),1637(pistol,skiboda,7),1829(snipe,skiboda,6).dm_26.dm_meta",59643250,59584000,,MOD_ROCKET_SPLASH,bad,True,0.18666666666666668,0.15,0.132069064055147,0.06105811716201323,00:01:00.450,Dark.haX,^4JC,MOD_ROCKET_SPLASH,26.194581985473633,0.5238916277885437,26.60499382019043,806.2119140625,180.0,390,139,124,558.0,321.0,423.0,,,431.0,36.0
"dp-ctf4-0111(rocket,skiboda,7),1207(rocket,JC,5),1637(pistol,skiboda,7),1829(snipe,skiboda,6).dm_26.dm_meta",59651150,59584000,,MOD_ROCKET,bad,False,0.2,0.4166666666666667,0.10401303543690332,0.0577048089734109,00:01:08.350,Dark.haX,^5Skiboda,MOD_ROCKET,0.0,0.0,7.281376838684082,220.6477813720703,157.0,438,20,421,1072.0,644.0,633.0,200.0,-28.0,579.0,297.0
"dp-ctf4-0111(rocket,skiboda,7),1207(rocket,JC,5),1637(pistol,skiboda,7),1829(snipe,skiboda,6).dm_26.dm_meta",59983950,59584000,,MOD_REPEATER_ALT_SPLASH,bad,False,0.2966666666666667,0.23,0.09444024602589284,0.4179915818809488,00:06:41.150,Dark.haX,^4JC,MOD_REPEATER_ALT_SPLASH,6.4583001136779785,0.12916600704193115,54.817264556884766,1661.1292724609375,119.0,782,141,618,131.0,189.0,221.0,,,67.0,0.0
"dp-ctf4-0111(rocket,skiboda,7),1207(rocket,JC,5),1637(pistol,skiboda,7),1829(snipe,skiboda,6).dm_26.dm_meta",60100750,59584000,,MOD_REPEATER_ALT,bad,True,0.37666666666666665,0.31,0.009970685613818971,0.17789026860671092,00:08:37.950,Dark.haX,^7Y^4o^7nd^5ai^7m^4e^5*,MOD_REPEATER_ALT,4.923152923583984,0.09846305847167969,172.30523681640625,5221.37060546875,76.0,280,41,271,48.0,73.0,288.0,100.0,-8.0,1.0,0.0
"dp-ctf4-0111(rocket,skiboda,7),1207(rocket,JC,5),1637(pistol,skiboda,7),1829(snipe,skiboda,6).dm_26.dm_meta",60110800,59584000,,MOD_FORCE_DARK,bad,False,,,,,00:08:48.000,Dark.haX,^5Skiboda,MOD_FORCE_DARK,3.8692352771759033,0.07738470286130905,47.76030349731445,1447.281982421875,216.0,191,78,379,418.0,228.0,332.0,,,118.0,55.0
"dp-ctf4-0111(rocket,skiboda,7),1207(rocket,JC,5),1637(pistol,skiboda,7),1829(snipe,skiboda,6).dm_26.dm_meta",60269600,59584000,,MOD_ROCKET_SPLASH,bad,False,0.53,0.48,0.13283266458914952,0.4077158397482956,00:11:26.800,Dark.haX,^7Y^4o^7nd^5ai^7m^4e^5*,MOD_ROCKET_SPLASH,4.148128509521484,0.08296257257461548,31.96799659729004,968.7271728515625,45.0,155,175,39,326.0,370.0,88.0,,,21.0,0.0
"dp-ctf4-0111(rocket,skiboda,7),1207(rocket,JC,5),1637(pistol,skiboda,7),1829(snipe,skiboda,6).dm_26.dm_meta",60307800,59584000,,MOD_ROCKET_SPLASH,bad,True,0.14,0.11,0.10196090092398585,0.05889114981269999,00:12:05.000,Dark.haX,^4JC,MOD_ROCKET_SPLASH,112.73389434814453,0.2818347215652466,112.73389434814453,3416.1787109375,161.0,103,71,296,540.0,199.0,443.0,,,178.0,0.0
"dp-ctf4-0111(rocket,skiboda,7),1207(rocket,JC,5),1637(pistol,skiboda,7),1829(snipe,skiboda,6).dm_26.dm_meta",60389000,59584000,,MOD_BRYAR_PISTOL_ALT,bad,True,0.19,0.15666666666666668,0.025073969510557508,0.030225286948604053,00:13:26.200,Dark.haX,^5Skiboda,MOD_BRYAR_PISTOL_ALT,43.33168411254883,0.8666336536407471,79.16570281982422,2398.960693359375,31.0,76,0,213,289.0,126.0,338.0,,,39.0,0.0
"dp-ctf4-0111(rocket,skiboda,7),1207(rocket,JC,5),1637(pistol,skiboda,7),1829(snipe,skiboda,6).dm_26.dm_meta",60579350,59584000,,MOD_BRYAR_PISTOL_ALT,bad,True,0.4,0.38333333333333336,0.45090134523843456,0.1496600410488447,00:16:36.550,Dark.haX,^5Skiboda,MOD_BRYAR_PISTOL_ALT,0.0,0.0,0.6878967881202698,20.84535789489746,495.0,425,122,522,1343.0,662.0,760.0,400.0,-11.0,922.0,400.0
"dp-ctf4-0111(rocket,skiboda,7),1207(rocket,JC,5),1637(pistol,skiboda,7),1829(snipe,skiboda,6).dm_26.dm_meta",60691050,59584000,,MOD_DISRUPTOR_SNIPER,bad,False,,,,,00:18:28.250,Dark.haX,^5Skiboda,MOD_DISRUPTOR_SNIPER,0.0,0.0,17.625757217407227,534.1138305664062,559.0,0,0,3,0.0,34.0,356.0,,,409.0,409.0
"dp-ctf4-0111(rocket,skiboda,7),1207(rocket,JC,5),1637(pistol,skiboda,7),1829(snipe,skiboda,6).dm_26.dm_meta",60768200,59584000,,MOD_REPEATER_ALT,bad,False,0.37333333333333335,0.3466666666666667,0.013885854740563012,0.07564130980339877,00:19:45.400,Dark.haX,^4JC,MOD_REPEATER_ALT,0.2142333984375,0.004284667782485485,14.77816390991211,447.8231506347656,94.0,310,28,160,232.0,83.0,332.0,50.0,-12.0,11.0,0.0
"dp-ctf4-0258(repeater,dood,4).dm_26.dm_meta",116609400,116577200,,MOD_REPEATER_ALT_SPLASH,bad,False,0.25666666666666665,0.26,0.3335356392256475,0.09077030080931289,00:00:33.150,Dark.haX,^2^^0de^5s^2t^1.,MOD_REPEATER_ALT_SPLASH,4.824377536773682,0.048243775963783264,4.824377536773682,146.19325256347656,537.0,73,0,296,189.0,129.0,242.0,,,90.0,15.0
"dp-ctf4-0258(repeater,dood,4).dm_26.dm_meta",116698500,116577200,,MOD_REPEATER_ALT_SPLASH,bad,True,0.12,0.06666666666666667,0.10611976476335847,0.05130890966681849,00:02:02.250,Dark.haX,^5^^0n^7Force^5^^0m^7ad,MOD_REPEATER_ALT_SPLASH,44.98073196411133,0.2998715341091156,139.56935119628906,4229.37451171875,110.0,363,298,251,356.0,13.0,222.0,,,22.0,0.0
"dp-ctf4-0258(repeater,dood,4).dm_26.dm_meta",116713200,116577200,,MOD_FALLING,bad,False,,,,,00:02:16.950,Dark.haX,^5^^0n^7Force^5^^0m^7ad,MOD_FALLING,0.0,0.0,0.0,0.0,1042.0,0,0,206,757.0,0.0,785.0,,,41.0,0.0
"dp-ctf4-0258(repeater,dood,4).dm_26.dm_meta",116736550,116577200,,MOD_REPEATER_ALT_SPLASH,bad,True,0.3333333333333333,0.21,0.05661882612355336,0.16222342515067875,00:02:40.300,Dark.haX,^2^^0de^5s^2t^1.,MOD_REPEATER_ALT_SPLASH,186.68798828125,0.3394327163696289,186.68798828125,5657.2119140625,209.0,51,19,145,351.0,233.0,462.0,,,681.0,466.0
"dp-ctf4-0258(repeater,dood,4).dm_26.dm_meta",116751600,116577200,,MOD_REPEATER_ALT,bad,False,0.26666666666666666,0.2733333333333333,0.0927591997579572,0.23178757055050955,00:02:55.350,Dark.haX,^5^^0n^7Force^5^^0m^7ad,MOD_REPEATER_ALT,0.0,0.0,70.22976684570312,2128.1748046875,160.0,266,127,205,415.0,397.0,539.0,100.0,11.0,157.0,106.0
"dp-ctf4-0258(repeater,dood,4).dm_26.dm_meta",116853300,116577200,,MOD_ROCKET_SPLASH,bad,False,0.21666666666666667,0.17333333333333334,0.09394526936839723,0.19502893991592277,00:04:37.050,Dark.haX,^2^^0de^5s^2t^1.,MOD_ROCKET_SPLASH,0.0,0.0,49.83747100830078,1510.2264404296875,139.0,440,300,482,74.0,124.0,322.0,,,390.0,381.0
"dp-ctf4-0258(repeater,dood,4).dm_26.dm_meta",116894050,116577200,,MOD_ROCKET_SPLASH,good,False,0.5966666666666667,0.56,0.22452444590238868,0.8081524265275248,00:05:17.800,Dark.haX,^2^^0de^5s^2t^1.,MOD_ROCKET_SPLASH,0.0,0.0,71.41893005371094,2164.2099609375,172.0,23,57,100,97.0,110.0,525.0,,,28.0,0.0
"dp-ctf4-0258(repeater,dood,4).dm_26.dm_meta",117028250,116577200,,MOD_BRYAR_PISTOL_ALT,bad,False,0.16666666666666666,0.19666666666666666,0.1934269128244446,0.0030477898689436154,00:07:32.000,Dark.haX,^5^^0n^7Force^5^^0m^7ad,MOD_BRYAR_PISTOL_ALT,11.356021881103516,0.025235604494810104,11.479998588562012,347.8787536621094,132.0,646,126,609,683.0,323.0,307.0,50.0,-11.0,184.0,40.0
"dp-ctf4-0258(repeater,dood,4).dm_26.dm_meta",117064600,116577200,,MOD_DET_PACK_SPLASH,bad,False,,,,,00:08:08.350,Dark.haX,^2^^0de^5s^2t^1.,MOD_DET_PACK_SPLASH,0.0,0.0,11.363317489624023,344.34295654296875,176.0,585,80,449,932.0,586.0,143.0,,,650.0,213.0
"dp-ctf4-0258(repeater,dood,4).dm_26.dm_meta",117087500,116577200,,MOD_ROCKET,bad,False,0.21333333333333335,0.18333333333333332,0.22157611784929196,0.15193644205678913,00:08:31.250,Dark.haX,x^6-^722,MOD_ROCKET,0.0,0.0,7.439012050628662,225.4246063232422,807.0,424,323,445,575.0,73.0,299.0,1450.0,-8.0,10.0,0.0
"dp-ctf4-0258(repeater,dood,4).dm_26.dm_meta",117294900,116577200,,MOD_ROCKET_SPLASH,bad,True,0.25666666666666665,0.20666666666666667,0.23128276776800952,0.3626677208508685,00:11:58.650,Dark.haX,^5^^0n^7Force^5^^0m^7ad,MOD_ROCKET_SPLASH,8.036791801452637,0.020091978833079338,177.61602783203125,5382.3037109375,232.0,399,165,513,369.0,205.0,467.0,,,202.0,0.0
"dp-ctf4-0258(repeater,dood,4).dm_26.dm_meta",117343350,116577200,,MOD_ROCKET_SPLASH,bad,False,0.3233333333333333,0.31666666666666665,0.1139554667722071,0.0502145328415306,00:12:47.100,Dark.haX,^2^^0de^5s^2t^1.,MOD_ROCKET_SPLASH,7.5902886390686035,0.013800525106489658,7.5902886390686035,230.0087432861328,133.0,425,0,647,187.0,137.0,251.0,,,70.0,0.0
"dp-ctf4-0258(repeater,dood,4).dm_26.dm_meta",117378200,116577200,,MOD_ROCKET_SPLASH,bad,False,0.18666666666666668,0.21333333333333335,0.13762328801626436,0.13712718481826236,00:13:21.950,Dark.haX,^2^^0de^5s^2t^1.,MOD_ROCKET_SPLASH,0.4464357793331146,0.008928715251386166,134.85079956054688,4086.387939453125,89.0,556,153,476,359.0,323.0,268.0,,,387.0,96.0
"dp-ctf4-0258(repeater,dood,4).dm_26.dm_meta",117386750,116577200,,MOD_THERMAL_SPLASH,bad,True,,,,,00:13:30.500,Dark.haX,^5^^0n^7Force^5^^0m^7ad,MOD_THERMAL_SPLASH,14.577016830444336,0.29154032468795776,22.0419979095459,667.9393310546875,165.0,375,56,411,572.0,143.0,493.0,,,35.0,0.0
"dp-ctf4-0258(repeater,dood,4).dm_26.dm_meta",117442250,116577200,,MOD_REPEATER_ALT,bad,False,0.2733333333333333,0.36,0.021979914298384768,0.049131392817123254,00:14:26.000,Dark.haX,^2^^0de^5s^2t^1.,MOD_REPEATER_ALT,1.6335490942001343,0.03267098218202591,13.607649803161621,412.35302734375,274.0,258,160,356,189.0,136.0,458.0,150.0,-19.0,17.0,0.0
"dp-ctf4-0258(repeater,dood,4).dm_26.dm_meta",117464100,116577200,,MOD_ROCKET_SPLASH,bad,True,0.07666666666666666,0.056666666666666664,0.05359768153798031,0.03050588797470263,00:14:47.850,Dark.haX,,MOD_ROCKET_SPLASH,144.2594757080078,0.26228994131088257,145.01181030273438,4394.29736328125,96.0,410,188,577,553.0,81.0,429.0,,,162.0,36.0
"dp-ctf4-0258(repeater,dood,4).dm_26.dm_meta",117502100,116577200,,MOD_BRYAR_PISTOL_ALT,bad,False,0.18333333333333332,0.21,0.33265490332562986,0.01944201726742345,00:15:25.850,Dark.haX,^5^^0n^7Force^5^^0m^7ad,MOD_BRYAR_PISTOL_ALT,0.0,0.0,15.624757766723633,473.4775085449219,149.0,425,0,511,748.0,274.0,536.0,50.0,3.0,130.0,31.0
"dp-ctf4-0258(repeater,dood,4).dm_26.dm_meta",117542100,116577200,,MOD_FALLING,bad,False,,,,,00:16:05.850,Dark.haX,^5^^0n^7Force^5^^0m^7ad,MOD_FALLING,0.0,0.0,36.98056411743164,1120.6231689453125,632.0,150,21,369,667.0,0.0,887.0,,,57.0,0.0
"dp-ctf4-0258(repeater,dood,4).dm_26.dm_meta",117622300,116577200,,MOD_ROCKET_SPLASH,bad,False,0.37333333333333335,0.39,0.1557101208831695,0.2789990333292416,00:17:26.050,Dark.haX,^2^^0de^5s^2t^1.,MOD_ROCKET_SPLASH,39.28034973144531,0.11222957074642181,96.39665985107422,2921.11083984375,121.0,165,74,152,269.0,211.0,551.0,,,171.0,3.0
"dp-ctf4-0258(repeater,dood,4).dm_26.dm_meta",117663150,116577200,,MOD_ROCKET_SPLASH,bad,False,0.13333333333333333,0.17,0.10792991826439097,0.1307714706713574,00:18:06.900,Dark.haX,^2^^0de^5s^2t^1.,MOD_ROCKET_SPLASH,16.668996810913086,0.11112664639949799,16.668996810913086,505.1211242675781,89.0,390,146,462,376.0,353.0,224.0,,,69.0,15.0
"dp-ctf4-0258(repeater,dood,4).dm_26.dm_meta",117694300,116577200,,MOD_REPEATER_ALT_SPLASH,bad,True,0.09666666666666666,0.04666666666666667,0.047948772072813714,0.02487732558310605,00:18:38.050,Dark.haX,^5^^0n^7Force^5^^0m^7ad,MOD_REPEATER_ALT_SPLASH,116.64977264404297,0.5832488536834717,181.23916625976562,5492.09619140625,56.0,417,145,520,328.0,168.0,313.0,,,145.0,0.0
"dp-ctf4-0258(repeater,dood,4).dm_26.dm_meta",117754300,116577200,,MOD_ROCKET_SPLASH,bad,False,0.21,0.35333333333333333,0.12810567056234315,0.1873247370905496,00:19:38.050,Dark.haX,^5^^0n^7Force^5^^0m^7ad,MOD_ROCKET_SPLASH,7.637110233306885,0.07637110352516174,64.19612884521484,1945.3372802734375,64.0,284,94,456,339.0,119.0,315.0,,,90.0,8.0
"dp-ctf4-0536(repeater,dood,5),1010(pistol,dood,5.5),1746(rocket,dood,6.5).dm_26.dm_meta",10529400,10361750,,MOD_THERMAL_SPLASH,bad,True,,,,,00:02:48.550,Dark.haX,,MOD_THERMAL_SPLASH,33.893741607666016,0.06162498518824577,152.15487670898438,4610.75390625,178.0,474,57,382,280.0,266.0,346.0,,,222.0,50.0
"dp-ctf4-0536(repeater,dood,5),1010(pistol,dood,5.5),1746(rocket,dood,6.5).dm_26.dm_meta",10614750,10361750,,MOD_DET_PACK_SPLASH,bad,True,,,,,00:04:13.900,Dark.haX,,MOD_DET_PACK_SPLASH,0.0,0.0,0.0,0.0,165.0,598,691,420,169.0,791.0,282.0,,,410.0,390.0
"dp-ctf4-0536(repeater,dood,5),1010(pistol,dood,5.5),1746(rocket,dood,6.5).dm_26.dm_meta",10695800,10361750,,MOD_REPEATER_ALT,bad,False,0.23666666666666666,0.26666666666666666,0.03099089809010085,0.03873565951470934,00:05:34.950,Dark.haX,,MOD_REPEATER_ALT,0.0,0.0,65.02906799316406,1970.577880859375,220.0,258,0,240,202.0,250.0,293.0,250.0,0.0,196.0,9.0
"dp-ctf4-0536(repeater,dood,5),1010(pistol,dood,5.5),1746(rocket,dood,6.5).dm_26.dm_meta",10738450,10361750,,MOD_REPEATER_ALT_SPLASH,bad,True,0.25333333333333335,0.25333333333333335,0.11869096655094195,0.19554529677226193,00:06:17.600,Dark.haX,,MOD_REPEATER_ALT_SPLASH,58.09329605102539,0.09682215750217438,94.63777923583984,2867.8115234375,169.0,395,5,387,168.0,773.0,411.0,,,270.0,265.0
"dp-ctf4-0536(repeater,dood,5),1010(pistol,dood,5.5),1746(rocket,dood,6.5).dm_26.dm_meta",10759550,10361750,,MOD_REPEATER_ALT_SPLASH,bad,False,0.14666666666666667,0.21,0.13714655464112696,0.1049743548487484,00:06:38.700,Dark.haX,,MOD_REPEATER_ALT_SPLASH,3.957659959793091,0.026384400203824043,38.690006256103516,1172.4244384765625,112.0,173,326,307,534.0,201.0,209.0,,,249.0,12.0
"dp-ctf4-0536(repeater,dood,5),1010(pistol,dood,5.5),1746(rocket,dood,6.5).dm_26.dm_meta",10879650,10361750,,MOD_FALLING,bad,True,,,,,00:08:38.800,Dark.haX,,MOD_FALLING,0.2850100100040436,0.005700200330466032,165.04769897460938,5001.4453125,356.0,165,432,264,0.0,0.0,474.0,,,0.0,0.0
"dp-ctf4-0536(repeater,dood,5),1010(pistol,dood,5.5),1746(rocket,dood,6.5).dm_26.dm_meta",10913500,10361750,,MOD_REPEATER_ALT_SPLASH,bad,False,0.16,0.30333333333333334,0.3401355125913313,0.1516216876528714,00:09:12.650,Dark.haX,,MOD_REPEATER_ALT_SPLASH,7.976637840270996,0.022790394723415375,53.231285095214844,1613.0692138671875,520.0,396,268,376,447.0,210.0,446.0,,,128.0,57.0
"dp-ctf4-0536(repeater,dood,5),1010(pistol,dood,5.5),1746(rocket,dood,6.5).dm_26.dm_meta",10969250,10361750,,MOD_BRYAR_PISTOL_ALT,bad,False,0.4666666666666667,0.5833333333333334,0.3974667516064586,0.4965539819516959,00:10:08.400,Dark.haX,,MOD_BRYAR_PISTOL_ALT,6.25106143951416,0.013891248032450676,47.41509246826172,1436.821044921875,330.0,524,64,475,907.0,264.0,379.0,300.0,-3.0,1424.0,453.0
"dp-ctf4-0536(repeater,dood,5),1010(pistol,dood,5.5),1746(rocket,dood,6.5).dm_26.dm_meta",10989050,10361750,,MOD_DET_PACK_SPLASH,bad,False,,,,,00:10:28.200,Dark.haX,,MOD_DET_PACK_SPLASH,0.0,0.0,94.97142028808594,2877.921875,705.0,361,112,317,595.0,56.0,686.0,,,156.0,15.0
"dp-ctf4-0536(repeater,dood,5),1010(pistol,dood,5.5),1746(rocket,dood,6.5).dm_26.dm_meta",11115550,10361750,,MOD_ROCKET_SPLASH,bad,False,0.19,0.22,0.12887309134798675,0.11585478208876633,00:12:34.700,Dark.haX,,MOD_ROCKET_SPLASH,23.832447052001953,0.02979055792093277,88.04349517822266,2667.984619140625,167.0,720,127,693,283.0,71.0,452.0,,,39.0,12.0
"dp-ctf4-0536(repeater,dood,5),1010(pistol,dood,5.5),1746(rocket,dood,6.5).dm_26.dm_meta",11115900,10361750,,MOD_ROCKET_SPLASH,bad,False,0.13333333333333333,0.12,0.09310913979584715,0.017216519040316323,00:12:35.050,Dark.haX,maXwell,MOD_ROCKET_SPLASH,10.99933910369873,0.21998678147792816,36.34115219116211,1101.2470703125,97.0,246,242,701,384.0,78.0,236.0,,,82.0,0.0
"dp-ctf4-0536(repeater,dood,5),1010(pistol,dood,5.5),1746(rocket,dood,6.5).dm_26.dm_meta",11139550,10361750,,MOD_REPEATER_ALT,bad,True,0.18666666666666668,0.20333333333333334,0.0030561456989361526,0.02016334156888048,00:12:58.700,Dark.haX,,MOD_REPEATER_ALT,59.527652740478516,0.09158100187778473,69.77645111083984,2114.43798828125,56.0,556,48,460,328.0,129.0,286.0,,,23.0,0.0
"dp-ctf4-0536(repeater,dood,5),1010(pistol,dood,5.5),1746(rocket,dood,6.5).dm_26.dm_meta",11187400,10361750,,MOD_ROCKET_SPLASH,bad,False,0.2966666666666667,0.29,0.21992187639116684,0.17864215140842676,00:13:46.550,Dark.haX,,MOD_ROCKET_SPLASH,13.771117210388184,0.06885558366775513,121.67391204833984,3687.08837890625,192.0,173,0,353,522.0,398.0,278.0,,,288.0,191.0
"dp-ctf4-0536(repeater,dood,5),1010(pistol,dood,5.5),1746(rocket,dood,6.5).dm_26.dm_meta",11282250,10361750,,MOD_DET_PACK_SPLASH,bad,True,,,,,00:15:21.400,Dark.haX,^7sosna,MOD_DET_PACK_SPLASH,0.0,0.0,20.45252227783203,619.7733764648438,59.0,1004,606,679,881.0,342.0,179.0,,,721.0,0.0
"dp-ctf4-0536(repeater,dood,5),1010(pistol,dood,5.5),1746(rocket,dood,6.5).dm_26.dm_meta",11290550,10361750,,MOD_THERMAL_SPLASH,bad,True,,,,,00:15:29.700,Dark.haX,,MOD_THERMAL_SPLASH,57.23915100097656,0.19079716503620148,124.4352798461914,3770.76611328125,164.0,266,0,341,433.0,219.0,274.0,,,274.0,1.0
"dp-ctf4-0536(repeater,dood,5),1010(pistol,dood,5.5),1746(rocket,dood,6.5).dm_26.dm_meta",11355900,10361750,,MOD_ROCKET_SPLASH,bad,True,0.2633333333333333,0.18,0.13023061812092038,0.03753642101533143,00:16:35.050,Dark.haX,,MOD_ROCKET_SPLASH,158.6303253173828,0.22661474347114563,165.93869018554688,5028.4453125,194.0,157,18,203,801.0,48.0,802.0,,,282.0,83.0
"dp-ctf4-0536(repeater,dood,5),1010(pistol,dood,5.5),1746(rocket,dood,6.5).dm_26.dm_meta",11374300,10361750,,MOD_ROCKET,bad,False,0.23,0.10666666666666667,0.026562916597782777,0.014676343067538664,00:16:53.450,Dark.haX,,MOD_ROCKET,0.0,0.0,22.297840118408203,675.692138671875,271.0,586,33,551,248.0,303.0,683.0,150.0,-37.0,17.0,0.0
"dp-ctf4-0536(repeater,dood,5),1010(pistol,dood,5.5),1746(rocket,dood,6.5).dm_26.dm_meta",11388850,10361750,,MOD_DET_PACK_SPLASH,bad,True,,,,,00:17:08.000,Dark.haX,,MOD_DET_PACK_SPLASH,0.0,0.0,0.0,0.0,91.0,183,754,404,824.0,169.0,412.0,,,691.0,360.0
"dp-ctf4-0536(repeater,dood,5),1010(pistol,dood,5.5),1746(rocket,dood,6.5).dm_26.dm_meta",11425300,10361750,,MOD_ROCKET,bad,True,0.24666666666666667,0.3233333333333333,0.10658406673790692,0.054368712240953215,00:17:44.450,Dark.haX,,MOD_ROCKET,29.91837501525879,0.059836748987436295,166.65780639648438,5050.23681640625,140.0,239,1,314,809.0,106.0,336.0,250.0,-12.0,492.0,360.0
"dp-ctf4-0536(repeater,dood,5),1010(pistol,dood,5.5),1746(rocket,dood,6.5).dm_26.dm_meta",11445500,10361750,,MOD_REPEATER_ALT_SPLASH,bad,True,0.3,0.19,0.22587396643400404,0.4532905323466395,00:18:04.650,Dark.haX,,MOD_REPEATER_ALT_SPLASH,0.0,0.0,165.56678771972656,5017.17529296875,87.0,431,63,363,509.0,36.0,467.0,,,72.0,0.0
"dp-ctf4-0536(repeater,dood,5),1010(pistol,dood,5.5),1746(rocket,dood,6.5).dm_26.dm_meta",11492500,10361750,,MOD_REPEATER_ALT_SPLASH,bad,False,0.29333333333333333,0.28,0.17267874178266857,0.10029037449993618,00:18:51.650,Dark.haX,,MOD_REPEATER_ALT_SPLASH,0.0,0.0,140.60791015625,4260.845703125,101.0,417,0,241,406.0,348.0,420.0,,,738.0,379.0
"dp-ctf4-0536(repeater,dood,5),1010(pistol,dood,5.5),1746(rocket,dood,6.5).dm_26.dm_meta",11537450,10361750,,MOD_ROCKET_SPLASH,bad,False,0.17333333333333334,0.15333333333333332,0.18773500867855109,0.18896471156354636,00:19:36.600,Dark.haX,,MOD_ROCKET_SPLASH,0.0,0.0,137.67872619628906,4172.08251953125,214.0,500,120,519,331.0,67.0,293.0,,,271.0,130.0
"dp-ctf4-0536(repeater,dood,5),1010(pistol,dood,5.5),1746(rocket,dood,6.5).dm_26.dm_meta",11680050,10361750,,MOD_REPEATER_ALT_SPLASH,bad,True,0.2833333333333333,0.15,0.11987926547501356,0.14091033157581562,00:21:59.200,Dark.haX,^7sosna,MOD_REPEATER_ALT_SPLASH,133.443603515625,0.12708914279937744,155.98583984375,4726.84375,278.0,304,246,296,399.0,118.0,694.0,,,146.0,0.0
"dp-ctf4-0536(repeater,dood,5),1010(pistol,dood,5.5),1746(rocket,dood,6.5).dm_26.dm_meta",11681250,10361750,,MOD_REPEATER_ALT_SPLASH,good,True,0.6033333333333334,0.5,0.15218341022552256,0.8431277794908352,00:22:00.400,Dark.haX,Dark.haX,MOD_REPEATER_ALT_SPLASH,0.0,0.0,178.0752410888672,5396.21923828125,0.0,61,63,356,61.0,63.0,356.0,,,0.0,0.0
"dp-ctf4-0536(repeater,dood,5),1010(pistol,dood,5.5),1746(rocket,dood,6.5).dm_26.dm_meta",11747400,10361750,,MOD_ROCKET_SPLASH,bad,False,0.30333333333333334,0.33666666666666667,0.21929961008301993,0.1647860239017248,00:23:06.550,Dark.haX,,MOD_ROCKET_SPLASH,16.985149383544922,0.03397030010819435,23.94822883605957,725.7039184570312,367.0,161,296,299,442.0,72.0,251.0,,,107.0,0.0
"dp-ctf4-0536(repeater,dood,5),1010(pistol,dood,5.5),1746(rocket,dood,6.5).dm_26.dm_meta",11839300,10361750,,MOD_ROCKET,bad,False,0.13333333333333333,0.11666666666666667,0.04461062343069411,0.004771969662041657,00:24:38.450,Dark.haX,,MOD_ROCKET,0.0,0.0,22.613388061523438,685.2542114257812,112.0,778,3,805,884.0,516.0,421.0,250.0,-14.0,186.0,7.0
"dp-ctf4-0536(repeater,dood,5),1010(pistol,dood,5.5),1746(rocket,dood,6.5).dm_26.dm_meta",11875750,10361750,,MOD_ROCKET_SPLASH,bad,True,0.45666666666666667,0.37666666666666665,0.09009708180147503,0.3103769032592247,00:25:14.900,Dark.haX,,MOD_ROCKET_SPLASH,92.39674377441406,0.12319565564393997,165.8004150390625,5024.2548828125,55.0,205,231,76,77.0,501.0,519.0,,,66.0,34.0
"dp-ctf4-0742(repeater,speedy,7),1425(rocket,speedy,7.5).dm_26.dm_meta",129868900,129829300,,MOD_TRIP_MINE_SPLASH,bad,False,,,,,00:00:40.750,^5K^7ill^5y,^5Speedy,MOD_TRIP_MINE_SPLASH,0.0,0.0,0.0,0.0,418.0,336,136,287,381.0,139.0,528.0,,,176.0,9.0
"dp-ctf4-0742(repeater,speedy,7),1425(rocket,speedy,7.5).dm_26.dm_meta",129889700,129829300,,MOD_ROCKET_SPLASH,bad,False,0.33666666666666667,0.37333333333333335,0.13656094947704123,0.19112837254265264,00:01:01.550,^5K^7ill^5y,^2Speedy,MOD_ROCKET_SPLASH,0.1263427734375,0.0025268555618822575,1.2107536792755127,36.68950653076172,182.0,577,263,314,353.0,85.0,199.0,,,106.0,0.0
"dp-ctf4-0742(repeater,speedy,7),1425(rocket,speedy,7.5).dm_26.dm_meta",129897800,129829300,,MOD_ROCKET_SPLASH,bad,False,0.10666666666666667,0.17666666666666667,0.15015732832340017,0.1891826591807336,00:01:09.650,^5K^7ill^5y,^5Speedy,MOD_ROCKET_SPLASH,0.0,0.0,32.29600524902344,978.6668090820312,94.0,363,89,388,429.0,247.0,478.0,,,353.0,35.0
"dp-ctf4-0742(repeater,speedy,7),1425(rocket,speedy,7.5).dm_26.dm_meta",129897800,129829300,,MOD_ROCKET_SPLASH,bad,False,0.26666666666666666,0.22,0.12606509815474726,0.2168938633732088,00:01:09.650,^5K^7ill^5y,^5K^7ill^5y,MOD_ROCKET_SPLASH,0.0,0.0,32.29600524902344,978.6668090820312,0.0,363,89,388,363.0,89.0,388.0,,,0.0,0.0
"dp-ctf4-0742(repeater,speedy,7),1425(rocket,speedy,7.5).dm_26.dm_meta",129953400,129829300,,MOD_ROCKET_SPLASH,bad,False,0.12333333333333334,0.15333333333333332,0.13972623221848002,0.1481760380355908,00:02:05.250,^5K^7ill^5y,^5Speedy,MOD_ROCKET_SPLASH,0.0,0.0,15.057476997375488,456.28717041015625,109.0,304,227,497,524.0,75.0,397.0,,,196.0,15.0
"dp-ctf4-0742(repeater,speedy,7),1425(rocket,speedy,7.5).dm_26.dm_meta",130025900,129829300,,MOD_REPEATER_ALT_SPLASH,bad,False,0.14333333333333334,0.21333333333333335,0.3113699478118627,0.1364832276738621,00:03:17.750,^5K^7ill^5y,^2Speedy,MOD_REPEATER_ALT_SPLASH,0.0,0.0,10.073391914367676,305.2543029785156,397.0,414,0,558,496.0,283.0,545.0,,,101.0,36.0
"dp-ctf4-0742(repeater,speedy,7),1425(rocket,speedy,7.5).dm_26.dm_meta",130031450,129829300,,MOD_TRIP_MINE_SPLASH,bad,True,,,,,00:03:23.300,^5K^7ill^5y,^4K^7ill^4y,MOD_TRIP_MINE_SPLASH,0.0,0.0,88.66592407226562,2686.84619140625,2718.0,366,301,531,447.0,149.0,858.0,,,230.0,11.0
"dp-ctf4-0742(repeater,speedy,7),1425(rocket,speedy,7.5).dm_26.dm_meta",130196700,129829300,,MOD_REPEATER_ALT_SPLASH,bad,True,0.36333333333333334,0.34,0.19051080600620673,0.46342325507756543,00:06:08.550,^5K^7ill^5y,^5Speedy,MOD_REPEATER_ALT_SPLASH,96.50752258300781,0.10158686339855194,96.50752258300781,2924.470458984375,347.0,257,0,145,673.0,27.0,476.0,,,495.0,143.0
"dp-ctf4-0742(repeater,speedy,7),1425(rocket,speedy,7.5).dm_26.dm_meta",130208750,129829300,,MOD_DET_PACK_SPLASH,bad,False,,,,,00:06:20.600,^5K^7ill^5y,^5Speedy,MOD_DET_PACK_SPLASH,0.0,0.0,0.0,0.0,578.0,441,132,390,437.0,441.0,763.0,,,331.0,126.0
"dp-ctf4-0742(repeater,speedy,7),1425(rocket,speedy,7.5).dm_26.dm_meta",130239750,129829300,,MOD_BRYAR_PISTOL_ALT,bad,True,0.21333333333333335,0.24666666666666667,0.036525000008843275,0.006770626182449948,00:06:51.600,^5K^7ill^5y,^5Speedy,MOD_BRYAR_PISTOL_ALT,54.30145263671875,0.13575363159179688,62.399696350097656,1890.89990234375,121.0,448,0,635,604.0,79.0,238.0,50.0,-10.0,106.0,0.0
"dp-ctf4-0742(repeater,speedy,7),1425(rocket,speedy,7.5).dm_26.dm_meta",130287500,129829300,,MOD_REPEATER_ALT_SPLASH,bad,False,0.17,0.17,0.05492667207636418,0.10173473569826055,00:07:39.350,^5K^7ill^5y,^2Speedy,MOD_REPEATER_ALT_SPLASH,38.04880142211914,0.15219520032405853,50.02815246582031,1516.004638671875,112.0,375,344,307,91.0,242.0,295.0,,,710.0,703.0
"dp-ctf4-0742(repeater,speedy,7),1425(rocket,speedy,7.5).dm_26.dm_meta",130323050,129829300,,MOD_DET_PACK_SPLASH,bad,True,,,,,00:08:14.900,^5K^7ill^5y,^2Speedy,MOD_DET_PACK_SPLASH,0.0,0.0,0.0,0.0,125.0,1124,643,513,811.0,257.0,125.0,,,8.0,0.0
"dp-ctf4-0742(repeater,speedy,7),1425(rocket,speedy,7.5).dm_26.dm_meta",130355050,129829300,,MOD_DET_PACK_SPLASH,bad,False,,,,,00:08:46.900,^5K^7ill^5y,^2Speedy,MOD_DET_PACK_SPLASH,0.0,0.0,0.0,0.0,213.0,380,355,485,564.0,444.0,501.0,,,584.0,60.0
"dp-ctf4-0742(repeater,speedy,7),1425(rocket,speedy,7.5).dm_26.dm_meta",130382100,129829300,,MOD_ROCKET_SPLASH,bad,True,0.11,0.07333333333333333,0.049828600626004145,0.047070261866177764,00:09:13.950,^5K^7ill^5y,^2Speedy,MOD_ROCKET_SPLASH,164.06141662597656,0.3281228244304657,165.44662475585938,5013.5341796875,107.0,289,110,318,683.0,35.0,566.0,,,815.0,411.0
"dp-ctf4-0742(repeater,speedy,7),1425(rocket,speedy,7.5).dm_26.dm_meta",130415700,129829300,,MOD_BRYAR_PISTOL_ALT,bad,False,0.2,0.22,0.09534983559390278,0.0444596297789788,00:09:47.550,^5K^7ill^5y,^2Speedy,MOD_BRYAR_PISTOL_ALT,3.0669620037078857,0.06133924052119255,19.90993881225586,603.3314819335938,648.0,240,55,269,335.0,30.0,179.0,400.0,6.0,55.0,0.0
"dp-ctf4-0742(repeater,speedy,7),1425(rocket,speedy,7.5).dm_26.dm_meta",130691550,129829300,,MOD_ROCKET,bad,False,0.09666666666666666,0.13,0.015606309136966487,0.07855676300928914,00:14:23.400,^5K^7ill^5y,^1Speedy,MOD_ROCKET,5.763334274291992,0.11526668816804886,21.328821182250977,646.3279418945312,176.0,523,356,490,559.0,832.0,421.0,200.0,-26.0,676.0,577.0
"dp-ctf4-0742(repeater,speedy,7),1425(rocket,speedy,7.5).dm_26.dm_meta",130803750,129829300,,MOD_ROCKET_SPLASH,bad,False,0.3,0.25,0.22316338083802825,0.34263198732402406,00:16:15.600,^5K^7ill^5y,^5Speedy,MOD_ROCKET_SPLASH,0.0,0.0,0.0,0.0,125.0,190,78,127,691.0,123.0,631.0,,,350.0,2.0
"dp-ctf4-0742(repeater,speedy,7),1425(rocket,speedy,7.5).dm_26.dm_meta",130834700,129829300,,MOD_ROCKET_SPLASH,bad,False,0.15,0.14,0.12551931001735445,0.12087566870656398,00:16:46.550,^5K^7ill^5y,^2Speedy,MOD_ROCKET_SPLASH,28.343477249145508,0.051533594727516174,40.343807220458984,1222.5396728515625,211.0,621,215,539,386.0,267.0,430.0,,,290.0,0.0
"dp-ctf4-0742(repeater,speedy,7),1425(rocket,speedy,7.5).dm_26.dm_meta",130844800,129829300,,MOD_ROCKET_SPLASH,bad,False,0.4,0.3466666666666667,0.17432513805322736,0.6557199405503734,00:16:56.650,^5K^7ill^5y,^2Speedy,MOD_ROCKET_SPLASH,0.0,0.0,15.86646842956543,480.80206298828125,215.0,169,45,321,106.0,5.0,302.0,,,24.0,10.0
"dp-ctf4-0742(repeater,speedy,7),1425(rocket,speedy,7.5).dm_26.dm_meta",130870900,129829300,,MOD_REPEATER_ALT_SPLASH,bad,False,0.31666666666666665,0.3233333333333333,0.11628524653126501,0.20326794651716004,00:17:22.750,^5K^7ill^5y,^5K^7ill^5y,MOD_REPEATER_ALT_SPLASH,0.0,0.0,0.0,0.0,0.0,404,142,333,404.0,142.0,333.0,,,0.0,0.0
"dp-ctf4-0742(repeater,speedy,7),1425(rocket,speedy,7.5).dm_26.dm_meta",130884500,129829300,,MOD_DISRUPTOR,bad,False,,,,,00:17:36.350,^5K^7ill^5y,^5Speedy,MOD_DISRUPTOR,0.0,0.0,3.4663779735565186,105.04175567626953,135.0,0,0,6,112.0,0.0,2.0,,,2.0,0.0
"dp-ctf4-0742(repeater,speedy,7),1425(rocket,speedy,7.5).dm_26.dm_meta",130907250,129829300,,MOD_DET_PACK_SPLASH,bad,False,,,,,00:17:59.100,^5K^7ill^5y,^5Speedy,MOD_DET_PACK_SPLASH,0.28743475675582886,0.005748695228248835,2.22987961769104,67.57211303710938,334.0,315,0,327,492.0,660.0,591.0,,,523.0,156.0
"dp-ctf4-0742(repeater,speedy,7),1425(rocket,speedy,7.5).dm_26.dm_meta",130907250,129829300,,MOD_DET_PACK_SPLASH,bad,False,,,,,00:17:59.100,^5K^7ill^5y,^^4S^7anc^4hez^4.,MOD_DET_PACK_SPLASH,0.28743475675582886,0.005748695228248835,2.22987961769104,67.57211303710938,345.0,315,0,327,440.0,543.0,216.0,,,604.0,9.0
"dp-ctf4-0742(repeater,speedy,7),1425(rocket,speedy,7.5).dm_26.dm_meta",130915400,129829300,,MOD_DET_PACK_SPLASH,bad,False,,,,,00:18:07.250,^5K^7ill^5y,^^4S^7anc^4hez^4.,MOD_DET_PACK_SPLASH,0.0,0.0,0.2581787109375,7.823597431182861,136.0,555,171,180,814.0,582.0,184.0,,,796.0,224.0
"dp-ctf4-0742(repeater,speedy,7),1425(rocket,speedy,7.5).dm_26.dm_meta",130927900,129829300,,MOD_ROCKET_SPLASH,bad,False,0.13,0.18,0.10249515709680806,0.14701975910194,00:18:19.750,^5K^7ill^5y,^5K^7ill^5y,MOD_ROCKET_SPLASH,13.663043975830078,0.0910869613289833,35.65877151489258,1080.56884765625,0.0,275,130,409,275.0,130.0,409.0,,,0.0,0.0
"dp-ctf4-0742(repeater,speedy,7),1425(rocket,speedy,7.5).dm_26.dm_meta",130986750,129829300,,MOD_REPEATER_ALT_SPLASH,bad,False,0.23,0.3466666666666667,0.302576653501438,0.2244539484845526,00:19:18.600,^5K^7ill^5y,^5Speedy,MOD_REPEATER_ALT_SPLASH,0.1263427734375,0.0025268555618822575,91.3360595703125,2767.75927734375,383.0,135,0,263,255.0,374.0,220.0,,,276.0,42.0
"dp-ctf4-1007,1018,1128,1746(all repeater frags,all 5.5).dm_26.dm_meta",5512250,5495900,,MOD_ROCKET_SPLASH,bad,False,0.2833333333333333,0.36333333333333334,0.12537502389551927,0.2762469209171629,00:00:17.400,Dark.haX,rara,MOD_ROCKET_SPLASH,4.6873979568481445,0.09374795854091644,66.53451538085938,2016.1973876953125,43.0,15,154,499,425.0,142.0,222.0,,,88.0,0.0
"dp-ctf4-1007,1018,1128,1746(all repeater frags,all 5.5).dm_26.dm_meta",5521100,5495900,,MOD_TELEFRAG,bad,True,,,,,00:00:26.250,Dark.haX,x^6-^722,MOD_TELEFRAG,0.0,0.0,0.0,0.0,75.0,0,40,1604,769.0,102.0,0.0,,,302.0,70.0
"dp-ctf4-1007,1018,1128,1746(all repeater frags,all 5.5).dm_26.dm_meta",5561000,5495900,,MOD_THERMAL_SPLASH,bad,False,,,,,00:01:06.150,Dark.haX,rara,MOD_THERMAL_SPLASH,0.0,0.0,0.7635498046875,23.13787269592285,608.0,275,207,407,246.0,505.0,384.0,,,188.0,53.0
"dp-ctf4-1007,1018,1128,1746(all repeater frags,all 5.5).dm_26.dm_meta",5728250,5495900,,MOD_ROCKET_SPLASH,bad,False,0.16333333333333333,0.2633333333333333,0.17568484807911205,0.1589740405710372,00:03:53.400,Dark.haX,rara,MOD_ROCKET_SPLASH,0.0,0.0,18.83676528930664,570.8110961914062,197.0,438,0,450,240.0,163.0,402.0,,,91.0,12.0
"dp-ctf4-1007,1018,1128,1746(all repeater frags,all 5.5).dm_26.dm_meta",5775900,5495900,,MOD_REPEATER_ALT_SPLASH,bad,False,0.16333333333333333,0.24333333333333335,0.11932582461489281,0.10662130741020137,00:04:41.050,Dark.haX,^4maX^7well^4The^7First,MOD_REPEATER_ALT_SPLASH,7.550967216491699,0.021574191749095917,8.839463233947754,267.8625183105469,76.0,312,72,337,404.0,295.0,263.0,,,362.0,36.0
"dp-ctf4-1007,1018,1128,1746(all repeater frags,all 5.5).dm_26.dm_meta",5791100,5495900,,MOD_REPEATER_ALT_SPLASH,bad,False,0.12333333333333334,0.19666666666666666,0.14956039699519091,0.09680579405150745,00:04:56.250,Dark.haX,rara,MOD_REPEATER_ALT_SPLASH,0.0,0.0,34.634273529052734,1049.5234375,203.0,403,399,390,293.0,214.0,378.0,,,89.0,52.0
"dp-ctf4-1007,1018,1128,1746(all repeater frags,all 5.5).dm_26.dm_meta",5825450,5495900,,MOD_ROCKET,bad,False,0.08,0.10666666666666667,0.0243760667010505,0.007888838407219377,00:05:30.600,Dark.haX,,MOD_ROCKET,3.1118714809417725,0.06223743036389351,5.562774658203125,168.5689239501953,162.0,350,0,400,29.0,25.0,542.0,250.0,-3.0,3.0,0.0
"dp-ctf4-1007,1018,1128,1746(all repeater frags,all 5.5).dm_26.dm_meta",5829400,5495900,,MOD_ROCKET_SPLASH,bad,False,0.18333333333333332,0.08666666666666667,0.16417351294520144,0.1189453838521716,00:05:34.550,Dark.haX,Dark.haX,MOD_ROCKET_SPLASH,0.0,0.0,140.9576416015625,4271.44384765625,0.0,526,171,408,526.0,171.0,408.0,,,0.0,0.0
"dp-ctf4-1007,1018,1128,1746(all repeater frags,all 5.5).dm_26.dm_meta",5829400,5495900,,MOD_ROCKET_SPLASH,bad,False,0.32666666666666666,0.20333333333333334,0.19052907570245672,0.08276047908635978,00:05:34.550,Dark.haX,^4maX^7well^4The^7First,MOD_ROCKET_SPLASH,0.0,0.0,140.9576416015625,4271.44384765625,143.0,526,171,408,496.0,5.0,191.0,,,61.0,0.0
"dp-ctf4-1007,1018,1128,1746(all repeater frags,all 5.5).dm_26.dm_meta",5829400,5495900,,MOD_ROCKET_SPLASH,bad,False,0.2833333333333333,0.16333333333333333,0.1617320261780541,0.07665686560743344,00:05:34.550,Dark.haX,x^6-^722,MOD_ROCKET_SPLASH,0.0,0.0,140.9576416015625,4271.44384765625,90.0,526,171,408,373.0,4.0,236.0,,,30.0,0.0
"dp-ctf4-1007,1018,1128,1746(all repeater frags,all 5.5).dm_26.dm_meta",5852800,5495900,,MOD_REPEATER_ALT_SPLASH,bad,False,0.19666666666666666,0.22,0.17505527717136324,0.0646362067076698,00:05:57.950,Dark.haX,rara,MOD_REPEATER_ALT_SPLASH,27.00363540649414,0.030004039406776428,27.00363540649414,818.2919921875,270.0,362,0,318,310.0,6.0,318.0,,,185.0,83.0
"dp-ctf4-1007,1018,1128,1746(all repeater frags,all 5.5).dm_26.dm_meta",5859000,5495900,,MOD_THERMAL,bad,False,,,,,00:06:04.150,Dark.haX,Dream,MOD_THERMAL,23.144119262695312,0.057860299944877625,77.995849609375,2363.510498046875,85.0,372,56,528,575.0,268.0,307.0,150.0,18.0,348.0,35.0
"dp-ctf4-1007,1018,1128,1746(all repeater frags,all 5.5).dm_26.dm_meta",5909550,5495900,,MOD_ROCKET_SPLASH,bad,True,0.21333333333333335,0.18666666666666668,0.07573415788387655,0.180903979174182,00:06:54.700,Dark.haX,^4maX^7well^4The^7First,MOD_ROCKET_SPLASH,88.01119995117188,0.08801119774580002,123.10478210449219,3730.447998046875,65.0,143,332,326,625.0,133.0,180.0,,,340.0,0.0
"dp-ctf4-1007,1018,1128,1746(all repeater frags,all 5.5).dm_26.dm_meta",5954400,5495900,,MOD_ROCKET,bad,True,0.10666666666666667,0.07333333333333333,0.014277328177791928,0.0029757239319232686,00:07:39.550,Dark.haX,^4maX^7well^4The^7First,MOD_ROCKET,0.0,0.0,64.32428741455078,1949.2208251953125,77.0,1141,233,843,905.0,318.0,335.0,50.0,-29.0,172.0,30.0
"dp-ctf4-1007,1018,1128,1746(all repeater frags,all 5.5).dm_26.dm_meta",5996450,5495900,,MOD_FALLING,bad,True,,,,,00:08:21.600,Dark.haX,,MOD_FALLING,0.0,0.0,48.45064926147461,1468.2015380859375,2259.0,307,163,345,0.0,0.0,0.0,,,0.0,0.0
"dp-ctf4-1007,1018,1128,1746(all repeater frags,all 5.5).dm_26.dm_meta",6021650,5495900,,MOD_ROCKET_SPLASH,bad,True,0.3566666666666667,0.32666666666666666,0.09657964531391323,0.13771361419332406,00:08:46.800,Dark.haX,^4maX^7well^4The^7First,MOD_ROCKET_SPLASH,109.11260223388672,0.1678655445575714,109.11260223388672,3306.442626953125,236.0,158,0,237,118.0,464.0,318.0,,,252.0,229.0
"dp-ctf4-1007,1018,1128,1746(all repeater frags,all 5.5).dm_26.dm_meta",6045800,5495900,,MOD_REPEATER_ALT_SPLASH,bad,True,0.36,0.25666666666666665,0.27460057773063723,0.56624780183228,00:09:10.950,Dark.haX,Dream,MOD_REPEATER_ALT_SPLASH,1.667109727859497,0.01667109690606594,162.44969177246094,4922.7177734375,189.0,264,0,172,323.0,35.0,372.0,,,44.0,0.0
"dp-ctf4-1007,1018,1128,1746(all repeater frags,all 5.5).dm_26.dm_meta",6090600,5495900,,MOD_REPEATER_ALT_SPLASH,bad,False,0.36333333333333334,0.30666666666666664,0.17435806379752253,0.2029253715974606,00:09:55.750,Dark.haX,^4maX^7well^4The^7First,MOD_REPEATER_ALT_SPLASH,0.0,0.0,45.380062103271484,1375.1534423828125,254.0,534,69,559,76.0,592.0,363.0,,,81.0,78.0
"dp-ctf4-1007,1018,1128,1746(all repeater frags,all 5.5).dm_26.dm_meta",6100050,5495900,,MOD_REPEATER_ALT,bad,False,0.11,0.18,0.015484753529363501,0.026909557239480048,00:10:05.200,Dark.haX,Dream,MOD_REPEATER_ALT,17.818294525146484,0.0445457361638546,55.2943229675293,1675.5855712890625,361.0,617,298,513,561.0,172.0,503.0,550.0,-16.0,892.0,389.0
"dp-ctf4-1007,1018,1128,1746(all repeater frags,all 5.5).dm_26.dm_meta",6111000,5495900,,MOD_REPEATER_ALT_SPLASH,bad,False,0.19333333333333333,0.18,0.14477724449371587,0.2598132196572146,00:10:16.150,Dark.haX,Dream,MOD_REPEATER_ALT_SPLASH,5.377201557159424,0.10754403471946716,42.11770248413086,1276.2940673828125,123.0,449,28,474,266.0,25.0,537.0,,,119.0,46.0
"dp-ctf4-1007,1018,1128,1746(all repeater frags,all 5.5).dm_26.dm_meta",6151200,5495900,,MOD_REPEATER_ALT,bad,False,0.2,0.23666666666666666,0.28063661368693554,0.07310885776620102,00:10:56.350,Dark.haX,Dream,MOD_REPEATER_ALT,7.433119773864746,0.07433119416236877,67.49748229980469,2045.3782958984375,245.0,232,0,211,200.0,525.0,302.0,200.0,57.0,220.0,219.0
"dp-ctf4-1007,1018,1128,1746(all repeater frags,all 5.5).dm_26.dm_meta",6178500,5495900,,MOD_REPEATER_ALT_SPLASH,bad,False,0.23333333333333334,0.31333333333333335,0.41387474272432867,0.13913985513672178,00:11:23.650,Dark.haX,^4maX^7well^4The^7First,MOD_REPEATER_ALT_SPLASH,0.0,0.0,27.762292861938477,841.2816162109375,642.0,316,103,258,155.0,352.0,311.0,,,75.0,18.0
"dp-ctf4-1007,1018,1128,1746(all repeater frags,all 5.5).dm_26.dm_meta",6216300,5495900,,MOD_REPEATER_ALT_SPLASH,bad,False,0.27,0.27,0.2721280649995846,0.32028699104045033,00:12:01.450,Dark.haX,^4maX^7well^4The^7First,MOD_REPEATER_ALT_SPLASH,3.2506399154663086,0.06501279771327972,34.08919906616211,1033.0059814453125,379.0,519,74,573,515.0,106.0,550.0,,,177.0,0.0
"dp-ctf4-1007,1018,1128,1746(all repeater frags,all 5.5).dm_26.dm_meta",6365400,5495900,,MOD_REPEATER_ALT_SPLASH,bad,False,0.23333333333333334,0.18666666666666668,0.37544555792817214,0.1416697423506222,00:14:30.550,Dark.haX,Dream,MOD_REPEATER_ALT_SPLASH,0.0,0.0,17.2864990234375,523.8333129882812,448.0,60,0,17,434.0,263.0,383.0,,,366.0,40.0
"dp-ctf4-1007,1018,1128,1746(all repeater frags,all 5.5).dm_26.dm_meta",6380700,5495900,,MOD_ROCKET_SPLASH,bad,False,0.19,0.21333333333333335,0.18876096485908536,0.12662982063534997,00:14:45.850,Dark.haX,^4maX^7well^4The^7First,MOD_ROCKET_SPLASH,0.0,0.0,123.62245178222656,3746.135009765625,158.0,391,87,407,531.0,435.0,644.0,,,912.0,330.0
"dp-ctf4-1007,1018,1128,1746(all repeater frags,all 5.5).dm_26.dm_meta",6380700,5495900,,MOD_ROCKET_SPLASH,bad,False,0.29,0.19666666666666666,0.14554978429272017,0.19817118328358363,00:14:45.850,Dark.haX,x^6-^722,MOD_ROCKET_SPLASH,0.0,0.0,123.62245178222656,3746.135009765625,31.0,391,87,407,492.0,163.0,158.0,,,230.0,0.0
"dp-ctf4-1007,1018,1128,1746(all repeater frags,all 5.5).dm_26.dm_meta",6557800,5495900,,MOD_REPEATER_ALT_SPLASH,bad,True,0.13,0.12666666666666668,0.14641037835012446,0.03215134764344,00:17:42.950,Dark.haX,Dream,MOD_REPEATER_ALT_SPLASH,28.69713592529297,0.5739427208900452,109.28201293945312,3311.576171875,145.0,621,12,511,449.0,590.0,628.0,,,94.0,62.0
"dp-ctf4-1007,1018,1128,1746(all repeater frags,all 5.5).dm_26.dm_meta",6646750,5495900,,MOD_REPEATER_ALT_SPLASH,bad,False,0.4633333333333333,0.5633333333333334,0.1166112717768418,0.3385085868843512,00:19:11.900,Dark.haX,Dark.haX,MOD_REPEATER_ALT_SPLASH,4.116942405700684,0.082338847219944,55.842979431152344,1692.2115478515625,0.0,213,64,403,213.0,64.0,403.0,,,0.0,0.0
"dp-ctf4-1222(rocket,sosna,7.5).dm_26.dm_meta",23962400,23908150,,MOD_ROCKET_SPLASH,bad,False,0.3433333333333333,0.41333333333333333,0.2137722178428294,0.16399653118036261,00:00:55.300,Dark.haX,^5^^0drk-t^5r^7q,MOD_ROCKET_SPLASH,1.6637396812438965,0.03327479213476181,78.98123931884766,2393.370849609375,289.0,454,131,375,308.0,41.0,290.0,,,134.0,52.0
"dp-ctf4-1222(rocket,sosna,7.5).dm_26.dm_meta",24040250,23908150,,MOD_REPEATER_ALT_SPLASH,bad,True,0.32,0.32,0.21793142941027352,0.25130488050102706,00:02:13.150,Dark.haX,^7sosna,MOD_REPEATER_ALT_SPLASH,44.079856872558594,0.06781516224145889,47.59373474121094,1442.234375,336.0,15,70,295,345.0,283.0,354.0,,,55.0,1.0
"dp-ctf4-1222(rocket,sosna,7.5).dm_26.dm_meta",24068700,23908150,,MOD_ROCKET_SPLASH,bad,True,0.08666666666666667,0.10333333333333333,0.07600295654025346,0.03397905040218408,00:02:41.600,Dark.haX,^7JaX^5``,MOD_ROCKET_SPLASH,70.51302337646484,0.47008681297302246,70.51302337646484,2136.75830078125,99.0,496,114,292,490.0,104.0,226.0,,,160.0,0.0
"dp-ctf4-1222(rocket,sosna,7.5).dm_26.dm_meta",24098400,23908150,,MOD_TRIP_MINE_SPLASH,bad,True,,,,,00:03:11.300,Dark.haX,^7sosna,MOD_TRIP_MINE_SPLASH,2.0569753646850586,0.013713168911635876,64.00572967529297,1939.567626953125,2459.0,613,121,490,488.0,287.0,625.0,,,145.0,33.0
"dp-ctf4-1222(rocket,sosna,7.5).dm_26.dm_meta",24221600,23908150,,MOD_ROCKET_SPLASH,bad,False,0.3333333333333333,0.25333333333333335,0.3133261461386129,0.27621846538715406,00:05:14.500,Dark.haX,^5^^0drk-t^5r^7q,MOD_ROCKET_SPLASH,0.9250723123550415,0.018501445651054382,127.60127258300781,3866.705322265625,242.0,420,197,322,828.0,218.0,524.0,,,235.0,52.0
"dp-ctf4-1222(rocket,sosna,7.5).dm_26.dm_meta",24252500,23908150,,MOD_THERMAL_SPLASH,bad,False,,,,,00:05:45.400,Dark.haX,^5^^0drk-t^5r^7q,MOD_THERMAL_SPLASH,0.0,0.0,41.831947326660156,1267.634765625,159.0,250,0,246,273.0,231.0,372.0,,,215.0,27.0
"dp-ctf4-1222(rocket,sosna,7.5).dm_26.dm_meta",24301600,23908150,,MOD_REPEATER_ALT_SPLASH,bad,False,0.2866666666666667,0.3333333333333333,0.10328477195988935,0.04518558046751945,00:06:34.500,Dark.haX,^5^^0drk-t^5r^7q,MOD_REPEATER_ALT_SPLASH,26.7572021484375,0.04864946007728577,26.7572021484375,810.8243408203125,65.0,210,69,421,300.0,11.0,225.0,,,25.0,0.0
"dp-ctf4-1222(rocket,sosna,7.5).dm_26.dm_meta",24447650,23908150,,MOD_THERMAL_SPLASH,bad,False,,,,,00:09:00.550,Dark.haX,^5^^0drk-t^5r^7q,MOD_THERMAL_SPLASH,5.868687152862549,0.0069043380208313465,25.158601760864258,762.3818969726562,213.0,51,57,244,271.0,324.0,264.0,,,265.0,14.0
"dp-ctf4-1222(rocket,sosna,7.5).dm_26.dm_meta",24483250,23908150,,MOD_REPEATER_ALT,bad,True,0.25333333333333335,0.18333333333333332,0.00023449512156189348,0.02650339986651421,00:09:36.150,Dark.haX,^5^^0drk-t^5r^7q,MOD_REPEATER_ALT,120.5036392211914,0.11476536840200424,120.5036392211914,3651.62548828125,40.0,248,35,304,492.0,84.0,314.0,,,39.0,0.0
"dp-ctf4-1222(rocket,sosna,7.5).dm_26.dm_meta",24504700,23908150,,MOD_THERMAL_SPLASH,bad,False,,,,,00:09:57.600,Dark.haX,^5^^0drk-t^5r^7q,MOD_THERMAL_SPLASH,0.0,0.0,36.246612548828125,1098.3822021484375,84.0,414,174,256,429.0,109.0,256.0,,,1093.0,850.0
"dp-ctf4-1222(rocket,sosna,7.5).dm_26.dm_meta",24504700,23908150,,MOD_THERMAL_SPLASH,bad,False,,,,,00:09:57.600,Dark.haX,Dark.haX,MOD_THERMAL_SPLASH,0.0,0.0,36.246612548828125,1098.3822021484375,0.0,414,174,256,414.0,174.0,256.0,,,0.0,0.0
"dp-ctf4-1222(rocket,sosna,7.5).dm_26.dm_meta",24575200,23908150,,MOD_DET_PACK_SPLASH,bad,False,,,,,00:11:08.100,Dark.haX,^7JaX^5``,MOD_DET_PACK_SPLASH,10.5743408203125,0.21148681640625,39.56969451904297,1199.0816650390625,421.0,276,0,208,324.0,27.0,525.0,,,34.0,0.0
"dp-ctf4-1222(rocket,sosna,7.5).dm_26.dm_meta",24575200,23908150,,MOD_DET_PACK_SPLASH,bad,False,,,,,00:11:08.100,Dark.haX,^3^3^^0do^7m^3^^0lma^7o^3,MOD_DET_PACK_SPLASH,10.5743408203125,0.21148681640625,39.56969451904297,1199.0816650390625,251.0,276,0,208,303.0,200.0,327.0,,,172.0,0.0
"dp-ctf4-1222(rocket,sosna,7.5).dm_26.dm_meta",24647800,23908150,,MOD_ROCKET,bad,True,0.20333333333333334,0.17333333333333334,0.02515200540827469,0.053762792337809624,00:12:20.700,Dark.haX,^7sosna,MOD_ROCKET,49.312469482421875,0.12328117340803146,55.75975036621094,1689.689453125,286.0,527,334,444,395.0,489.0,499.0,200.0,-29.0,370.0,346.0
"dp-ctf4-1222(rocket,sosna,7.5).dm_26.dm_meta",24723650,23908150,,MOD_BRYAR_PISTOL_ALT,bad,False,0.14666666666666667,0.14666666666666667,0.10655161650566948,0.01313404189395548,00:13:36.550,Dark.haX,^5^^0drk-t^5r^7q,MOD_BRYAR_PISTOL_ALT,0.0,0.0,18.738506317138672,567.8335571289062,42.0,397,0,340,610.0,42.0,193.0,,,126.0,0.0
"dp-ctf4-1222(rocket,sosna,7.5).dm_26.dm_meta",24754400,23908150,,MOD_ROCKET,bad,True,0.33,0.20333333333333334,0.14436055501278117,0.08261434192991599,00:14:07.300,Dark.haX,^5^^0drk-t^5r^7q,MOD_ROCKET,24.7205867767334,0.49441173672676086,188.3352813720703,5707.1298828125,229.0,15,100,244,582.0,26.0,351.0,200.0,3.0,99.0,0.0
"dp-ctf4-1222(rocket,sosna,7.5).dm_26.dm_meta",24789350,23908150,,MOD_REPEATER_ALT_SPLASH,bad,True,0.19,0.23666666666666666,0.06436549245538692,0.029086225103227635,00:14:42.250,Dark.haX,^5^^0drk-t^5r^7q,MOD_REPEATER_ALT_SPLASH,110.23987579345703,0.20043614506721497,110.23987579345703,3340.602294921875,168.0,444,0,352,172.0,430.0,223.0,,,388.0,319.0
"dp-ctf4-1222(rocket,sosna,7.5).dm_26.dm_meta",24822850,23908150,,MOD_ROCKET,bad,False,0.03,0.05,0.039158232718864046,0.006362943325583123,00:15:15.750,Dark.haX,^7sosna,MOD_ROCKET,13.483113288879395,0.2696622610092163,92.56307983398438,2804.94189453125,43.0,442,13,231,588.0,85.0,323.0,,,111.0,0.0
"dp-ctf4-1222(rocket,sosna,7.5).dm_26.dm_meta",24927350,23908150,,MOD_REPEATER_ALT_SPLASH,bad,False,0.30333333333333334,0.29,0.24367220294112504,0.3822629452759063,00:17:00.250,Dark.haX,^7sosna,MOD_REPEATER_ALT_SPLASH,0.0,0.0,4.505017280578613,136.5156707763672,339.0,95,20,270,230.0,24.0,210.0,,,25.0,0.0
"dp-ctf4-1222(rocket,sosna,7.5).dm_26.dm_meta",24955000,23908150,,MOD_REPEATER_ALT,bad,False,0.22,0.18,0.11911647590219444,0.023042517891149115,00:17:27.900,Dark.haX,^5^^0drk-t^5r^7q,MOD_REPEATER_ALT,0.0,0.0,2.0739223957061768,62.846134185791016,479.0,185,56,325,463.0,17.0,327.0,500.0,19.0,64.0,0.0
"dp-ctf4-1222(rocket,sosna,7.5).dm_26.dm_meta",25044650,23908150,,MOD_ROCKET_SPLASH,bad,False,0.20666666666666667,0.24,0.3893385173554439,0.16712396750145375,00:18:57.550,Dark.haX,^7JaX^5``,MOD_ROCKET_SPLASH,0.0,0.0,16.96427345275879,514.0689086914062,674.0,367,136,438,235.0,180.0,211.0,,,58.0,36.0
"dp-ctf4-1222(rocket,sosna,7.5).dm_26.dm_meta",25115550,23908150,,MOD_DET_PACK_SPLASH,bad,True,,,,,00:20:08.450,Dark.haX,^7JaX^5``,MOD_DET_PACK_SPLASH,0.0,0.0,69.79495239257812,2114.99853515625,313.0,284,9,187,1498.0,331.0,1000.0,,,740.0,48.0
"dp-ctf4-1513(funny pistol @fm then radle SK,5).dm_26.dm_meta",101838600,101804850,,MOD_FALLING,bad,False,,,,,00:00:34.700,Dark.haX,^3B!|rad^5le,MOD_FALLING,0.0,0.0,4.103375434875488,124.34471130371094,,480,0,529,,,,,,,
"dp-ctf4-1513(funny pistol @fm then radle SK,5).dm_26.dm_meta",101909950,101804850,,MOD_ROCKET_SPLASH,bad,False,0.18333333333333332,0.17333333333333334,0.19387487244777268,0.18752548999017143,00:01:46.050,Dark.haX,^3full^7metal,MOD_ROCKET_SPLASH,0.0,0.0,58.04566192626953,1758.95947265625,134.0,452,85,314,502.0,164.0,361.0,,,89.0,16.0
"dp-ctf4-1513(funny pistol @fm then radle SK,5).dm_26.dm_meta",101955750,101804850,,MOD_ROCKET_SPLASH,bad,True,0.15666666666666668,0.11,0.07523492463521121,0.045236284796905,00:02:31.850,Dark.haX,^3B!|rad^5le,MOD_ROCKET_SPLASH,112.6655502319336,0.173331618309021,112.6655502319336,3414.107666015625,109.0,92,187,713,616.0,76.0,475.0,,,124.0,19.0
"dp-ctf4-1513(funny pistol @fm then radle SK,5).dm_26.dm_meta",101988050,101804850,,MOD_BRYAR_PISTOL_ALT,bad,False,0.18333333333333332,0.27666666666666667,0.20364037341773186,0.003652250571676858,00:03:04.150,Dark.haX,^3full^7metal,MOD_BRYAR_PISTOL_ALT,0.0,0.0,29.07872200012207,881.1734008789062,65.0,265,0,424,908.0,336.0,475.0,50.0,-2.0,275.0,16.0
"dp-ctf4-1513(funny pistol @fm then radle SK,5).dm_26.dm_meta",102007500,101804850,,MOD_FALLING,bad,False,,,,,00:03:23.600,Dark.haX,^3B!|rad^5le,MOD_FALLING,0.0,0.0,11.60267162322998,351.5960998535156,1810.0,427,0,77,0.0,0.0,0.0,,,0.0,0.0
"dp-ctf4-1513(funny pistol @fm then radle SK,5).dm_26.dm_meta",102070600,101804850,,MOD_ROCKET_SPLASH,bad,True,0.23333333333333334,0.16,0.10634776801494979,0.10871473322262606,00:04:26.700,Dark.haX,Dark.haX,MOD_ROCKET_SPLASH,0.0,0.0,147.30596923828125,4463.8173828125,0.0,269,748,463,269.0,748.0,463.0,,,0.0,0.0
"dp-ctf4-1513(funny pistol @fm then radle SK,5).dm_26.dm_meta",102175950,101804850,,MOD_ROCKET_SPLASH,bad,True,0.32666666666666666,0.32666666666666666,0.09439824909279373,0.28926594388673976,00:06:12.050,Dark.haX,^3full^7metal,MOD_ROCKET_SPLASH,42.53800964355469,0.2835867404937744,104.02076721191406,3152.14453125,48.0,171,68,285,137.0,135.0,313.0,,,53.0,0.0
"dp-ctf4-1513(funny pistol @fm then radle SK,5).dm_26.dm_meta",102225350,101804850,,MOD_FALLING,bad,False,,,,,00:07:01.450,Dark.haX,^3full^7metal,MOD_FALLING,0.0,0.0,17.936241149902344,543.5224609375,,3,294,377,,,,,,,
"dp-ctf4-1513(funny pistol @fm then radle SK,5).dm_26.dm_meta",102264950,101804850,,MOD_ROCKET_SPLASH,bad,False,0.24,0.24,0.2582146200462734,0.3242571391497199,00:07:41.050,Dark.haX,^3B!|rad^5le,MOD_ROCKET_SPLASH,5.396244525909424,0.05396244674921036,125.5167236328125,3803.537109375,397.0,334,313,424,246.0,85.0,346.0,,,66.0,0.0
"dp-ctf4-1513(funny pistol @fm then radle SK,5).dm_26.dm_meta",102359250,101804850,,MOD_REPEATER_ALT_SPLASH,bad,False,0.14,0.10333333333333333,0.13721679511688906,0.06784050637154901,00:09:15.350,Dark.haX,^3B!|rad^5le,MOD_REPEATER_ALT_SPLASH,31.605396270751953,0.03326883912086487,56.22258377075195,1703.7147216796875,117.0,429,0,423,359.0,17.0,391.0,,,32.0,0.0
"dp-ctf4-1513(funny pistol @fm then radle SK,5).dm_26.dm_meta",102397250,101804850,,MOD_ROCKET,bad,False,0.22333333333333333,0.3933333333333333,0.17784995381548407,0.07453798051559908,00:09:53.350,Dark.haX,^3full^7metal,MOD_ROCKET,0.0,0.0,136.83761596679688,4146.59423828125,156.0,384,93,366,1072.0,78.0,615.0,200.0,-9.0,706.0,154.0
"dp-ctf4-1513(funny pistol @fm then radle SK,5).dm_26.dm_meta",102443750,101804850,,MOD_DISRUPTOR_SNIPER,bad,False,,,,,00:10:39.850,Dark.haX,^3B!|rad^5le,MOD_DISRUPTOR_SNIPER,2.3338966369628906,0.0066682761535048485,71.97885131835938,2181.17724609375,538.0,0,0,107,306.0,0.0,396.0,,,12.0,0.0
"dp-ctf4-1513(funny pistol @fm then radle SK,5).dm_26.dm_meta",102482750,101804850,,MOD_ROCKET_SPLASH,bad,False,0.18,0.22333333333333333,0.19931867393071828,0.22761647154027287,00:11:18.850,Dark.haX,^3full^7metal,MOD_ROCKET_SPLASH,0.0,0.0,3.1608612537384033,95.78367614746094,202.0,132,38,232,449.0,167.0,268.0,,,252.0,12.0
"dp-ctf4-1513(funny pistol @fm then radle SK,5).dm_26.dm_meta",102618400,101804850,,MOD_FALLING,bad,True,,,,,00:13:34.500,Dark.haX,^3B!|rad^5le,MOD_FALLING,0.0,0.0,60.9479866027832,1846.90869140625,2193.0,275,0,14,0.0,0.0,0.0,,,0.0,0.0
"dp-ctf4-1513(funny pistol @fm then radle SK,5).dm_26.dm_meta",102705950,101804850,,MOD_ROCKET_SPLASH,bad,False,0.09333333333333334,0.18666666666666668,0.0957844780045099,0.03574198847929707,00:15:02.050,Dark.haX,^3B!|rad^5le,MOD_ROCKET_SPLASH,26.92894744873047,0.26928946375846863,37.32221984863281,1130.976318359375,129.0,437,194,270,239.0,326.0,216.0,,,193.0,24.0
"dp-ctf4-1513(funny pistol @fm then radle SK,5).dm_26.dm_meta",102711050,101804850,,MOD_BRYAR_PISTOL_ALT,bad,False,0.27,0.3466666666666667,0.18210323088092403,0.08782190644904203,00:15:07.150,Dark.haX,^3full^7metal,MOD_BRYAR_PISTOL_ALT,0.0,0.0,40.799781799316406,1236.3570556640625,669.0,266,0,243,558.0,64.0,273.0,400.0,4.0,104.0,23.0
"dp-ctf4-1513(funny pistol @fm then radle SK,5).dm_26.dm_meta",102744950,101804850,,MOD_ROCKET_SPLASH,bad,True,0.06,0.07333333333333333,0.08029274687719783,0.0624679750951637,00:15:41.050,Dark.haX,^3B!|rad^5le,MOD_ROCKET_SPLASH,77.34523010253906,0.38672614097595215,77.34523010253906,2343.794921875,137.0,406,121,472,443.0,185.0,399.0,,,229.0,0.0
"dp-ctf4-1513(funny pistol @fm then radle SK,5).dm_26.dm_meta",102831200,101804850,,MOD_FALLING,bad,False,,,,,00:17:07.300,Dark.haX,^3B!|rad^5le,MOD_FALLING,0.0,0.0,0.0,0.0,335.0,0,0,0,0.0,0.0,0.0,,,0.0,0.0
"dp-ctf4-1513(funny pistol @fm then radle SK,5).dm_26.dm_meta",102838800,101804850,,MOD_DISRUPTOR_SNIPER,bad,False,,,,,00:17:14.900,Dark.haX,^3full^7metal,MOD_DISRUPTOR_SNIPER,3.6066291332244873,0.0055486601777374744,16.393075942993164,496.7598876953125,1047.0,0,0,1,336.0,334.0,358.0,,,38.0,12.0
"dp-ctf4-1513(funny pistol @fm then radle SK,5).dm_26.dm_meta",102864850,101804850,,MOD_FALLING,bad,False,,,,,00:17:40.950,Dark.haX,^3B!|rad^5le,MOD_FALLING,18.54706382751465,0.041215699166059494,27.786880493164062,842.0266723632812,,488,229,559,,,,,,,
"dp-ctf4-1513(funny pistol @fm then radle SK,5).dm_26.dm_meta",102917800,101804850,,MOD_BRYAR_PISTOL_ALT,bad,False,0.18333333333333332,0.12666666666666668,0.0554575812518152,0.03168987068197803,00:18:33.900,Dark.haX,^3full^7metal,MOD_BRYAR_PISTOL_ALT,0.0,0.0,0.0,0.0,197.0,250,0,235,439.0,8.0,106.0,100.0,-1.0,108.0,12.0
"dp-ctf4-1651(rocket,dood,5.5),1916(rocket,cuko,6.5).dm_26.dm_meta",39049950,38934000,,MOD_REPEATER_ALT_SPLASH,bad,False,0.10666666666666667,0.16666666666666666,0.11658894188104854,0.037678647907197514,00:01:57.000,Dark.hax,^7^^0<^1=,MOD_REPEATER_ALT_SPLASH,35.074642181396484,0.23383094370365143,104.3019790649414,3160.666015625,54.0,305,21,270,351.0,48.0,248.0,,,62.0,0.0
"dp-ctf4-1651(rocket,dood,5.5),1916(rocket,cuko,6.5).dm_26.dm_meta",39115650,38934000,,MOD_REPEATER_ALT_SPLASH,bad,False,0.48,0.46,0.17886808787948297,0.5842615288498767,00:03:02.700,Dark.hax,^7^^0<^1=,MOD_REPEATER_ALT_SPLASH,0.0,0.0,61.65376281738281,1868.2958984375,175.0,249,1,236,67.0,112.0,345.0,,,108.0,104.0
"dp-ctf4-1651(rocket,dood,5.5),1916(rocket,cuko,6.5).dm_26.dm_meta",39139350,38934000,,MOD_ROCKET_SPLASH,bad,False,0.22,0.24333333333333335,0.12204783554316467,0.25455902551947496,00:03:26.400,Dark.hax,^7^^0<^1=,MOD_ROCKET_SPLASH,32.92644119262695,0.08231610059738159,48.715023040771484,1476.2127685546875,280.0,726,258,754,501.0,371.0,496.0,,,560.0,54.0
"dp-ctf4-1651(rocket,dood,5.5),1916(rocket,cuko,6.5).dm_26.dm_meta",39153750,38934000,,MOD_ROCKET_SPLASH,bad,False,0.18333333333333332,0.27,0.11292202001211785,0.159129864051996,00:03:40.800,Dark.hax,^7low^5? ^7shu^5!^1,MOD_ROCKET_SPLASH,0.0,0.0,37.82042694091797,1146.0736083984375,57.0,207,195,327,214.0,620.0,277.0,,,363.0,47.0
"dp-ctf4-1651(rocket,dood,5.5),1916(rocket,cuko,6.5).dm_26.dm_meta",39212300,38934000,,MOD_ROCKET,bad,True,0.043333333333333335,0.03666666666666667,0.014003717839132577,0.005555460896675278,00:04:39.350,Dark.hax,Alle^2g^7ro^2,MOD_ROCKET,0.0,0.0,148.88304138183594,4511.607421875,35.0,675,94,237,227.0,143.0,345.0,,,186.0,12.0
"dp-ctf4-1651(rocket,dood,5.5),1916(rocket,cuko,6.5).dm_26.dm_meta",39441450,38934000,,MOD_REPEATER_ALT_SPLASH,bad,False,0.2733333333333333,0.20333333333333334,0.24102511022036704,0.24034370835331595,00:08:28.500,Dark.hax,^7low^5? ^7shu^5!^1,MOD_REPEATER_ALT_SPLASH,0.0,0.0,136.61119079589844,4139.73291015625,147.0,215,15,240,417.0,157.0,346.0,,,165.0,0.0
"dp-ctf4-1651(rocket,dood,5.5),1916(rocket,cuko,6.5).dm_26.dm_meta",39850700,38934000,,MOD_ROCKET_SPLASH,bad,False,0.27,0.3566666666666667,0.15636111133599184,0.2259800565814206,00:15:17.750,Dark.hax,^7^^0<^1=,MOD_ROCKET_SPLASH,0.0,0.0,84.94203186035156,2574.0009765625,69.0,354,178,227,227.0,341.0,529.0,,,212.0,12.0
"dp-ctf4-1651(rocket,dood,5.5),1916(rocket,cuko,6.5).dm_26.dm_meta",39939750,38934000,,MOD_ROCKET,bad,False,0.3333333333333333,0.31666666666666665,0.21888416519664092,0.06556323248704136,00:16:46.800,Dark.hax,^7low^5? ^7shu^5!^1,MOD_ROCKET,5.8987603187561035,0.007373450323939323,51.18572998046875,1551.082763671875,308.0,305,220,303,935.0,217.0,232.0,400.0,12.0,74.0,16.0
"dp-ctf4-1651(rocket,dood,5.5),1916(rocket,cuko,6.5).dm_26.dm_meta",40013500,38934000,,MOD_ROCKET_SPLASH,bad,False,0.22333333333333333,0.24666666666666667,0.2405834857223488,0.21025091382058164,00:18:00.550,Dark.hax,^7^^0<^1=,MOD_ROCKET_SPLASH,0.1373291015625,0.00274658203125,81.23755645751953,2461.744140625,99.0,173,0,343,708.0,85.0,530.0,,,195.0,0.0
"dp-ctf4-1651(rocket,dood,5.5),1916(rocket,cuko,6.5).dm_26.dm_meta",40065050,38934000,,MOD_REPEATER_ALT_SPLASH,bad,False,0.30333333333333334,0.33,0.1426169534631597,0.1681594182762271,00:18:52.100,Dark.hax,^7^^0<^1=,MOD_REPEATER_ALT_SPLASH,3.502058982849121,0.03502058982849121,23.388290405273438,708.736083984375,112.0,123,60,192,266.0,426.0,104.0,,,196.0,32.0
"dp-ctf4-1651(rocket,dood,5.5),1916(rocket,cuko,6.5).dm_26.dm_meta",40084050,38934000,,MOD_ROCKET,bad,False,0.17333333333333334,0.29333333333333333,0.12990001344944507,0.022703536160838648,00:19:11.100,Dark.hax,^7^^0<^1=,MOD_ROCKET,6.652684211730957,0.033263422548770905,39.673377990722656,1202.2236328125,154.0,537,27,594,1174.0,169.0,513.0,300.0,-15.0,492.0,104.0
"dp-ctf4-1651(rocket,dood,5.5),1916(rocket,cuko,6.5).dm_26.dm_meta",40104300,38934000,,MOD_REPEATER_ALT_SPLASH,bad,True,0.3,0.3,0.047052376119921795,0.032904061384880307,00:19:31.350,Dark.hax,Dark.hax,MOD_REPEATER_ALT_SPLASH,100.33597564697266,0.1672266274690628,100.33597564697266,3040.484130859375,0.0,181,409,307,181.0,409.0,307.0,,,0.0,0.0
"dp-dosuun-0224(repeater,dood,8),1654(rocket,dood,8).dm_26.dm_meta",92264150,92252450,,MOD_ROCKET_SPLASH,bad,False,0.16666666666666666,0.16,0.18187074577308826,0.2095886728448286,00:00:12.650,Dark.haX,Dream,MOD_ROCKET_SPLASH,0.0,0.0,52.58314514160156,1593.4285888671875,98.0,177,131,282,673.0,528.0,577.0,,,765.0,6.0
"dp-dosuun-0224(repeater,dood,8),1654(rocket,dood,8).dm_26.dm_meta",92294000,92252450,,MOD_ROCKET_SPLASH,bad,False,0.21666666666666667,0.2733333333333333,0.19145034143716838,0.1274833671889402,00:00:42.500,Dark.haX,^4>^1>^7rea^4c^7t^1!^7H^4F^7D,MOD_ROCKET_SPLASH,0.854906439781189,0.01709812879562378,79.32421112060547,2403.763916015625,216.0,500,279,503,284.0,485.0,530.0,,,27.0,7.0
"dp-dosuun-0224(repeater,dood,8),1654(rocket,dood,8).dm_26.dm_meta",92369150,92252450,,MOD_ROCKET,bad,False,0.03666666666666667,0.07,0.06977515472639424,0.005979797481127827,00:01:57.650,Dark.haX,Dream,MOD_ROCKET,0.0,0.0,6.473588466644287,196.16934204101562,50.0,82,54,291,572.0,123.0,400.0,,,78.0,0.0
"dp-dosuun-0224(repeater,dood,8),1654(rocket,dood,8).dm_26.dm_meta",92393350,92252450,,MOD_TRIP_MINE_SPLASH,bad,True,,,,,00:02:21.850,Dark.haX,^5D^7art,MOD_TRIP_MINE_SPLASH,0.8988165855407715,0.01797633245587349,47.35865020751953,1435.110595703125,145.0,167,770,389,178.0,357.0,329.0,,,511.0,491.0
"dp-dosuun-0224(repeater,dood,8),1654(rocket,dood,8).dm_26.dm_meta",92424150,92252450,,MOD_ROCKET_SPLASH,bad,True,0.20666666666666667,0.11,0.10942096505665243,0.06674563792652348,00:02:52.650,Dark.haX,^5D^7art,MOD_ROCKET_SPLASH,146.3948974609375,0.36598724126815796,178.27963256835938,5402.4130859375,287.0,78,0,405,444.0,236.0,322.0,,,83.0,15.0
"dp-dosuun-0224(repeater,dood,8),1654(rocket,dood,8).dm_26.dm_meta",92567000,92252450,,MOD_ROCKET_SPLASH,bad,True,0.056666666666666664,0.09333333333333334,0.1342965011724508,0.030761976277742287,00:05:15.500,Dark.haX,^4>^1>^7rea^4c^7t^1!^7H^4F^7D,MOD_ROCKET_SPLASH,18.955059051513672,0.3791011869907379,57.717098236083984,1749.0029296875,192.0,460,0,474,348.0,107.0,270.0,,,110.0,0.0
"dp-dosuun-0224(repeater,dood,8),1654(rocket,dood,8).dm_26.dm_meta",92582650,92252450,,MOD_ROCKET_SPLASH,bad,False,0.2633333333333333,0.20333333333333334,0.10787939011420188,0.11873006288257429,00:05:31.150,Dark.haX,Dream,MOD_ROCKET_SPLASH,3.36509108543396,0.009614545851945877,13.544437408447266,410.4375,111.0,435,351,436,454.0,26.0,204.0,,,179.0,34.0
"dp-dosuun-0224(repeater,dood,8),1654(rocket,dood,8).dm_26.dm_meta",92585050,92252450,,MOD_ROCKET_SPLASH,bad,False,0.29,0.25333333333333335,0.14172845614246282,0.14031626941436007,00:05:33.550,Dark.haX,^4>^1>^7rea^4c^7t^1!^7H^4F^7D,MOD_ROCKET_SPLASH,24.960596084594727,0.07131598889827728,39.15175247192383,1186.416748046875,72.0,213,75,336,560.0,12.0,388.0,,,93.0,4.0
"dp-dosuun-0224(repeater,dood,8),1654(rocket,dood,8).dm_26.dm_meta",92629200,92252450,,MOD_FALLING,bad,False,,,,,00:06:17.700,Dark.haX,^4>^1>^7rea^4c^7t^1!^7H^4F^7D,MOD_FALLING,0.0,0.0,30.254493713378906,916.8028564453125,832.0,449,115,448,514.0,0.0,875.0,,,20.0,0.0
"dp-dosuun-0224(repeater,dood,8),1654(rocket,dood,8).dm_26.dm_meta",92769100,92252450,,MOD_TRIP_MINE_SPLASH,bad,False,,,,,00:08:37.600,Dark.haX,Dream,MOD_TRIP_MINE_SPLASH,0.0,0.0,33.93456268310547,1028.320068359375,419.0,290,174,272,282.0,26.0,223.0,,,167.0,78.0
"dp-dosuun-0224(repeater,dood,8),1654(rocket,dood,8).dm_26.dm_meta",92793300,92252450,,MOD_ROCKET_SPLASH,good,False,0.57,0.5033333333333333,0.20835185914105628,0.8025630849238865,00:09:01.800,Dark.haX,^4>^1>^7rea^4c^7t^1!^7H^4F^7D,MOD_ROCKET_SPLASH,0.0,0.0,61.532466888427734,1864.6202392578125,270.0,159,40,231,122.0,21.0,160.0,,,83.0,66.0
"dp-dosuun-0224(repeater,dood,8),1654(rocket,dood,8).dm_26.dm_meta",92861900,92252450,,MOD_REPEATER_ALT_SPLASH,bad,False,0.23666666666666666,0.2866666666666667,0.17085286561974586,0.07682152983744119,00:10:10.400,Dark.haX,^5D^7art,MOD_REPEATER_ALT_SPLASH,12.333446502685547,0.035238418728113174,12.333446502685547,373.7408142089844,213.0,250,0,354,361.0,52.0,174.0,,,67.0,0.0
"dp-dosuun-0224(repeater,dood,8),1654(rocket,dood,8).dm_26.dm_meta",93007050,92252450,,MOD_REPEATER_ALT_SPLASH,bad,True,0.22333333333333333,0.2966666666666667,0.10119242413399417,0.055422963157723486,00:12:35.550,Dark.haX,Dream,MOD_REPEATER_ALT_SPLASH,99.54051971435547,0.16590087115764618,120.6611099243164,3656.397216796875,146.0,216,0,227,278.0,393.0,369.0,,,210.0,26.0
"dp-dosuun-0224(repeater,dood,8),1654(rocket,dood,8).dm_26.dm_meta",93085500,92252450,,MOD_TRIP_MINE_SPLASH,bad,False,,,,,00:13:54.000,Dark.haX,^5D^7art,MOD_TRIP_MINE_SPLASH,37.21991729736328,0.12406639009714127,98.92037200927734,2997.587158203125,53.0,290,180,318,464.0,385.0,297.0,,,501.0,163.0
"dp-dosuun-0224(repeater,dood,8),1654(rocket,dood,8).dm_26.dm_meta",93142350,92252450,,MOD_ROCKET_SPLASH,bad,True,0.06,0.05,0.08907233904018222,0.030706722600552523,00:14:50.850,Dark.haX,Dark.haX,MOD_ROCKET_SPLASH,21.011512756347656,0.42023026943206787,49.688568115234375,1505.7142333984375,0.0,412,152,470,412.0,152.0,470.0,,,0.0,0.0
"dp-dosuun-0224(repeater,dood,8),1654(rocket,dood,8).dm_26.dm_meta",93220000,92252450,,MOD_ROCKET_SPLASH,bad,False,0.21,0.20333333333333334,0.5751656021419409,0.29570966983378527,00:16:08.500,Dark.haX,^4>^1>^7rea^4c^7t^1!^7H^4F^7D,MOD_ROCKET_SPLASH,1.021728515625,0.005108642391860485,5.77015495300293,174.85317993164062,763.0,360,0,501,644.0,177.0,563.0,,,147.0,31.0
"dp-dosuun-0224(repeater,dood,8),1654(rocket,dood,8).dm_26.dm_meta",93246000,92252450,,MOD_ROCKET_SPLASH,bad,False,0.41333333333333333,0.5133333333333333,0.2016552484120702,0.24158315528591046,00:16:34.500,Dark.haX,Dream,MOD_ROCKET_SPLASH,0.0,0.0,0.252685546875,7.657137870788574,279.0,527,151,479,377.0,82.0,514.0,,,97.0,0.0
"dp-dosuun-0224(repeater,dood,8),1654(rocket,dood,8).dm_26.dm_meta",93261850,92252450,,MOD_ROCKET,bad,True,0.4166666666666667,0.38666666666666666,0.33651805063405704,0.3981958942332308,00:16:50.350,Dark.haX,^5D^7art,MOD_ROCKET,4.356276512145996,0.021781383082270622,164.8578643798828,4995.69287109375,396.0,361,555,317,810.0,291.0,557.0,300.0,38.0,648.0,56.0
"dp-dosuun-0224(repeater,dood,8),1654(rocket,dood,8).dm_26.dm_meta",93272800,92252450,,MOD_ROCKET_SPLASH,bad,False,0.25,0.21666666666666667,0.10493259421477438,0.09067062707934806,00:17:01.300,Dark.haX,Dark.haX,MOD_ROCKET_SPLASH,24.198101043701172,0.04033016785979271,24.198101043701172,733.2758178710938,0.0,574,214,188,574.0,214.0,188.0,,,0.0,0.0
"dp-dosuun-0224(repeater,dood,8),1654(rocket,dood,8).dm_26.dm_meta",93393100,92252450,,MOD_TRIP_MINE_SPLASH,bad,False,,,,,00:19:01.600,Dark.haX,Dark.haX,MOD_TRIP_MINE_SPLASH,7.698784828186035,0.03849392384290695,27.617300033569336,836.8878784179688,0.0,439,204,450,439.0,204.0,450.0,,,0.0,0.0
"dp-nelvaan-1344(rocket,dood,5.5).dm_26.dm_meta",13631700,13365250,,MOD_DET_PACK_SPLASH,bad,True,,,,,00:04:27.500,Dark@hax ^5:d,x^4vii^7.,MOD_DET_PACK_SPLASH,0.0,0.0,9.491894721984863,287.6331787109375,73.0,1084,475,415,981.0,290.0,534.0,,,792.0,19.0
"dp-nelvaan-1344(rocket,dood,5.5).dm_26.dm_meta",13653750,13365250,,MOD_ROCKET,bad,True,0.2733333333333333,0.20333333333333334,0.15321582522202065,0.02995856182407366,00:04:49.550,Dark@hax ^5:d,Culcha Candela,MOD_ROCKET,5.211600303649902,0.0065145003609359264,155.83432006835938,4722.251953125,297.0,132,115,321,586.0,40.0,303.0,350.0,-4.0,40.0,0.0
"dp-nelvaan-1344(rocket,dood,5.5).dm_26.dm_meta",13700450,13365250,,MOD_ROCKET,bad,True,0.11666666666666667,0.1,0.06403347233969277,0.026494841967376677,00:05:36.250,Dark@hax ^5:d,x^4vii^7.,MOD_ROCKET,87.10832977294922,0.43554165959358215,143.1387481689453,4337.5380859375,35.0,69,66,276,621.0,198.0,220.0,,,132.0,0.0
"dp-nelvaan-1344(rocket,dood,5.5).dm_26.dm_meta",13731800,13365250,,MOD_ROCKET_SPLASH,bad,False,0.41333333333333333,0.37,0.21074036817848726,0.3170581053192169,00:06:07.600,Dark@hax ^5:d,Culcha Candela,MOD_ROCKET_SPLASH,9.360328674316406,0.09360328316688538,99.46192932128906,3013.997802734375,166.0,35,42,171,511.0,306.0,547.0,,,660.0,219.0
"dp-nelvaan-1344(rocket,dood,5.5).dm_26.dm_meta",13838850,13365250,,MOD_REPEATER_ALT_SPLASH,bad,False,0.16,0.4033333333333333,0.18583571351304953,0.20115649762179796,00:07:54.650,Dark@hax ^5:d,Culcha Candela,MOD_REPEATER_ALT_SPLASH,0.0,0.0,6.5962653160095215,199.88682556152344,269.0,431,110,673,435.0,198.0,470.0,,,242.0,0.0
"dp-nelvaan-1344(rocket,dood,5.5).dm_26.dm_meta",13981200,13365250,,MOD_REPEATER_ALT,bad,False,0.25666666666666665,0.25333333333333335,0.06650293784540556,0.012663267333767223,00:10:17.000,Dark@hax ^5:d,happyz^4.,MOD_REPEATER_ALT,0.0,0.0,17.049013137817383,516.6367797851562,120.0,176,13,514,573.0,191.0,366.0,50.0,5.0,176.0,61.0
"dp-nelvaan-1344(rocket,dood,5.5).dm_26.dm_meta",13981200,13365250,,MOD_REPEATER_ALT_SPLASH,bad,False,0.2966666666666667,0.25333333333333335,0.11603294754801068,0.06996601386511052,00:10:17.000,Dark@hax ^5:d,Dark@hax ^5:d,MOD_REPEATER_ALT_SPLASH,0.0,0.0,17.049013137817383,516.6367797851562,0.0,176,13,514,176.0,13.0,514.0,,,0.0,0.0
"dp-nelvaan-1344(rocket,dood,5.5).dm_26.dm_meta",14036100,13365250,,MOD_ROCKET,bad,False,0.17,0.11,0.06614347658911611,0.012114230224693837,00:11:11.900,Dark@hax ^5:d,x^4vii^7.,MOD_ROCKET,10.154511451721191,0.011282790452241898,144.18153381347656,4369.13720703125,241.0,426,0,418,405.0,377.0,299.0,350.0,0.0,40.0,8.0
"dp-nelvaan-1344(rocket,dood,5.5).dm_26.dm_meta",14056300,13365250,,MOD_TRIP_MINE_SPLASH,bad,True,,,,,00:11:32.100,Dark@hax ^5:d,happyz^4.,MOD_TRIP_MINE_SPLASH,169.3211212158203,0.3762691617012024,170.81431579589844,5176.19140625,282.0,265,99,445,200.0,30.0,175.0,,,49.0,10.0
"dp-nelvaan-1344(rocket,dood,5.5).dm_26.dm_meta",14056300,13365250,,MOD_TRIP_MINE_SPLASH,bad,True,,,,,00:11:32.100,Dark@hax ^5:d,Culcha Candela,MOD_TRIP_MINE_SPLASH,169.3211212158203,0.3762691617012024,170.81431579589844,5176.19140625,279.0,265,99,445,234.0,160.0,219.0,,,119.0,12.0
"dp-nelvaan-1344(rocket,dood,5.5).dm_26.dm_meta",14093450,13365250,,MOD_ROCKET_SPLASH,bad,True,0.17333333333333334,0.09666666666666666,0.17651072859776432,0.13936092706897163,00:12:09.250,Dark@hax ^5:d,Culcha Candela,MOD_ROCKET_SPLASH,56.26101303100586,0.11252202838659286,56.85871124267578,1722.9912109375,221.0,431,11,393,676.0,40.0,524.0,,,165.0,19.0
"dp-nelvaan-1344(rocket,dood,5.5).dm_26.dm_meta",14159500,13365250,,MOD_ROCKET_SPLASH,bad,False,0.3333333333333333,0.5066666666666667,0.1334427139908932,0.23152004647687538,00:13:15.300,Dark@hax ^5:d,Dark@hax ^5:d,MOD_ROCKET_SPLASH,0.0,0.0,72.2308120727539,2188.8125,0.0,231,29,461,231.0,29.0,461.0,,,0.0,0.0
"dp-nelvaan-1344(rocket,dood,5.5).dm_26.dm_meta",14184050,13365250,,MOD_ROCKET,bad,True,0.08666666666666667,0.17333333333333334,0.055504082723994264,0.007816274559491184,00:13:39.850,Dark@hax ^5:d,x^4vii^7.,MOD_ROCKET,61.63330841064453,0.0770416334271431,64.113525390625,1942.8341064453125,114.0,368,204,463,771.0,625.0,503.0,250.0,-23.0,253.0,144.0
"dp-nelvaan-1344(rocket,dood,5.5).dm_26.dm_meta",14229200,13365250,,MOD_ROCKET_SPLASH,bad,True,0.19666666666666666,0.13666666666666666,0.07004121840468022,0.14785614636504327,00:14:25.000,Dark@hax ^5:d,Culcha Candela,MOD_ROCKET_SPLASH,70.2226333618164,0.08777829259634018,70.2226333618164,2127.95849609375,140.0,678,114,742,317.0,117.0,226.0,,,109.0,0.0
"dp-nelvaan-1344(rocket,dood,5.5).dm_26.dm_meta",14369000,13365250,,MOD_ROCKET_SPLASH,bad,False,0.23666666666666666,0.31666666666666665,0.1874804593785352,0.12566705784748336,00:16:44.800,Dark@hax ^5:d,Culcha Candela,MOD_ROCKET_SPLASH,7.287980079650879,0.007671557832509279,96.6358413696289,2928.35888671875,185.0,434,0,517,415.0,636.0,313.0,,,381.0,17.0
"dp-nelvaan-1344(rocket,dood,5.5).dm_26.dm_meta",14370650,13365250,,MOD_ROCKET_SPLASH,bad,False,0.24666666666666667,0.4033333333333333,0.1325643177083445,0.16052824462331386,00:16:46.450,Dark@hax ^5:d,Alle^2g^7ro^2,MOD_ROCKET_SPLASH,0.0,0.0,9.530363082885742,288.79888916015625,157.0,512,134,486,206.0,136.0,359.0,,,89.0,6.0
"dp-nelvaan-1344(rocket,dood,5.5).dm_26.dm_meta",14470200,13365250,,MOD_ROCKET_SPLASH,bad,False,0.21333333333333335,0.2966666666666667,0.15436317381762,0.10563718809023531,00:18:26.000,Dark@hax ^5:d,x^4vii^7.,MOD_ROCKET_SPLASH,1.568796157836914,0.005229320377111435,17.081066131591797,517.6080932617188,126.0,599,203,675,678.0,124.0,494.0,,,90.0,0.0
"dp-nelvaan-1344(rocket,dood,5.5).dm_26.dm_meta",14497500,13365250,,MOD_ROCKET_SPLASH,bad,False,0.23666666666666666,0.27666666666666667,0.19422280256392557,0.20240581484813058,00:18:53.300,Dark@hax ^5:d,x^4vii^7.,MOD_ROCKET_SPLASH,2.784297227859497,0.007955134846270084,10.522420883178711,318.8612365722656,123.0,78,82,266,659.0,138.0,264.0,,,105.0,0.0
"dp-nelvaan-1344(rocket,dood,5.5).dm_26.dm_meta",14527900,13365250,,MOD_DET_PACK_SPLASH,bad,False,,,,,00:19:23.700,Dark@hax ^5:d,happyz^4.,MOD_DET_PACK_SPLASH,0.41748046875,0.008349609561264515,6.546443462371826,198.3770751953125,420.0,311,53,330,77.0,287.0,473.0,,,52.0,12.0
"dp-nelvaan-1914(golan,warp,4).dm_26.dm_meta",15659550,15579750,,MOD_TRIP_MINE_SPLASH,bad,False,,,,,00:01:20.750,Dark@hax ^5:d,be^5a^7sty je^4nk^7s,MOD_TRIP_MINE_SPLASH,23.028770446777344,0.025587523356080055,61.377071380615234,1859.9112548828125,33.0,297,334,504,80.0,247.0,192.0,,,52.0,4.0
"dp-nelvaan-1914(golan,warp,4).dm_26.dm_meta",15659550,15579750,,MOD_TRIP_MINE_SPLASH,bad,False,,,,,00:01:20.750,Dark@hax ^5:d,Dark@hax ^5:d,MOD_TRIP_MINE_SPLASH,23.028770446777344,0.025587523356080055,61.377071380615234,1859.9112548828125,0.0,297,334,504,297.0,334.0,504.0,,,0.0,0.0
"dp-nelvaan-1914(golan,warp,4).dm_26.dm_meta",15687850,15579750,,MOD_DET_PACK_SPLASH,bad,False,,,,,00:01:49.050,Dark@hax ^5:d,Alle^2g^7ro^2,MOD_DET_PACK_SPLASH,27.912172317504883,0.055824343115091324,29.466333389282227,892.919189453125,288.0,37,83,162,650.0,126.0,366.0,,,292.0,7.0
"dp-nelvaan-1914(golan,warp,4).dm_26.dm_meta",15731800,15579750,,MOD_ROCKET_SPLASH,bad,True,0.05,0.056666666666666664,0.07602290055795016,0.035862103822942304,00:02:33.000,Dark@hax ^5:d,be^5a^7sty je^4nk^7s,MOD_ROCKET_SPLASH,135.52175903320312,0.18069568276405334,135.52175903320312,4106.72021484375,122.0,490,13,378,568.0,118.0,370.0,,,207.0,0.0
"dp-nelvaan-1914(golan,warp,4).dm_26.dm_meta",15736600,15579750,,MOD_DET_PACK_SPLASH,bad,True,,,,,00:02:37.800,Dark@hax ^5:d,Dark@hax ^5:d,MOD_DET_PACK_SPLASH,71.364990234375,0.2378832995891571,103.117919921875,3124.785400390625,0.0,735,490,219,735.0,490.0,219.0,,,0.0,0.0
"dp-nelvaan-1914(golan,warp,4).dm_26.dm_meta",15750150,15579750,,MOD_FLECHETTE,bad,True,,,,,00:02:51.350,Dark@hax ^5:d,be^5a^7sty je^4nk^7s,MOD_FLECHETTE,18.939538955688477,0.3787907660007477,167.9631805419922,5089.79345703125,30.0,0,0,115,119.0,35.0,164.0,,,3.0,0.0
"dp-nelvaan-1914(golan,warp,4).dm_26.dm_meta",15789300,15579750,,MOD_DET_PACK_SPLASH,bad,False,,,,,00:03:30.500,Dark@hax ^5:d,be^5a^7sty je^4nk^7s,MOD_DET_PACK_SPLASH,0.0,0.0,27.733274459838867,840.4022827148438,61.0,747,176,212,878.0,111.0,467.0,,,313.0,0.0
"dp-nelvaan-1914(golan,warp,4).dm_26.dm_meta",15830450,15579750,,MOD_DET_PACK_SPLASH,bad,True,,,,,00:04:11.650,Dark@hax ^5:d,Alle^2g^7ro^2,MOD_DET_PACK_SPLASH,0.0,0.0,64.79203033447266,1963.3948974609375,128.0,983,180,431,402.0,460.0,239.0,,,360.0,95.0
"dp-nelvaan-1914(golan,warp,4).dm_26.dm_meta",15898650,15579750,,MOD_TRIP_MINE_SPLASH,bad,False,,,,,00:05:19.850,Dark@hax ^5:d,be^3a^7sty B^3ar^7ry,MOD_TRIP_MINE_SPLASH,4.354426383972168,0.009676503017544746,20.012908935546875,606.4517822265625,781.0,255,507,456,203.0,185.0,311.0,,,107.0,0.0
"dp-nelvaan-1914(golan,warp,4).dm_26.dm_meta",15912550,15579750,,MOD_ROCKET_SPLASH,good,False,0.52,0.47333333333333333,0.11047207557783478,0.697253815773333,00:05:33.750,Dark@hax ^5:d,be^3a^7sty B^3ar^7ry,MOD_ROCKET_SPLASH,0.0,0.0,48.03614044189453,1455.640625,45.0,108,159,196,25.0,272.0,71.0,,,21.0,9.0
"dp-nelvaan-1914(golan,warp,4).dm_26.dm_meta",16044200,15579750,,MOD_DET_PACK_SPLASH,bad,False,,,,,00:07:45.400,Dark@hax ^5:d,be^3a^7sty B^3ar^7ry,MOD_DET_PACK_SPLASH,0.8990683555603027,0.01798136718571186,16.32219123840332,494.6118469238281,706.0,0,0,0,222.0,377.0,390.0,,,228.0,12.0
"dp-nelvaan-1914(golan,warp,4).dm_26.dm_meta",16046650,15579750,,MOD_DET_PACK_SPLASH,bad,True,,,,,00:07:47.850,Dark@hax ^5:d,FORCE PULL,MOD_DET_PACK_SPLASH,0.0,0.0,35.3934211730957,1072.5279541015625,50.0,1067,495,467,659.0,373.0,260.0,,,778.0,395.0
"dp-nelvaan-1914(golan,warp,4).dm_26.dm_meta",16137750,15579750,,MOD_ROCKET_SPLASH,bad,False,0.36333333333333334,0.47,0.24337690730660375,0.2578697809588959,00:09:18.950,Dark@hax ^5:d,be^5a^7sty je^4nk^7s,MOD_ROCKET_SPLASH,3.087158203125,0.06174316257238388,8.179240226745605,247.8557586669922,270.0,44,0,377,452.0,107.0,462.0,,,148.0,0.0
"dp-nelvaan-1914(golan,warp,4).dm_26.dm_meta",16154550,15579750,,MOD_ROCKET_SPLASH,bad,True,0.14,0.23,0.12596845079368463,0.06563391593226318,00:09:35.750,Dark@hax ^5:d,be^3a^7sty B^3ar^7ry,MOD_ROCKET_SPLASH,53.61424255371094,0.17871414124965668,105.19115447998047,3187.61083984375,144.0,276,40,383,447.0,441.0,374.0,,,400.0,9.0
"dp-nelvaan-1914(golan,warp,4).dm_26.dm_meta",16240300,15579750,,MOD_FLECHETTE_ALT_SPLASH,bad,True,0.32666666666666666,0.22,0.18593486528901307,0.059415715264115154,00:11:01.500,Dark@hax ^5:d,Dark@hax ^5:d,MOD_FLECHETTE_ALT_SPLASH,0.0,0.0,59.91352462768555,1815.5614013671875,0.0,1545,493,172,1545.0,493.0,172.0,,,0.0,0.0
"dp-nelvaan-1914(golan,warp,4).dm_26.dm_meta",16257750,15579750,,MOD_REPEATER_ALT_SPLASH,bad,True,0.44,0.39666666666666667,0.06856153711835229,0.32955546050765305,00:11:18.950,Dark@hax ^5:d,^7^^0=^5>,MOD_REPEATER_ALT_SPLASH,88.07576751708984,0.2201894223690033,89.8703384399414,2723.343505859375,101.0,161,125,234,100.0,74.0,185.0,,,20.0,0.0
"dp-nelvaan-1914(golan,warp,4).dm_26.dm_meta",16363950,15579750,,MOD_TRIP_MINE_SPLASH,bad,False,,,,,00:13:05.150,Dark@hax ^5:d,be^3a^7sty B^3ar^7ry,MOD_TRIP_MINE_SPLASH,3.5751216411590576,0.0715024322271347,126.86161804199219,3844.29150390625,128.0,245,21,407,157.0,187.0,305.0,,,79.0,0.0
"dp-nelvaan-1914(golan,warp,4).dm_26.dm_meta",16365700,15579750,,MOD_TRIP_MINE_SPLASH,bad,False,,,,,00:13:06.900,Dark@hax ^5:d,be^5a^7sty je^4nk^7s,MOD_TRIP_MINE_SPLASH,0.0,0.0,49.98725128173828,1514.7652587890625,68.0,243,48,550,230.0,88.0,383.0,,,42.0,17.0
"dp-nelvaan-1914(golan,warp,4).dm_26.dm_meta",16383300,15579750,,MOD_DET_PACK_SPLASH,bad,False,,,,,00:13:24.500,Dark@hax ^5:d,be^3a^7sty B^3ar^7ry,MOD_DET_PACK_SPLASH,0.0,0.0,6.75241231918335,204.61856079101562,110.0,421,371,262,229.0,675.0,323.0,,,396.0,17.0
"dp-nelvaan-1914(golan,warp,4).dm_26.dm_meta",16389050,15579750,,MOD_DET_PACK_SPLASH,bad,False,,,,,00:13:30.250,Dark@hax ^5:d,be^5a^7sty je^4nk^7s,MOD_DET_PACK_SPLASH,14.739706039428711,0.14739705622196198,136.46572875976562,4135.3251953125,70.0,633,297,347,814.0,185.0,440.0,,,2441.0,1989.0
"dp-nelvaan-1914(golan,warp,4).dm_26.dm_meta",16407500,15579750,,MOD_TRIP_MINE_SPLASH,bad,True,,,,,00:13:48.700,Dark@hax ^5:d,be^5a^7sty je^4nk^7s,MOD_TRIP_MINE_SPLASH,2.107177972793579,0.010535890236496925,159.85520935058594,4844.09716796875,220.0,320,68,207,355.0,134.0,214.0,,,140.0,0.0
"dp-nelvaan-1914(golan,warp,4).dm_26.dm_meta",16489050,15579750,,MOD_ROCKET,bad,False,0.03333333333333333,0.06666666666666667,0.06188361939871352,0.011447209309834387,00:15:10.250,Dark@hax ^5:d,be^3a^7sty B^3ar^7ry,MOD_ROCKET,16.00547218322754,0.16005472838878632,54.76053237915039,1659.4100341796875,50.0,159,76,324,718.0,171.0,230.0,,,176.0,0.0
"dp-nelvaan-1914(golan,warp,4).dm_26.dm_meta",16509900,15579750,,MOD_REPEATER_ALT_SPLASH,bad,True,0.4866666666666667,0.3466666666666667,0.15570806259075173,0.851008666289815,00:15:31.100,Dark@hax ^5:d,be^3a^7sty B^3ar^7ry,MOD_REPEATER_ALT_SPLASH,29.82877540588379,0.04589042440056801,146.600341796875,4442.4345703125,179.0,148,1,364,92.0,116.0,107.0,,,31.0,0.0
"dp-nelvaan-1914(golan,warp,4).dm_26.dm_meta",16528000,15579750,,MOD_REPEATER_ALT_SPLASH,bad,False,0.21333333333333335,0.30666666666666664,0.19502734763278745,0.11663702522272815,00:15:49.200,Dark@hax ^5:d,be^3a^7sty B^3ar^7ry,MOD_REPEATER_ALT_SPLASH,0.0,0.0,14.97330093383789,453.73638916015625,187.0,433,0,337,425.0,11.0,319.0,,,48.0,0.0
"dp-nelvaan-1914(golan,warp,4).dm_26.dm_meta",16546550,15579750,,MOD_TRIP_MINE_SPLASH,bad,True,,,,,00:16:07.750,Dark@hax ^5:d,be^5a^7sty je^4nk^7s,MOD_TRIP_MINE_SPLASH,43.760257720947266,0.0673234760761261,164.37576293945312,4981.083984375,79.0,23,87,405,218.0,420.0,218.0,,,252.0,45.0
"dp-nelvaan-1914(golan,warp,4).dm_26.dm_meta",16555500,15579750,,MOD_DET_PACK_SPLASH,bad,True,,,,,00:16:16.700,Dark@hax ^5:d,be^3a^7sty B^3ar^7ry,MOD_DET_PACK_SPLASH,0.0,0.0,0.0,0.0,209.0,1219,133,844,323.0,687.0,203.0,,,72.0,0.0
"dp-nelvaan-1914(golan,warp,4).dm_26.dm_meta",16698700,15579750,,MOD_REPEATER_ALT_SPLASH,bad,False,0.17,0.23666666666666666,0.1257790409836203,0.06793854212772735,00:18:39.900,Dark@hax ^5:d,be^3a^7sty B^3ar^7ry,MOD_REPEATER_ALT_SPLASH,8.834074974060059,0.1766815036535263,38.606502532958984,1169.89404296875,38.0,380,28,182,427.0,7.0,183.0,,,68.0,0.0
"dp-nelvaan-1914(golan,warp,4).dm_26.dm_meta",16729100,15579750,,MOD_TRIP_MINE_SPLASH,bad,True,,,,,00:19:10.300,Dark@hax ^5:d,Alle^2g^7ro^2,MOD_TRIP_MINE_SPLASH,44.14828109741211,0.08026960492134094,68.76082611083984,2083.661376953125,159.0,103,0,291,126.0,663.0,306.0,,,61.0,58.0
"dp-nelvaan-1914(golan,warp,4).dm_26.dm_meta",16767150,15579750,,MOD_ROCKET_SPLASH,bad,False,0.2866666666666667,0.3466666666666667,0.11585189059293192,0.13351845511303806,00:19:48.350,Dark@hax ^5:d,drag-spec,MOD_ROCKET_SPLASH,0.7568814754486084,0.015137629583477974,1.9809693098068237,60.02937316894531,111.0,352,124,418,155.0,129.0,255.0,,,55.0,0.0
"dp-nelvaan-1914(golan,warp,4).dm_26.dm_meta",16777950,15579750,,MOD_ROCKET_SPLASH,bad,False,0.16333333333333333,0.38333333333333336,0.1309548994885076,0.07637841808878502,00:19:59.150,Dark@hax ^5:d,be^3a^7sty B^3ar^7ry,MOD_ROCKET_SPLASH,7.0876078605651855,0.14175215363502502,86.32036590576172,2615.768798828125,82.0,317,85,394,409.0,368.0,299.0,,,415.0,69.0
"eh-ctf3-0611(snipe,skyzz).dm_26.dm_meta",86310650,86225400,87427850.0,MOD_ROCKET_SPLASH,bad,True,0.4033333333333333,0.34,0.22554484109971298,0.4684538554418721,00:01:26.200,^4^^0Sk^7yzz.,^4^^0Sk^7yzz^2,MOD_ROCKET_SPLASH,0.0,0.0,191.38934326171875,5799.67724609375,153.0,322,25,345,160.0,180.0,429.0,,,133.0,65.0
"eh-ctf3-0611(snipe,skyzz).dm_26.dm_meta",86593200,86225400,87427850.0,MOD_DISRUPTOR_SNIPER,bad,False,,,,,00:06:08.750,^4^^0Sk^7yzz.,^4^^0Sk^7yzz^2,MOD_DISRUPTOR_SNIPER,0.0,0.0,3.2975916862487793,99.9270248413086,1150.0,0,0,66,238.0,0.0,330.0,,,10.0,0.0
"eh-ctf3-0611(snipe,skyzz).dm_26.dm_meta",86972350,86225400,87427850.0,MOD_ROCKET,bad,False,0.04,0.12666666666666668,0.005441245542504756,0.01868832267416859,00:12:27.900,^4^^0Sk^7yzz.,^1^^0S^7nake,MOD_ROCKET,7.178875923156738,0.14357751607894897,10.0780029296875,305.39404296875,110.0,604,193,327,217.0,88.0,553.0,50.0,-43.0,560.0,452.0
"eh-ctf4-1911(pistol,aargh).dm_26.dm_meta",93765700,93694150,94896550.0,MOD_ROCKET_SPLASH,bad,False,0.33,0.32666666666666666,0.13300740891859628,0.29254480138227895,00:01:12.600,^4^^0Sk^7yzz.,^4^^0Sk^7yzz.,MOD_ROCKET_SPLASH,0.0,0.0,38.19630432128906,1157.4637451171875,0.0,422,70,299,422.0,70.0,299.0,,,0.0,0.0
"eh-ctf4-1911(pistol,aargh).dm_26.dm_meta",93810400,93694150,94896550.0,MOD_ROCKET_SPLASH,bad,False,0.21666666666666667,0.3333333333333333,0.18301756882925974,0.2021304162125726,00:01:57.300,^4^^0Sk^7yzz.,^3^^7Aarrgg^5h^3h,MOD_ROCKET_SPLASH,0.0,0.0,14.39426326751709,436.1897888183594,192.0,134,0,183,277.0,201.0,134.0,,,171.0,12.0
"eh-ctf4-1911(pistol,aargh).dm_26.dm_meta",93933800,93694150,94896550.0,MOD_DET_PACK_SPLASH,bad,False,,,,,00:04:00.700,^4^^0Sk^7yzz.,^4^^0Sn^7ake,MOD_DET_PACK_SPLASH,0.0,0.0,0.0,0.0,207.0,0,0,240,358.0,536.0,298.0,,,726.0,333.0
"eh-ctf4-1911(pistol,aargh).dm_26.dm_meta",93933800,93694150,94896550.0,MOD_DET_PACK_SPLASH,bad,False,,,,,00:04:00.700,^4^^0Sk^7yzz.,^3^^7Aarrgg^5h^3h,MOD_DET_PACK_SPLASH,0.0,0.0,0.0,0.0,271.0,0,0,240,845.0,305.0,436.0,,,403.0,7.0
"eh-ctf4-1911(pistol,aargh).dm_26.dm_meta",93969600,93694150,94896550.0,MOD_REPEATER_ALT_SPLASH,bad,False,0.14333333333333334,0.17,0.16255971774123337,0.014277704209379358,00:04:36.500,^4^^0Sk^7yzz.,^3^^7Aarrgg^5h^3h,MOD_REPEATER_ALT_SPLASH,21.604591369628906,0.1440306156873703,56.66450881958008,1717.1063232421875,251.0,217,0,669,350.0,39.0,305.0,,,102.0,11.0
"eh-ctf4-1911(pistol,aargh).dm_26.dm_meta",94047450,93694150,94896550.0,MOD_BRYAR_PISTOL_ALT,bad,False,0.19,0.16333333333333333,0.07615507075225365,0.005776192983426835,00:05:54.350,^4^^0Sk^7yzz.,^4^^0Sk^7yzz,MOD_BRYAR_PISTOL_ALT,2.4638419151306152,0.007039548363536596,3.105095863342285,94.09381103515625,388.0,250,0,110,221.0,12.0,113.0,200.0,5.0,11.0,3.0
"eh-ctf4-1911(pistol,aargh).dm_26.dm_meta",94076700,93694150,94896550.0,MOD_BRYAR_PISTOL_ALT,bad,False,0.24666666666666667,0.29,0.06061772882946795,0.028578395749609412,00:06:23.600,^4^^0Sk^7yzz.,^4^^0Sk^7yzz,MOD_BRYAR_PISTOL_ALT,24.248924255371094,0.16165949404239655,50.87453842163086,1541.6527099609375,195.0,264,48,204,680.0,156.0,334.0,100.0,-12.0,51.0,11.0
"eh-ctf4-1911(pistol,aargh).dm_26.dm_meta",94121100,93694150,94896550.0,MOD_ROCKET_SPLASH,bad,False,0.28,0.3933333333333333,0.1708386687730368,0.17937423170001165,00:07:08.000,^4^^0Sk^7yzz.,^3^^7Aarrgg^5h^3h,MOD_ROCKET_SPLASH,14.951497077941895,0.029902994632720947,15.287918090820312,463.2702331542969,273.0,326,0,407,166.0,147.0,239.0,,,65.0,1.0
"eh-ctf4-1911(pistol,aargh).dm_26.dm_meta",94165750,93694150,94896550.0,MOD_DISRUPTOR,bad,False,,,,,00:07:52.650,^4^^0Sk^7yzz.,^4^^0Sk^7yzz,MOD_DISRUPTOR,0.0,0.0,3.499494791030884,106.04529571533203,549.0,0,0,273,161.0,61.0,299.0,,,4.0,2.0
"eh-ctf4-1911(pistol,aargh).dm_26.dm_meta",94226650,93694150,94896550.0,MOD_ROCKET_SPLASH,bad,False,0.08333333333333333,0.1,0.2536130888761069,0.10925283391032033,00:08:53.550,^4^^0Sk^7yzz.,^4^^0Sk^7iboda,MOD_ROCKET_SPLASH,0.0,0.0,5.193922519683838,157.39158630371094,354.0,327,0,258,312.0,428.0,302.0,,,303.0,13.0
"eh-ctf4-1911(pistol,aargh).dm_26.dm_meta",94344600,93694150,94896550.0,MOD_REPEATER_ALT_SPLASH,bad,False,0.3933333333333333,0.46,0.13431453777781124,0.6474468209761953,00:10:51.500,^4^^0Sk^7yzz.,^4^^0Sk^7yzz,MOD_REPEATER_ALT_SPLASH,2.889801025390625,0.057796020060777664,3.061471939086914,92.77188110351562,172.0,77,232,146,141.0,136.0,301.0,,,220.0,220.0
"eh-ctf4-1911(pistol,aargh).dm_26.dm_meta",94469800,93694150,94896550.0,MOD_ROCKET,bad,True,0.03666666666666667,0.043333333333333335,0.025114131158081192,0.0033432527505435385,00:12:56.700,^4^^0Sk^7yzz.,^3^^7Aarrgg^5h^3h,MOD_ROCKET,143.1852264404297,0.2603367865085602,147.2732696533203,4462.826171875,41.0,592,422,375,476.0,450.0,351.0,,,46.0,17.0
"eh-ctf4-1911(pistol,aargh).dm_26.dm_meta",94501000,93694150,94896550.0,MOD_ROCKET_SPLASH,bad,False,0.29,0.3233333333333333,0.2521097589949133,0.1619135387188692,00:13:27.900,^4^^0Sk^7yzz.,^3^^7Aarrgg^5h^3h,MOD_ROCKET_SPLASH,7.144503116607666,0.0285780131816864,38.9395751953125,1179.9871826171875,363.0,206,113,144,247.0,498.0,316.0,,,323.0,40.0
"eh-ctf4-1911(pistol,aargh).dm_26.dm_meta",94538850,93694150,94896550.0,MOD_FALLING,bad,False,,,,,00:14:05.750,^4^^0Sk^7yzz.,^3^^7Aarrgg^5h^3h,MOD_FALLING,0.0,0.0,16.051443099975586,486.4073791503906,,426,0,245,,,,,,,
"eh-ctf4-1911(pistol,aargh).dm_26.dm_meta",94546450,93694150,94896550.0,MOD_FALLING,bad,False,,,,,00:14:13.350,^4^^0Sk^7yzz.,^4^^0Sk^7iboda,MOD_FALLING,5.943801403045654,0.009906335733830929,38.1781120300293,1156.9124755859375,1813.0,0,0,201,0.0,0.0,0.0,,,0.0,0.0
"eh-ctf4-1911(pistol,aargh).dm_26.dm_meta",94585950,93694150,94896550.0,MOD_DET_PACK_SPLASH,bad,False,,,,,00:14:52.850,^4^^0Sk^7yzz.,^3^^7Aarrgg^5h^3h,MOD_DET_PACK_SPLASH,0.0,0.0,0.0,0.0,72.0,241,417,380,938.0,450.0,327.0,,,501.0,10.0
"eh-ctf4-1911(pistol,aargh).dm_26.dm_meta",94600000,93694150,94896550.0,MOD_ROCKET_SPLASH,bad,True,0.19333333333333333,0.15333333333333332,0.04970674820259316,0.058198224436706136,00:15:06.900,^4^^0Sk^7yzz.,^4^^0Sk^7yzz,MOD_ROCKET_SPLASH,90.74617004394531,0.1649930328130722,92.41742706298828,2800.528076171875,73.0,718,48,695,256.0,1.0,241.0,,,160.0,90.0
"eh-ctf4-1911(pistol,aargh).dm_26.dm_meta",94685200,93694150,94896550.0,MOD_ROCKET_SPLASH,bad,False,0.28,0.31666666666666665,0.2311943162697037,0.053167321599428254,00:16:32.100,^4^^0Sk^7yzz.,^3^^7Aarrgg^5h^3h,MOD_ROCKET_SPLASH,31.23992347717285,0.04165323078632355,31.71094512939453,960.937744140625,335.0,187,0,215,393.0,50.0,250.0,,,71.0,0.0
"eh-ctf4-1911(pistol,aargh).dm_26.dm_meta",94741800,93694150,94896550.0,MOD_SABER,bad,True,,,,,00:17:28.700,^4^^0Sk^7yzz.,^3^^7Aarrgg^5h^3h,MOD_SABER,54.01454162597656,0.09002423286437988,56.007999420166016,1697.212158203125,46.0,281,0,294,250.0,0.0,227.0,,,10.0,0.0
"eh-ctf4-1911(pistol,aargh).dm_26.dm_meta",94785450,93694150,94896550.0,MOD_DISRUPTOR,bad,False,,,,,00:18:12.350,^4^^0Sk^7yzz.,^4^^0Sk^7iboda,MOD_DISRUPTOR,2.718855381011963,0.013594277203083038,2.803828477859497,84.9645004272461,933.0,0,0,79,27.0,0.0,120.0,,,0.0,0.0
"eh-ctf4-1911(pistol,aargh).dm_26.dm_meta",94842850,93694150,94896550.0,MOD_BRYAR_PISTOL_ALT,bad,False,0.3233333333333333,0.3433333333333333,0.31539021013259794,0.19483828436915562,00:19:09.750,^4^^0Sk^7yzz.,^3^^7Aarrgg^5h^3h,MOD_BRYAR_PISTOL_ALT,0.0,0.0,12.232184410095215,370.6722717285156,448.0,591,408,514,752.0,290.0,497.0,350.0,-1.0,478.0,28.0
"eh-dosuun-1931(pistol,duck).dm_26.dm_meta",49143547,48784243,,MOD_REPEATER_ALT_SPLASH,bad,False,0.21666666666666667,0.27666666666666667,0.3416241775138442,0.2582623961560262,00:06:00.958,yung joc,^^6blessing^7',MOD_REPEATER_ALT_SPLASH,0.2032470703125,0.0030795009806752205,54.558231353759766,1653.27978515625,476.0,143,282,250,280.0,77.0,509.0,,,65.0,0.0
"eh-dosuun-1931(pistol,duck).dm_26.dm_meta",49189879,48784243,,MOD_REPEATER_ALT_SPLASH,bad,False,0.39,0.4033333333333333,0.09681907246824509,0.14109915811331034,00:06:47.290,yung joc,^2^^0Book,MOD_REPEATER_ALT_SPLASH,1.7386363744735718,0.026342974975705147,6.274340629577637,190.13153076171875,44.0,262,287,213,176.0,29.0,178.0,,,22.0,0.0
"eh-dosuun-1931(pistol,duck).dm_26.dm_meta",49289209,48784243,,MOD_DET_PACK_SPLASH,bad,False,,,,,00:08:26.620,yung joc,^4^^0Sk^7yzz,MOD_DET_PACK_SPLASH,0.890163779258728,0.006743664853274822,11.05251407623291,334.9246826171875,336.0,130,0,297,681.0,279.0,626.0,,,466.0,26.0
"eh-dosuun-1931(pistol,duck).dm_26.dm_meta",49289209,48784243,,MOD_DET_PACK_SPLASH,bad,False,,,,,00:08:26.620,yung joc,^1aw^7b>>^1DSbr,MOD_DET_PACK_SPLASH,0.890163779258728,0.006743664853274822,11.05251407623291,334.9246826171875,616.0,130,0,297,73.0,51.0,271.0,,,11.0,0.0
"eh-dosuun-1931(pistol,duck).dm_26.dm_meta",49363855,48784243,,MOD_TRIP_MINE_SPLASH,bad,False,,,,,00:09:41.266,yung joc,^2^^0Book,MOD_TRIP_MINE_SPLASH,0.0,0.0,15.163140296936035,459.4891052246094,79.0,800,0,400,308.0,421.0,351.0,,,355.0,43.0
"eh-dosuun-1931(pistol,duck).dm_26.dm_meta",49363855,48784243,,MOD_FLECHETTE_ALT_SPLASH,bad,False,0.23666666666666666,0.20666666666666667,0.15679415461779636,0.07924006221320275,00:09:41.266,yung joc,yung joc,MOD_FLECHETTE_ALT_SPLASH,0.0,0.0,15.163140296936035,459.4891052246094,0.0,800,0,400,800.0,0.0,400.0,,,0.0,0.0
"eh-dosuun-1931(pistol,duck).dm_26.dm_meta",49606768,48784243,,MOD_TRIP_MINE_SPLASH,bad,True,,,,,00:13:44.179,yung joc,^^0cursed^7',MOD_TRIP_MINE_SPLASH,18.187597274780273,0.2755696475505829,117.59428405761719,3563.463134765625,87.0,235,47,87,589.0,196.0,236.0,,,266.0,50.0
"eh-dosuun-1931(pistol,duck).dm_26.dm_meta",49622377,48784243,,MOD_DET_PACK_SPLASH,bad,False,,,,,00:13:59.788,yung joc,^2^^0Book,MOD_DET_PACK_SPLASH,2.2118632793426514,0.0025779292918741703,2.2118632793426514,67.02616119384766,967.0,200,0,214,1211.0,228.0,627.0,,,1051.0,0.0
"eh-dosuun-1931(pistol,duck).dm_26.dm_meta",49645015,48784243,,MOD_ROCKET_SPLASH,bad,False,0.20666666666666667,0.20333333333333334,0.24431778899151044,0.15661469257839092,00:14:22.426,yung joc,^^6blessing^7',MOD_ROCKET_SPLASH,0.0,0.0,113.70796203613281,3445.69580078125,154.0,416,139,338,761.0,202.0,613.0,,,499.0,13.0
"eh-dosuun-1931(pistol,duck).dm_26.dm_meta",49669435,48784243,,MOD_DET_PACK_SPLASH,bad,False,,,,,00:14:46.846,yung joc,^^6blessing^7',MOD_DET_PACK_SPLASH,0.0,0.0,0.23337867856025696,7.072081089019775,160.0,656,373,435,844.0,170.0,225.0,,,103.0,0.0
"eh-dosuun-1931(pistol,duck).dm_26.dm_meta",49772725,48784243,,MOD_ROCKET_SPLASH,bad,True,0.15333333333333332,0.19333333333333333,0.06282660326324292,0.07393130350648658,00:16:30.136,yung joc,^5^^0Du^7ck,MOD_ROCKET_SPLASH,83.96663665771484,0.3180554509162903,83.96663665771484,2544.443603515625,83.0,341,30,415,182.0,97.0,187.0,,,28.0,9.0
"eh-dosuun-1931(pistol,duck).dm_26.dm_meta",49811467,48784243,,MOD_BRYAR_PISTOL_ALT,bad,False,0.21,0.18666666666666668,0.07847916757620375,0.05703319758673978,00:17:08.878,yung joc,^7J^5a^7X^4~,MOD_BRYAR_PISTOL_ALT,5.265263080596924,0.00797767098993063,5.448279857635498,165.09939575195312,741.0,250,0,189,772.0,3.0,174.0,462.0,0.0,114.0,0.0
"eh-dosuun-1931(pistol,duck).dm_26.dm_meta",49933831,48784243,,MOD_THERMAL,bad,True,,,,,00:19:11.242,yung joc,^4^^0Sk^7yzz,MOD_THERMAL,41.51353073120117,0.15724822878837585,171.4783935546875,5196.31494140625,62.0,493,89,299,300.0,282.0,232.0,,,34.0,7.0
"eh-dosuun-1931(pistol,duck).dm_26.dm_meta",49952377,48784243,,MOD_BRYAR_PISTOL_ALT,bad,False,0.39666666666666667,0.41333333333333333,0.17362870680090522,0.4813323667114135,00:19:29.788,yung joc,^5^^0Du^7ck,MOD_BRYAR_PISTOL_ALT,12.75666618347168,0.03221380338072777,21.049890518188477,637.87548828125,989.0,297,143,287,606.0,170.0,561.0,726.0,3.0,132.0,72.0
"eh-kejim-1620(repeater,cuko).dm_26.dm_meta",12193600,12112150,,MOD_TRIP_MINE_SPLASH,bad,False,,,,,00:01:22.500,yung joc,^^6blessing^7',MOD_TRIP_MINE_SPLASH,3.9542007446289062,0.07908401638269424,10.881075859069824,329.7295837402344,310.0,316,0,309,282.0,74.0,190.0,,,50.0,0.0
"eh-kejim-1620(repeater,cuko).dm_26.dm_meta",12317800,12112150,,MOD_REPEATER_ALT_SPLASH,bad,False,0.30666666666666664,0.32666666666666666,0.1743380944815167,0.12338752203634379,00:03:26.700,yung joc,^3^^0shulba^4*,MOD_REPEATER_ALT_SPLASH,0.7196044921875,0.014392090030014515,20.395261764526367,618.0382690429688,156.0,191,63,259,352.0,52.0,241.0,,,71.0,0.0
"eh-kejim-1620(repeater,cuko).dm_26.dm_meta",12351350,12112150,,MOD_FALLING,bad,False,,,,,00:04:00.250,yung joc,yung joc,MOD_FALLING,0.0,0.0,0.0,0.0,0.0,0,0,0,0.0,0.0,0.0,,,0.0,0.0
"eh-kejim-1620(repeater,cuko).dm_26.dm_meta",12379800,12112150,,MOD_ROCKET,bad,False,0.09666666666666666,0.09,0.03049475028608263,0.008796829483373042,00:04:28.700,yung joc,^3^^0shulba^4*,MOD_ROCKET,0.14376986026763916,0.002875397214666009,6.708509922027588,203.28817749023438,343.0,483,0,417,348.0,26.0,0.0,550.0,-4.0,43.0,0.0
"eh-kejim-1620(repeater,cuko).dm_26.dm_meta",12520450,12112150,,MOD_ROCKET_SPLASH,bad,False,0.21,0.23,0.15287729166557268,0.1946973851529384,00:06:49.350,yung joc,^7^^0<^1=,MOD_ROCKET_SPLASH,0.0,0.0,21.822254180908203,661.2804565429688,104.0,482,170,247,496.0,78.0,298.0,,,142.0,3.0
"eh-kejim-1620(repeater,cuko).dm_26.dm_meta",12616750,12112150,,MOD_ROCKET_SPLASH,bad,False,0.20333333333333334,0.28,0.19841276614949113,0.14021660919353318,00:08:25.650,yung joc,^3^^0shulba^4*,MOD_ROCKET_SPLASH,0.1043701171875,0.0020874023903161287,38.579071044921875,1169.062744140625,283.0,303,163,322,233.0,105.0,230.0,,,79.0,0.0
"eh-kejim-1620(repeater,cuko).dm_26.dm_meta",12620150,12112150,,MOD_ROCKET_SPLASH,bad,False,0.29,0.31666666666666665,0.2334539612693269,0.19743653803448966,00:08:29.050,yung joc,,MOD_ROCKET_SPLASH,0.1043701171875,0.0020874023903161287,4.199594974517822,127.26045227050781,222.0,44,8,116,368.0,327.0,523.0,,,385.0,72.0
"eh-kejim-1620(repeater,cuko).dm_26.dm_meta",12659400,12112150,,MOD_ROCKET_SPLASH,bad,False,0.18,0.34,0.13710228612846892,0.06092786233565525,00:09:08.300,yung joc,^2<<^7plazity^2>>,MOD_ROCKET_SPLASH,1.5975571870803833,0.031951144337654114,51.79145812988281,1569.4381103515625,151.0,251,247,300,230.0,94.0,294.0,,,212.0,117.0
"eh-kejim-1620(repeater,cuko).dm_26.dm_meta",12677800,12112150,,MOD_ROCKET_SPLASH,bad,False,0.12333333333333334,0.2,0.1536101007204019,0.05264853414436699,00:09:26.700,yung joc,^^6blessing^7',MOD_ROCKET_SPLASH,10.418116569519043,0.20836232602596283,74.11682891845703,2245.964599609375,66.0,425,0,323,543.0,9.0,370.0,,,122.0,6.0
"eh-kejim-1620(repeater,cuko).dm_26.dm_meta",12730000,12112150,,MOD_TRIP_MINE_SPLASH,bad,True,,,,,00:10:18.900,yung joc,^2<<^7plazity^2>>,MOD_TRIP_MINE_SPLASH,0.0,0.0,49.670963287353516,1505.1806640625,32.0,919,188,97,255.0,95.0,431.0,,,113.0,18.0
"eh-kejim-1620(repeater,cuko).dm_26.dm_meta",12803150,12112150,,MOD_ROCKET_SPLASH,bad,True,0.21333333333333335,0.17666666666666667,0.19009704210498377,0.349818046958554,00:11:32.050,yung joc,^7^^0<^1=,MOD_ROCKET_SPLASH,0.0,0.0,173.2627716064453,5250.38720703125,95.0,509,80,398,309.0,182.0,438.0,,,179.0,16.0
"eh-kejim-1620(repeater,cuko).dm_26.dm_meta",12907000,12112150,,MOD_REPEATER_ALT_SPLASH,bad,False,0.23,0.21666666666666667,0.2948447967667737,0.23149529488835188,00:13:15.900,yung joc,^^6blessing^7',MOD_REPEATER_ALT_SPLASH,0.0,0.0,145.04359436035156,4395.26025390625,326.0,680,124,618,324.0,298.0,740.0,,,109.0,38.0
"eh-kejim-1620(repeater,cuko).dm_26.dm_meta",13089450,12112150,,MOD_REPEATER_ALT_SPLASH,bad,False,0.23333333333333334,0.24333333333333335,0.45078568017602627,0.46510125758447185,00:16:18.350,yung joc,^7^^0<^1=,MOD_REPEATER_ALT_SPLASH,0.0,0.0,73.50152587890625,2227.319091796875,560.0,368,0,385,441.0,157.0,590.0,,,258.0,32.0
"eh-kejim-1620(repeater,cuko).dm_26.dm_meta",13173600,12112150,,MOD_REPEATER_ALT_SPLASH,bad,False,0.26,0.38666666666666666,0.12706799671372923,0.05945054923185974,00:17:42.500,yung joc,^3^^0shulba^4*,MOD_REPEATER_ALT_SPLASH,7.745361328125,0.1549072265625,15.382963180541992,466.150390625,129.0,195,107,278,315.0,98.0,130.0,,,101.0,0.0
"eh-kejim-1620(repeater,cuko).dm_26.dm_meta",13302050,12112150,,MOD_ROCKET_SPLASH,bad,False,0.2,0.14,0.3849600383317982,0.13390985356274235,00:19:50.950,yung joc,^^6blessing^7',MOD_ROCKET_SPLASH,0.29134491086006165,0.005826898384839296,1.2412728071212769,37.61432647705078,471.0,0,0,0,443.0,148.0,250.0,,,200.0,0.0
ertrtert (1).dm_26.dm_meta,69525800,69433550,,MOD_ROCKET_SPLASH,bad,True,0.22666666666666666,0.12,0.16423290452097797,0.11495918450927818,00:06:44.700,^1^^0stubert,^1^^0stubert,MOD_ROCKET_SPLASH,0.0,0.0,197.64755249023438,5989.31982421875,0.0,555,413,438,555.0,413.0,438.0,,,0.0,0.0
ertrtert.dm_26.dm_meta,69525800,69433550,,MOD_ROCKET_SPLASH,bad,True,0.22666666666666666,0.12,0.16423290452097797,0.11495918450927818,00:06:44.700,^1^^0stubert,^1^^0stubert,MOD_ROCKET_SPLASH,0.0,0.0,197.64755249023438,5989.31982421875,0.0,555,413,438,555.0,413.0,438.0,,,0.0,0.0
fmholyshit-1620.dm_26.dm_meta,70101840,70088240,71274280.0,MOD_ROCKET_SPLASH,bad,False,0.2866666666666667,0.27,0.2223885562366591,0.23862531613144136,00:00:32.160,,^1[^7f a l s u m^1],MOD_ROCKET_SPLASH,3.517341136932373,0.043966762721538544,3.517341136932373,106.58609771728516,244.0,211,13,483,606.0,17.0,432.0,,,183.0,12.0
fmholyshit-1620.dm_26.dm_meta,70194200,70088240,71274280.0,MOD_ROCKET_SPLASH,bad,True,0.3933333333333333,0.25666666666666665,0.059118675316286444,0.571737020042902,00:02:04.520,,^3^^0shulba^4*,MOD_ROCKET_SPLASH,72.91690826416016,0.10127348452806473,90.43016815185547,2740.30810546875,39.0,374,185,506,82.0,28.0,337.0,,,4.0,0.0
fmholyshit-1620.dm_26.dm_meta,70208000,70088240,71274280.0,MOD_ROCKET_SPLASH,bad,False,0.25333333333333335,0.35,0.2509615739750831,0.2618543925545249,00:02:18.320,,^1[^7f a l s u m^1],MOD_ROCKET_SPLASH,0.0,0.0,81.09512329101562,2457.427978515625,202.0,337,15,229,642.0,423.0,326.0,,,450.0,4.0
fmholyshit-1620.dm_26.dm_meta,70228320,70088240,71274280.0,MOD_ROCKET_SPLASH,bad,True,0.11666666666666667,0.13,0.08463033240210896,0.029205503108053883,00:02:38.640,,^3^^0shulba^4*,MOD_ROCKET_SPLASH,49.262115478515625,0.6157764196395874,49.262115478515625,1492.7913818359375,76.0,378,163,217,584.0,49.0,269.0,,,130.0,0.0
fmholyshit-1620.dm_26.dm_meta,70259440,70088240,71274280.0,MOD_ROCKET_SPLASH,bad,True,0.11333333333333333,0.05333333333333334,0.056664819405984765,0.04573973076599633,00:03:09.760,,^3^^0shulba^4*,MOD_ROCKET_SPLASH,143.38485717773438,0.3982912600040436,164.11448669433594,4973.16650390625,53.0,521,187,212,657.0,92.0,328.0,,,211.0,0.0
fmholyshit-1620.dm_26.dm_meta,70271840,70088240,71274280.0,MOD_DET_PACK_SPLASH,bad,False,,,,,00:03:22.160,,^1[^7f a l s u m^1],MOD_DET_PACK_SPLASH,0.0,0.0,21.02703285217285,637.1828002929688,65.0,349,493,158,880.0,197.0,404.0,,,364.0,12.0
fmholyshit-1620.dm_26.dm_meta,70279360,70088240,71274280.0,MOD_DET_PACK_SPLASH,bad,True,,,,,00:03:29.680,,^3^^0shulba^4*,MOD_DET_PACK_SPLASH,0.0,0.0,0.0,0.0,179.0,1151,148,699,1087.0,484.0,460.0,,,1902.0,597.0
fmholyshit-1620.dm_26.dm_meta,70293640,70088240,71274280.0,MOD_FALLING,bad,False,,,,,00:03:43.960,,^1[^7f a l s u m^1],MOD_FALLING,11.936797142028809,0.03730249032378197,129.7675018310547,3932.3486328125,,624,42,501,,,,,,,
fmholyshit-1620.dm_26.dm_meta,70322120,70088240,71274280.0,MOD_ROCKET_SPLASH,bad,True,0.32,0.36666666666666664,0.06845995647230764,0.2677669393829887,00:04:12.440,,^1[^7f a l s u m^1],MOD_ROCKET_SPLASH,82.07660675048828,0.11399528384208679,82.07660675048828,2487.169921875,128.0,146,125,551,172.0,120.0,207.0,,,114.0,91.0
fmholyshit-1620.dm_26.dm_meta,70360240,70088240,71274280.0,MOD_FALLING,bad,True,,,,,00:04:50.560,,^1[^7f a l s u m^1],MOD_FALLING,0.0,0.0,3.974261522293091,120.43216705322266,2722.0,585,295,534,0.0,0.0,0.0,,,0.0,0.0
fmholyshit-1620.dm_26.dm_meta,70376360,70088240,71274280.0,MOD_ROCKET_SPLASH,bad,True,0.09333333333333334,0.12,0.17838626483361508,0.07236488172356216,00:05:06.680,,^1[^7f a l s u m^1],MOD_ROCKET_SPLASH,0.0,0.0,26.37423324584961,799.2191772460938,390.0,222,877,550,506.0,212.0,550.0,,,301.0,0.0
fmholyshit-1620.dm_26.dm_meta,70409760,70088240,71274280.0,MOD_ROCKET_SPLASH,bad,False,0.15,0.17333333333333334,0.1529219889419701,0.18146788749437012,00:05:40.080,,^3^^0shulba^4*,MOD_ROCKET_SPLASH,0.0,0.0,57.117679595947266,1730.8387451171875,73.0,476,140,279,284.0,347.0,618.0,,,282.0,11.0
fmholyshit-1620.dm_26.dm_meta,70468880,70088240,71274280.0,MOD_TRIP_MINE_SPLASH,bad,True,,,,,00:06:39.200,,^3Xen_Mike,MOD_TRIP_MINE_SPLASH,0.0,0.0,28.23392677307129,855.5735473632812,30.0,1573,570,242,496.0,69.0,432.0,,,155.0,17.0
fmholyshit-1620.dm_26.dm_meta,70468880,70088240,71274280.0,MOD_FLECHETTE_ALT_SPLASH,bad,True,0.2633333333333333,0.19,0.16901713328607462,0.06553467169517047,00:06:39.200,,,MOD_FLECHETTE_ALT_SPLASH,0.0,0.0,28.23392677307129,855.5735473632812,0.0,1573,570,242,1573.0,570.0,242.0,,,0.0,0.0
fmholyshit-1620.dm_26.dm_meta,70611520,70088240,71274280.0,MOD_ROCKET_SPLASH,bad,False,0.2633333333333333,0.30666666666666664,0.13257752776167464,0.16415945959387018,00:09:01.840,,,MOD_ROCKET_SPLASH,0.0,0.0,107.30123138427734,3251.552490234375,0.0,362,291,340,362.0,291.0,340.0,,,0.0,0.0
fmholyshit-1620.dm_26.dm_meta,70661040,70088240,71274280.0,MOD_ROCKET_SPLASH,bad,True,0.16,0.18,0.10413582463170294,0.06822183253964306,00:09:51.360,,^3^^0shulba^4*,MOD_ROCKET_SPLASH,52.847354888916016,0.22019730508327484,78.80669403076172,2388.08154296875,121.0,310,125,317,340.0,76.0,300.0,,,90.0,0.0
fmholyshit-1620.dm_26.dm_meta,70675000,70088240,71274280.0,MOD_ROCKET_SPLASH,bad,False,0.3333333333333333,0.22333333333333333,0.2821388828514308,0.055869603542318264,00:10:05.320,,^1[^7f a l s u m^1],MOD_ROCKET_SPLASH,0.0,0.0,24.80545425415039,751.680419921875,433.0,212,0,313,52.0,391.0,248.0,,,41.0,6.0
fmholyshit-1620.dm_26.dm_meta,70732600,70088240,71274280.0,MOD_ROCKET_SPLASH,bad,True,0.22,0.24333333333333335,0.09564361774250263,0.09383301043992393,00:11:02.920,,^3^^0shulba^4*,MOD_ROCKET_SPLASH,69.18876647949219,0.1729719191789627,105.84233856201172,3207.343505859375,50.0,104,147,248,410.0,73.0,337.0,,,109.0,0.0
fmholyshit-1620.dm_26.dm_meta,70773360,70088240,71274280.0,MOD_ROCKET_SPLASH,bad,False,0.16333333333333333,0.17,0.2979502193141768,0.08904069556751162,00:11:43.680,,^3^^0shulba^4*,MOD_ROCKET_SPLASH,8.86618423461914,0.01583247259259224,43.70501708984375,1324.3944091796875,398.0,59,0,280,421.0,196.0,231.0,,,243.0,0.0
fmholyshit-1620.dm_26.dm_meta,70844600,70088240,71274280.0,MOD_REPEATER_ALT_SPLASH,bad,False,0.27666666666666667,0.29333333333333333,0.27389415371099735,0.1333970744911015,00:12:54.920,,teh,MOD_REPEATER_ALT_SPLASH,0.0,0.0,2.6866064071655273,81.41231536865234,419.0,255,0,370,318.0,164.0,202.0,,,145.0,0.0
fmholyshit-1620.dm_26.dm_meta,70930760,70088240,71274280.0,MOD_FALLING,bad,False,,,,,00:14:21.080,,^1[^7f a l s u m^1],MOD_FALLING,0.0,0.0,115.8217544555664,3509.750244140625,469.0,455,24,445,353.0,0.0,612.0,,,21.0,0.0
fmholyshit-1620.dm_26.dm_meta,71001840,70088240,71274280.0,MOD_ROCKET_SPLASH,bad,False,0.15,0.18666666666666668,0.10060490783046153,0.020153995010450437,00:15:32.160,,^3^^0shulba^4*,MOD_ROCKET_SPLASH,8.338768005371094,0.029781313613057137,36.41155242919922,1103.38037109375,69.0,483,0,532,248.0,4.0,268.0,,,238.0,237.0
fmholyshit-1620.dm_26.dm_meta,71019440,70088240,71274280.0,MOD_ROCKET_SPLASH,bad,True,0.13333333333333333,0.11333333333333333,0.06089339303449735,0.01995307929199626,00:15:49.760,,evrae,MOD_ROCKET_SPLASH,109.66498565673828,0.5483249425888062,113.3695068359375,3435.439697265625,37.0,346,237,243,577.0,313.0,749.0,,,500.0,18.0
fmholyshit-1620.dm_26.dm_meta,71033720,70088240,71274280.0,MOD_ROCKET_SPLASH,bad,False,0.3233333333333333,0.25,0.1850017453237628,0.24387190773783035,00:16:04.040,,^3^^0shulba^4*,MOD_ROCKET_SPLASH,0.0,0.0,34.17489242553711,1035.602783203125,396.0,311,669,408,115.0,40.0,501.0,,,15.0,0.0
fmholyshit-1620.dm_26.dm_meta,71034200,70088240,71274280.0,MOD_ROCKET_SPLASH,bad,False,0.26,0.17333333333333334,0.0843400145388308,0.09661704138844066,00:16:04.520,,,MOD_ROCKET_SPLASH,6.539682388305664,0.16349205374717712,15.871965408325195,480.9686584472656,0.0,132,283,659,132.0,283.0,659.0,,,0.0,0.0
fmholyshit-1620.dm_26.dm_meta,71049560,70088240,71274280.0,MOD_ROCKET,bad,True,0.2,0.21333333333333335,0.11279407319340212,0.026093367728199285,00:16:19.880,,^3^^0shulba^4*,MOD_ROCKET,0.0,0.0,0.0,0.0,514.0,199,1004,640,377.0,621.0,397.0,280.0,25.0,137.0,59.0
ghost_base_pugtrain_manaan.dm_26.dm_meta,273333576,273313380,,MOD_TRIP_MINE_SPLASH,bad,False,,,,,00:00:21.190,,Skittles,MOD_TRIP_MINE_SPLASH,1.6705000400543213,0.025310605764389038,44.67236328125,1353.7080078125,1898.0,562,145,521,523.0,141.0,572.0,,,116.0,25.0
ghost_base_pugtrain_manaan.dm_26.dm_meta,273370536,273313380,,MOD_ROCKET_SPLASH,bad,False,0.2833333333333333,0.42,0.13703935079969085,0.09813778812726498,00:00:58.150,,RAWR,MOD_ROCKET_SPLASH,0.0,0.0,86.66891479492188,2626.330810546875,73.0,220,209,246,371.0,178.0,242.0,,,360.0,135.0
ghost_base_pugtrain_manaan.dm_26.dm_meta,273394923,273313380,,MOD_BRYAR_PISTOL_ALT,bad,False,0.17333333333333334,0.21,0.1406952018783291,0.0366231525867845,00:01:22.537,,RAWR,MOD_BRYAR_PISTOL_ALT,4.514886379241943,0.13681474328041077,64.4094467163086,1951.8013916015625,95.0,230,98,215,474.0,172.0,340.0,,,205.0,92.0
ghost_base_pugtrain_manaan.dm_26.dm_meta,273443037,273313380,,MOD_REPEATER_ALT_SPLASH,bad,False,0.48333333333333334,0.47,0.15739497518659112,0.7296937671620127,00:02:10.651,,dream,MOD_REPEATER_ALT_SPLASH,0.0,0.0,64.88521575927734,1966.2186279296875,174.0,249,0,420,103.0,33.0,176.0,,,64.0,48.0
ghost_base_pugtrain_manaan.dm_26.dm_meta,273472242,273313380,,MOD_SABER,bad,False,,,,,00:02:39.856,,Skittles,MOD_SABER,0.38002216815948486,0.005757911596447229,12.094310760498047,366.4942626953125,63.0,217,88,206,164.0,68.0,158.0,,,4.0,1.0
ghost_base_pugtrain_manaan.dm_26.dm_meta,273640344,273313380,,MOD_REPEATER_ALT_SPLASH,bad,False,0.18333333333333332,0.20666666666666667,0.21544220719221524,0.1362461997466125,00:05:27.958,,dream,MOD_REPEATER_ALT_SPLASH,0.0,0.0,5.100144386291504,154.54983520507812,355.0,321,347,345,289.0,139.0,399.0,,,47.0,14.0
ghost_base_pugtrain_manaan.dm_26.dm_meta,273654633,273313380,,MOD_REPEATER_ALT_SPLASH,bad,False,0.12,0.20666666666666667,0.1433365708740017,0.05538497217096103,00:05:42.247,,Skittles,MOD_REPEATER_ALT_SPLASH,6.726380825042725,0.20382972061634064,49.59477233886719,1502.8719482421875,150.0,358,28,433,325.0,91.0,257.0,,,93.0,0.0
ghost_base_pugtrain_manaan.dm_26.dm_meta,273678030,273313380,,MOD_TRIP_MINE_SPLASH,bad,True,,,,,00:06:05.644,,Skittles,MOD_TRIP_MINE_SPLASH,19.023664474487305,0.04803955554962158,155.91285705566406,4724.6318359375,80.0,195,19,482,430.0,52.0,204.0,,,90.0,0.0
ghost_base_pugtrain_manaan.dm_26.dm_meta,273678261,273313380,,MOD_TRIP_MINE_SPLASH,bad,True,,,,,00:06:05.875,,,MOD_TRIP_MINE_SPLASH,0.5380497574806213,0.016304537653923035,8.772589683532715,265.8360595703125,60.0,586,69,386,660.0,62.0,307.0,,,2586.0,2110.0
ghost_base_pugtrain_manaan.dm_26.dm_meta,273678261,273313380,,MOD_TRIP_MINE_SPLASH,bad,False,,,,,00:06:05.875,,sq,MOD_TRIP_MINE_SPLASH,0.5380497574806213,0.016304537653923035,8.772589683532715,265.8360595703125,113.0,586,69,386,405.0,3.0,354.0,,,47.0,0.0
ghost_base_pugtrain_manaan.dm_26.dm_meta,273782607,273313380,,MOD_ROCKET_SPLASH,bad,False,0.32,0.4633333333333333,0.14924180892828337,0.22313670143443018,00:07:50.221,,Skittles,MOD_ROCKET_SPLASH,5.221743106842041,0.158234640955925,72.10136413574219,2184.889892578125,163.0,478,40,303,105.0,176.0,263.0,,,19.0,12.0
ghost_base_pugtrain_manaan.dm_26.dm_meta,273982653,273313380,,MOD_REPEATER_ALT_SPLASH,bad,False,0.22666666666666666,0.3933333333333333,0.16419462826322864,0.10104096198740838,00:11:10.267,,RAWR,MOD_REPEATER_ALT_SPLASH,5.652850151062012,0.17129848897457123,95.0395736694336,2879.987060546875,139.0,265,5,294,213.0,36.0,262.0,,,49.0,17.0
ghost_base_pugtrain_manaan.dm_26.dm_meta,274030041,273313380,,MOD_TRIP_MINE_SPLASH,bad,False,,,,,00:11:57.655,,Skittles,MOD_TRIP_MINE_SPLASH,2.567430019378662,0.038900453597307205,7.878041744232178,238.72854614257812,175.0,475,80,275,101.0,406.0,388.0,,,158.0,97.0
ghost_base_pugtrain_manaan.dm_26.dm_meta,274070367,273313380,,MOD_BRYAR_PISTOL_ALT,bad,False,0.3466666666666667,0.4,0.10824503401925106,0.21601182442457412,00:12:37.981,,dream,MOD_BRYAR_PISTOL_ALT,34.32454299926758,0.04160550609230995,34.32454299926758,1040.1376953125,441.0,433,92,719,752.0,246.0,525.0,363.0,12.0,120.0,46.0
ghost_base_pugtrain_manaan.dm_26.dm_meta,274099308,273313380,,MOD_TRIP_MINE_SPLASH,bad,False,,,,,00:13:06.922,,sq,MOD_TRIP_MINE_SPLASH,24.90106773376465,0.18864445388317108,30.813587188720703,933.7450561523438,180.0,172,3,394,297.0,104.0,238.0,,,61.0,7.0
ghost_base_pugtrain_manaan.dm_26.dm_meta,274099308,273313380,,MOD_TRIP_MINE_SPLASH,bad,False,,,,,00:13:06.922,,Skittles,MOD_TRIP_MINE_SPLASH,24.90106773376465,0.18864445388317108,30.813587188720703,933.7450561523438,114.0,172,3,394,281.0,262.0,245.0,,,230.0,28.0
ghost_base_pugtrain_manaan.dm_26.dm_meta,274144122,273313380,,MOD_ROCKET_SPLASH,bad,False,0.3933333333333333,0.37,0.2658647423098868,0.08044701951243348,00:13:51.736,,Skittles,MOD_ROCKET_SPLASH,25.669504165649414,0.0268228892236948,25.669504165649414,777.86376953125,438.0,227,0,192,117.0,357.0,335.0,,,93.0,37.0
ghost_base_pugtrain_manaan.dm_26.dm_meta,274179696,273313380,,MOD_REPEATER_ALT_SPLASH,bad,False,0.17333333333333334,0.18,0.1856805403126543,0.14436227031046012,00:14:27.310,,Skittles,MOD_REPEATER_ALT_SPLASH,17.9412784576416,0.060408346354961395,61.18062973022461,1853.95849609375,198.0,527,127,436,631.0,7.0,539.0,,,284.0,55.0
ghost_base_pugtrain_manaan.dm_26.dm_meta,274233387,273313380,,MOD_ROCKET_SPLASH,bad,False,0.18333333333333332,0.31333333333333335,0.15201499672825058,0.15755126903544725,00:15:21.001,,Skittles,MOD_ROCKET_SPLASH,0.0,0.0,0.498699426651001,15.112103462219238,252.0,396,300,382,274.0,255.0,343.0,,,256.0,75.0
ghost_base_pugtrain_manaan.dm_26.dm_meta,274255299,273313380,,MOD_REPEATER_ALT_SPLASH,bad,False,0.056666666666666664,0.04,0.09474033726332674,0.049460320601859814,00:15:42.913,,dream,MOD_REPEATER_ALT_SPLASH,0.0,0.0,7.4761481285095215,226.54994201660156,212.0,525,0,581,488.0,480.0,630.0,,,1720.0,1485.0
ghost_base_pugtrain_manaan.dm_26.dm_meta,274292754,273313380,,MOD_ROCKET_SPLASH,bad,False,0.35,0.37333333333333335,0.12436521584224253,0.2086853349222201,00:16:20.368,,Skittles,MOD_ROCKET_SPLASH,2.3514976501464844,0.017814375460147858,3.338045358657837,101.15289306640625,125.0,504,104,460,347.0,85.0,293.0,,,179.0,38.0
ghost_base_pugtrain_manaan.dm_26.dm_meta,274299288,273313380,,MOD_ROCKET,bad,False,0.27,0.26666666666666666,0.13017149254297922,0.4952613205471965,00:16:26.902,,RAWR,MOD_ROCKET,4.346096038818359,0.013169988058507442,6.891629219055176,208.83724975585938,634.0,470,135,486,418.0,228.0,543.0,1320.0,-4.0,365.0,64.0
ghost_base_pugtrain_manaan.dm_26.dm_meta,274381458,273313380,,MOD_TRIP_MINE_SPLASH,bad,False,,,,,00:17:49.072,,dream,MOD_TRIP_MINE_SPLASH,1.0161166191101074,0.03079141303896904,81.9756088256836,2484.109375,235.0,440,0,369,818.0,225.0,575.0,,,193.0,11.0
ghost_base_pugtrain_manaan.dm_26.dm_meta,274410168,273313380,,MOD_TRIP_MINE_SPLASH,bad,True,,,,,00:18:17.782,,RAWR,MOD_TRIP_MINE_SPLASH,8.810970306396484,0.13349954783916473,81.77806091308594,2478.123046875,169.0,448,256,763,331.0,286.0,372.0,,,2482.0,2306.0
ghost_base_pugtrain_manaan.dm_26.dm_meta,274444323,273313380,,MOD_BRYAR_PISTOL_ALT,bad,False,0.15,0.19666666666666666,0.13589482519398624,0.0011275318836298696,00:18:51.937,,Skittles,MOD_BRYAR_PISTOL_ALT,3.4880034923553467,0.10569707304239273,42.26510238647461,1280.7607421875,244.0,300,108,375,263.0,3.0,344.0,99.0,0.0,9.0,0.0
ghost_base_pugtrain_manaan.dm_26.dm_meta,274469436,273313380,,MOD_BRYAR_PISTOL_ALT,bad,False,0.19666666666666666,0.18666666666666668,0.22422267315936273,0.014743133006572555,00:19:17.050,,dream,MOD_BRYAR_PISTOL_ALT,3.125702142715454,0.09471824765205383,26.554649353027344,804.6863403320312,197.0,190,0,298,233.0,206.0,550.0,99.0,8.0,49.0,29.0
ghost_base_pugtrain_manaan.dm_26.dm_meta,274478412,273313380,,MOD_TRIP_MINE_SPLASH,bad,False,,,,,00:19:26.026,,RAWR,MOD_TRIP_MINE_SPLASH,0.43614476919174194,0.01321650855243206,5.263382911682129,159.4964599609375,302.0,186,79,184,395.0,37.0,439.0,,,48.0,13.0
ghost_base_pugtrain_manaan.dm_26.dm_meta,274494351,273313380,,MOD_ROCKET,bad,True,0.09,0.043333333333333335,0.0069930137063647715,0.02082086383022506,00:19:41.965,,Skittles,MOD_ROCKET,0.0,0.0,49.2542839050293,1492.5540771484375,70.0,967,0,589,194.0,0.0,147.0,,,8.0,0.0
ghost_base_pugtrain_manaan.dm_26.dm_meta,274511643,273313380,,MOD_ROCKET_SPLASH,bad,False,0.32,0.39666666666666667,0.17468511394009123,0.19388093811577373,00:19:59.257,,RAWR,MOD_ROCKET_SPLASH,5.308309555053711,0.08042893558740616,5.308309555053711,160.8578643798828,239.0,243,0,563,283.0,143.0,521.0,,,222.0,79.0
ghost_base_pugtrain_manaan.dm_26.dm_meta,274524315,273313380,,MOD_ROCKET_SPLASH,bad,True,0.12666666666666668,0.05,0.04081397708578296,0.038496752915242155,00:20:11.929,,,MOD_ROCKET_SPLASH,153.00714111328125,0.5151755809783936,160.9525146484375,4877.34912109375,0.0,470,130,307,470.0,130.0,307.0,,,0.0,0.0
ghost_base_pugtrain_manaan.dm_26.dm_meta,274542531,273313380,,MOD_ROCKET_SPLASH,bad,False,0.21,0.3233333333333333,0.13386086634464814,0.10259913042907531,00:20:30.145,,dream,MOD_ROCKET_SPLASH,0.02197265625,0.0006658380734734237,5.853816509246826,177.3883819580078,104.0,539,6,593,533.0,287.0,450.0,,,493.0,44.0
ghost_base_pugtrain_manaan.dm_26.dm_meta,274550946,273313380,,MOD_SABER,bad,False,,,,,00:20:38.560,,Skittles,MOD_SABER,5.452996730804443,0.16524232923984528,85.91178131103516,2603.38720703125,32.0,105,28,210,77.0,0.0,96.0,,,0.0,0.0
ghost_base_pugtrain_manaan.dm_26.dm_meta,274560384,273313380,,MOD_BRYAR_PISTOL_ALT,bad,False,0.34,0.4866666666666667,0.32264022652484003,0.28882787749984373,00:20:47.998,,dream,MOD_BRYAR_PISTOL_ALT,15.705052375793457,0.1586368978023529,38.70563888549805,1172.898193359375,286.0,460,42,395,865.0,334.0,572.0,165.0,0.0,205.0,14.0
ghost_chase_BS_nelvaan (3).dm_26.dm_meta,382936658,382882241,,MOD_ROCKET_SPLASH,bad,True,0.13,0.13333333333333333,0.07964880388232466,0.08108002768556688,00:00:55.147,^7g^1h^7o^1s^7t^1`-,sal,MOD_ROCKET_SPLASH,106.93291473388672,0.32403913140296936,106.93291473388672,3240.391357421875,209.0,386,177,458,432.0,306.0,467.0,,,388.0,24.0
ghost_chase_BS_nelvaan (3).dm_26.dm_meta,382948571,382882241,,MOD_REPEATER_ALT_SPLASH,bad,False,0.20333333333333334,0.25333333333333335,0.22939817423364608,0.190336075978271,00:01:07.060,^7g^1h^7o^1s^7t^1`-,,MOD_REPEATER_ALT_SPLASH,0.0,0.0,119.28495025634766,3614.695556640625,288.0,530,205,538,406.0,332.0,606.0,,,458.0,129.0
ghost_chase_BS_nelvaan (3).dm_26.dm_meta,382959626,382882241,,MOD_ROCKET_SPLASH,bad,False,0.32666666666666666,0.27666666666666667,0.37145856446747577,0.23643826442090127,00:01:18.115,^7g^1h^7o^1s^7t^1`-,sal,MOD_ROCKET_SPLASH,1.2910805940628052,0.03912365436553955,21.325057983398438,646.2138671875,672.0,559,34,520,214.0,228.0,217.0,,,131.0,0.0
ghost_chase_BS_nelvaan (3).dm_26.dm_meta,382980647,382882241,,MOD_DISRUPTOR_SNIPER,bad,False,,,,,00:01:39.136,^7g^1h^7o^1s^7t^1`-,sal,MOD_DISRUPTOR_SNIPER,0.0,0.0,0.7552051544189453,22.8850040435791,1164.0,0,0,0,632.0,290.0,543.0,,,69.0,40.0
ghost_chase_BS_nelvaan (3).dm_26.dm_meta,382997939,382882241,,MOD_TRIP_MINE_SPLASH,bad,False,,,,,00:01:56.428,^7g^1h^7o^1s^7t^1`-,sal,MOD_TRIP_MINE_SPLASH,4.618029594421387,0.008746268227696419,4.618029594421387,139.94029235839844,236.0,500,291,534,492.0,440.0,569.0,,,815.0,388.0
ghost_chase_BS_nelvaan (3).dm_26.dm_meta,383002592,382882241,,MOD_TRIP_MINE_SPLASH,bad,False,,,,,00:02:01.081,^7g^1h^7o^1s^7t^1`-,,MOD_TRIP_MINE_SPLASH,4.883756637573242,0.03699815645813942,44.87470245361328,1359.8394775390625,331.0,447,0,426,554.0,15.0,593.0,,,45.0,17.0
ghost_chase_BS_nelvaan (3).dm_26.dm_meta,383006684,382882241,,MOD_TRIP_MINE_SPLASH,bad,False,,,,,00:02:05.173,^7g^1h^7o^1s^7t^1`-,sal,MOD_TRIP_MINE_SPLASH,3.704498767852783,0.01603679172694683,3.704498767852783,112.25753784179688,155.0,514,130,462,539.0,381.0,523.0,,,579.0,47.0
ghost_chase_BS_nelvaan (3).dm_26.dm_meta,383034668,382882241,,MOD_TRIP_MINE_SPLASH,bad,False,,,,,00:02:33.157,^7g^1h^7o^1s^7t^1`-,,MOD_TRIP_MINE_SPLASH,0.0,0.0,34.34817886352539,1040.8538818359375,184.0,56,0,342,349.0,162.0,363.0,,,131.0,12.0
ghost_chase_BS_nelvaan (3).dm_26.dm_meta,383066711,382882241,,MOD_REPEATER_ALT_SPLASH,bad,False,0.10333333333333333,0.21333333333333335,0.2025984638300142,0.12231995471263422,00:03:05.200,^7g^1h^7o^1s^7t^1`-,denni^1s,MOD_REPEATER_ALT_SPLASH,0.0,0.0,65.76963806152344,1993.019287109375,238.0,607,230,664,539.0,271.0,501.0,,,100.0,39.0
ghost_chase_BS_nelvaan (3).dm_26.dm_meta,383087204,382882241,,MOD_TRIP_MINE_SPLASH,bad,False,,,,,00:03:25.693,^7g^1h^7o^1s^7t^1`-,,MOD_TRIP_MINE_SPLASH,0.0,0.0,5.651002883911133,171.2425079345703,555.0,333,0,511,277.0,85.0,310.0,,,582.0,398.0
ghost_chase_BS_nelvaan (3).dm_26.dm_meta,383173070,382882241,,MOD_REPEATER_ALT_SPLASH,bad,False,0.22666666666666666,0.24,0.1774197725417284,0.19748778443586715,00:04:51.559,^7g^1h^7o^1s^7t^1`-,,MOD_REPEATER_ALT_SPLASH,0.0,0.0,34.66606521606445,1050.48681640625,332.0,409,184,427,261.0,279.0,51.0,,,268.0,94.0
ghost_chase_BS_nelvaan (3).dm_26.dm_meta,383181056,382882241,,MOD_TRIP_MINE_SPLASH,bad,True,,,,,00:04:59.545,^7g^1h^7o^1s^7t^1`-,,MOD_TRIP_MINE_SPLASH,41.02678298950195,0.3108089566230774,122.82733917236328,3722.04052734375,190.0,195,368,673,690.0,126.0,500.0,,,285.0,73.0
ghost_chase_BS_nelvaan (3).dm_26.dm_meta,383195972,382882241,,MOD_TRIP_MINE_SPLASH,bad,False,,,,,00:05:14.461,^7g^1h^7o^1s^7t^1`-,^1|^4Bone^1|,MOD_TRIP_MINE_SPLASH,1.8786700963974,0.0047441162168979645,41.35917663574219,1253.308349609375,466.0,606,222,521,426.0,129.0,614.0,,,160.0,6.0
ghost_chase_BS_nelvaan (3).dm_26.dm_meta,383204585,382882241,,MOD_TRIP_MINE_SPLASH,bad,False,,,,,00:05:23.074,^7g^1h^7o^1s^7t^1`-,,MOD_TRIP_MINE_SPLASH,4.912083625793457,0.01653900183737278,4.912083625793457,148.85101318359375,368.0,486,149,373,327.0,338.0,261.0,,,396.0,368.0
ghost_chase_BS_nelvaan (3).dm_26.dm_meta,383435783,382882241,,MOD_FALLING,bad,False,,,,,00:09:14.272,^7g^1h^7o^1s^7t^1`-,,MOD_FALLING,18.69446563720703,0.14162473380565643,39.98432159423828,1211.6461181640625,485.0,251,0,261,210.0,0.0,531.0,,,9.0,0.0
ghost_chase_BS_nelvaan (3).dm_26.dm_meta,383518184,382882241,,MOD_TRIP_MINE_SPLASH,bad,False,,,,,00:10:36.673,^7g^1h^7o^1s^7t^1`-,sal,MOD_TRIP_MINE_SPLASH,1.6534515619277954,0.00501045910641551,1.6771070957183838,50.82142639160156,298.0,542,83,661,318.0,118.0,326.0,,,108.0,0.0
ghost_chase_BS_nelvaan (3).dm_26.dm_meta,383657378,382882241,,MOD_REPEATER_ALT_SPLASH,bad,True,0.11333333333333333,0.05333333333333334,0.02147040831941932,0.04981590330910743,00:12:55.867,^7g^1h^7o^1s^7t^1`-,sal,MOD_REPEATER_ALT_SPLASH,76.7387466430664,0.21140150725841522,132.241943359375,4007.33154296875,157.0,522,566,621,50.0,156.0,424.0,,,1617.0,1613.0
ghost_chase_BS_nelvaan (3).dm_26.dm_meta,383677376,382882241,,MOD_TRIP_MINE_SPLASH,bad,False,,,,,00:13:15.865,^7g^1h^7o^1s^7t^1`-,,MOD_TRIP_MINE_SPLASH,0.0,0.0,3.0035152435302734,91.01561737060547,531.0,425,299,334,459.0,107.0,314.0,,,165.0,0.0
ghost_chase_BS_nelvaan (3).dm_26.dm_meta,383756378,382882241,,MOD_REPEATER_ALT_SPLASH,bad,False,0.32666666666666666,0.25,0.12387275015859903,0.5276565711217934,00:14:34.867,^7g^1h^7o^1s^7t^1`-,sal,MOD_REPEATER_ALT_SPLASH,0.0,0.0,33.58990478515625,1017.8759155273438,121.0,526,98,416,128.0,68.0,255.0,,,41.0,12.0
ghost_chase_BS_nelvaan (3).dm_26.dm_meta,383774792,382882241,,MOD_DISRUPTOR_SNIPER,bad,False,,,,,00:14:53.281,^7g^1h^7o^1s^7t^1`-,sal,MOD_DISRUPTOR_SNIPER,0.0,0.0,0.3980933427810669,12.063434600830078,1581.0,0,0,0,0.0,0.0,151.0,,,0.0,0.0
ghost_chase_BS_nelvaan (3).dm_26.dm_meta,383780996,382882241,,MOD_TRIP_MINE_SPLASH,bad,True,,,,,00:14:59.485,^7g^1h^7o^1s^7t^1`-,sq,MOD_TRIP_MINE_SPLASH,9.09074878692627,0.27547723054885864,18.717330932617188,567.1918334960938,224.0,422,0,327,729.0,151.0,309.0,,,109.0,8.0
ghost_chase_BS_nelvaan (3).dm_26.dm_meta,383781821,382882241,,MOD_FLECHETTE_ALT_SPLASH,bad,False,0.21333333333333335,0.20666666666666667,0.1319251675886299,0.19162788984839768,00:15:00.310,^7g^1h^7o^1s^7t^1`-,,MOD_FLECHETTE_ALT_SPLASH,0.0,0.0,27.664979934692383,838.3327026367188,97.0,792,51,309,304.0,600.0,221.0,,,215.0,54.0
ghost_chase_BS_nelvaan (3).dm_26.dm_meta,383908739,382882241,,MOD_TRIP_MINE_SPLASH,bad,True,,,,,00:17:07.228,^7g^1h^7o^1s^7t^1`-,sal,MOD_TRIP_MINE_SPLASH,0.0,0.0,4.061413764953613,123.0731430053711,966.0,191,1096,739,227.0,169.0,179.0,,,105.0,0.0
ghost_chase_BS_nelvaan (3).dm_26.dm_meta,383957579,382882241,,MOD_ROCKET_SPLASH,bad,False,0.25333333333333335,0.2866666666666667,0.2749489386000218,0.07842945928008896,00:17:56.068,^7g^1h^7o^1s^7t^1`-,,MOD_ROCKET_SPLASH,8.98075008392334,0.2721439301967621,29.59392547607422,896.78564453125,403.0,1,0,192,335.0,211.0,292.0,,,199.0,0.0
ghost_chase_BS_nelvaan (3).dm_26.dm_meta,384004802,382882241,,MOD_ROCKET_SPLASH,bad,False,0.14333333333333334,0.12666666666666668,0.14640371593449827,0.1488978889914544,00:18:43.291,^7g^1h^7o^1s^7t^1`-,,MOD_ROCKET_SPLASH,0.0,0.0,37.457679748535156,1135.0811767578125,144.0,464,53,593,247.0,60.0,424.0,,,70.0,7.0
ghost_chase_BS_nelvaan (3).dm_26.dm_meta,384028166,382882241,,MOD_FALLING,bad,False,,,,,00:19:06.655,^7g^1h^7o^1s^7t^1`-,sal,MOD_FALLING,0.0,0.0,30.166893005371094,914.1482543945312,736.0,475,192,514,0.0,0.0,823.0,,,0.0,0.0
ghost_chase_BS_nelvaan (3).dm_26.dm_meta,384047636,382882241,,MOD_TRIP_MINE_SPLASH,bad,True,,,,,00:19:26.125,^7g^1h^7o^1s^7t^1`-,,MOD_TRIP_MINE_SPLASH,69.90202331542969,0.15130308270454407,70.1946792602539,2127.111572265625,105.0,117,24,454,820.0,720.0,512.0,,,733.0,14.0
ghost_chase_pugforall_ctf4 (2).dm_26.dm_meta,886244400,886205300,,MOD_FALLING,bad,False,,,,,00:00:39.900,^1#^4m^7o^4R^7e^1.^4g^7hos^4t,^1-=cAtA=-,MOD_FALLING,0.0,0.0,2.695263385772705,81.67465209960938,,717,265,650,,,,,,,
ghost_chase_pugforall_ctf4 (2).dm_26.dm_meta,886343350,886205300,,MOD_ROCKET,bad,False,0.06666666666666667,0.12666666666666668,0.018692364713195596,0.005745113831595063,00:02:18.850,^1#^4m^7o^4R^7e^1.^4g^7hos^4t,,MOD_ROCKET,0.0,0.0,13.36257266998291,404.92645263671875,85.0,597,394,747,666.0,205.0,335.0,350.0,-3.0,445.0,28.0
ghost_chase_pugforall_ctf4 (2).dm_26.dm_meta,886392450,886205300,,MOD_ROCKET_SPLASH,bad,False,0.2,0.30333333333333334,0.13922982802976291,0.16919230060211018,00:03:07.950,^1#^4m^7o^4R^7e^1.^4g^7hos^4t,,MOD_ROCKET_SPLASH,0.0,0.0,87.1944351196289,2642.255615234375,89.0,675,42,601,497.0,484.0,488.0,,,650.0,46.0
ghost_chase_pugforall_ctf4 (2).dm_26.dm_meta,886472950,886205300,,MOD_BRYAR_PISTOL_ALT,bad,False,0.30333333333333334,0.3,0.2534829074930575,0.06089936394976827,00:04:28.450,^1#^4m^7o^4R^7e^1.^4g^7hos^4t,,MOD_BRYAR_PISTOL_ALT,0.0,0.0,5.438443183898926,164.8013153076172,598.0,254,209,285,950.0,579.0,618.0,400.0,-13.0,471.0,233.0
ghost_chase_pugforall_ctf4 (2).dm_26.dm_meta,886597550,886205300,,MOD_ROCKET_SPLASH,bad,False,0.08333333333333333,0.12333333333333334,0.22907422612508857,0.11627674515368229,00:06:33.050,^1#^4m^7o^4R^7e^1.^4g^7hos^4t,,MOD_ROCKET_SPLASH,8.557738304138184,0.04278869181871414,21.795190811157227,660.4603271484375,310.0,324,0,329,438.0,507.0,331.0,,,342.0,231.0
ghost_chase_pugforall_ctf4 (2).dm_26.dm_meta,886774050,886205300,,MOD_REPEATER_ALT,bad,False,0.35,0.33,0.014030725275416872,0.04878478142203028,00:09:29.550,^1#^4m^7o^4R^7e^1.^4g^7hos^4t,,MOD_REPEATER_ALT,4.733389854431152,0.04733389988541603,29.737146377563477,901.1256713867188,47.0,515,103,752,133.0,107.0,330.0,150.0,0.0,13.0,2.0
ghost_chase_pugforall_ctf4 (2).dm_26.dm_meta,886791200,886205300,,MOD_ROCKET,bad,False,0.05333333333333334,0.04666666666666667,0.0031626871054767315,0.016717092723846656,00:09:46.700,^1#^4m^7o^4R^7e^1.^4g^7hos^4t,,MOD_ROCKET,2.2217929363250732,0.044435858726501465,6.398357391357422,193.88961791992188,93.0,487,165,300,156.0,647.0,150.0,50.0,-49.0,26.0,21.0
ghost_chase_pugforall_ctf4 (2).dm_26.dm_meta,886795850,886205300,,MOD_BRYAR_PISTOL_ALT,bad,False,0.23333333333333334,0.26666666666666666,0.24195353287180402,0.08190575754691312,00:09:51.350,^1#^4m^7o^4R^7e^1.^4g^7hos^4t,^1-=cAtA=-,MOD_BRYAR_PISTOL_ALT,0.3775526285171509,0.0075510526075959206,7.524479866027832,228.01454162597656,861.0,420,84,280,52.0,28.0,234.0,500.0,7.0,1.0,0.0
ghost_chase_pugforall_ctf4 (2).dm_26.dm_meta,886805100,886205300,,MOD_ROCKET,bad,False,0.056666666666666664,0.11333333333333333,0.1065818929371646,0.016452478327512118,00:10:00.600,^1#^4m^7o^4R^7e^1.^4g^7hos^4t,,MOD_ROCKET,0.0,0.0,13.867206573486328,420.2183837890625,104.0,276,3,339,669.0,271.0,551.0,150.0,6.0,179.0,0.0
ghost_chase_pugforall_ctf4 (2).dm_26.dm_meta,886849150,886205300,,MOD_DISRUPTOR_SNIPER,bad,False,,,,,00:10:44.650,^1#^4m^7o^4R^7e^1.^4g^7hos^4t,^1-=cAtA=-,MOD_DISRUPTOR_SNIPER,0.0,0.0,7.72503137588501,234.09185791015625,925.0,0,0,9,795.0,277.0,718.0,,,674.0,18.0
ghost_chase_pugforall_ctf4 (2).dm_26.dm_meta,886945100,886205300,,MOD_THERMAL_SPLASH,bad,False,,,,,00:12:20.600,^1#^4m^7o^4R^7e^1.^4g^7hos^4t,^1-=cAtA=-,MOD_THERMAL_SPLASH,2.278451681137085,0.045569032430648804,3.311539649963379,100.34968566894531,129.0,385,55,491,292.0,398.0,424.0,,,233.0,26.0
ghost_chase_pugforall_ctf4 (2).dm_26.dm_meta,887045200,886205300,,MOD_BRYAR_PISTOL_ALT,bad,False,0.3333333333333333,0.29,0.31013915766400935,0.14622427720575307,00:14:00.700,^1#^4m^7o^4R^7e^1.^4g^7hos^4t,,MOD_BRYAR_PISTOL_ALT,0.0,0.0,0.0,0.0,775.0,89,122,314,910.0,239.0,734.0,500.0,-3.0,477.0,66.0
ghost_chase_pugforall_ctf4 (2).dm_26.dm_meta,887062350,886205300,,MOD_ROCKET_SPLASH,bad,True,0.17333333333333334,0.3,0.1010116799835106,0.07283460100854412,00:14:17.850,^1#^4m^7o^4R^7e^1.^4g^7hos^4t,^1-=cAtA=-,MOD_ROCKET_SPLASH,28.637052536010742,0.28637051582336426,41.87993621826172,1269.0889892578125,81.0,66,91,320,180.0,188.0,319.0,,,57.0,17.0
ghost_chase_pugforall_ctf4 (2).dm_26.dm_meta,887108650,886205300,,MOD_ROCKET_SPLASH,bad,True,0.26,0.22666666666666666,0.08852012240178307,0.022242932632024665,00:15:04.150,^1#^4m^7o^4R^7e^1.^4g^7hos^4t,^1-=cAtA=-,MOD_ROCKET_SPLASH,17.33852767944336,0.3467705547809601,82.60235595703125,2503.101806640625,87.0,468,137,443,89.0,338.0,207.0,,,76.0,0.0
ghost_chase_pugforall_ctf4 (2).dm_26.dm_meta,887169350,886205300,,MOD_ROCKET_SPLASH,bad,False,0.18666666666666668,0.22666666666666666,0.1371751503027127,0.17470430764546077,00:16:04.850,^1#^4m^7o^4R^7e^1.^4g^7hos^4t,^1-=cAtA=-,MOD_ROCKET_SPLASH,33.484989166259766,0.08371247351169586,33.484989166259766,1014.6966552734375,121.0,301,25,177,445.0,188.0,287.0,,,238.0,0.0
ghost_chase_pugforall_ctf4 (2).dm_26.dm_meta,887350300,886205300,,MOD_BRYAR_PISTOL_ALT,bad,True,0.3466666666666667,0.4,0.396701478547994,0.07535905478352053,00:19:05.800,^1#^4m^7o^4R^7e^1.^4g^7hos^4t,,MOD_BRYAR_PISTOL_ALT,1.3845933675765991,0.009230622090399265,2.1100900173187256,63.94212341308594,363.0,855,75,837,698.0,330.0,384.0,450.0,7.0,514.0,30.0
ghost_chase_pugforall_ctf4 (2).dm_26.dm_meta,887380200,886205300,,MOD_ROCKET_SPLASH,bad,False,0.2866666666666667,0.25,0.11424776245855081,0.15632615185315107,00:19:35.700,^1#^4m^7o^4R^7e^1.^4g^7hos^4t,^1#^4m^7o^4R^7e^1.^4g^7hos^4t,MOD_ROCKET_SPLASH,5.055612087249756,0.05055611953139305,6.249637603759766,189.38296508789062,0.0,338,25,515,338.0,25.0,515.0,,,0.0,0.0
ghost_chase_pugforall_ctf4.dm_26.dm_meta,2924050,2841750,,MOD_ROCKET_SPLASH,bad,False,0.21333333333333335,0.26,0.14738238722278876,0.1931616597785901,00:01:23.150,^7g^1h^7o^1s^7t^1`-,^3ber^4Z^3erk,MOD_ROCKET_SPLASH,3.7161448001861572,0.0371614471077919,34.26393508911133,1038.301025390625,247.0,607,206,459,209.0,172.0,317.0,,,169.0,68.0
ghost_chase_pugforall_ctf4.dm_26.dm_meta,2984200,2841750,,MOD_TRIP_MINE_SPLASH,bad,False,,,,,00:02:23.300,^7g^1h^7o^1s^7t^1`-,ski,MOD_TRIP_MINE_SPLASH,10.883344650268555,0.217666894197464,46.27869415283203,1402.3846435546875,179.0,355,231,544,339.0,25.0,304.0,,,43.0,0.0
ghost_chase_pugforall_ctf4.dm_26.dm_meta,2996050,2841750,,MOD_ROCKET_SPLASH,bad,False,0.28,0.38333333333333336,0.12102344524601835,0.1391273871861877,00:02:35.150,^7g^1h^7o^1s^7t^1`-,,MOD_ROCKET_SPLASH,6.556042671203613,0.13112086057662964,13.792469024658203,417.95361328125,49.0,191,148,268,377.0,191.0,283.0,,,63.0,23.0
ghost_chase_pugforall_ctf4.dm_26.dm_meta,2998350,2841750,,MOD_FALLING,bad,False,,,,,00:02:37.450,^7g^1h^7o^1s^7t^1`-,M I L K B O N E,MOD_FALLING,9.21621322631836,0.015360355377197266,10.942652702331543,331.5955505371094,989.0,425,0,418,0.0,0.0,846.0,,,0.0,0.0
ghost_chase_pugforall_ctf4.dm_26.dm_meta,3009750,2841750,,MOD_ROCKET_SPLASH,bad,False,0.26,0.26,0.48991963256129006,0.21199027963242847,00:02:48.850,^7g^1h^7o^1s^7t^1`-,ski,MOD_ROCKET_SPLASH,1.6118576526641846,0.03223715350031853,22.87892723083496,693.3008422851562,852.0,216,285,350,262.0,299.0,243.0,,,222.0,15.0
ghost_chase_pugforall_ctf4.dm_26.dm_meta,3040850,2841750,,MOD_THERMAL_SPLASH,bad,False,,,,,00:03:19.950,^7g^1h^7o^1s^7t^1`-,ski,MOD_THERMAL_SPLASH,2.064143657684326,0.04128287360072136,10.209514617919922,309.3792419433594,261.0,287,132,337,261.0,116.0,215.0,,,230.0,120.0
ghost_chase_pugforall_ctf4.dm_26.dm_meta,3072250,2841750,,MOD_THERMAL,bad,False,,,,,00:03:51.350,^7g^1h^7o^1s^7t^1`-,ski,MOD_THERMAL,0.0,0.0,52.64601516723633,1595.3338623046875,376.0,251,0,530,575.0,370.0,380.0,200.0,32.0,798.0,682.0
ghost_chase_pugforall_ctf4.dm_26.dm_meta,3102000,2841750,,MOD_ROCKET_SPLASH,bad,True,0.20666666666666667,0.22333333333333333,0.15911602339906544,0.13304862897721975,00:04:21.100,^7g^1h^7o^1s^7t^1`-,ski,MOD_ROCKET_SPLASH,0.0,0.0,179.3901824951172,5436.06640625,72.0,417,280,330,485.0,113.0,461.0,,,500.0,397.0
ghost_chase_pugforall_ctf4.dm_26.dm_meta,3209400,2841750,,MOD_DET_PACK_SPLASH,bad,True,,,,,00:06:08.500,^7g^1h^7o^1s^7t^1`-,^3ber^4Z^3erk,MOD_DET_PACK_SPLASH,57.993953704833984,0.07732526957988739,68.33625030517578,2070.79541015625,259.0,383,0,427,609.0,40.0,328.0,,,101.0,0.0
ghost_chase_pugforall_ctf4.dm_26.dm_meta,3240250,2841750,,MOD_REPEATER_ALT,bad,False,0.2633333333333333,0.35333333333333333,0.01547131556824086,0.015653465474973725,00:06:39.350,^7g^1h^7o^1s^7t^1`-,^3ber^4Z^3erk,MOD_REPEATER_ALT,2.6981725692749023,0.05396345257759094,30.963518142700195,938.2884521484375,49.0,421,16,484,387.0,264.0,269.0,50.0,-26.0,61.0,33.0
ghost_chase_pugforall_ctf4.dm_26.dm_meta,3273850,2841750,,MOD_REPEATER_ALT,bad,False,0.2833333333333333,0.3433333333333333,0.06978845653124717,0.16099518400364576,00:07:12.950,^7g^1h^7o^1s^7t^1`-,^3ber^4Z^3erk,MOD_REPEATER_ALT,1.7940794229507446,0.007176317740231752,45.3741569519043,1374.9744873046875,490.0,280,0,575,431.0,7.0,431.0,350.0,-10.0,237.0,84.0
ghost_chase_pugforall_ctf4.dm_26.dm_meta,3420950,2841750,,MOD_ROCKET_SPLASH,bad,False,0.39,0.44333333333333336,0.12731316727139283,0.3169559697856126,00:09:40.050,^7g^1h^7o^1s^7t^1`-,^7g^1h^7o^1s^7t^1`-,MOD_ROCKET_SPLASH,0.0,0.0,5.005212783813477,151.67311096191406,0.0,477,67,254,477.0,67.0,254.0,,,0.0,0.0
ghost_chase_pugforall_ctf4.dm_26.dm_meta,3465500,2841750,,MOD_ROCKET_SPLASH,bad,False,0.32,0.3333333333333333,0.15775999533694093,0.18914638106374093,00:10:24.600,^7g^1h^7o^1s^7t^1`-,^3ber^4Z^3erk,MOD_ROCKET_SPLASH,9.828819274902344,0.04914409667253494,46.24116134643555,1401.247314453125,241.0,318,0,329,115.0,477.0,355.0,,,445.0,439.0
ghost_chase_pugforall_ctf4.dm_26.dm_meta,3483250,2841750,,MOD_ROCKET_SPLASH,bad,False,0.17666666666666667,0.17666666666666667,0.12725570259693555,0.06886399795048492,00:10:42.350,^7g^1h^7o^1s^7t^1`-,,MOD_ROCKET_SPLASH,0.0,0.0,38.683773040771484,1172.235595703125,107.0,326,359,482,545.0,86.0,222.0,,,154.0,0.0
ghost_chase_pugforall_ctf4.dm_26.dm_meta,3501000,2841750,,MOD_TRIP_MINE_SPLASH,bad,False,,,,,00:11:00.100,^7g^1h^7o^1s^7t^1`-,^3ber^4Z^3erk,MOD_TRIP_MINE_SPLASH,22.746416091918945,0.037910692393779755,28.403133392333984,860.7009887695312,359.0,417,0,410,437.0,143.0,400.0,,,188.0,0.0
ghost_chase_pugforall_ctf4.dm_26.dm_meta,3577200,2841750,,MOD_FALLING,bad,False,,,,,00:12:16.300,^7g^1h^7o^1s^7t^1`-,^3ber^4Z^3erk,MOD_FALLING,4.606724739074707,0.030711498111486435,66.99453735351562,2030.137451171875,1924.0,742,281,656,0.0,0.0,0.0,,,0.0,0.0
ghost_chase_pugforall_ctf4.dm_26.dm_meta,3652000,2841750,,MOD_REPEATER_ALT_SPLASH,good,False,0.6066666666666667,0.53,0.15101260426654775,0.5564763264774752,00:13:31.100,^7g^1h^7o^1s^7t^1`-,^3ber^4Z^3erk,MOD_REPEATER_ALT_SPLASH,0.0,0.0,45.39546203613281,1375.6201171875,148.0,211,18,246,43.0,16.0,149.0,,,0.0,0.0
ghost_chase_pugforall_ctf4.dm_26.dm_meta,3743950,2841750,,MOD_ROCKET_SPLASH,bad,False,0.23,0.21,0.21535704777199796,0.1843552223575428,00:15:03.050,^7g^1h^7o^1s^7t^1`-,,MOD_ROCKET_SPLASH,1.1466511487960815,0.011466511525213718,1.1466511487960815,34.747005462646484,263.0,286,99,277,388.0,111.0,381.0,,,132.0,0.0
ghost_chase_pugforall_ctf4.dm_26.dm_meta,3766300,2841750,,MOD_ROCKET_SPLASH,bad,False,0.20666666666666667,0.3433333333333333,0.15401305365182522,0.11832364145481003,00:15:25.400,^7g^1h^7o^1s^7t^1`-,^3ber^4Z^3erk,MOD_ROCKET_SPLASH,2.232928991317749,0.04465857893228531,15.4781494140625,469.0348205566406,127.0,340,14,568,392.0,125.0,497.0,,,148.0,0.0
ghost_chase_pugforall_ctf4.dm_26.dm_meta,3812650,2841750,,MOD_ROCKET,bad,True,0.07,0.06,0.055995655155881355,0.0045088124872670185,00:16:11.750,^7g^1h^7o^1s^7t^1`-,^3ber^4Z^3erk,MOD_ROCKET,144.08949279785156,0.3602237403392792,145.5509033203125,4410.63330078125,66.0,509,446,329,902.0,149.0,454.0,50.0,-17.0,157.0,0.0
ghost_chase_pugforall_ctf4.dm_26.dm_meta,3840000,2841750,,MOD_ROCKET_SPLASH,bad,False,0.18,0.21,0.09328886379724055,0.10512337115800775,00:16:39.100,^7g^1h^7o^1s^7t^1`-,^3ber^4Z^3erk,MOD_ROCKET_SPLASH,0.0,0.0,16.716217041015625,506.5520324707031,34.0,529,61,721,315.0,394.0,372.0,,,346.0,61.0
ghost_chase_pugforall_ctf4.dm_26.dm_meta,3840000,2841750,,MOD_ROCKET_SPLASH,bad,False,0.17333333333333334,0.13333333333333333,0.1330812547523519,0.12593922895124135,00:16:39.100,^7g^1h^7o^1s^7t^1`-,^7g^1h^7o^1s^7t^1`-,MOD_ROCKET_SPLASH,0.0,0.0,16.716217041015625,506.5520324707031,0.0,529,61,721,529.0,61.0,721.0,,,0.0,0.0
ghost_chase_pugforall_ctf4.dm_26.dm_meta,3863500,2841750,,MOD_BRYAR_PISTOL_ALT,bad,False,0.20666666666666667,0.18333333333333332,0.12885619713751909,0.005172623343760554,00:17:02.600,^7g^1h^7o^1s^7t^1`-,^3ber^4Z^3erk,MOD_BRYAR_PISTOL_ALT,0.0,0.0,139.52407836914062,4228.00244140625,62.0,355,13,418,359.0,3.0,0.0,,,73.0,16.0
ghost_chase_pugforall_ctf4.dm_26.dm_meta,3917000,2841750,,MOD_ROCKET,bad,False,0.12333333333333334,0.18333333333333332,0.05165635691342857,0.005980233932124873,00:17:56.100,^7g^1h^7o^1s^7t^1`-,ski,MOD_ROCKET,2.5886385440826416,0.012943192385137081,12.013087272644043,364.032958984375,85.0,307,71,467,945.0,564.0,342.0,150.0,-25.0,370.0,22.0
ghost_chase_pugforall_ctf4.dm_26.dm_meta,3989550,2841750,,MOD_DISRUPTOR_SNIPER,bad,False,,,,,00:19:08.650,^7g^1h^7o^1s^7t^1`-,^3ber^4Z^3erk,MOD_DISRUPTOR_SNIPER,0.1925743818283081,0.003851487534120679,0.1925743818283081,5.835587501525879,297.0,0,0,0,0.0,0.0,97.0,,,0.0,0.0
ghost_chase_pugforall_ctf4.dm_26.dm_meta,4004050,2841750,,MOD_TRIP_MINE_SPLASH,bad,False,,,,,00:19:23.150,^7g^1h^7o^1s^7t^1`-,ski,MOD_TRIP_MINE_SPLASH,6.535583972930908,0.00933654885739088,21.989044189453125,666.3346557617188,397.0,472,0,434,316.0,280.0,224.0,,,240.0,0.0
ghost_chase_pugforall_kejim.dm_26.dm_meta,884081600,883995650,,MOD_ROCKET,bad,True,0.013333333333333334,0.03666666666666667,0.013153220075968837,0.002268775902318174,00:01:26.800,^4g^7h^4o^7s^4t^2.,,MOD_ROCKET,7.4528489112854,0.14905697107315063,27.705425262451172,839.558349609375,31.0,501,676,577,570.0,348.0,273.0,,,157.0,19.0
ghost_chase_pugforall_kejim.dm_26.dm_meta,884230350,883995650,,MOD_ROCKET_SPLASH,bad,False,0.09666666666666666,0.08666666666666667,0.2422609677596397,0.10706655398196871,00:03:55.550,^4g^7h^4o^7s^4t^2.,,MOD_ROCKET_SPLASH,0.6854799389839172,0.013709599152207375,25.344343185424805,768.0103759765625,274.0,184,0,296,462.0,185.0,305.0,,,256.0,0.0
ghost_chase_pugforall_kejim.dm_26.dm_meta,884261100,883995650,,MOD_ROCKET_SPLASH,bad,False,0.17,0.17,0.15914470216416518,0.15074819386880295,00:04:26.300,^4g^7h^4o^7s^4t^2.,^1^^0[cR]^7syn^11^7caL,MOD_ROCKET_SPLASH,27.231306076049805,0.049511466175317764,27.231306076049805,825.1911010742188,255.0,322,36,471,301.0,345.0,383.0,,,281.0,0.0
ghost_chase_pugforall_kejim.dm_26.dm_meta,884273450,883995650,,MOD_ROCKET_SPLASH,bad,False,0.09,0.2,0.1438879222432025,0.07656751578229277,00:04:38.650,^4g^7h^4o^7s^4t^2.,,MOD_ROCKET_SPLASH,0.0,0.0,56.340694427490234,1707.2938232421875,165.0,496,158,459,438.0,287.0,273.0,,,472.0,110.0
ghost_chase_pugforall_kejim.dm_26.dm_meta,884329700,883995650,,MOD_FLECHETTE_ALT_SPLASH,bad,True,0.14666666666666667,0.12333333333333334,0.1330252971881516,0.18238561596028724,00:05:34.900,^4g^7h^4o^7s^4t^2.,^1^^0[cR]^7syn^11^7caL,MOD_FLECHETTE_ALT_SPLASH,52.29209518432617,0.1162046566605568,54.58796691894531,1654.1807861328125,63.0,423,4,274,669.0,36.0,456.0,,,105.0,0.0
ghost_chase_pugforall_kejim.dm_26.dm_meta,884371550,883995650,,MOD_TRIP_MINE_SPLASH,bad,False,,,,,00:06:16.750,^4g^7h^4o^7s^4t^2.,^1^^0[cR]^7syn^11^7caL,MOD_TRIP_MINE_SPLASH,3.5479588508605957,0.0709591805934906,5.722825050354004,173.4189453125,38.0,584,152,466,557.0,320.0,427.0,,,145.0,12.0
ghost_chase_pugforall_kejim.dm_26.dm_meta,884392300,883995650,,MOD_TRIP_MINE_SPLASH,bad,False,,,,,00:06:37.500,^4g^7h^4o^7s^4t^2.,,MOD_TRIP_MINE_SPLASH,0.0,0.0,10.272488594055176,311.28753662109375,525.0,561,83,398,480.0,584.0,499.0,,,102.0,34.0
ghost_chase_pugforall_kejim.dm_26.dm_meta,884473400,883995650,,MOD_ROCKET_SPLASH,bad,False,0.3,0.36,0.13093681994623554,0.06819323925754645,00:07:58.600,^4g^7h^4o^7s^4t^2.,^4g^7h^4o^7s^4t^2.,MOD_ROCKET_SPLASH,0.0,0.0,4.77760648727417,144.7759552001953,0.0,477,10,436,477.0,10.0,436.0,,,0.0,0.0
ghost_chase_pugforall_kejim.dm_26.dm_meta,884488550,883995650,,MOD_ROCKET,bad,False,0.023333333333333334,0.043333333333333335,0.009377386070418959,0.005229331298651069,00:08:13.750,^4g^7h^4o^7s^4t^2.,^1^^0[cR]^7syn^11^7caL,MOD_ROCKET,0.0,0.0,89.21955108642578,2703.622802734375,169.0,709,186,677,744.0,398.0,345.0,200.0,-37.0,2078.0,1682.0
ghost_chase_pugforall_kejim.dm_26.dm_meta,884504300,883995650,,MOD_ROCKET_SPLASH,bad,False,0.05333333333333334,0.07,0.1453101314423246,0.06673480491277121,00:08:29.500,^4g^7h^4o^7s^4t^2.,^1-=cAtA=-,MOD_ROCKET_SPLASH,1.3834487199783325,0.027668975293636322,38.43531036376953,1164.7064208984375,334.0,328,208,346,714.0,148.0,354.0,,,1514.0,1335.0
ghost_chase_pugforall_kejim.dm_26.dm_meta,884559350,883995650,,MOD_TRIP_MINE_SPLASH,bad,False,,,,,00:09:24.550,^4g^7h^4o^7s^4t^2.,^4^^0tu^7rk3^4y,MOD_TRIP_MINE_SPLASH,2.2975680828094482,0.04595136269927025,38.83653259277344,1176.8646240234375,248.0,420,150,505,442.0,172.0,423.0,,,553.0,398.0
ghost_chase_pugforall_kejim.dm_26.dm_meta,884616250,883995650,,MOD_ROCKET,bad,False,0.11666666666666667,0.18,0.06688354628920638,0.12779619979373824,00:10:21.450,^4g^7h^4o^7s^4t^2.,^4^^0tu^7rk3^4y,MOD_ROCKET,9.294228553771973,0.030980762094259262,41.76976776123047,1265.75048828125,292.0,197,10,325,501.0,250.0,280.0,250.0,-6.0,553.0,116.0
ghost_chase_pugforall_kejim.dm_26.dm_meta,884638700,883995650,,MOD_ROCKET_SPLASH,bad,False,0.12666666666666668,0.19,0.13433336942886043,0.13299638820023574,00:10:43.900,^4g^7h^4o^7s^4t^2.,^1^^0[cR]^7syn^11^7caL,MOD_ROCKET_SPLASH,11.968939781188965,0.11968939751386642,15.65274715423584,474.32568359375,167.0,485,131,590,584.0,504.0,432.0,,,502.0,12.0
ghost_chase_pugforall_kejim.dm_26.dm_meta,884749550,883995650,,MOD_TRIP_MINE_SPLASH,bad,False,,,,,00:12:34.750,^4g^7h^4o^7s^4t^2.,^1^^0[cR]^7syn^11^7caL,MOD_TRIP_MINE_SPLASH,0.0,0.0,3.112802028656006,94.32733154296875,488.0,0,0,317,285.0,88.0,357.0,,,49.0,16.0
ghost_chase_pugforall_kejim.dm_26.dm_meta,884832600,883995650,,MOD_TRIP_MINE_SPLASH,bad,True,,,,,00:13:57.800,^4g^7h^4o^7s^4t^2.,^1^^0[cR]^7syn^11^7caL,MOD_TRIP_MINE_SPLASH,100.28681182861328,0.12535852193832397,104.8746566772461,3178.02001953125,285.0,344,0,779,292.0,189.0,425.0,,,246.0,75.0
ghost_chase_pugforall_kejim.dm_26.dm_meta,884834900,883995650,,MOD_TRIP_MINE_SPLASH,bad,False,,,,,00:14:00.100,^4g^7h^4o^7s^4t^2.,,MOD_TRIP_MINE_SPLASH,0.0,0.0,8.427899360656738,255.39088439941406,207.0,242,0,236,276.0,280.0,388.0,,,209.0,0.0
ghost_chase_pugforall_kejim.dm_26.dm_meta,884836100,883995650,,MOD_TRIP_MINE_SPLASH,bad,True,,,,,00:14:01.300,^4g^7h^4o^7s^4t^2.,^1-=cAtA=-,MOD_TRIP_MINE_SPLASH,0.0,0.0,171.8826904296875,5208.56640625,3606.0,8,30,4088,466.0,83.0,300.0,,,126.0,0.0
ghost_chase_pugforall_kejim.dm_26.dm_meta,884872350,883995650,,MOD_BRYAR_PISTOL_ALT,bad,False,0.13666666666666666,0.18,0.08106856087605274,0.0024610303107927725,00:14:37.550,^4g^7h^4o^7s^4t^2.,^1-=cAtA=-,MOD_BRYAR_PISTOL_ALT,0.0,0.0,5.384029388427734,163.15240478515625,181.0,302,0,356,25.0,54.0,365.0,250.0,-2.0,1.0,0.0
ghost_chase_pugforall_kejim.dm_26.dm_meta,884935150,883995650,,MOD_ROCKET_SPLASH,bad,False,0.13,0.12,0.15410555839262483,0.03885193168796237,00:15:40.350,^4g^7h^4o^7s^4t^2.,^1^^0[cR]^7syn^11^7caL,MOD_ROCKET_SPLASH,11.571244239807129,0.23142488300800323,69.01158142089844,2091.260009765625,80.0,502,85,542,695.0,86.0,554.0,,,160.0,0.0
ghost_chase_pugforall_kejim.dm_26.dm_meta,884952250,883995650,,MOD_ROCKET_SPLASH,bad,True,0.29333333333333333,0.17333333333333334,0.11683895002207773,0.5402667777155133,00:15:57.450,^4g^7h^4o^7s^4t^2.,^1^^0[cR]^7syn^11^7caL,MOD_ROCKET_SPLASH,39.72203826904297,0.3972203731536865,121.38368225097656,3678.29345703125,234.0,522,78,345,76.0,240.0,329.0,,,228.0,211.0
ghost_chase_pugforall_kejim.dm_26.dm_meta,885030800,883995650,,MOD_THERMAL,bad,False,,,,,00:17:16.000,^4g^7h^4o^7s^4t^2.,^1^^0[cR]^7syn^11^7caL,MOD_THERMAL,27.870248794555664,0.0464504137635231,27.870248794555664,844.552978515625,162.0,443,85,321,591.0,331.0,305.0,250.0,20.0,125.0,37.0
ghost_chase_pugforall_kejim.dm_26.dm_meta,885107350,883995650,,MOD_TRIP_MINE_SPLASH,bad,True,,,,,00:18:32.550,^4g^7h^4o^7s^4t^2.,^1^^0[cR]^7syn^11^7caL,MOD_TRIP_MINE_SPLASH,21.01771354675293,0.038214024156332016,38.12089157104492,1155.1785888671875,54.0,1079,64,868,962.0,145.0,410.0,,,430.0,0.0
ghost_chase_pugforall_kejim.dm_26.dm_meta,885122350,883995650,,MOD_ROCKET_SPLASH,bad,False,0.27,0.20666666666666667,0.2090511829842187,0.32657027580847314,00:18:47.550,^4g^7h^4o^7s^4t^2.,,MOD_ROCKET_SPLASH,23.167339324951172,0.09266936033964157,117.15385437011719,3550.11669921875,267.0,465,0,397,368.0,146.0,415.0,,,283.0,76.0
ghost_chase_pugforall_kothis (2).dm_26.dm_meta,425052850,424993800,,MOD_ROCKET_SPLASH,bad,False,0.36333333333333334,0.5166666666666667,0.20046222632465582,0.13858613829602687,00:00:59.900,^7g^1h^7o^1s^7t^1`-,squeeze my lemon,MOD_ROCKET_SPLASH,0.0,0.0,1.8696458339691162,56.65593338012695,224.0,428,0,358,296.0,179.0,410.0,,,42.0,10.0
ghost_chase_pugforall_kothis (2).dm_26.dm_meta,425198400,424993800,,MOD_TRIP_MINE_SPLASH,bad,False,,,,,00:03:25.450,^7g^1h^7o^1s^7t^1`-,^5^^0drq-t^5r^7k,MOD_TRIP_MINE_SPLASH,0.05601949989795685,0.0011203900212422013,18.978717803955078,575.1126708984375,580.0,11,121,367,429.0,204.0,301.0,,,166.0,0.0
ghost_chase_pugforall_kothis (2).dm_26.dm_meta,425283550,424993800,,MOD_CONC,bad,False,,,,,00:04:50.600,^7g^1h^7o^1s^7t^1`-,squeeze my lemon,MOD_CONC,15.364721298217773,0.030729442834854126,17.438016891479492,528.4247436523438,810.0,340,282,322,753.0,513.0,362.0,300.0,-8.0,449.0,269.0
ghost_chase_pugforall_kothis (2).dm_26.dm_meta,425299650,424993800,,MOD_TRIP_MINE_SPLASH,bad,False,,,,,00:05:06.700,^7g^1h^7o^1s^7t^1`-,squeeze my lemon,MOD_TRIP_MINE_SPLASH,0.0,0.0,6.29496955871582,190.75665283203125,334.0,139,2,351,1042.0,370.0,454.0,,,691.0,33.0
ghost_chase_pugforall_kothis (2).dm_26.dm_meta,425427350,424993800,,MOD_ROCKET_SPLASH,bad,False,0.26,0.45,0.15023216441417345,0.07578979619724809,00:07:14.400,^7g^1h^7o^1s^7t^1`-,^1^^0Aurochs ^7itach^1!,MOD_ROCKET_SPLASH,6.979684829711914,0.1395936906337738,104.60114288330078,3169.731689453125,165.0,286,186,279,191.0,297.0,192.0,,,152.0,0.0
ghost_chase_pugforall_kothis (2).dm_26.dm_meta,425429250,424993800,,MOD_ROCKET,bad,True,0.23,0.15333333333333332,0.043318644949271574,0.027017891666103896,00:07:16.300,^7g^1h^7o^1s^7t^1`-,squeeze my lemon,MOD_ROCKET,66.25770568847656,0.1472393423318863,130.2591094970703,3947.245849609375,221.0,257,0,198,136.0,75.0,418.0,200.0,-12.0,7.0,0.0
ghost_chase_pugforall_kothis (2).dm_26.dm_meta,425449400,424993800,,MOD_ROCKET,bad,False,0.19666666666666666,0.17666666666666667,0.07511135288973202,0.04472498690420547,00:07:36.450,^7g^1h^7o^1s^7t^1`-,sq,MOD_ROCKET,0.0,0.0,72.65372467041016,2201.6279296875,362.0,424,49,417,477.0,343.0,396.0,350.0,-19.0,45.0,16.0
ghost_chase_pugforall_kothis (2).dm_26.dm_meta,425480700,424993800,,MOD_TRIP_MINE_SPLASH,bad,False,,,,,00:08:07.750,^7g^1h^7o^1s^7t^1`-,sq,MOD_TRIP_MINE_SPLASH,2.2018544673919678,0.04403708875179291,28.50925064086914,863.9166870117188,397.0,135,34,183,546.0,200.0,274.0,,,60.0,26.0
ghost_chase_pugforall_kothis (2).dm_26.dm_meta,425498200,424993800,,MOD_CONC,bad,False,,,,,00:08:25.250,^7g^1h^7o^1s^7t^1`-,squeeze my lemon,MOD_CONC,0.25794485211372375,0.002579448511824012,9.403526306152344,284.9553527832031,867.0,578,481,550,321.0,600.0,588.0,,,515.0,475.0
ghost_chase_pugforall_kothis (2).dm_26.dm_meta,425505600,424993800,,MOD_ROCKET_SPLASH,bad,False,0.24333333333333335,0.22666666666666666,0.17002019956753966,0.1050009402978002,00:08:32.650,^7g^1h^7o^1s^7t^1`-,sq,MOD_ROCKET_SPLASH,0.0,0.0,0.0,0.0,301.0,355,449,390,305.0,173.0,438.0,,,165.0,10.0
ghost_chase_pugforall_kothis (2).dm_26.dm_meta,425560100,424993800,,MOD_TRIP_MINE_SPLASH,bad,False,,,,,00:09:27.150,^7g^1h^7o^1s^7t^1`-,squeeze my lemon,MOD_TRIP_MINE_SPLASH,0.0,0.0,6.829383373260498,206.95101928710938,161.0,482,58,459,643.0,133.0,518.0,,,49.0,2.0
ghost_chase_pugforall_kothis (2).dm_26.dm_meta,425591200,424993800,,MOD_REPEATER_ALT_SPLASH,bad,False,0.19666666666666666,0.26666666666666666,0.2504183150077425,0.09894613655708225,00:09:58.250,^7g^1h^7o^1s^7t^1`-,sq,MOD_REPEATER_ALT_SPLASH,26.779447555541992,0.041199151426553726,31.02861213684082,940.260986328125,554.0,208,383,502,221.0,154.0,362.0,,,29.0,0.0
ghost_chase_pugforall_kothis (2).dm_26.dm_meta,425605200,424993800,,MOD_CONC,bad,False,,,,,00:10:12.250,^7g^1h^7o^1s^7t^1`-,^7g^1h^7o^1s^7t^1`-,MOD_CONC,0.0,0.0,96.52660369873047,2925.048583984375,0.0,442,221,404,442.0,221.0,404.0,,,0.0,0.0
ghost_chase_pugforall_kothis (2).dm_26.dm_meta,425612800,424993800,,MOD_REPEATER_ALT,bad,False,0.28,0.23666666666666666,0.042210215181016336,0.09879941999206467,00:10:19.850,^7g^1h^7o^1s^7t^1`-,sq,MOD_REPEATER_ALT,0.0,0.0,31.427581787109375,952.3509521484375,50.0,347,9,644,541.0,84.0,384.0,,,62.0,0.0
ghost_chase_pugforall_kothis (2).dm_26.dm_meta,425622600,424993800,,MOD_REPEATER_ALT_SPLASH,bad,True,0.22,0.25666666666666665,0.07455345737645028,0.13789201048322908,00:10:29.650,^7g^1h^7o^1s^7t^1`-,^1^^0Aurochs ^7S^1a^7suke,MOD_REPEATER_ALT_SPLASH,89.20391082763672,0.1486731916666031,91.75019836425781,2780.30908203125,139.0,370,0,365,167.0,106.0,71.0,,,51.0,0.0
ghost_chase_pugforall_kothis (2).dm_26.dm_meta,425653250,424993800,,MOD_ROCKET_SPLASH,bad,False,0.24333333333333335,0.31,0.16940496411692046,0.19561984265256735,00:11:00.300,^7g^1h^7o^1s^7t^1`-,squeeze my lemon,MOD_ROCKET_SPLASH,0.0,0.0,91.10074615478516,2760.628662109375,99.0,607,132,195,423.0,303.0,282.0,,,205.0,68.0
ghost_chase_pugforall_kothis (2).dm_26.dm_meta,425653250,424993800,,MOD_ROCKET_SPLASH,bad,False,0.31,0.2833333333333333,0.15734257169697444,0.19099019622240004,00:11:00.300,^7g^1h^7o^1s^7t^1`-,^7g^1h^7o^1s^7t^1`-,MOD_ROCKET_SPLASH,0.0,0.0,91.10074615478516,2760.628662109375,0.0,607,132,195,607.0,132.0,195.0,,,0.0,0.0
ghost_chase_pugforall_kothis (2).dm_26.dm_meta,425653250,424993800,,MOD_ROCKET_SPLASH,good,False,0.5,0.44333333333333336,0.13573076711629523,0.60112187128359,00:11:00.300,^7g^1h^7o^1s^7t^1`-,^5^^0drq-t^5r^7k,MOD_ROCKET_SPLASH,0.0,0.0,91.10074615478516,2760.628662109375,102.0,607,132,195,55.0,19.0,205.0,,,0.0,0.0
ghost_chase_pugforall_kothis (2).dm_26.dm_meta,425695300,424993800,,MOD_TRIP_MINE_SPLASH,bad,False,,,,,00:11:42.350,^7g^1h^7o^1s^7t^1`-,sq,MOD_TRIP_MINE_SPLASH,0.0,0.0,65.95294952392578,1998.57421875,210.0,788,134,419,498.0,295.0,336.0,,,446.0,39.0
ghost_chase_pugforall_kothis (2).dm_26.dm_meta,425774550,424993800,,MOD_CONC,bad,False,,,,,00:13:01.600,^7g^1h^7o^1s^7t^1`-,sq,MOD_CONC,8.055947303771973,0.026853157207369804,14.4594144821167,438.1640625,324.0,185,60,260,148.0,346.0,335.0,100.0,7.0,226.0,145.0
ghost_chase_pugforall_kothis (2).dm_26.dm_meta,425824250,424993800,,MOD_CONC,bad,False,,,,,00:13:51.300,^7g^1h^7o^1s^7t^1`-,sq,MOD_CONC,0.15844707190990448,0.0031689414754509926,2.056241750717163,62.31035614013672,697.0,563,183,483,270.0,47.0,112.0,,,44.0,0.0
ghost_chase_pugforall_kothis (2).dm_26.dm_meta,425863700,424993800,,MOD_DISRUPTOR_SNIPER,bad,False,,,,,00:14:30.750,^7g^1h^7o^1s^7t^1`-,sq,MOD_DISRUPTOR_SNIPER,0.0,0.0,6.417915344238281,194.48228454589844,893.0,0,0,375,574.0,286.0,623.0,,,511.0,26.0
ghost_chase_pugforall_kothis (2).dm_26.dm_meta,425873500,424993800,,MOD_ROCKET_SPLASH,bad,True,0.13,0.11,0.05039639733376101,0.038837431139779145,00:14:40.550,^7g^1h^7o^1s^7t^1`-,squeeze my lemon,MOD_ROCKET_SPLASH,23.77606773376465,0.04322921484708786,24.208581924438477,733.5933837890625,76.0,380,1464,791,848.0,199.0,653.0,,,287.0,76.0
ghost_chase_pugforall_kothis (2).dm_26.dm_meta,425941550,424993800,,MOD_CONC,bad,False,,,,,00:15:48.600,^7g^1h^7o^1s^7t^1`-,sq,MOD_CONC,0.0,0.0,106.84455871582031,3237.7138671875,99.0,45,274,428,336.0,72.0,227.0,,,77.0,0.0
ghost_chase_pugforall_kothis (2).dm_26.dm_meta,426016950,424993800,,MOD_CONC,bad,False,,,,,00:17:04.000,^7g^1h^7o^1s^7t^1`-,squeeze my lemon,MOD_CONC,30.809492111206055,0.2053966075181961,48.611080169677734,1473.06298828125,111.0,640,39,410,416.0,395.0,233.0,,,31.0,2.0
ghost_chase_pugforall_kothis (2).dm_26.dm_meta,426057450,424993800,,MOD_CONC,bad,False,,,,,00:17:44.500,^7g^1h^7o^1s^7t^1`-,sq,MOD_CONC,15.626696586608887,0.02232385240495205,15.70923900604248,476.03753662109375,477.0,396,297,289,441.0,158.0,391.0,,,142.0,60.0
ghost_chase_pugforall_kothis (2).dm_26.dm_meta,426128300,424993800,,MOD_ROCKET_SPLASH,bad,False,0.08666666666666667,0.16,0.1732769592080336,0.1289239102300286,00:18:55.350,^7g^1h^7o^1s^7t^1`-,sq,MOD_ROCKET_SPLASH,5.078726291656494,0.02539363130927086,22.643220901489258,686.158203125,187.0,254,8,364,396.0,379.0,270.0,,,321.0,14.0
ghost_chase_pugforall_kothis (2).dm_26.dm_meta,426135050,424993800,,MOD_ROCKET_SPLASH,bad,False,0.29,0.29,0.0923986590420641,0.08819526933623457,00:19:02.100,^7g^1h^7o^1s^7t^1`-,^7g^1h^7o^1s^7t^1`-,MOD_ROCKET_SPLASH,18.686185836791992,0.18686185777187347,24.788209915161133,751.1578979492188,0.0,214,66,359,214.0,66.0,359.0,,,0.0,0.0
ghost_chase_pugforall_nelvaan.dm_26.dm_meta,179473700,179391700,,MOD_DET_PACK_SPLASH,bad,False,,,,,00:01:23.050,,^7t^4u^7rk^4ey,MOD_DET_PACK_SPLASH,0.0,0.0,1.263774037361145,38.29618453979492,1671.0,311,257,472,282.0,55.0,420.0,,,36.0,4.0
ghost_chase_pugforall_nelvaan.dm_26.dm_meta,179632900,179391700,,MOD_REPEATER_ALT_SPLASH,bad,False,0.17666666666666667,0.26,0.5701450139524368,0.06569486345223724,00:04:02.250,,Syle,MOD_REPEATER_ALT_SPLASH,7.687234878540039,0.011826515197753906,7.687234878540039,232.94651794433594,901.0,318,19,286,168.0,242.0,301.0,,,37.0,28.0
ghost_chase_pugforall_nelvaan.dm_26.dm_meta,179643950,179391700,,MOD_REPEATER_ALT_SPLASH,bad,False,0.24666666666666667,0.23333333333333334,0.5102018582800059,0.2864370631436371,00:04:13.300,,^4(&),MOD_REPEATER_ALT_SPLASH,0.7087884545326233,0.007087884470820427,2.081974506378174,63.09013748168945,693.0,319,0,450,508.0,265.0,545.0,,,148.0,49.0
ghost_chase_pugforall_nelvaan.dm_26.dm_meta,179717050,179391700,,MOD_ROCKET_SPLASH,bad,False,0.15666666666666668,0.23,0.15205785850934908,0.16657721885964594,00:05:26.400,,Syle,MOD_ROCKET_SPLASH,7.982497215270996,0.012280764989554882,15.336938858032227,464.7557373046875,185.0,563,18,528,547.0,402.0,424.0,,,609.0,46.0
ghost_chase_pugforall_nelvaan.dm_26.dm_meta,179757200,179391700,,MOD_ROCKET_SPLASH,bad,False,0.25666666666666665,0.24,0.11774795370490147,0.06195239311242718,00:06:06.550,,^7t^4u^7rk^4ey,MOD_ROCKET_SPLASH,1.8929190635681152,0.03785838186740875,5.6817402839660645,172.1739501953125,124.0,232,111,582,233.0,45.0,248.0,,,34.0,0.0
ghost_chase_pugforall_nelvaan.dm_26.dm_meta,179809050,179391700,,MOD_ROCKET_SPLASH,bad,False,0.18333333333333332,0.21666666666666667,0.26105838550660737,0.10122819171497735,00:06:58.400,,^7r^1S^7t^1.,MOD_ROCKET_SPLASH,11.864026069641113,0.23728051781654358,26.750503540039062,810.621337890625,440.0,360,100,368,378.0,155.0,425.0,,,174.0,2.0
ghost_chase_pugforall_nelvaan.dm_26.dm_meta,179812000,179391700,,MOD_TRIP_MINE_SPLASH,bad,False,,,,,00:07:01.350,,^7t^4u^7rk^4ey,MOD_TRIP_MINE_SPLASH,0.39140480756759644,0.00782809592783451,6.49845027923584,196.9227294921875,838.0,189,0,258,179.0,449.0,309.0,,,409.0,324.0
ghost_chase_pugforall_nelvaan.dm_26.dm_meta,179882900,179391700,,MOD_DET_PACK_SPLASH,bad,True,,,,,00:08:12.250,,Syle,MOD_DET_PACK_SPLASH,6.7295050621032715,0.13459010422229767,9.345565795898438,283.198974609375,364.0,863,33,468,526.0,284.0,389.0,,,520.0,72.0
ghost_chase_pugforall_nelvaan.dm_26.dm_meta,179973700,179391700,,MOD_REPEATER_ALT_SPLASH,bad,False,0.26666666666666666,0.27,0.31010704793920585,0.29782663794653275,00:09:43.050,,"narZ, benevolent impresario",MOD_REPEATER_ALT_SPLASH,1.3759251832962036,0.006879625841975212,110.00680541992188,3333.53955078125,425.0,342,92,401,294.0,85.0,244.0,,,91.0,0.0
ghost_chase_pugforall_nelvaan.dm_26.dm_meta,180225900,179391700,,MOD_FLECHETTE_ALT_SPLASH,bad,False,0.43333333333333335,0.3933333333333333,0.10931493736142399,0.1052191745466116,00:13:55.250,,,MOD_FLECHETTE_ALT_SPLASH,4.059938907623291,0.011599825695157051,5.598351001739502,169.64700317382812,0.0,201,41,224,201.0,41.0,224.0,,,0.0,0.0
ghost_chase_pugforall_nelvaan.dm_26.dm_meta,180225900,179391700,,MOD_TRIP_MINE_SPLASH,bad,False,,,,,00:13:55.250,,^4(&),MOD_TRIP_MINE_SPLASH,4.059938907623291,0.011599825695157051,5.598351001739502,169.64700317382812,39.0,201,41,224,790.0,158.0,207.0,,,83.0,2.0
ghost_chase_pugforall_nelvaan.dm_26.dm_meta,180539500,179391700,,MOD_REPEATER_ALT_SPLASH,bad,False,0.3566666666666667,0.36,0.16385805616972393,0.2891052842918618,00:19:08.850,,Syle,MOD_REPEATER_ALT_SPLASH,0.07034682482481003,0.001406936440616846,5.113368511199951,154.9505615234375,188.0,314,216,317,366.0,94.0,340.0,,,114.0,0.0
ghost_chase_pugforall_nelvaan.dm_26.dm_meta,180589350,179391700,,MOD_REPEATER_ALT_SPLASH,bad,False,0.27,0.26666666666666666,0.46972843340018317,0.25020005632022624,00:19:58.700,,^7r^1S^7t^1.,MOD_REPEATER_ALT_SPLASH,1.4762616157531738,0.029525231570005417,3.310701370239258,100.32428741455078,917.0,321,594,383,385.0,384.0,380.0,,,423.0,38.0
ghost_chase_pugtrain_ctf4 (10).dm_26.dm_meta,602706777,602585733,,MOD_ROCKET_SPLASH,bad,True,0.13333333333333333,0.18,0.0965243170329843,0.02492713257951721,00:02:02.071,^7g^1h^7o^1s^7t^1`-,ma^5T^7rix^1z.s^7ynth,MOD_ROCKET_SPLASH,61.091434478759766,0.23140694200992584,86.33946228027344,2616.347412109375,158.0,287,0,494,286.0,128.0,242.0,,,184.0,121.0
ghost_chase_pugtrain_ctf4 (10).dm_26.dm_meta,602810892,602585733,,MOD_ROCKET_SPLASH,bad,False,0.13666666666666666,0.19666666666666666,0.11422675563137101,0.1390051741700022,00:03:46.186,^7g^1h^7o^1s^7t^1`-,^7g^1h^7o^1s^7t^1`-,MOD_ROCKET_SPLASH,0.0,0.0,15.855734825134277,480.476806640625,0.0,324,163,443,324.0,163.0,443.0,,,0.0,0.0
ghost_chase_pugtrain_ctf4 (10).dm_26.dm_meta,602841384,602585733,,MOD_THERMAL_SPLASH,bad,True,,,,,00:04:16.678,^7g^1h^7o^1s^7t^1`-,ma^5T^7rix^1z.s^7ynth,MOD_THERMAL_SPLASH,53.64375305175781,0.11611201614141464,64.34835052490234,1949.9500732421875,315.0,244,0,659,419.0,299.0,357.0,,,380.0,54.0
ghost_chase_pugtrain_ctf4 (10).dm_26.dm_meta,602894646,602585733,,MOD_ROCKET,bad,True,0.04666666666666667,0.08,0.011726719888032752,0.004825048304488196,00:05:09.940,^7g^1h^7o^1s^7t^1`-,vis,MOD_ROCKET,48.98513412475586,0.13494527339935303,57.30946350097656,1736.650390625,80.0,477,141,730,485.0,210.0,75.0,165.0,-24.0,105.0,0.0
ghost_chase_pugtrain_ctf4 (10).dm_26.dm_meta,602894646,602585733,,MOD_ROCKET_SPLASH,bad,True,0.09333333333333334,0.056666666666666664,0.0611605223333066,0.049058977498244394,00:05:09.940,^7g^1h^7o^1s^7t^1`-,^7ee^1F^7.^1N^7i^1gh^7t,MOD_ROCKET_SPLASH,48.98513412475586,0.13494527339935303,57.30946350097656,1736.650390625,45.0,477,141,730,316.0,199.0,188.0,,,175.0,0.0
ghost_chase_pugtrain_ctf4 (10).dm_26.dm_meta,602916921,602585733,,MOD_ROCKET,bad,True,0.24,0.25666666666666665,0.09279659114193939,0.1844484887963037,00:05:32.215,^7g^1h^7o^1s^7t^1`-,ma^5T^7rix^1z.s^7ynth,MOD_ROCKET,48.89973831176758,0.06735501438379288,59.8569450378418,1813.8468017578125,329.0,401,341,508,468.0,473.0,361.0,363.0,22.0,450.0,274.0
ghost_chase_pugtrain_ctf4 (10).dm_26.dm_meta,602949822,602585733,,MOD_DISRUPTOR_SNIPER,bad,False,,,,,00:06:05.116,^7g^1h^7o^1s^7t^1`-,vis,MOD_DISRUPTOR_SNIPER,0.0,0.0,11.118821144104004,336.9339904785156,1028.0,0,0,0,115.0,0.0,168.0,,,3.0,0.0
ghost_chase_pugtrain_ctf4 (10).dm_26.dm_meta,603022686,602585733,,MOD_TRIP_MINE_SPLASH,bad,False,,,,,00:07:17.980,^7g^1h^7o^1s^7t^1`-,vis,MOD_TRIP_MINE_SPLASH,0.0,0.0,11.37254524230957,344.6225891113281,181.0,311,0,345,84.0,24.0,265.0,,,8.0,0.0
ghost_chase_pugtrain_ctf4 (10).dm_26.dm_meta,603042354,602585733,,MOD_TRIP_MINE_SPLASH,bad,True,,,,,00:07:37.648,^7g^1h^7o^1s^7t^1`-,ma^5T^7rix^1z.s^7ynth,MOD_TRIP_MINE_SPLASH,105.2659912109375,0.3544309437274933,137.8187255859375,4176.3251953125,147.0,550,29,559,355.0,354.0,355.0,,,128.0,54.0
ghost_chase_pugtrain_ctf4 (10).dm_26.dm_meta,603083340,602585733,,MOD_FALLING,bad,True,,,,,00:08:18.634,^7g^1h^7o^1s^7t^1`-,ma^5T^7rix^1z.s^7ynth,MOD_FALLING,39.90216064453125,0.10076303035020828,119.62032318115234,3624.8583984375,,375,0,478,,,,,,,
ghost_chase_pugtrain_ctf4 (10).dm_26.dm_meta,603146997,602585733,,MOD_FALLING,bad,False,,,,,00:09:22.291,^7g^1h^7o^1s^7t^1`-,vis,MOD_FALLING,0.0,0.0,21.827598571777344,661.4423828125,696.0,439,61,492,496.0,0.0,675.0,,,33.0,0.0
ghost_chase_pugtrain_ctf4 (10).dm_26.dm_meta,603232698,602585733,,MOD_ROCKET_SPLASH,bad,False,0.3,0.32666666666666666,0.25083217766045174,0.27310489448725844,00:10:47.992,^7g^1h^7o^1s^7t^1`-,vis,MOD_ROCKET_SPLASH,9.315610885620117,0.040327318012714386,56.09585952758789,1699.87451171875,483.0,461,245,423,271.0,149.0,150.0,,,96.0,0.0
ghost_chase_pugtrain_ctf4 (10).dm_26.dm_meta,603253191,602585733,,MOD_ROCKET_SPLASH,bad,False,0.29333333333333333,0.3,0.1562896276868755,0.2364558777710411,00:11:08.485,^7g^1h^7o^1s^7t^1`-,vis,MOD_ROCKET_SPLASH,1.1427497863769531,0.00865719560533762,78.02420806884766,2364.369873046875,252.0,499,171,421,360.0,425.0,284.0,,,712.0,384.0
ghost_chase_pugtrain_ctf4 (10).dm_26.dm_meta,603256557,602585733,,MOD_ROCKET_SPLASH,bad,False,0.15,0.14333333333333334,0.1215186775758279,0.09896240994178439,00:11:11.851,^7g^1h^7o^1s^7t^1`-,^7g^1h^7o^1s^7t^1`-,MOD_ROCKET_SPLASH,0.0,0.0,11.769558906555176,356.6532897949219,0.0,413,106,674,413.0,106.0,674.0,,,0.0,0.0
ghost_chase_pugtrain_ctf4 (10).dm_26.dm_meta,603256557,602585733,,MOD_ROCKET_SPLASH,bad,False,0.2,0.22666666666666666,0.16348923405543403,0.11464079140650223,00:11:11.851,^7g^1h^7o^1s^7t^1`-,ma^5T^7rix^1z.s^7ynth,MOD_ROCKET_SPLASH,0.0,0.0,11.769558906555176,356.6532897949219,107.0,413,106,674,737.0,97.0,441.0,,,129.0,1.0
ghost_chase_pugtrain_ctf4 (10).dm_26.dm_meta,603274014,602585733,,MOD_ROCKET,bad,True,0.47,0.41333333333333333,0.19671057404546363,0.2507744322055624,00:11:29.308,^7g^1h^7o^1s^7t^1`-,ma^5T^7rix^1z.s^7ynth,MOD_ROCKET,51.12065124511719,0.06454627960920334,54.22432327270508,1643.161376953125,304.0,329,258,454,781.0,279.0,572.0,462.0,13.0,710.0,591.0
ghost_chase_pugtrain_ctf4 (10).dm_26.dm_meta,603426012,602585733,,MOD_ROCKET_SPLASH,bad,False,0.12,0.22666666666666666,0.14042146458323887,0.08554039866696396,00:14:01.306,^7g^1h^7o^1s^7t^1`-,vis,MOD_ROCKET_SPLASH,9.205972671508789,0.02536080591380596,31.142072677612305,943.6991577148438,307.0,513,554,467,331.0,308.0,369.0,,,293.0,13.0
ghost_chase_pugtrain_ctf4 (10).dm_26.dm_meta,603513396,602585733,,MOD_ROCKET,bad,False,0.11333333333333333,0.17333333333333334,0.04068680427390977,0.04685668763311341,00:15:28.690,^7g^1h^7o^1s^7t^1`-,vis,MOD_ROCKET,0.0,0.0,46.23395538330078,1401.0289306640625,97.0,61,394,264,215.0,271.0,198.0,66.0,39.0,466.0,362.0
ghost_chase_pugtrain_ctf4 (10).dm_26.dm_meta,603513396,602585733,,MOD_ROCKET_SPLASH,bad,False,0.36666666666666664,0.30333333333333334,0.09432310090807138,0.043445027408478123,00:15:28.690,^7g^1h^7o^1s^7t^1`-,^7g^1h^7o^1s^7t^1`-,MOD_ROCKET_SPLASH,0.0,0.0,46.23395538330078,1401.0289306640625,0.0,61,394,264,61.0,394.0,264.0,,,0.0,0.0
ghost_chase_pugtrain_ctf4 (10).dm_26.dm_meta,603624507,602585733,,MOD_TRIP_MINE_SPLASH,bad,False,,,,,00:17:19.801,^7g^1h^7o^1s^7t^1`-,ma^5T^7rix^1z.s^7ynth,MOD_TRIP_MINE_SPLASH,25.12047004699707,0.06343553215265274,33.26503372192383,1008.0313110351562,123.0,784,175,807,376.0,226.0,481.0,,,417.0,176.0
ghost_chase_pugtrain_ctf4 (10).dm_26.dm_meta,603640512,602585733,,MOD_ROCKET_SPLASH,bad,False,0.2,0.21666666666666667,0.13606414713181025,0.11552738222062862,00:17:35.806,^7g^1h^7o^1s^7t^1`-,ma^5T^7rix^1z.s^7ynth,MOD_ROCKET_SPLASH,0.6334549188613892,0.01919560320675373,19.67902946472168,596.334228515625,151.0,576,115,471,205.0,343.0,317.0,,,43.0,32.0
ghost_chase_pugtrain_ctf4 (10).dm_26.dm_meta,603650643,602585733,,MOD_TRIP_MINE_SPLASH,bad,False,,,,,00:17:45.937,^7g^1h^7o^1s^7t^1`-,vis,MOD_TRIP_MINE_SPLASH,28.694011688232422,0.10868943482637405,51.095741271972656,1548.3558349609375,387.0,253,0,214,593.0,182.0,447.0,,,735.0,303.0
ghost_chase_pugtrain_ctf4 (11).dm_26.dm_meta,175097680,175022803,,MOD_ROCKET_SPLASH,bad,True,0.21,0.17666666666666667,0.17899072399790683,0.05333767873006559,00:01:15.871,^7g^1h^7o^1s^7t^1`-,^1aw^7b>>^1DSbr,MOD_ROCKET_SPLASH,0.0,0.0,14.375802040100098,435.63037109375,474.0,474,705,629,314.0,47.0,289.0,,,83.0,41.0
ghost_chase_pugtrain_ctf4 (11).dm_26.dm_meta,175152361,175022803,,MOD_ROCKET_SPLASH,bad,False,0.20333333333333334,0.2633333333333333,0.5532915835014436,0.10046948488253629,00:02:10.552,^7g^1h^7o^1s^7t^1`-,^1aw^7b>>^1DSbr,MOD_ROCKET_SPLASH,0.0,0.0,32.58476638793945,987.4171752929688,706.0,225,0,524,627.0,56.0,476.0,,,54.0,7.0
ghost_chase_pugtrain_ctf4 (11).dm_26.dm_meta,175158730,175022803,,MOD_ROCKET_SPLASH,bad,True,0.27,0.16666666666666666,0.271651309659502,0.35399963494308584,00:02:16.921,^7g^1h^7o^1s^7t^1`-,^4t^7C^4f^5*^7erin,MOD_ROCKET_SPLASH,74.08068084716797,0.08634112030267715,127.64824676513672,3868.128662109375,371.0,296,0,338,698.0,17.0,579.0,,,194.0,0.0
ghost_chase_pugtrain_ctf4 (11).dm_26.dm_meta,175320727,175022803,,MOD_SABER,bad,False,,,,,00:04:58.918,^7g^1h^7o^1s^7t^1`-,^1aw^7b>>^1DSbr,MOD_SABER,0.21053944528102875,0.0012759966775774956,42.015167236328125,1273.1868896484375,70.0,347,112,305,241.0,10.0,237.0,,,0.0,0.0
ghost_chase_pugtrain_ctf4 (11).dm_26.dm_meta,175342012,175022803,,MOD_ROCKET,bad,False,0.023333333333333334,0.07666666666666666,0.021841148793395427,0.006833060918616345,00:05:20.203,^7g^1h^7o^1s^7t^1`-,^4t^7C^4f^5*^7erin,MOD_ROCKET,0.0,0.0,29.207210540771484,885.0670166015625,70.0,334,497,393,307.0,186.0,546.0,33.0,-3.0,113.0,67.0
ghost_chase_pugtrain_ctf4 (11).dm_26.dm_meta,175387090,175022803,,MOD_BRYAR_PISTOL_ALT,bad,False,0.20333333333333334,0.24333333333333335,0.4281872869941512,0.0387252592586441,00:06:05.281,^7g^1h^7o^1s^7t^1`-,^4t^7C^4f^5*^7erin,MOD_BRYAR_PISTOL_ALT,0.9770113825798035,0.029606405645608902,5.518454074859619,167.2258758544922,236.0,763,304,742,369.0,394.0,617.0,198.0,-2.0,119.0,76.0
ghost_chase_pugtrain_ctf4 (11).dm_26.dm_meta,175393492,175022803,,MOD_ROCKET,bad,False,0.06666666666666667,0.12,0.1377489111699806,0.01701315948529159,00:06:11.683,^7g^1h^7o^1s^7t^1`-,^4t^7C^4f^5*^7erin,MOD_ROCKET,0.0,0.0,47.428741455078125,1437.234619140625,179.0,470,104,222,418.0,360.0,501.0,99.0,47.0,171.0,125.0
ghost_chase_pugtrain_ctf4 (11).dm_26.dm_meta,175404844,175022803,,MOD_FALLING,bad,True,,,,,00:06:23.035,^7g^1h^7o^1s^7t^1`-,^1aw^7b>>^1DSbr,MOD_FALLING,18.17171287536621,0.04588816314935684,143.83477783203125,4358.6298828125,2166.0,474,220,280,0.0,0.0,0.0,,,0.0,0.0
ghost_chase_pugtrain_ctf4 (11).dm_26.dm_meta,175421476,175022803,,MOD_REPEATER_ALT_SPLASH,bad,False,0.24333333333333335,0.22666666666666666,0.31865749705074226,0.05061134264626441,00:06:39.667,^7g^1h^7o^1s^7t^1`-,^4t^7C^4f^5*^7erin,MOD_REPEATER_ALT_SPLASH,2.515869140625,0.009529807604849339,29.07815933227539,881.1563720703125,453.0,632,234,632,604.0,51.0,735.0,,,126.0,0.0
ghost_chase_pugtrain_ctf4 (11).dm_26.dm_meta,175458931,175022803,,MOD_FALLING,bad,False,,,,,00:07:17.122,^7g^1h^7o^1s^7t^1`-,^4t^7C^4f^5*^7erin,MOD_FALLING,20.486473083496094,0.07760027796030045,46.29250717163086,1402.80322265625,,583,111,496,,,,,,,
ghost_chase_pugtrain_ctf4 (11).dm_26.dm_meta,175526449,175022803,,MOD_ROCKET_SPLASH,bad,False,0.29,0.38333333333333336,0.4153116449583385,0.3024949117162209,00:08:24.640,^7g^1h^7o^1s^7t^1`-,^4t^7C^4f^5*^7erin,MOD_ROCKET_SPLASH,1.2816035747528076,0.03883647173643112,5.810661315917969,176.0806427001953,746.0,259,594,484,474.0,194.0,597.0,,,172.0,74.0
ghost_chase_pugtrain_ctf4 (11).dm_26.dm_meta,175565290,175022803,,MOD_REPEATER_ALT,bad,False,0.32666666666666666,0.3,0.18243561077784565,0.07591689086461513,00:09:03.481,^7g^1h^7o^1s^7t^1`-,^4t^7C^4f^5*^7erin,MOD_REPEATER_ALT,0.0,0.0,14.841569900512695,449.7445373535156,337.0,440,275,443,382.0,497.0,365.0,198.0,5.0,166.0,127.0
ghost_chase_pugtrain_ctf4 (11).dm_26.dm_meta,175649407,175022803,,MOD_BRYAR_PISTOL_ALT,bad,False,0.32,0.4,0.15228333374372693,0.09217748056130493,00:10:27.598,^7g^1h^7o^1s^7t^1`-,^4t^7C^4f^5*^7erin,MOD_BRYAR_PISTOL_ALT,28.24946403503418,0.07782221585512161,62.56706619262695,1895.9716796875,329.0,239,72,320,501.0,259.0,372.0,198.0,-9.0,494.0,6.0
ghost_chase_pugtrain_ctf4 (11).dm_26.dm_meta,175680526,175022803,,MOD_REPEATER_ALT_SPLASH,bad,False,0.14333333333333334,0.22333333333333333,0.2528362771102967,0.21077876377821061,00:10:58.717,^7g^1h^7o^1s^7t^1`-,^1aw^7b>>^1DSbr,MOD_REPEATER_ALT_SPLASH,0.0,0.0,47.46794128417969,1438.4224853515625,329.0,360,84,409,367.0,200.0,536.0,,,319.0,81.0
ghost_chase_pugtrain_ctf4 (11).dm_26.dm_meta,175689733,175022803,,MOD_ROCKET,bad,False,0.16666666666666666,0.16666666666666666,0.059626894426244914,0.04160001361841965,00:11:07.924,^7g^1h^7o^1s^7t^1`-,^4t^7C^4f^5*^7erin,MOD_ROCKET,0.0,0.0,2.530256509780884,76.6744384765625,313.0,338,0,250,172.0,304.0,526.0,231.0,2.0,160.0,13.0
ghost_chase_pugtrain_ctf4 (11).dm_26.dm_meta,175724086,175022803,,MOD_BRYAR_PISTOL_ALT,bad,False,0.25333333333333335,0.3333333333333333,0.18957158173238606,0.011938026523512113,00:11:42.277,^7g^1h^7o^1s^7t^1`-,^1aw^7b>>^1DSbr,MOD_BRYAR_PISTOL_ALT,12.957378387451172,0.028046272695064545,14.216984748840332,430.8177185058594,265.0,475,44,498,824.0,17.0,542.0,165.0,2.0,95.0,0.0
ghost_chase_pugtrain_ctf4 (11).dm_26.dm_meta,175748308,175022803,,MOD_DISRUPTOR_SNIPER,bad,False,,,,,00:12:06.499,^7g^1h^7o^1s^7t^1`-,^1aw^7b>>^1DSbr,MOD_DISRUPTOR_SNIPER,0.0,0.0,0.6864477396011353,20.80144691467285,1792.0,0,0,0,692.0,229.0,691.0,,,117.0,26.0
ghost_chase_pugtrain_ctf4 (11).dm_26.dm_meta,175770946,175022803,,MOD_ROCKET,bad,False,0.10333333333333333,0.14666666666666667,0.04315657949011409,0.0039336349569228405,00:12:29.137,^7g^1h^7o^1s^7t^1`-,^1aw^7b>>^1DSbr,MOD_ROCKET,12.637039184570312,0.04786757379770279,20.514446258544922,621.64990234375,148.0,492,65,567,699.0,122.0,343.0,363.0,-14.0,124.0,7.0
ghost_chase_pugtrain_ctf4 (11).dm_26.dm_meta,175786555,175022803,,MOD_ROCKET,bad,False,0.016666666666666666,0.05333333333333334,0.02873113569488004,0.004852803511390975,00:12:44.746,^7g^1h^7o^1s^7t^1`-,^4t^7C^4f^5*^7erin,MOD_ROCKET,13.001023292541504,0.016415433958172798,14.393625259399414,436.17047119140625,150.0,531,41,342,289.0,193.0,515.0,99.0,-7.0,108.0,65.0
ghost_chase_pugtrain_ctf4 (11).dm_26.dm_meta,175805233,175022803,,MOD_DISRUPTOR_SNIPER,bad,False,,,,,00:13:03.424,^7g^1h^7o^1s^7t^1`-,^1aw^7b>>^1DSbr,MOD_DISRUPTOR_SNIPER,0.0,0.0,15.600234985351562,472.7344055175781,847.0,0,0,124,72.0,13.0,270.0,,,0.0,0.0
ghost_chase_pugtrain_ctf4 (11).dm_26.dm_meta,175820677,175022803,,MOD_ROCKET_SPLASH,bad,True,0.11,0.08333333333333333,0.05758385033536957,0.04163087556993564,00:13:18.868,^7g^1h^7o^1s^7t^1`-,^4t^7C^4f^5*^7erin,MOD_ROCKET_SPLASH,123.26640319824219,0.1383461356163025,131.58816528320312,3987.520263671875,118.0,625,28,756,481.0,135.0,382.0,,,344.0,70.0
ghost_chase_pugtrain_ctf4 (11).dm_26.dm_meta,175876579,175022803,,MOD_ROCKET_SPLASH,bad,False,0.33,0.31,0.7629056126810967,0.12245444610087029,00:14:14.770,^7g^1h^7o^1s^7t^1`-,^1aw^7b>>^1DSbr,MOD_ROCKET_SPLASH,2.926908254623413,0.005543387029320002,4.3397040367126465,131.5061798095703,1358.0,355,298,348,244.0,39.0,175.0,,,145.0,92.0
ghost_chase_pugtrain_ctf4 (11).dm_26.dm_meta,175879450,175022803,,MOD_ROCKET_SPLASH,bad,False,0.42333333333333334,0.4,0.09228295826086935,0.592888873030471,00:14:17.641,^7g^1h^7o^1s^7t^1`-,^7g^1h^7o^1s^7t^1`-,MOD_ROCKET_SPLASH,13.553827285766602,0.13690733909606934,17.424901962280273,528.02734375,0.0,55,16,353,55.0,16.0,353.0,,,0.0,0.0
ghost_chase_pugtrain_ctf4 (11).dm_26.dm_meta,176093257,175022803,,MOD_TRIP_MINE_SPLASH,bad,True,,,,,00:17:51.448,^7g^1h^7o^1s^7t^1`-,^4t^7C^4f^5*^7erin,MOD_TRIP_MINE_SPLASH,52.805362701416016,0.22859464585781097,68.81993103027344,2085.452392578125,204.0,239,0,408,331.0,76.0,336.0,,,43.0,0.0
ghost_chase_pugtrain_ctf4 (11).dm_26.dm_meta,176171566,175022803,,MOD_ROCKET,bad,False,0.28,0.26666666666666666,0.19454185773760962,0.09423282495496649,00:19:09.757,^7g^1h^7o^1s^7t^1`-,^1aw^7b>>^1DSbr,MOD_ROCKET,25.683528900146484,0.02993418276309967,32.53996658325195,986.0595703125,403.0,176,74,270,473.0,101.0,471.0,495.0,9.0,150.0,0.0
ghost_chase_pugtrain_ctf4 (11).dm_26.dm_meta,176185426,175022803,,MOD_ROCKET_SPLASH,bad,True,0.13,0.07,0.06576726991577198,0.03245351111356336,00:19:23.617,^7g^1h^7o^1s^7t^1`-,^4t^7C^4f^5*^7erin,MOD_ROCKET_SPLASH,100.86692810058594,0.2547144591808319,169.54959106445312,5137.8662109375,102.0,551,129,481,258.0,280.0,274.0,,,193.0,6.0
ghost_chase_pugtrain_ctf4 (11).dm_26.dm_meta,176207932,175022803,,MOD_ROCKET,bad,False,0.49333333333333335,0.38333333333333336,0.25146253647402156,0.447038582889883,00:19:46.123,^7g^1h^7o^1s^7t^1`-,^1aw^7b>>^1DSbr,MOD_ROCKET,10.41305160522461,0.04507814720273018,19.714447021484375,597.407470703125,373.0,0,95,202,769.0,56.0,418.0,363.0,7.0,678.0,212.0
ghost_chase_pugtrain_ctf4 (12).dm_26.dm_meta,27207379,27114814,,MOD_REPEATER_ALT_SPLASH,bad,False,0.18666666666666668,0.31666666666666665,0.25069484581986445,0.1936693490871051,00:01:33.394,^7g^1h^7o^1s^7t^1`-,^3.^7sth,MOD_REPEATER_ALT_SPLASH,2.301288366317749,0.017434002831578255,52.128334045410156,1579.646484375,379.0,213,242,244,315.0,333.0,321.0,,,314.0,35.0
ghost_chase_pugtrain_ctf4 (12).dm_26.dm_meta,27233779,27114814,,MOD_ROCKET_SPLASH,bad,True,0.27,0.22666666666666666,0.1582848611306005,0.1988490360050541,00:01:59.794,^7g^1h^7o^1s^7t^1`-,,MOD_ROCKET_SPLASH,80.39437103271484,0.13534405827522278,102.21412658691406,3097.397705078125,236.0,206,8,191,495.0,112.0,329.0,,,177.0,4.0
ghost_chase_pugtrain_ctf4 (12).dm_26.dm_meta,27364129,27114814,,MOD_ROCKET_SPLASH,bad,False,0.2833333333333333,0.22,0.19151866325422717,0.1626076243927868,00:04:10.144,^7g^1h^7o^1s^7t^1`-,^2gr^700^2ve,MOD_ROCKET_SPLASH,31.713335037231445,0.0800841823220253,50.55223083496094,1531.8857421875,272.0,476,238,395,793.0,2.0,387.0,,,227.0,222.0
ghost_chase_pugtrain_ctf4 (12).dm_26.dm_meta,27374755,27114814,,MOD_TRIP_MINE_SPLASH,bad,True,,,,,00:04:20.770,^7g^1h^7o^1s^7t^1`-,^3.^7sth,MOD_TRIP_MINE_SPLASH,60.34762191772461,0.06531127542257309,178.3264923095703,5403.8330078125,161.0,573,130,467,200.0,151.0,355.0,,,98.0,73.0
ghost_chase_pugtrain_ctf4 (12).dm_26.dm_meta,27472336,27114814,,MOD_BRYAR_PISTOL_ALT,bad,False,0.19,0.21333333333333335,0.06905192509243602,0.014137519229739432,00:05:58.351,^7g^1h^7o^1s^7t^1`-,^3.^7sth,MOD_BRYAR_PISTOL_ALT,36.00299072265625,0.12122219055891037,89.46580505371094,2711.0849609375,228.0,242,0,397,567.0,163.0,242.0,99.0,5.0,157.0,43.0
ghost_chase_pugtrain_ctf4 (12).dm_26.dm_meta,27509791,27114814,,MOD_ROCKET_SPLASH,bad,True,0.12666666666666668,0.05333333333333334,0.0862858939365306,0.017362835981835457,00:06:35.806,^7g^1h^7o^1s^7t^1`-,^7g^1h^7o^1s^7t^1`-,MOD_ROCKET_SPLASH,71.0811767578125,0.43079501390457153,140.88107299804688,4269.12353515625,0.0,572,38,459,572.0,38.0,459.0,,,0.0,0.0
ghost_chase_pugtrain_ctf4 (12).dm_26.dm_meta,27719077,27114814,,MOD_REPEATER_ALT_SPLASH,bad,False,0.19666666666666666,0.19333333333333333,0.19221842172781786,0.18201542883890942,00:10:05.092,^7g^1h^7o^1s^7t^1`-,^3.^7sth,MOD_REPEATER_ALT_SPLASH,4.446019649505615,0.009623419493436813,77.8595199584961,2359.37939453125,358.0,600,284,588,484.0,485.0,387.0,,,667.0,231.0
ghost_chase_pugtrain_ctf4 (12).dm_26.dm_meta,27810949,27114814,,MOD_ROCKET_SPLASH,bad,False,0.23,0.26666666666666666,0.2335858325474442,0.10880404910215674,00:11:36.964,^7g^1h^7o^1s^7t^1`-,,MOD_ROCKET_SPLASH,1.7381069660186768,0.005852212198078632,60.68133544921875,1838.828369140625,280.0,508,112,377,382.0,58.0,368.0,,,21.0,0.0
ghost_chase_pugtrain_ctf4 (12).dm_26.dm_meta,27819331,27114814,,MOD_ROCKET_SPLASH,bad,False,0.3233333333333333,0.3333333333333333,0.4246325050036525,0.2875613509694476,00:11:45.346,^7g^1h^7o^1s^7t^1`-,,MOD_ROCKET_SPLASH,0.5904576182365417,0.0011928436579182744,68.35614013671875,2071.398193359375,582.0,250,0,360,214.0,211.0,516.0,,,199.0,84.0
ghost_chase_pugtrain_ctf4 (12).dm_26.dm_meta,27835963,27114814,,MOD_THERMAL_SPLASH,bad,True,,,,,00:12:01.978,^7g^1h^7o^1s^7t^1`-,^3.^7sth,MOD_THERMAL_SPLASH,108.01908874511719,0.14231763780117035,111.234130859375,3370.731201171875,309.0,264,0,814,273.0,116.0,393.0,,,364.0,294.0
ghost_chase_pugtrain_ctf4 (12).dm_26.dm_meta,27867676,27114814,,MOD_BRYAR_PISTOL_ALT,bad,True,0.3233333333333333,0.32666666666666666,0.05285084250118584,0.32720044851068253,00:12:33.691,^7g^1h^7o^1s^7t^1`-,^3.^7sth,MOD_BRYAR_PISTOL_ALT,100.95991516113281,0.13301701843738556,150.16209411621094,4550.36669921875,264.0,222,0,301,92.0,436.0,291.0,99.0,57.0,230.0,215.0
ghost_chase_pugtrain_ctf4 (12).dm_26.dm_meta,27932422,27114814,,MOD_ROCKET_SPLASH,bad,False,0.19,0.23,0.13902052310074037,0.11964806229909977,00:13:38.437,^7g^1h^7o^1s^7t^1`-,^3.^7sth,MOD_ROCKET_SPLASH,23.8287353515625,0.04813886061310768,24.321125030517578,737.0037841796875,186.0,441,0,430,211.0,100.0,353.0,,,63.0,0.0
ghost_chase_pugtrain_ctf4 (12).dm_26.dm_meta,27935821,27114814,,MOD_REPEATER_ALT_SPLASH,good,False,0.52,0.5033333333333333,0.14542796628424048,0.8912734284510323,00:13:41.836,^7g^1h^7o^1s^7t^1`-,^2gr^700^2ve,MOD_REPEATER_ALT_SPLASH,28.423725128173828,0.09570277482271194,97.92919158935547,2967.55126953125,189.0,283,57,300,105.0,145.0,181.0,,,1.0,0.0
ghost_chase_pugtrain_ctf4 (12).dm_26.dm_meta,27973540,27114814,,MOD_REPEATER_ALT_SPLASH,bad,False,0.24333333333333335,0.2733333333333333,0.8552802603417164,0.1264285833749159,00:14:19.555,^7g^1h^7o^1s^7t^1`-,^3.^7sth,MOD_REPEATER_ALT_SPLASH,0.5866380333900452,0.002539558568969369,3.8851001262664795,117.73030853271484,1347.0,249,0,225,380.0,183.0,344.0,,,62.0,18.0
ghost_chase_pugtrain_ctf4 (12).dm_26.dm_meta,28013404,27114814,,MOD_ROCKET,bad,False,0.16333333333333333,0.22333333333333333,0.08707949577093127,0.013895739428660566,00:14:59.419,^7g^1h^7o^1s^7t^1`-,^2gr^700^2ve,MOD_ROCKET,1.91162109375,0.011585582047700882,15.234644889831543,461.6559143066406,176.0,410,212,474,926.0,88.0,469.0,363.0,-10.0,351.0,54.0
ghost_chase_pugtrain_ctf4 (12).dm_26.dm_meta,28030036,27114814,,MOD_TRIP_MINE_SPLASH,bad,True,,,,,00:15:16.051,^7g^1h^7o^1s^7t^1`-,^3.^7sth,MOD_TRIP_MINE_SPLASH,54.823055267333984,0.1384420543909073,60.053531646728516,1819.803955078125,177.0,659,337,648,203.0,139.0,398.0,,,251.0,171.0
ghost_chase_pugtrain_ctf4 (12).dm_26.dm_meta,28045876,27114814,,MOD_FALLING,bad,False,,,,,00:15:31.891,^7g^1h^7o^1s^7t^1`-,^3.^7sth,MOD_FALLING,0.0,0.0,25.020771026611328,758.2052001953125,462.0,548,318,415,0.0,0.0,719.0,,,0.0,0.0
ghost_chase_pugtrain_ctf4 (12).dm_26.dm_meta,28051354,27114814,,MOD_ROCKET_SPLASH,bad,False,0.16333333333333333,0.16,0.13936051916818246,0.13522986438556103,00:15:37.369,^7g^1h^7o^1s^7t^1`-,^2gr^700^2ve,MOD_ROCKET_SPLASH,32.788734436035156,0.11039978265762329,104.0875473022461,3154.168212890625,118.0,568,132,386,584.0,421.0,342.0,,,317.0,50.0
ghost_chase_pugtrain_ctf4 (13).dm_26.dm_meta,23671776,23626533,,MOD_ROCKET_SPLASH,bad,True,0.16666666666666666,0.19,0.14444992214769853,0.22578001356194888,00:00:45.973,^7g^1h^7o^1s^7t^1`-,viin,MOD_ROCKET_SPLASH,45.2330207824707,0.10543827712535858,61.1258544921875,1852.298583984375,199.0,427,72,380,447.0,268.0,479.0,,,326.0,0.0
ghost_chase_pugtrain_ctf4 (13).dm_26.dm_meta,23735961,23626533,,MOD_ROCKET,bad,True,0.33,0.26,0.2717196463733158,0.02557985297804521,00:01:50.158,^7g^1h^7o^1s^7t^1`-,sal,MOD_ROCKET,7.8995232582092285,0.011968974955379963,172.32835388183594,5222.0712890625,547.0,104,0,659,238.0,61.0,400.0,363.0,5.0,52.0,0.0
ghost_chase_pugtrain_ctf4 (13).dm_26.dm_meta,23763549,23626533,,MOD_ROCKET_SPLASH,bad,False,0.23,0.41,0.14272082932467256,0.06935615969529439,00:02:17.746,^7g^1h^7o^1s^7t^1`-,viin,MOD_ROCKET_SPLASH,4.870135307312012,0.036894965916872025,79.41887664794922,2406.632568359375,139.0,471,37,342,193.0,206.0,220.0,,,205.0,143.0
ghost_chase_pugtrain_ctf4 (13).dm_26.dm_meta,23764440,23626533,,MOD_ROCKET_SPLASH,bad,False,0.18,0.23,0.12970849210671045,0.1690692940289135,00:02:18.637,^7g^1h^7o^1s^7t^1`-,^7g^1h^7o^1s^7t^1`-,MOD_ROCKET_SPLASH,0.0,0.0,75.71495056152344,2294.392333984375,0.0,337,182,465,337.0,182.0,465.0,,,0.0,0.0
ghost_chase_pugtrain_ctf4 (13).dm_26.dm_meta,23784999,23626533,,MOD_ROCKET,bad,True,0.09333333333333334,0.09666666666666666,0.07505136310700215,0.022895824406539242,00:02:39.196,^7g^1h^7o^1s^7t^1`-,denni^1s,MOD_ROCKET,80.3237533569336,0.2704503536224365,87.95106506347656,2665.183837890625,96.0,606,19,42,729.0,21.0,503.0,66.0,-2.0,72.0,8.0
ghost_chase_pugtrain_ctf4 (13).dm_26.dm_meta,23847732,23626533,,MOD_ROCKET_SPLASH,bad,True,0.25333333333333335,0.16666666666666666,0.04746063751646428,0.1652983858354471,00:03:41.929,^7g^1h^7o^1s^7t^1`-,^7g^1h^7o^1s^7t^1`-,MOD_ROCKET_SPLASH,140.9974822998047,0.15824633836746216,141.09854125976562,4275.71337890625,0.0,352,188,81,352.0,188.0,81.0,,,0.0,0.0
ghost_chase_pugtrain_ctf4 (13).dm_26.dm_meta,24047745,23626533,,MOD_TRIP_MINE_SPLASH,bad,False,,,,,00:07:01.942,^7g^1h^7o^1s^7t^1`-,sal,MOD_TRIP_MINE_SPLASH,0.0,0.0,81.40162658691406,2466.716064453125,183.0,506,145,683,851.0,167.0,500.0,,,187.0,11.0
ghost_chase_pugtrain_ctf4 (13).dm_26.dm_meta,24102096,23626533,,MOD_ROCKET_SPLASH,bad,False,0.12333333333333334,0.14,0.11603351669607843,0.14806005689206575,00:07:56.293,^7g^1h^7o^1s^7t^1`-,sal,MOD_ROCKET_SPLASH,0.2858557403087616,0.00288743176497519,11.744405746459961,355.8910827636719,229.0,309,636,419,546.0,394.0,512.0,,,869.0,304.0
ghost_chase_pugtrain_ctf4 (13).dm_26.dm_meta,24119718,23626533,,MOD_ROCKET_SPLASH,bad,False,0.16333333333333333,0.21,0.2583988610226753,0.08986181512445819,00:08:13.915,^7g^1h^7o^1s^7t^1`-,viin,MOD_ROCKET_SPLASH,3.7558984756469727,0.028453776612877846,27.218013763427734,824.788330078125,389.0,198,0,311,193.0,432.0,254.0,,,207.0,37.0
ghost_chase_pugtrain_ctf4 (13).dm_26.dm_meta,24146151,23626533,,MOD_ROCKET_SPLASH,bad,False,0.22,0.23,0.17506476499066248,0.19774439944706865,00:08:40.348,^7g^1h^7o^1s^7t^1`-,sal,MOD_ROCKET_SPLASH,22.27260398864746,0.04820910096168518,34.09255599975586,1033.1077880859375,252.0,304,93,376,471.0,117.0,199.0,,,167.0,0.0
ghost_chase_pugtrain_ctf4 (13).dm_26.dm_meta,24157569,23626533,,MOD_ROCKET,bad,True,0.3433333333333333,0.33666666666666667,0.26077572062407517,0.23058483650723136,00:08:51.766,^7g^1h^7o^1s^7t^1`-,viin,MOD_ROCKET,81.28861236572266,0.09853164851665497,134.36126708984375,4071.553466796875,220.0,436,0,440,959.0,293.0,543.0,330.0,3.0,269.0,17.0
ghost_chase_pugtrain_ctf4 (13).dm_26.dm_meta,24168756,23626533,,MOD_REPEATER_ALT,bad,True,0.28,0.23666666666666666,0.024644858654551058,0.0319014876183117,00:09:02.953,^7g^1h^7o^1s^7t^1`-,sal,MOD_REPEATER_ALT,13.481062889099121,0.051064632833004,160.33241271972656,4858.55810546875,52.0,349,14,479,617.0,287.0,324.0,66.0,-15.0,165.0,61.0
ghost_chase_pugtrain_ctf4 (13).dm_26.dm_meta,24197895,23626533,,MOD_ROCKET_SPLASH,bad,True,0.1,0.07,0.07079136828444917,0.0240193906691398,00:09:32.092,^7g^1h^7o^1s^7t^1`-,sal,MOD_ROCKET_SPLASH,52.8010368347168,0.40000784397125244,65.19406127929688,1975.57763671875,76.0,73,323,632,620.0,445.0,380.0,,,489.0,28.0
ghost_chase_pugtrain_ctf4 (13).dm_26.dm_meta,24341610,23626533,,MOD_ROCKET_SPLASH,bad,True,0.21333333333333335,0.09666666666666666,0.08950640447031238,0.12722914297978724,00:11:55.807,^7g^1h^7o^1s^7t^1`-,sal,MOD_ROCKET_SPLASH,39.31110382080078,0.05414752662181854,47.7175407409668,1445.986083984375,67.0,887,125,799,615.0,150.0,533.0,,,273.0,0.0
ghost_chase_pugtrain_ctf4 (13).dm_26.dm_meta,24406884,23626533,,MOD_ROCKET_SPLASH,bad,False,0.19666666666666666,0.18333333333333332,0.5333764196691363,0.11661953057508968,00:13:01.081,^7g^1h^7o^1s^7t^1`-,sal,MOD_ROCKET_SPLASH,7.698894023895264,0.014581238850951195,7.698894023895264,233.29981994628906,796.0,249,0,259,495.0,142.0,337.0,,,376.0,82.0
ghost_chase_pugtrain_ctf4 (13).dm_26.dm_meta,24445626,23626533,,MOD_ROCKET_SPLASH,bad,False,0.20333333333333334,0.13,0.11072901005446285,0.09629405008068238,00:13:39.823,^7g^1h^7o^1s^7t^1`-,^7g^1h^7o^1s^7t^1`-,MOD_ROCKET_SPLASH,18.239429473876953,0.05024636164307594,20.86385726928711,632.2380981445312,0.0,400,22,407,400.0,22.0,407.0,,,0.0,0.0
ghost_chase_pugtrain_ctf4 (13).dm_26.dm_meta,24486084,23626533,,MOD_ROCKET,bad,True,0.05,0.07666666666666666,0.005100657822604063,0.047679534197466844,00:14:20.281,^7g^1h^7o^1s^7t^1`-,sal,MOD_ROCKET,63.65317153930664,0.06888871639966965,65.45126342773438,1983.37158203125,72.0,608,215,546,154.0,500.0,582.0,66.0,-57.0,38.0,34.0
ghost_chase_pugtrain_ctf4 (13).dm_26.dm_meta,24492948,23626533,,MOD_DISRUPTOR_SNIPER,bad,False,,,,,00:14:27.145,^7g^1h^7o^1s^7t^1`-,denni^1s,MOD_DISRUPTOR_SNIPER,11.759786605834961,0.0323961079120636,19.045970916748047,577.150634765625,882.0,0,0,31,0.0,0.0,339.0,,,0.0,0.0
ghost_chase_pugtrain_ctf4 (13).dm_26.dm_meta,24589638,23626533,,MOD_FLECHETTE,bad,False,,,,,00:16:03.835,^7g^1h^7o^1s^7t^1`-,sal,MOD_FLECHETTE,8.295108795166016,0.050273384898900986,39.35752487182617,1192.6522216796875,355.0,455,0,302,569.0,257.0,523.0,99.0,3.0,734.0,268.0
ghost_chase_pugtrain_ctf4 (13).dm_26.dm_meta,24692268,23626533,,MOD_ROCKET_SPLASH,bad,False,0.36666666666666664,0.36333333333333334,0.25399588674363355,0.47359839044382945,00:17:46.465,^7g^1h^7o^1s^7t^1`-,viin,MOD_ROCKET_SPLASH,4.073072910308838,0.12342645227909088,124.01577758789062,3758.053955078125,310.0,264,0,355,167.0,62.0,314.0,,,32.0,0.0
ghost_chase_pugtrain_ctf4 (13).dm_26.dm_meta,24776154,23626533,,MOD_ROCKET_SPLASH,bad,False,0.13666666666666666,0.18333333333333332,0.09224062352846024,0.13982238256888263,00:19:10.351,^7g^1h^7o^1s^7t^1`-,viin,MOD_ROCKET_SPLASH,27.93538475036621,0.07695697993040085,29.03140640258789,879.7395629882812,60.0,238,138,520,385.0,253.0,328.0,,,294.0,17.0
ghost_chase_pugtrain_ctf4 (13).dm_26.dm_meta,24795063,23626533,,MOD_ROCKET,bad,False,0.10666666666666667,0.15666666666666668,0.056183632941684124,0.02716793249212572,00:19:29.260,^7g^1h^7o^1s^7t^1`-,sal,MOD_ROCKET,23.633251190185547,0.03255268931388855,84.65342712402344,2565.25537109375,70.0,388,114,595,863.0,147.0,429.0,165.0,-17.0,502.0,152.0
ghost_chase_pugtrain_ctf4 (14).dm_26.dm_meta,21750970,21733315,,MOD_ROCKET_SPLASH,bad,True,0.2633333333333333,0.25666666666666665,0.1318003854965388,0.33684568937522813,00:00:18.418,^7g^1h^7o^1s^7t^1`-,^5^^0ritche^7y,MOD_ROCKET_SPLASH,46.699424743652344,0.09434226900339127,127.1331787109375,3852.5205078125,178.0,302,48,171,252.0,145.0,389.0,,,530.0,429.0
ghost_chase_pugtrain_ctf4 (14).dm_26.dm_meta,21777139,21733315,,MOD_ROCKET_SPLASH,bad,True,0.043333333333333335,0.1,0.09357796995831623,0.048924929543319604,00:00:44.587,^7g^1h^7o^1s^7t^1`-,viin,MOD_ROCKET_SPLASH,90.51656341552734,0.1613485962152481,90.51656341552734,2742.92626953125,108.0,311,13,458,504.0,146.0,448.0,,,217.0,0.0
ghost_chase_pugtrain_ctf4 (14).dm_26.dm_meta,21869077,21733315,,MOD_REPEATER_ALT_SPLASH,bad,False,0.15666666666666668,0.19333333333333333,0.10068672788280902,0.21298713117285686,00:02:16.525,^7g^1h^7o^1s^7t^1`-,^5^^0ritche^7y,MOD_REPEATER_ALT_SPLASH,36.93450164794922,0.08609440922737122,37.02083206176758,1121.8433837890625,138.0,308,225,423,340.0,103.0,246.0,,,128.0,0.0
ghost_chase_pugtrain_ctf4 (14).dm_26.dm_meta,21917488,21733315,,MOD_ROCKET_SPLASH,bad,False,0.34,0.35,0.1728779511445201,0.30950501335404923,00:03:04.936,^7g^1h^7o^1s^7t^1`-,viin,MOD_ROCKET_SPLASH,35.517578125,0.08969085663557053,130.90728759765625,3966.887451171875,198.0,131,0,183,201.0,358.0,202.0,,,225.0,67.0
ghost_chase_pugtrain_ctf4 (14).dm_26.dm_meta,22007281,21733315,,MOD_ROCKET_SPLASH,bad,False,0.4633333333333333,0.45666666666666667,0.2049618870107578,0.606441376921321,00:04:34.729,^7g^1h^7o^1s^7t^1`-,viin,MOD_ROCKET_SPLASH,0.7790615558624268,0.023607926443219185,49.9344482421875,1513.1651611328125,264.0,341,0,376,59.0,118.0,397.0,,,18.0,0.0
ghost_chase_pugtrain_ctf4 (14).dm_26.dm_meta,22033417,21733315,,MOD_REPEATER_ALT_SPLASH,bad,True,0.12666666666666668,0.08,0.09573413137435834,0.04756281742277165,00:05:00.865,^7g^1h^7o^1s^7t^1`-,viin,MOD_REPEATER_ALT_SPLASH,21.485736846923828,0.3255414664745331,52.61528778076172,1594.4027099609375,142.0,805,39,650,255.0,71.0,319.0,,,58.0,0.0
ghost_chase_pugtrain_ctf4 (14).dm_26.dm_meta,22076416,21733315,,MOD_SABER,bad,False,,,,,00:05:43.864,^7g^1h^7o^1s^7t^1`-,^5^^0ritche^7y,MOD_SABER,1.7145448923110962,0.025977952405810356,51.530216217041016,1561.521728515625,33.0,58,0,143,67.0,0.0,153.0,,,0.0,0.0
ghost_chase_pugtrain_ctf4 (14).dm_26.dm_meta,22093675,21733315,,MOD_ROCKET_SPLASH,bad,False,0.22333333333333333,0.20666666666666667,0.18637302936341668,0.12881488793244084,00:06:01.123,^7g^1h^7o^1s^7t^1`-,dream,MOD_ROCKET_SPLASH,0.0,0.0,62.727935791015625,1900.8465576171875,238.0,502,0,802,449.0,248.0,591.0,,,459.0,231.0
ghost_chase_pugtrain_ctf4 (14).dm_26.dm_meta,22153834,21733315,,MOD_ROCKET_SPLASH,bad,True,0.31,0.14666666666666667,0.06298029442062132,0.5810676373387992,00:07:01.282,^7g^1h^7o^1s^7t^1`-,dream,MOD_ROCKET_SPLASH,91.62142944335938,0.11105627566576004,141.69740295410156,4293.86083984375,74.0,556,94,568,109.0,147.0,322.0,,,42.0,0.0
ghost_chase_pugtrain_ctf4 (14).dm_26.dm_meta,22378696,21733315,,MOD_REPEATER_ALT_SPLASH,bad,False,0.26666666666666666,0.25333333333333335,0.10910132496412871,0.129650870265704,00:10:46.144,^7g^1h^7o^1s^7t^1`-,^7t^41^7mg^3!^6,MOD_REPEATER_ALT_SPLASH,7.992978572845459,0.12110573798418045,57.02633285522461,1728.0706787109375,116.0,590,60,530,157.0,105.0,204.0,,,46.0,0.0
ghost_chase_pugtrain_ctf4 (14).dm_26.dm_meta,22380676,21733315,,MOD_REPEATER_ALT_SPLASH,good,False,0.5533333333333333,0.6166666666666667,0.12887839820450442,0.6277842094658029,00:10:48.124,^7g^1h^7o^1s^7t^1`-,dream,MOD_REPEATER_ALT_SPLASH,30.51700782775879,0.0840688943862915,30.51700782775879,924.7578125,170.0,241,25,162,84.0,196.0,188.0,,,39.0,23.0
ghost_chase_pugtrain_ctf4 (14).dm_26.dm_meta,22411696,21733315,,MOD_ROCKET_SPLASH,bad,True,0.15,0.11,0.07154554745453856,0.0501338782416653,00:11:19.144,^7g^1h^7o^1s^7t^1`-,^7g^1h^7o^1s^7t^1`-,MOD_ROCKET_SPLASH,72.16803741455078,0.1286417841911316,97.12655639648438,2943.22900390625,0.0,425,311,417,425.0,311.0,417.0,,,0.0,0.0
ghost_chase_pugtrain_ctf4 (14).dm_26.dm_meta,22461757,21733315,,MOD_ROCKET_SPLASH,bad,False,0.15,0.23333333333333334,0.1770654556051382,0.21360745562712458,00:12:09.205,^7g^1h^7o^1s^7t^1`-,viin,MOD_ROCKET_SPLASH,0.0,0.0,65.16364288330078,1974.6558837890625,112.0,190,119,434,508.0,285.0,484.0,,,354.0,0.0
ghost_chase_pugtrain_ctf4 (14).dm_26.dm_meta,22461757,21733315,,MOD_ROCKET_SPLASH,bad,False,0.3566666666666667,0.51,0.12250242280346611,0.17365890221390995,00:12:09.205,^7g^1h^7o^1s^7t^1`-,^7g^1h^7o^1s^7t^1`-,MOD_ROCKET_SPLASH,0.0,0.0,65.16364288330078,1974.6558837890625,0.0,190,119,434,190.0,119.0,434.0,,,0.0,0.0
ghost_chase_pugtrain_ctf4 (14).dm_26.dm_meta,22481095,21733315,,MOD_ROCKET,bad,False,0.03,0.1,0.078403475366856,0.005746602841936009,00:12:28.543,^7g^1h^7o^1s^7t^1`-,^5^^0ritche^7y,MOD_ROCKET,0.0,0.0,63.369991302490234,1920.302734375,149.0,495,205,546,687.0,4.0,351.0,231.0,24.0,494.0,144.0
ghost_chase_pugtrain_ctf4 (14).dm_26.dm_meta,22521223,21733315,,MOD_ROCKET_SPLASH,bad,True,0.05,0.023333333333333334,0.03005067070704723,0.01037320910730061,00:13:08.671,^7g^1h^7o^1s^7t^1`-,^5^^0ritche^7y,MOD_ROCKET_SPLASH,59.74026107788086,0.16457372903823853,84.3815689086914,2557.017333984375,140.0,586,136,512,558.0,83.0,260.0,,,2197.0,2103.0
ghost_chase_pugtrain_ctf4 (14).dm_26.dm_meta,22549372,21733315,,MOD_ROCKET_SPLASH,bad,True,0.20666666666666667,0.23333333333333334,0.0656137179746238,0.1380498662465436,00:13:36.820,^7g^1h^7o^1s^7t^1`-,dream,MOD_ROCKET_SPLASH,106.48788452148438,0.11127260327339172,114.95844268798828,3483.589111328125,115.0,488,13,475,343.0,525.0,252.0,,,473.0,36.0
ghost_chase_pugtrain_ctf4 (14).dm_26.dm_meta,22579138,21733315,,MOD_TRIP_MINE_SPLASH,bad,False,,,,,00:14:06.586,^7g^1h^7o^1s^7t^1`-,viin,MOD_TRIP_MINE_SPLASH,4.83476448059082,0.008618118241429329,22.86859703063965,692.98779296875,482.0,485,287,452,733.0,648.0,592.0,,,555.0,383.0
ghost_chase_pugtrain_ctf4 (14).dm_26.dm_meta,22667314,21733315,,MOD_ROCKET_SPLASH,bad,True,0.19333333333333333,0.10666666666666667,0.06291666710276363,0.04653299491203456,00:15:34.762,^7g^1h^7o^1s^7t^1`-,viin,MOD_ROCKET_SPLASH,141.6804656982422,0.1951521635055542,168.54922485351562,5107.55224609375,242.0,516,184,640,292.0,411.0,262.0,,,240.0,13.0
ghost_chase_pugtrain_ctf4 (14).dm_26.dm_meta,22772320,21733315,,MOD_ROCKET_SPLASH,bad,False,0.3466666666666667,0.39666666666666667,0.2841632441032296,0.23653605910050746,00:17:19.768,^7g^1h^7o^1s^7t^1`-,denni^1s,MOD_ROCKET_SPLASH,2.594454526901245,0.07861983776092529,8.243379592895508,249.79937744140625,363.0,251,0,135,298.0,392.0,311.0,,,68.0,48.0
ghost_chase_pugtrain_ctf4 (14).dm_26.dm_meta,22774498,21733315,,MOD_ROCKET,bad,False,0.2,0.21333333333333335,0.10792082190995209,0.089677498200574,00:17:21.946,^7g^1h^7o^1s^7t^1`-,viin,MOD_ROCKET,34.72704315185547,0.0956667885184288,52.1294059753418,1579.678955078125,237.0,256,0,633,946.0,288.0,307.0,297.0,-26.0,312.0,20.0
ghost_chase_pugtrain_ctf4 (14).dm_26.dm_meta,22805155,21733315,,MOD_BRYAR_PISTOL_ALT,bad,False,0.21666666666666667,0.2733333333333333,0.15376327002367554,0.006232307380929494,00:17:52.603,^7g^1h^7o^1s^7t^1`-,viin,MOD_BRYAR_PISTOL_ALT,12.455212593078613,0.09435766935348511,26.319395065307617,797.5574340820312,177.0,350,0,384,155.0,98.0,341.0,66.0,11.0,70.0,52.0
ghost_chase_pugtrain_ctf4 (14).dm_26.dm_meta,22879108,21733315,,MOD_ROCKET,bad,True,0.24666666666666667,0.16666666666666666,0.045382468452491075,0.027230499634637324,00:19:06.556,^7g^1h^7o^1s^7t^1`-,viin,MOD_ROCKET,62.61085891723633,0.21081097424030304,85.77716064453125,2599.307861328125,204.0,26,65,205,317.0,206.0,600.0,198.0,-43.0,25.0,0.0
ghost_chase_pugtrain_ctf4 (14).dm_26.dm_meta,22881451,21733315,,MOD_ROCKET,bad,False,0.05333333333333334,0.14666666666666667,0.06405822520457867,0.013974604813521786,00:19:08.899,^7g^1h^7o^1s^7t^1`-,denni^1s,MOD_ROCKET,3.5071864128112793,0.10627837479114532,30.749879837036133,931.8145751953125,126.0,164,204,576,877.0,415.0,464.0,99.0,-32.0,249.0,31.0
ghost_chase_pugtrain_ctf4 (14).dm_26.dm_meta,22902604,21733315,,MOD_ROCKET,bad,False,0.02,0.0,0.014548257826282105,0.005247688561580146,00:19:30.052,^7g^1h^7o^1s^7t^1`-,viin,MOD_ROCKET,1.6789504289627075,0.05087728425860405,25.747989654541016,780.2421264648438,82.0,204,85,496,239.0,165.0,221.0,99.0,-19.0,43.0,0.0
ghost_chase_pugtrain_ctf4 (2).dm_26.dm_meta,29277609,29262858,,MOD_ROCKET_SPLASH,bad,False,0.2,0.22666666666666666,0.28441900888949895,0.1822282441965539,00:00:15.547,^1#^4m^7o^4R^7e^1.^4g^7hos^4t,^5^^0drq-t^5r^7k,MOD_ROCKET_SPLASH,2.791505813598633,0.01691821776330471,44.24681091308594,1340.8125,297.0,454,118,565,650.0,319.0,621.0,,,57.0,0.0
ghost_chase_pugtrain_ctf4 (2).dm_26.dm_meta,29356908,29262858,,MOD_TRIP_MINE_SPLASH,bad,False,,,,,00:01:34.846,^1#^4m^7o^4R^7e^1.^4g^7hos^4t,,MOD_TRIP_MINE_SPLASH,10.735528945922852,0.025024542585015297,50.793460845947266,1539.19580078125,263.0,246,0,370,522.0,193.0,388.0,,,397.0,24.0
ghost_chase_pugtrain_ctf4 (2).dm_26.dm_meta,29390238,29262858,,MOD_BRYAR_PISTOL_ALT,bad,False,0.15333333333333332,0.20666666666666667,0.1278579210722355,0.00919669303444491,00:02:08.176,^1#^4m^7o^4R^7e^1.^4g^7hos^4t,,MOD_BRYAR_PISTOL_ALT,7.76576042175293,0.02614734135568142,124.54891204833984,3774.20947265625,113.0,251,0,293,437.0,13.0,199.0,33.0,-1.0,47.0,0.0
ghost_chase_pugtrain_ctf4 (2).dm_26.dm_meta,29458779,29262858,,MOD_REPEATER_ALT_SPLASH,bad,False,0.2966666666666667,0.2866666666666667,0.1278119702874719,0.11609110721666366,00:03:16.717,^1#^4m^7o^4R^7e^1.^4g^7hos^4t,^1#^4m^7o^4R^7e^1.^4g^7hos^4t,MOD_REPEATER_ALT_SPLASH,0.0,0.0,4.757536888122559,144.16778564453125,0.0,562,125,416,562.0,125.0,416.0,,,0.0,0.0
ghost_chase_pugtrain_ctf4 (2).dm_26.dm_meta,29551344,29262858,,MOD_ROCKET_SPLASH,bad,False,0.22333333333333333,0.23,0.23939313601052334,0.2967312141007175,00:04:49.282,^1#^4m^7o^4R^7e^1.^4g^7hos^4t,^5^^0drq-t^5r^7k,MOD_ROCKET_SPLASH,3.8442494869232178,0.11649240553379059,22.76996612548828,689.9989624023438,302.0,132,45,315,496.0,206.0,363.0,,,308.0,11.0
ghost_chase_pugtrain_ctf4 (2).dm_26.dm_meta,29584014,29262858,,MOD_ROCKET_SPLASH,bad,True,0.22333333333333333,0.18333333333333332,0.08843695607798518,0.08189321570393462,00:05:21.952,^1#^4m^7o^4R^7e^1.^4g^7hos^4t,,MOD_ROCKET_SPLASH,127.8990478515625,0.18455851078033447,157.08285522460938,4760.08642578125,218.0,194,0,659,565.0,208.0,392.0,,,490.0,75.0
ghost_chase_pugtrain_ctf4 (2).dm_26.dm_meta,29592495,29262858,,MOD_ROCKET,bad,False,0.3466666666666667,0.31666666666666665,0.20064757945958456,0.37938842479454854,00:05:30.433,^1#^4m^7o^4R^7e^1.^4g^7hos^4t,^5^^0drq-t^5r^7k,MOD_ROCKET,0.0,0.0,60.915985107421875,1845.93896484375,523.0,466,173,524,536.0,197.0,302.0,726.0,23.0,176.0,15.0
ghost_chase_pugtrain_ctf4 (2).dm_26.dm_meta,29620743,29262858,,MOD_REPEATER_ALT_SPLASH,bad,False,0.21,0.31333333333333335,0.29758725898479704,0.122836272174599,00:05:58.681,^1#^4m^7o^4R^7e^1.^4g^7hos^4t,^5^^0drq-t^5r^7k,MOD_REPEATER_ALT_SPLASH,11.268915176391602,0.028456857427954674,12.518274307250977,379.3416442871094,480.0,156,0,229,222.0,113.0,274.0,,,174.0,87.0
ghost_chase_pugtrain_ctf4 (2).dm_26.dm_meta,29686908,29262858,,MOD_REPEATER_ALT_SPLASH,bad,False,0.15333333333333332,0.13,0.26370232757437867,0.12393520972555462,00:07:04.846,^1#^4m^7o^4R^7e^1.^4g^7hos^4t,,MOD_REPEATER_ALT_SPLASH,31.764484405517578,0.03105032630264759,31.764484405517578,962.5601196289062,348.0,325,0,341,537.0,193.0,518.0,,,145.0,50.0
ghost_chase_pugtrain_ctf4 (2).dm_26.dm_meta,29694795,29262858,,MOD_ROCKET_SPLASH,bad,False,0.36,0.31666666666666665,0.2354299424665093,0.38709047817840203,00:07:12.733,^1#^4m^7o^4R^7e^1.^4g^7hos^4t,^5^^0drq-t^5r^7k,MOD_ROCKET_SPLASH,0.0,0.0,96.19700622558594,2915.060791015625,229.0,60,0,353,562.0,462.0,356.0,,,615.0,595.0
ghost_chase_pugtrain_ctf4 (2).dm_26.dm_meta,29717763,29262858,,MOD_THERMAL_SPLASH,bad,False,,,,,00:07:35.701,^1#^4m^7o^4R^7e^1.^4g^7hos^4t,,MOD_THERMAL_SPLASH,25.635318756103516,0.08631420135498047,139.68826293945312,4232.9775390625,102.0,259,212,335,159.0,20.0,221.0,,,11.0,0.0
ghost_chase_pugtrain_ctf4 (2).dm_26.dm_meta,29769507,29262858,,MOD_ROCKET_SPLASH,bad,False,0.12,0.2,0.15604777777239015,0.10747672708818069,00:08:27.445,^1#^4m^7o^4R^7e^1.^4g^7hos^4t,,MOD_ROCKET_SPLASH,0.0,0.0,21.937210083007812,664.763916015625,169.0,262,86,354,407.0,471.0,375.0,,,602.0,145.0
ghost_chase_pugtrain_ctf4 (2).dm_26.dm_meta,29804784,29262858,,MOD_ROCKET,bad,False,0.15666666666666668,0.21,0.06719584045748735,0.011075209528069672,00:09:02.722,^1#^4m^7o^4R^7e^1.^4g^7hos^4t,evrae,MOD_ROCKET,0.0,0.0,26.4123592376709,800.37451171875,170.0,535,328,573,963.0,431.0,364.0,363.0,0.0,544.0,257.0
ghost_chase_pugtrain_ctf4 (2).dm_26.dm_meta,29908767,29262858,,MOD_ROCKET_SPLASH,bad,False,0.04,0.08333333333333333,0.10728800347042829,0.018082812473369552,00:10:46.705,^1#^4m^7o^4R^7e^1.^4g^7hos^4t,^5^^0drq-t^5r^7k,MOD_ROCKET_SPLASH,23.259855270385742,0.14096881449222565,47.99844741821289,1454.4984130859375,103.0,543,234,522,600.0,238.0,251.0,,,224.0,44.0
ghost_chase_pugtrain_ctf4 (2).dm_26.dm_meta,29938764,29262858,,MOD_BRYAR_PISTOL_ALT,bad,False,0.2,0.23333333333333334,0.35722830396150096,0.0028515008025513967,00:11:16.702,^1#^4m^7o^4R^7e^1.^4g^7hos^4t,,MOD_BRYAR_PISTOL_ALT,0.0,0.0,66.59355926513672,2017.9866943359375,142.0,591,9,552,380.0,280.0,363.0,99.0,-7.0,68.0,34.0
ghost_chase_pugtrain_ctf4 (2).dm_26.dm_meta,29976417,29262858,,MOD_ROCKET_SPLASH,bad,False,0.10666666666666667,0.11333333333333333,0.1079178160921441,0.04682175873676417,00:11:54.355,^1#^4m^7o^4R^7e^1.^4g^7hos^4t,^5^^0drq-t^5r^7k,MOD_ROCKET_SPLASH,7.079230785369873,0.21452213823795319,20.59935760498047,624.2229614257812,96.0,427,67,394,338.0,232.0,178.0,,,215.0,0.0
ghost_chase_pugtrain_ctf4 (2).dm_26.dm_meta,30067332,29262858,,MOD_ROCKET_SPLASH,bad,False,0.09333333333333334,0.16333333333333333,0.1726742417748849,0.08119793564041607,00:13:25.270,^1#^4m^7o^4R^7e^1.^4g^7hos^4t,,MOD_ROCKET_SPLASH,1.89521324634552,0.011486141011118889,27.27231216430664,826.4337158203125,283.0,621,417,613,573.0,256.0,631.0,,,453.0,21.0
ghost_chase_pugtrain_ctf4 (2).dm_26.dm_meta,30093270,29262858,,MOD_REPEATER_ALT_SPLASH,bad,False,0.12,0.19333333333333333,0.18606011986546248,0.14179520628548983,00:13:51.208,^1#^4m^7o^4R^7e^1.^4g^7hos^4t,,MOD_REPEATER_ALT_SPLASH,0.6899554133415222,0.0026134673971682787,20.714290618896484,627.7057495117188,277.0,538,266,545,554.0,321.0,457.0,,,385.0,55.0
ghost_chase_pugtrain_ctf4 (2).dm_26.dm_meta,30114027,29262858,,MOD_ROCKET,good,False,0.6366666666666667,0.49666666666666665,0.29846412112519544,0.6387004990685401,00:14:11.965,^1#^4m^7o^4R^7e^1.^4g^7hos^4t,,MOD_ROCKET,3.4288125038146973,0.005468600429594517,69.59459686279297,2108.92724609375,403.0,458,241,315,1133.0,1.0,591.0,627.0,0.0,749.0,193.0
ghost_chase_pugtrain_ctf4 (2).dm_26.dm_meta,30123168,29262858,,MOD_ROCKET,good,True,0.44,0.41333333333333333,0.5778309479904703,0.6760317535220111,00:14:21.106,^1#^4m^7o^4R^7e^1.^4g^7hos^4t,^3.^7sth,MOD_ROCKET,40.174686431884766,0.05797212943434715,45.205963134765625,1369.877685546875,954.0,252,0,203,289.0,285.0,728.0,858.0,0.0,248.0,26.0
ghost_chase_pugtrain_ctf4 (2).dm_26.dm_meta,30184977,29262858,,MOD_THERMAL_SPLASH,bad,True,,,,,00:15:22.915,^1#^4m^7o^4R^7e^1.^4g^7hos^4t,^5^^0drq-t^5r^7k,MOD_THERMAL_SPLASH,9.638538360595703,0.2920769155025482,89.29744720458984,2705.983154296875,148.0,584,76,523,471.0,162.0,325.0,,,133.0,0.0
ghost_chase_pugtrain_ctf4 (2).dm_26.dm_meta,30234807,29262858,,MOD_ROCKET_SPLASH,bad,False,0.3933333333333333,0.44666666666666666,0.18230779502863684,0.2857489630955549,00:16:12.745,^1#^4m^7o^4R^7e^1.^4g^7hos^4t,,MOD_ROCKET_SPLASH,1.9470380544662476,0.05900115147233009,75.0536117553711,2274.351806640625,148.0,171,0,454,411.0,101.0,254.0,,,127.0,4.0
ghost_chase_pugtrain_ctf4 (2).dm_26.dm_meta,30236655,29262858,,MOD_ROCKET_SPLASH,bad,True,0.23,0.18333333333333332,0.2579016416484326,0.32456913045278735,00:16:14.593,^1#^4m^7o^4R^7e^1.^4g^7hos^4t,^5^^0drq-t^5r^7k,MOD_ROCKET_SPLASH,0.9438336491584778,0.028601020574569702,155.85643005371094,4722.92236328125,126.0,269,18,327,665.0,127.0,423.0,,,256.0,0.0
ghost_chase_pugtrain_ctf4 (2).dm_26.dm_meta,30254310,29262858,,MOD_ROCKET_SPLASH,bad,False,0.18,0.16333333333333333,0.3208920986241006,0.1199884984346582,00:16:32.248,^1#^4m^7o^4R^7e^1.^4g^7hos^4t,^5^^0drq-t^5r^7k,MOD_ROCKET_SPLASH,0.0,0.0,95.15177917480469,2883.38720703125,265.0,350,0,345,603.0,51.0,504.0,,,66.0,11.0
ghost_chase_pugtrain_ctf4 (2).dm_26.dm_meta,30268995,29262858,,MOD_ROCKET_SPLASH,bad,False,0.22666666666666666,0.30666666666666664,0.1580076606556142,0.1860084710584448,00:16:46.933,^1#^4m^7o^4R^7e^1.^4g^7hos^4t,,MOD_ROCKET_SPLASH,7.603779315948486,0.07680585235357285,133.29495239257812,4039.240966796875,81.0,476,60,512,638.0,336.0,467.0,,,648.0,46.0
ghost_chase_pugtrain_ctf4 (2).dm_26.dm_meta,30296946,29262858,,MOD_ROCKET,bad,False,0.01,0.03333333333333333,0.028924549773065054,0.012717501188829068,00:17:14.884,^1#^4m^7o^4R^7e^1.^4g^7hos^4t,,MOD_ROCKET,29.1320858001709,0.04646265506744385,49.480384826660156,1499.4056396484375,90.0,423,127,512,552.0,342.0,312.0,99.0,-14.0,162.0,78.0
ghost_chase_pugtrain_ctf4 (2).dm_26.dm_meta,30353442,29262858,,MOD_SABER,bad,False,,,,,00:18:11.380,^1#^4m^7o^4R^7e^1.^4g^7hos^4t,,MOD_SABER,0.7342369556427002,0.022249605506658554,19.144670486450195,580.1415405273438,55.0,382,0,362,249.0,0.0,252.0,,,8.0,0.0
ghost_chase_pugtrain_ctf4 (4).dm_26.dm_meta,103720165,103699408,,MOD_ROCKET_SPLASH,bad,False,0.33666666666666667,0.38666666666666666,0.1290116937033708,0.20278727354312345,00:00:21.652,^5<^7venice^5>,sq,MOD_ROCKET_SPLASH,3.5695128440856934,0.021633410826325417,82.2059326171875,2491.0888671875,35.0,132,152,435,158.0,343.0,537.0,,,171.0,54.0
ghost_chase_pugtrain_ctf4 (4).dm_26.dm_meta,103737325,103699408,,MOD_BRYAR_PISTOL_ALT,bad,False,0.26666666666666666,0.29333333333333333,0.5167473884561355,0.04637839380249985,00:00:38.812,^5<^7venice^5>,^7re^1A^7ct^1!,MOD_BRYAR_PISTOL_ALT,0.0,0.0,12.633524894714355,382.8340759277344,411.0,341,0,421,173.0,681.0,296.0,198.0,65.0,61.0,34.0
ghost_chase_pugtrain_ctf4 (4).dm_26.dm_meta,103763461,103699408,,MOD_ROCKET,bad,True,0.05333333333333334,0.09333333333333334,0.06342901122096277,0.007694153630646924,00:01:04.948,^5<^7venice^5>,^7re^1A^7ct^1!,MOD_ROCKET,83.8172378540039,0.18142259120941162,84.8883056640625,2572.372802734375,99.0,278,69,286,550.0,175.0,576.0,66.0,-20.0,37.0,0.0
ghost_chase_pugtrain_ctf4 (4).dm_26.dm_meta,103792666,103699408,,MOD_REPEATER_ALT_SPLASH,bad,False,0.06666666666666667,0.056666666666666664,0.07126927141674394,0.03010680652941871,00:01:34.153,^5<^7venice^5>,sq,MOD_REPEATER_ALT_SPLASH,0.0,0.0,8.28480052947998,251.0545654296875,163.0,221,151,349,208.0,357.0,271.0,,,1396.0,1361.0
ghost_chase_pugtrain_ctf4 (4).dm_26.dm_meta,103927405,103699408,,MOD_ROCKET_SPLASH,bad,False,0.24333333333333335,0.2633333333333333,0.1571577934267087,0.29975019972147254,00:03:48.892,^5<^7venice^5>,sq,MOD_ROCKET_SPLASH,0.0,0.0,18.24493980407715,552.876953125,174.0,685,26,457,200.0,35.0,470.0,,,37.0,3.0
ghost_chase_pugtrain_ctf4 (4).dm_26.dm_meta,103969018,103699408,,MOD_ROCKET,good,False,0.2733333333333333,0.31666666666666665,0.7111583433472498,0.5070718280230315,00:04:30.505,^5<^7venice^5>,^7re^1A^7ct^1!,MOD_ROCKET,2.5991201400756836,0.0071601103991270065,2.6508030891418457,80.3273696899414,889.0,305,89,329,1007.0,357.0,523.0,1221.0,-3.0,225.0,2.0
ghost_chase_pugtrain_ctf4 (4).dm_26.dm_meta,103992778,103699408,,MOD_ROCKET,bad,False,0.05333333333333334,0.09333333333333334,0.030924821604748264,0.006739175465528615,00:04:54.265,^5<^7venice^5>,^7re^1A^7ct^1!,MOD_ROCKET,7.5395050048828125,0.057117462158203125,7.5395050048828125,228.4698486328125,105.0,109,410,351,354.0,320.0,226.0,66.0,12.0,189.0,139.0
ghost_chase_pugtrain_ctf4 (4).dm_26.dm_meta,104057953,103699408,,MOD_ROCKET_SPLASH,bad,False,0.27666666666666667,0.3433333333333333,0.2485997171850596,0.19967616841806207,00:05:59.440,^5<^7venice^5>,sq,MOD_ROCKET_SPLASH,0.0,0.0,0.6436384916305542,19.504196166992188,234.0,425,0,408,673.0,140.0,610.0,,,292.0,0.0
ghost_chase_pugtrain_ctf4 (4).dm_26.dm_meta,104080822,103699408,,MOD_BOWCASTER,bad,False,,,,,00:06:22.309,^5<^7venice^5>,^7re^1A^7ct^1!,MOD_BOWCASTER,0.0,0.0,121.8784408569336,3693.2861328125,159.0,552,0,584,456.0,111.0,441.0,528.0,-18.0,302.0,71.0
ghost_chase_pugtrain_ctf4 (4).dm_26.dm_meta,104176357,103699408,,MOD_TRIP_MINE_SPLASH,bad,False,,,,,00:07:57.844,^5<^7venice^5>,cul^4T,MOD_TRIP_MINE_SPLASH,0.0,0.0,102.47032165527344,3105.161376953125,52.0,737,20,668,467.0,124.0,195.0,,,195.0,7.0
ghost_chase_pugtrain_ctf4 (4).dm_26.dm_meta,104267305,103699408,,MOD_ROCKET,bad,False,0.03,0.04,0.02238913440622234,0.0028097525095997296,00:09:28.792,^5<^7venice^5>,^7re^1A^7ct^1!,MOD_ROCKET,0.0,0.0,53.84647750854492,1631.71142578125,86.0,701,39,539,671.0,379.0,450.0,66.0,-35.0,53.0,0.0
ghost_chase_pugtrain_ctf4 (4).dm_26.dm_meta,104267305,103699408,,MOD_ROCKET_SPLASH,bad,False,0.18666666666666668,0.17,0.15870908742192943,0.08785783462561343,00:09:28.792,^5<^7venice^5>,^5<^7venice^5>,MOD_ROCKET_SPLASH,0.0,0.0,53.84647750854492,1631.71142578125,0.0,701,39,539,701.0,39.0,539.0,,,0.0,0.0
ghost_chase_pugtrain_ctf4 (4).dm_26.dm_meta,104381584,103699408,,MOD_ROCKET_SPLASH,bad,False,0.08666666666666667,0.09333333333333334,0.11819216103044444,0.05121108498781074,00:11:23.071,^5<^7venice^5>,^7re^1A^7ct^1!,MOD_ROCKET_SPLASH,25.65426254272461,0.1943504810333252,33.934242248535156,1028.3104248046875,48.0,291,138,302,633.0,94.0,340.0,,,188.0,17.0
ghost_chase_pugtrain_ctf4 (4).dm_26.dm_meta,104405509,103699408,,MOD_TRIP_MINE_SPLASH,bad,True,,,,,00:11:46.996,^5<^7venice^5>,^7re^1A^7ct^1!,MOD_TRIP_MINE_SPLASH,44.484107971191406,0.6740016341209412,120.28426361083984,3644.977783203125,136.0,367,6,470,204.0,184.0,533.0,,,213.0,120.0
ghost_chase_pugtrain_ctf4 (4).dm_26.dm_meta,104423626,103699408,,MOD_ROCKET,bad,False,0.13666666666666666,0.15666666666666668,0.08727068649653075,0.045248525141156105,00:12:05.113,^5<^7venice^5>,sq,MOD_ROCKET,38.12525939941406,0.04621243476867676,78.8508529663086,2389.419921875,227.0,462,0,440,476.0,22.0,521.0,297.0,-3.0,29.0,0.0
ghost_chase_pugtrain_ctf4 (4).dm_26.dm_meta,104493883,103699408,,MOD_ROCKET,bad,False,0.01,0.05,0.020819661328203436,0.003244740851213843,00:13:15.370,^5<^7venice^5>,sq,MOD_ROCKET,0.0,0.0,35.703643798828125,1081.9285888671875,33.0,610,256,487,452.0,24.0,443.0,,,135.0,26.0
ghost_chase_pugtrain_ctf4 (4).dm_26.dm_meta,104782303,103699408,,MOD_THERMAL_SPLASH,bad,False,,,,,00:18:03.790,^5<^7venice^5>,sq,MOD_THERMAL_SPLASH,3.156309127807617,0.0079704774543643,43.36245346069336,1314.0137939453125,194.0,590,364,572,289.0,432.0,468.0,,,344.0,41.0
ghost_chase_pugtrain_ctf4 (4).dm_26.dm_meta,104815996,103699408,,MOD_TRIP_MINE_SPLASH,bad,False,,,,,00:18:37.483,^5<^7venice^5>,^7re^1A^7ct^1!,MOD_TRIP_MINE_SPLASH,7.715832710266113,0.07793770730495453,7.715832710266113,233.8131103515625,281.0,267,0,367,261.0,193.0,376.0,,,156.0,11.0
ghost_chase_pugtrain_ctf4 (4).dm_26.dm_meta,104832199,103699408,,MOD_ROCKET_SPLASH,bad,True,0.16666666666666666,0.08333333333333333,0.05396809316094393,0.05236829756676177,00:18:53.686,^5<^7venice^5>,^7sosna,MOD_ROCKET_SPLASH,97.65615844726562,0.591855525970459,172.26051330566406,5220.015625,164.0,796,156,791,424.0,337.0,346.0,,,447.0,79.0
ghost_chase_pugtrain_ctf4 (4).dm_26.dm_meta,104892490,103699408,,MOD_THERMAL_SPLASH,bad,True,,,,,00:19:53.977,^5<^7venice^5>,^5<^7venice^5>,MOD_THERMAL_SPLASH,50.50592803955078,0.5101608633995056,61.567081451416016,1865.669189453125,0.0,224,72,303,224.0,72.0,303.0,,,0.0,0.0
ghost_chase_pugtrain_ctf4 (5).dm_26.dm_meta,172329030,172252800,,MOD_ROCKET,bad,False,0.02666666666666667,0.05,0.15264801363314054,0.025321834627339324,00:01:17.224,^1px^7tensio,^4t^7C^4f^5*^7erin,MOD_ROCKET,0.0,0.0,139.34686279296875,4222.63232421875,83.0,591,391,349,722.0,86.0,585.0,33.0,52.0,477.0,74.0
ghost_chase_pugtrain_ctf4 (5).dm_26.dm_meta,172351338,172252800,,MOD_BRYAR_PISTOL_ALT,bad,False,0.20666666666666667,0.21,0.1238701903319144,0.010338813148075304,00:01:39.532,^1px^7tensio,^7Mclovin,MOD_BRYAR_PISTOL_ALT,1.3803590536117554,0.04182906076312065,99.94013977050781,3028.489013671875,243.0,0,0,394,426.0,343.0,296.0,132.0,0.0,58.0,14.0
ghost_chase_pugtrain_ctf4 (5).dm_26.dm_meta,172398396,172252800,,MOD_ROCKET_SPLASH,bad,True,0.06666666666666667,0.1,0.09704401807685996,0.022295028352006373,00:02:26.590,^1px^7tensio,^4t^7C^4f^5*^7erin,MOD_ROCKET_SPLASH,40.05793762207031,0.1517346054315567,51.17071533203125,1550.627685546875,139.0,542,209,587,610.0,400.0,271.0,,,431.0,7.0
ghost_chase_pugtrain_ctf4 (5).dm_26.dm_meta,172447269,172252800,,MOD_ROCKET_SPLASH,bad,False,0.24,0.2733333333333333,0.2763348528856527,0.16874137307456877,00:03:15.463,^1px^7tensio,^5^^0vixe^5n,MOD_ROCKET_SPLASH,1.291185736656189,0.019563419744372368,2.7567858695983887,83.5389633178711,520.0,396,297,395,353.0,288.0,441.0,,,380.0,115.0
ghost_chase_pugtrain_ctf4 (5).dm_26.dm_meta,172471194,172252800,,MOD_THERMAL_SPLASH,bad,False,,,,,00:03:39.388,^1px^7tensio,^5^^0vixe^5n,MOD_THERMAL_SPLASH,0.0,0.0,134.09014892578125,4063.337890625,191.0,370,0,213,373.0,41.0,139.0,,,44.0,0.0
ghost_chase_pugtrain_ctf4 (5).dm_26.dm_meta,172488189,172252800,,MOD_ROCKET,bad,False,0.23,0.24,0.05438948841974262,0.1466485404640512,00:03:56.383,^1px^7tensio,^4t^7C^4f^5*^7erin,MOD_ROCKET,0.24119932949543,0.007309070788323879,48.37062072753906,1465.7763671875,368.0,427,294,505,421.0,364.0,286.0,495.0,11.0,567.0,194.0
ghost_chase_pugtrain_ctf4 (5).dm_26.dm_meta,172517790,172252800,,MOD_TRIP_MINE_SPLASH,bad,True,,,,,00:04:25.984,^1px^7tensio,evrae,MOD_TRIP_MINE_SPLASH,104.21163177490234,0.21052855253219604,116.76599884033203,3538.363525390625,311.0,457,276,502,547.0,118.0,420.0,,,215.0,3.0
ghost_chase_pugtrain_ctf4 (5).dm_26.dm_meta,172673088,172252800,,MOD_ROCKET_SPLASH,bad,False,0.2866666666666667,0.26,0.6498377348606463,0.11161919987534497,00:07:01.282,^1px^7tensio,^5^^0vixe^5n,MOD_ROCKET_SPLASH,3.997936725616455,0.020191600546240807,4.075039386749268,123.48604583740234,936.0,277,296,238,692.0,53.0,442.0,,,148.0,0.0
ghost_chase_pugtrain_ctf4 (5).dm_26.dm_meta,172675992,172252800,,MOD_ROCKET,bad,False,0.03,0.03,0.006158698366076337,0.0035679376429221662,00:07:04.186,^1px^7tensio,evrae,MOD_ROCKET,0.5191839337348938,0.015732847154140472,30.78753089904785,932.9555053710938,61.0,569,106,213,201.0,228.0,217.0,33.0,-27.0,8.0,0.0
ghost_chase_pugtrain_ctf4 (5).dm_26.dm_meta,172690677,172252800,,MOD_ROCKET,good,False,0.3566666666666667,0.4,0.7143922314566266,0.5523805982015445,00:07:18.871,^1px^7tensio,^4t^7C^4f^5*^7erin,MOD_ROCKET,0.0,0.0,7.541834354400635,228.54043579101562,1068.0,342,0,381,536.0,157.0,338.0,825.0,30.0,713.0,439.0
ghost_chase_pugtrain_ctf4 (5).dm_26.dm_meta,172753542,172252800,,MOD_REPEATER_ALT_SPLASH,bad,False,0.25,0.23,0.4265773273688748,0.3706561459558288,00:08:21.736,^1px^7tensio,^4t^7C^4f^5*^7erin,MOD_REPEATER_ALT_SPLASH,2.7026588916778564,0.007445341441780329,3.2476634979248047,98.41404724121094,615.0,253,330,316,688.0,377.0,647.0,,,480.0,5.0
ghost_chase_pugtrain_ctf4 (5).dm_26.dm_meta,172798224,172252800,,MOD_ROCKET_SPLASH,bad,False,0.16333333333333333,0.2733333333333333,0.21802712395542972,0.13399286604317373,00:09:06.418,^1px^7tensio,^4t^7C^4f^5*^7erin,MOD_ROCKET_SPLASH,0.6045476198196411,0.006106541492044926,53.452972412109375,1619.787109375,282.0,31,241,269,355.0,307.0,220.0,,,209.0,11.0
ghost_chase_pugtrain_ctf4 (5).dm_26.dm_meta,172821258,172252800,,MOD_REPEATER_ALT,bad,False,0.2833333333333333,0.23333333333333334,0.007543044649344696,0.013465500757014673,00:09:29.452,^1px^7tensio,^5^^0vixe^5n,MOD_REPEATER_ALT,0.0,0.0,124.636962890625,3776.877685546875,85.0,611,203,663,67.0,213.0,217.0,99.0,-41.0,20.0,0.0
ghost_chase_pugtrain_ctf4 (5).dm_26.dm_meta,172843104,172252800,,MOD_BRYAR_PISTOL_ALT,bad,False,0.3466666666666667,0.37666666666666665,0.2813326491425543,0.3642187677199073,00:09:51.298,^1px^7tensio,^4t^7C^4f^5*^7erin,MOD_BRYAR_PISTOL_ALT,0.0,0.0,51.155513763427734,1550.1671142578125,334.0,0,0,243,249.0,547.0,363.0,165.0,47.0,200.0,113.0
ghost_chase_pugtrain_ctf4 (5).dm_26.dm_meta,172876698,172252800,,MOD_ROCKET_SPLASH,bad,False,0.12,0.14,0.08971303558103003,0.06860703661736497,00:10:24.892,^1px^7tensio,^4t^7C^4f^5*^7erin,MOD_ROCKET_SPLASH,26.575443267822266,0.03221265971660614,26.600496292114258,806.0756225585938,93.0,544,94,627,325.0,200.0,355.0,,,293.0,86.0
ghost_chase_pugtrain_ctf4 (5).dm_26.dm_meta,172886334,172252800,,MOD_ROCKET_SPLASH,bad,False,0.32,0.35,0.31566423646163455,0.229158030535288,00:10:34.528,^1px^7tensio,^5^^0vixe^5n,MOD_ROCKET_SPLASH,4.407832145690918,0.01908152364194393,42.7269287109375,1294.75537109375,432.0,476,301,387,554.0,31.0,599.0,,,82.0,0.0
ghost_chase_pugtrain_ctf4 (5).dm_26.dm_meta,172918674,172252800,,MOD_ROCKET_SPLASH,bad,False,0.16333333333333333,0.3,0.13523089397965646,0.10138735357790318,00:11:06.868,^1px^7tensio,^5^^0vixe^5n,MOD_ROCKET_SPLASH,18.252870559692383,0.026338918134570122,28.05721664428711,850.2186889648438,151.0,145,107,304,297.0,238.0,255.0,,,247.0,66.0
ghost_chase_pugtrain_ctf4 (5).dm_26.dm_meta,172940784,172252800,,MOD_FALLING,bad,False,,,,,00:11:28.978,^1px^7tensio,^5^^0vixe^5n,MOD_FALLING,14.05790901184082,0.03042837418615818,72.17774963378906,2187.20458984375,,9,294,451,,,,,,,
ghost_chase_pugtrain_ctf4 (5).dm_26.dm_meta,172969560,172252800,,MOD_THERMAL_SPLASH,bad,True,,,,,00:11:57.754,^1px^7tensio,^7Mclovin,MOD_THERMAL_SPLASH,0.6350249648094177,0.019243180751800537,169.2510528564453,5128.81982421875,226.0,86,78,467,611.0,269.0,422.0,,,467.0,65.0
ghost_chase_pugtrain_ctf4 (5).dm_26.dm_meta,172984014,172252800,,MOD_ROCKET_SPLASH,bad,True,0.06,0.07,0.05120242756214152,0.04128818853953361,00:12:12.208,^1px^7tensio,^5^^0vixe^5n,MOD_ROCKET_SPLASH,65.36431884765625,0.18006698787212372,65.49413299560547,1984.670654296875,194.0,265,171,188,250.0,639.0,349.0,,,1581.0,1571.0
ghost_chase_pugtrain_ctf4 (5).dm_26.dm_meta,173056548,172252800,,MOD_ROCKET_SPLASH,bad,False,0.30666666666666664,0.3466666666666667,0.12794031285232146,0.2209141630014453,00:13:24.742,^1px^7tensio,evrae,MOD_ROCKET_SPLASH,1.6009252071380615,0.048512883484363556,1.6009252071380615,48.51288604736328,171.0,299,412,359,381.0,211.0,289.0,,,139.0,32.0
ghost_chase_pugtrain_ctf4 (5).dm_26.dm_meta,173071695,172252800,,MOD_REPEATER_ALT_SPLASH,bad,False,0.19666666666666666,0.15666666666666668,0.17415404165016984,0.15129878718134407,00:13:39.889,^1px^7tensio,evrae,MOD_REPEATER_ALT_SPLASH,0.0,0.0,93.59306335449219,2836.153564453125,155.0,552,164,575,465.0,59.0,384.0,,,97.0,0.0
ghost_chase_pugtrain_ctf4 (5).dm_26.dm_meta,173083575,172252800,,MOD_THERMAL_SPLASH,bad,False,,,,,00:13:51.769,^1px^7tensio,evrae,MOD_THERMAL_SPLASH,0.02197265625,0.0006658380734734237,47.042991638183594,1425.545166015625,227.0,250,0,274,161.0,117.0,356.0,,,64.0,9.0
ghost_chase_pugtrain_ctf4 (5).dm_26.dm_meta,173151885,172252800,,MOD_FALLING,bad,True,,,,,00:15:00.079,^1px^7tensio,^4t^7C^4f^5*^7erin,MOD_FALLING,0.0,0.0,0.0,0.0,833.0,0,0,1135,0.0,0.0,0.0,,,0.0,0.0
ghost_chase_pugtrain_ctf4 (5).dm_26.dm_meta,173173632,172252800,,MOD_TRIP_MINE_SPLASH,bad,False,,,,,00:15:21.826,^1px^7tensio,^5^^0vixe^5n,MOD_TRIP_MINE_SPLASH,1.8190420866012573,0.027561243623495102,35.90654373168945,1088.0771484375,93.0,525,97,178,86.0,167.0,355.0,,,30.0,28.0
ghost_chase_pugtrain_ctf4 (5).dm_26.dm_meta,173233494,172252800,,MOD_BRYAR_PISTOL_ALT,bad,False,0.37666666666666665,0.41333333333333333,0.2501196538678786,0.7829682113850613,00:16:21.688,^1px^7tensio,^5^^0vixe^5n,MOD_BRYAR_PISTOL_ALT,1.2858463525772095,0.01948252134025097,4.493008613586426,136.1517791748047,462.0,608,500,614,876.0,425.0,726.0,429.0,-30.0,647.0,258.0
ghost_chase_pugtrain_ctf4 (5).dm_26.dm_meta,173251149,172252800,,MOD_THERMAL_SPLASH,bad,False,,,,,00:16:39.343,^1px^7tensio,^4t^7C^4f^5*^7erin,MOD_THERMAL_SPLASH,3.417264699935913,0.051776736974716187,98.33478546142578,2979.842041015625,136.0,138,148,809,719.0,405.0,581.0,,,637.0,12.0
ghost_chase_pugtrain_ctf4 (5).dm_26.dm_meta,173261148,172252800,,MOD_FLECHETTE_ALT_SPLASH,bad,False,0.30666666666666664,0.27666666666666667,0.32206816455298903,0.1377139097996944,00:16:49.342,^1px^7tensio,^5^^0vixe^5n,MOD_FLECHETTE_ALT_SPLASH,19.50728416442871,0.031112095341086388,68.3274917602539,2070.530029296875,477.0,426,240,450,488.0,38.0,609.0,,,85.0,0.0
ghost_chase_pugtrain_ctf4 (5).dm_26.dm_meta,173306424,172252800,,MOD_ROCKET_SPLASH,bad,False,0.32666666666666666,0.27666666666666667,0.2050508286647747,0.11080770010188773,00:17:34.618,^1px^7tensio,^4t^7C^4f^5*^7erin,MOD_ROCKET_SPLASH,12.391012191772461,0.013906859792768955,13.410933494567871,406.3919372558594,363.0,469,0,662,78.0,312.0,534.0,,,25.0,23.0
ghost_chase_pugtrain_ctf4 (5).dm_26.dm_meta,173333649,172252800,,MOD_ROCKET_SPLASH,bad,False,0.30333333333333334,0.41333333333333333,0.17009408812173807,0.27872307079469055,00:18:01.843,^1px^7tensio,^4t^7C^4f^5*^7erin,MOD_ROCKET_SPLASH,34.451805114746094,0.06959960609674454,79.3114242553711,2403.37646484375,249.0,327,0,557,537.0,421.0,437.0,,,614.0,37.0
ghost_chase_pugtrain_ctf4 (5).dm_26.dm_meta,173417601,172252800,,MOD_ROCKET_SPLASH,bad,False,0.23,0.20666666666666667,0.14128545107726403,0.21009922627753327,00:19:25.795,^1px^7tensio,^6.^7Seaal,MOD_ROCKET_SPLASH,0.9698507189750671,0.029389414936304092,7.108574390411377,215.41134643554688,53.0,253,70,411,658.0,77.0,335.0,,,307.0,0.0
ghost_chase_pugtrain_ctf4 (5).dm_26.dm_meta,173418888,172252800,,MOD_ROCKET,bad,False,0.04,0.05,0.013536853203503951,0.02994933146573666,00:19:27.082,^1px^7tensio,^5^^0vixe^5n,MOD_ROCKET,0.0,0.0,4.83396577835083,146.4838104248047,143.0,503,66,296,153.0,382.0,448.0,99.0,-20.0,48.0,40.0
ghost_chase_pugtrain_ctf4 (7).dm_26.dm_meta,77712069,77678211,,MOD_ROCKET_SPLASH,bad,False,0.21666666666666667,0.16,0.13146225697379976,0.2061728834452176,00:00:34.852,^^0za^5x^7!,didi,MOD_ROCKET_SPLASH,0.0,0.0,47.33835983276367,1434.4957275390625,118.0,798,62,857,538.0,27.0,317.0,,,71.0,0.0
ghost_chase_pugtrain_ctf4 (7).dm_26.dm_meta,77769654,77678211,,MOD_REPEATER_ALT_SPLASH,bad,False,0.16666666666666666,0.24,0.22796004425493144,0.1514213556510224,00:01:32.437,^7g^1h^7o^1s^7t^1`-,didi,MOD_REPEATER_ALT_SPLASH,0.0,0.0,3.0888779163360596,93.60236358642578,395.0,372,206,409,371.0,325.0,337.0,,,354.0,33.0
ghost_chase_pugtrain_ctf4 (7).dm_26.dm_meta,77783613,77678211,,MOD_ROCKET_SPLASH,bad,False,0.19666666666666666,0.19333333333333333,0.34547335485324576,0.12595583397976473,00:01:46.396,^7g^1h^7o^1s^7t^1`-,^7^^0ha^5x^7?,MOD_ROCKET_SPLASH,0.0,0.0,86.90724182128906,2633.552734375,338.0,452,0,505,544.0,50.0,710.0,,,102.0,0.0
ghost_chase_pugtrain_ctf4 (7).dm_26.dm_meta,77807736,77678211,,MOD_SABER,bad,False,,,,,00:02:10.519,^7g^1h^7o^1s^7t^1`-,didi,MOD_SABER,29.852933883666992,0.08223948627710342,29.852933883666992,904.6343383789062,36.0,443,0,416,252.0,0.0,197.0,,,9.0,0.0
ghost_chase_pugtrain_ctf4 (7).dm_26.dm_meta,78001974,77678211,,MOD_THERMAL,bad,False,,,,,00:05:24.757,^7g^1h^7o^1s^7t^1`-,^7^^0ha^5x^7?,MOD_THERMAL,0.0,0.0,1.1033605337142944,33.4351692199707,146.0,269,62,519,224.0,465.0,305.0,198.0,-18.0,18.0,10.0
ghost_chase_pugtrain_ctf4 (7).dm_26.dm_meta,78062628,77678211,,MOD_ROCKET,bad,True,0.42,0.4033333333333333,0.20945652020234615,0.24814375901395785,00:06:25.411,^7g^1h^7o^1s^7t^1`-,^7^^0ha^5x^7?,MOD_ROCKET,131.92733764648438,0.2351645976305008,131.92733764648438,3997.798095703125,322.0,262,0,537,782.0,27.0,483.0,297.0,-5.0,898.0,629.0
ghost_chase_pugtrain_ctf4 (7).dm_26.dm_meta,78118332,77678211,,MOD_TRIP_MINE_SPLASH,bad,True,,,,,00:07:21.115,^7g^1h^7o^1s^7t^1`-,didi,MOD_TRIP_MINE_SPLASH,0.0,0.0,4.620613098144531,140.01858520507812,43.0,856,5,811,1130.0,598.0,484.0,,,359.0,24.0
ghost_chase_pugtrain_ctf4 (7).dm_26.dm_meta,78118332,77678211,,MOD_TRIP_MINE_SPLASH,bad,True,,,,,00:07:21.115,^7g^1h^7o^1s^7t^1`-,^7g^1h^7o^1s^7t^1`-,MOD_TRIP_MINE_SPLASH,0.0,0.0,4.620613098144531,140.01858520507812,0.0,856,5,811,856.0,5.0,811.0,,,0.0,0.0
ghost_chase_pugtrain_ctf4 (7).dm_26.dm_meta,78142158,77678211,,MOD_FLECHETTE,bad,True,,,,,00:07:44.941,^7g^1h^7o^1s^7t^1`-,^7^^0ha^5x^7?,MOD_FLECHETTE,41.89165115356445,0.09764953702688217,71.35249328613281,2162.19677734375,290.0,40,14,377,484.0,17.0,402.0,198.0,-20.0,41.0,0.0
ghost_chase_pugtrain_ctf4 (7).dm_26.dm_meta,78152883,77678211,,MOD_ROCKET_SPLASH,bad,False,0.18666666666666668,0.19,0.3761924570746998,0.07695099736151045,00:07:55.666,^7g^1h^7o^1s^7t^1`-,didi,MOD_ROCKET_SPLASH,0.0,0.0,21.30254554748535,645.5316772460938,544.0,455,0,322,268.0,37.0,400.0,,,37.0,0.0
ghost_chase_pugtrain_ctf4 (7).dm_26.dm_meta,78185619,77678211,,MOD_REPEATER_ALT_SPLASH,bad,True,0.4533333333333333,0.32,0.08808190789265427,0.5465500541221205,00:08:28.402,^7g^1h^7o^1s^7t^1`-,^7^^0ha^5x^7?,MOD_REPEATER_ALT_SPLASH,54.804481506347656,0.059312209486961365,54.804481506347656,1660.7418212890625,117.0,382,23,361,138.0,73.0,204.0,,,102.0,68.0
ghost_chase_pugtrain_ctf4 (7).dm_26.dm_meta,78256272,77678211,,MOD_ROCKET_SPLASH,bad,False,0.22333333333333333,0.19666666666666666,0.10636948561441006,0.14471996976762638,00:09:39.055,^7g^1h^7o^1s^7t^1`-,didi,MOD_ROCKET_SPLASH,0.0,0.0,107.27423858642578,3250.734619140625,243.0,703,489,800,406.0,385.0,290.0,,,731.0,375.0
ghost_chase_pugtrain_ctf4 (7).dm_26.dm_meta,78276105,77678211,,MOD_THERMAL_SPLASH,bad,False,,,,,00:09:58.888,^7g^1h^7o^1s^7t^1`-,^7^^0ha^5x^7?,MOD_THERMAL_SPLASH,4.3138651847839355,0.01089359913021326,18.376983642578125,556.8782958984375,380.0,376,0,367,411.0,166.0,246.0,,,207.0,0.0
ghost_chase_pugtrain_ctf4 (7).dm_26.dm_meta,78373752,77678211,,MOD_ROCKET_SPLASH,bad,True,0.056666666666666664,0.04,0.04369183497993942,0.055877933570970706,00:11:36.535,^7g^1h^7o^1s^7t^1`-,^7^^0ha^5x^7?,MOD_ROCKET_SPLASH,69.63328552246094,0.11722775548696518,69.9205322265625,2118.803955078125,123.0,227,76,347,631.0,191.0,243.0,,,1827.0,1758.0
ghost_chase_pugtrain_ctf4 (7).dm_26.dm_meta,78387612,77678211,,MOD_ROCKET_SPLASH,bad,True,0.19,0.12333333333333334,0.16798979760492969,0.06557074222818972,00:11:50.395,^7g^1h^7o^1s^7t^1`-,didi,MOD_ROCKET_SPLASH,102.25033569335938,0.25820791721343994,124.11900329589844,3761.181884765625,391.0,478,0,559,645.0,115.0,393.0,,,231.0,0.0
ghost_chase_pugtrain_ctf4 (7).dm_26.dm_meta,78419754,77678211,,MOD_DISRUPTOR_SNIPER,bad,False,,,,,00:12:22.537,^7g^1h^7o^1s^7t^1`-,^7^^0ha^5x^7?,MOD_DISRUPTOR_SNIPER,2.440955877304077,0.0032160156406462193,2.4545655250549316,74.38077545166016,1295.0,0,0,42,0.0,0.0,17.0,,,0.0,0.0
ghost_chase_pugtrain_ctf4 (7).dm_26.dm_meta,78494895,77678211,,MOD_THERMAL_SPLASH,bad,False,,,,,00:13:37.678,^7g^1h^7o^1s^7t^1`-,didi,MOD_THERMAL_SPLASH,10.647650718688965,0.04033201187849045,14.945098876953125,452.88177490234375,409.0,506,209,451,416.0,18.0,331.0,,,34.0,9.0
ghost_chase_pugtrain_ctf4 (7).dm_26.dm_meta,78516411,77678211,,MOD_FALLING,bad,True,,,,,00:13:59.194,^7g^1h^7o^1s^7t^1`-,^7^^0ha^5x^7?,MOD_FALLING,19.962295532226562,0.07561475783586502,24.601478576660156,745.4993286132812,3154.0,440,0,447,0.0,0.0,0.0,,,0.0,0.0
ghost_chase_pugtrain_ctf4 (7).dm_26.dm_meta,78541194,77678211,,MOD_ROCKET_SPLASH,bad,True,0.21333333333333335,0.18666666666666668,0.28863137759586127,0.4093868518644934,00:14:23.977,^7g^1h^7o^1s^7t^1`-,^7^^0ha^5x^7?,MOD_ROCKET_SPLASH,0.0,0.0,174.34727478027344,5283.2509765625,189.0,476,25,337,690.0,160.0,372.0,,,297.0,0.0
ghost_chase_pugtrain_ctf4 (7).dm_26.dm_meta,78805293,77678211,,MOD_ROCKET_SPLASH,bad,False,0.33,0.23333333333333334,0.11058217284314945,0.0966016221981211,00:18:48.076,^7g^1h^7o^1s^7t^1`-,^5.^7sth,MOD_ROCKET_SPLASH,35.752071380615234,0.057020846754312515,35.752071380615234,1083.3961181640625,131.0,444,27,483,125.0,361.0,499.0,,,135.0,37.0
ghost_chase_pugtrain_ctf4 (7).dm_26.dm_meta,78850800,77678211,,MOD_THERMAL_SPLASH,bad,False,,,,,00:19:33.583,^7g^1h^7o^1s^7t^1`-,,MOD_THERMAL_SPLASH,22.597347259521484,0.13695362210273743,113.95479583740234,3453.175537109375,255.0,431,0,331,286.0,32.0,214.0,,,36.0,0.0
ghost_chase_pugtrain_ctf4 (7).dm_26.dm_meta,78851856,77678211,,MOD_THERMAL_SPLASH,bad,False,,,,,00:19:34.639,^7g^1h^7o^1s^7t^1`-,^5.^7sth,MOD_THERMAL_SPLASH,1.6334290504455566,0.007071121595799923,5.787788391113281,175.3875274658203,127.0,60,101,310,366.0,203.0,313.0,,,228.0,72.0
ghost_chase_pugtrain_ctf4 (7).dm_26.dm_meta,78875154,77678211,,MOD_ROCKET_SPLASH,bad,False,0.25,0.13666666666666666,0.14425588553489618,0.13585594236538762,00:19:57.937,^7g^1h^7o^1s^7t^1`-,didi,MOD_ROCKET_SPLASH,0.0,0.0,26.644304275512695,807.4031372070312,183.0,429,25,788,383.0,76.0,229.0,,,92.0,0.0
ghost_chase_pugtrain_ctf4 (8).dm_26.dm_meta,282946804,282839026,,MOD_DISRUPTOR_SNIPER,bad,False,,,,,00:01:48.508,^7g^1h^7o^1s^7t^1`-,,MOD_DISRUPTOR_SNIPER,0.0,0.0,32.17232894897461,974.9190673828125,654.0,0,0,0,0.0,0.0,344.0,,,0.0,0.0
ghost_chase_pugtrain_ctf4 (8).dm_26.dm_meta,282972874,282839026,,MOD_ROCKET_SPLASH,bad,False,0.2733333333333333,0.33,0.2075861789228198,0.1837980749233634,00:02:14.578,^7g^1h^7o^1s^7t^1`-,,MOD_ROCKET_SPLASH,3.9631454944610596,0.010917755775153637,102.8958511352539,3118.05615234375,222.0,375,0,378,350.0,336.0,255.0,,,326.0,55.0
ghost_chase_pugtrain_ctf4 (8).dm_26.dm_meta,282986734,282839026,,MOD_DET_PACK_SPLASH,bad,False,,,,,00:02:28.438,^7g^1h^7o^1s^7t^1`-,ovelh^2A!,MOD_DET_PACK_SPLASH,0.09059558063745499,0.0013726602774113417,0.5205479264259338,15.774179458618164,657.0,52,0,144,420.0,251.0,546.0,,,453.0,134.0
ghost_chase_pugtrain_ctf4 (8).dm_26.dm_meta,283048015,282839026,,MOD_ROCKET_SPLASH,bad,False,0.21333333333333335,0.18,0.283258096011143,0.43488652215037726,00:03:29.719,^7g^1h^7o^1s^7t^1`-,,MOD_ROCKET_SPLASH,0.0,0.0,1.5319920778274536,46.42400360107422,508.0,205,0,196,323.0,98.0,593.0,,,982.0,800.0
ghost_chase_pugtrain_ctf4 (8).dm_26.dm_meta,283062601,282839026,,MOD_REPEATER_ALT_SPLASH,bad,False,0.4266666666666667,0.4,0.18592519910860197,0.4310894148905537,00:03:44.305,^7g^1h^7o^1s^7t^1`-,ovelh^2A!,MOD_REPEATER_ALT_SPLASH,0.0,0.0,57.89601135253906,1754.424560546875,223.0,209,0,392,72.0,57.0,291.0,,,40.0,18.0
ghost_chase_pugtrain_ctf4 (8).dm_26.dm_meta,283117381,282839026,,MOD_ROCKET_SPLASH,bad,True,0.17333333333333334,0.14,0.22722668609498703,0.3023249417943148,00:04:39.085,^7g^1h^7o^1s^7t^1`-,ovelh^2A!,MOD_ROCKET_SPLASH,0.0,0.0,148.0913543701172,4487.61669921875,179.0,348,0,620,520.0,148.0,298.0,,,165.0,0.0
ghost_chase_pugtrain_ctf4 (8).dm_26.dm_meta,283130251,282839026,,MOD_ROCKET_SPLASH,bad,False,0.2733333333333333,0.37,0.12235306925809605,0.1533543324903173,00:04:51.955,^7g^1h^7o^1s^7t^1`-,,MOD_ROCKET_SPLASH,0.0,0.0,7.307275295257568,221.43258666992188,140.0,375,78,673,154.0,491.0,376.0,,,150.0,39.0
ghost_chase_pugtrain_ctf4 (8).dm_26.dm_meta,283142989,282839026,,MOD_REPEATER_ALT_SPLASH,bad,False,0.18333333333333332,0.16666666666666666,0.33511439463973997,0.23898847488643774,00:05:04.693,^7g^1h^7o^1s^7t^1`-,ovelh^2A!,MOD_REPEATER_ALT_SPLASH,3.3689982891082764,0.017015142366290092,8.862834930419922,268.5707702636719,494.0,111,272,202,501.0,112.0,379.0,,,203.0,76.0
ghost_chase_pugtrain_ctf4 (8).dm_26.dm_meta,283153219,282839026,,MOD_REPEATER_ALT_SPLASH,bad,False,0.15666666666666668,0.15666666666666668,0.26158585801493944,0.12546452324815843,00:05:14.923,^7g^1h^7o^1s^7t^1`-,^4^^0Divi^7ne,MOD_REPEATER_ALT_SPLASH,33.21569061279297,0.03871292620897293,48.483604431152344,1469.2001953125,502.0,350,501,481,512.0,115.0,681.0,,,190.0,0.0
ghost_chase_pugtrain_ctf4 (8).dm_26.dm_meta,283171996,282839026,,MOD_REPEATER_ALT_SPLASH,bad,False,0.2966666666666667,0.38666666666666666,0.25676705697203783,0.22254941739744846,00:05:33.700,^7g^1h^7o^1s^7t^1`-,,MOD_REPEATER_ALT_SPLASH,0.12429611384868622,0.001255516312085092,95.88233184814453,2905.525146484375,223.0,152,0,289,561.0,290.0,414.0,,,533.0,49.0
ghost_chase_pugtrain_ctf4 (8).dm_26.dm_meta,283184701,282839026,,MOD_REPEATER_ALT_SPLASH,bad,False,0.27666666666666667,0.31333333333333335,0.185278113100036,0.2114160657494197,00:05:46.405,^7g^1h^7o^1s^7t^1`-,ovelh^2A!,MOD_REPEATER_ALT_SPLASH,37.06120681762695,0.12478520721197128,93.9801254272461,2847.882568359375,295.0,110,0,384,235.0,263.0,353.0,,,252.0,222.0
ghost_chase_pugtrain_ctf4 (8).dm_26.dm_meta,283203280,282839026,,MOD_ROCKET_SPLASH,bad,True,0.12333333333333334,0.13,0.08305981453713321,0.03197514116332948,00:06:04.984,^7g^1h^7o^1s^7t^1`-,,MOD_ROCKET_SPLASH,86.52161407470703,0.2184889316558838,86.52161407470703,2621.8671875,137.0,459,45,417,316.0,190.0,301.0,,,72.0,70.0
ghost_chase_pugtrain_ctf4 (8).dm_26.dm_meta,283272778,282839026,,MOD_ROCKET_SPLASH,bad,False,0.26666666666666666,0.27666666666666667,0.20998472488282321,0.15295838173890444,00:07:14.482,^7g^1h^7o^1s^7t^1`-,ovelh^2A!,MOD_ROCKET_SPLASH,29.23464012145996,0.04921656474471092,44.290245056152344,1342.128662109375,467.0,178,237,557,318.0,459.0,302.0,,,322.0,322.0
ghost_chase_pugtrain_ctf4 (8).dm_26.dm_meta,283286110,282839026,,MOD_ROCKET_SPLASH,bad,True,0.18,0.13333333333333333,0.10425611214242604,0.11649897236254188,00:07:27.814,^7g^1h^7o^1s^7t^1`-,^7Smurf,MOD_ROCKET_SPLASH,55.77964401245117,0.08896274864673615,55.84660720825195,1692.3214111328125,188.0,427,1,651,255.0,271.0,351.0,,,163.0,33.0
ghost_chase_pugtrain_ctf4 (8).dm_26.dm_meta,283296373,282839026,,MOD_FALLING,bad,True,,,,,00:07:38.077,^7g^1h^7o^1s^7t^1`-,,MOD_FALLING,2.6803770065307617,0.02030588686466217,3.3086225986480713,100.26129150390625,2115.0,303,117,356,0.0,0.0,0.0,,,0.0,0.0
ghost_chase_pugtrain_ctf4 (8).dm_26.dm_meta,283351252,282839026,,MOD_ROCKET_SPLASH,bad,False,0.14666666666666667,0.16,0.28237893900295025,0.14762282799660267,00:08:32.956,^7g^1h^7o^1s^7t^1`-,,MOD_ROCKET_SPLASH,0.6051712036132812,0.004584630485624075,6.876392364501953,208.3755340576172,379.0,476,0,592,619.0,82.0,504.0,,,258.0,62.0
ghost_chase_pugtrain_ctf4 (8).dm_26.dm_meta,283416625,282839026,,MOD_REPEATER_ALT_SPLASH,bad,True,0.2966666666666667,0.16666666666666666,0.11178564929173418,0.7540754043193789,00:09:38.329,^7g^1h^7o^1s^7t^1`-,ovelh^2A!,MOD_REPEATER_ALT_SPLASH,0.3297728896141052,0.009993118233978748,28.90970802307129,876.0517578125,560.0,75,1492,1084,119.0,106.0,498.0,,,36.0,0.0
ghost_chase_pugtrain_ctf4 (8).dm_26.dm_meta,283444246,282839026,,MOD_DISRUPTOR_SNIPER,bad,True,,,,,00:10:05.950,^7g^1h^7o^1s^7t^1`-,ovelh^2A!,MOD_DISRUPTOR_SNIPER,11.189240455627441,0.04843826964497566,16.220294952392578,491.5240783691406,552.0,948,639,1018,591.0,662.0,636.0,,,172.0,109.0
ghost_chase_pugtrain_ctf4 (8).dm_26.dm_meta,283504801,282839026,,MOD_TRIP_MINE_SPLASH,bad,False,,,,,00:11:06.505,^7g^1h^7o^1s^7t^1`-,Seaal ^1<3^7's M&Ms,MOD_TRIP_MINE_SPLASH,0.0,0.0,0.29196566343307495,8.847444534301758,235.0,133,7,738,291.0,333.0,242.0,,,266.0,10.0
ghost_chase_pugtrain_ctf4 (8).dm_26.dm_meta,283504933,282839026,,MOD_TRIP_MINE_SPLASH,bad,False,,,,,00:11:06.637,^7g^1h^7o^1s^7t^1`-,,MOD_TRIP_MINE_SPLASH,0.0,0.0,0.2294670194387436,6.953546047210693,220.0,320,0,664,446.0,340.0,291.0,,,447.0,34.0
ghost_chase_pugtrain_ctf4 (8).dm_26.dm_meta,283639573,282839026,,MOD_REPEATER_ALT_SPLASH,bad,True,0.15333333333333332,0.11666666666666667,0.10236303877337219,0.045365150431465044,00:13:21.277,^7g^1h^7o^1s^7t^1`-,ovelh^2A!,MOD_REPEATER_ALT_SPLASH,35.245361328125,0.13350515067577362,103.96602630615234,3150.485595703125,301.0,480,749,628,292.0,163.0,241.0,,,40.0,1.0
ghost_chase_pugtrain_ctf4 (8).dm_26.dm_meta,283654291,282839026,,MOD_ROCKET_SPLASH,bad,True,0.09333333333333334,0.08,0.09148883116505219,0.050318406831812615,00:13:35.995,^7g^1h^7o^1s^7t^1`-,,MOD_ROCKET_SPLASH,86.47846221923828,0.18718281388282776,100.80313110351562,3054.640380859375,143.0,488,25,486,315.0,189.0,492.0,,,173.0,0.0
ghost_chase_pugtrain_ctf4 (8).dm_26.dm_meta,283680526,282839026,,MOD_TELEFRAG,bad,True,,,,,00:14:02.230,^7g^1h^7o^1s^7t^1`-,,MOD_TELEFRAG,0.0,0.0,0.0,0.0,64.0,1,60,2095,619.0,78.0,487.0,,,268.0,69.0
ghost_chase_pugtrain_ctf4 (8).dm_26.dm_meta,283727122,282839026,,MOD_REPEATER_ALT_SPLASH,bad,True,0.2833333333333333,0.14666666666666667,0.15379602895593508,0.32268127606646163,00:14:48.826,^7g^1h^7o^1s^7t^1`-,ovelh^2A!,MOD_REPEATER_ALT_SPLASH,100.7633056640625,0.12213733792304993,173.74899291992188,5265.12109375,242.0,236,218,368,630.0,215.0,454.0,,,127.0,27.0
ghost_chase_pugtrain_ctf4 (8).dm_26.dm_meta,283732237,282839026,,MOD_ROCKET_SPLASH,bad,False,0.22,0.3333333333333333,0.38502635367214316,0.12302001846053333,00:14:53.941,^7g^1h^7o^1s^7t^1`-,^7Smurf,MOD_ROCKET_SPLASH,15.311596870422363,0.02209465578198433,35.169124603271484,1065.7310791015625,733.0,386,326,458,328.0,43.0,265.0,,,53.0,0.0
ghost_chase_pugtrain_ctf4 (8).dm_26.dm_meta,283758769,282839026,,MOD_REPEATER_ALT_SPLASH,bad,True,0.2866666666666667,0.2,0.28777987221029144,0.2196984620235731,00:15:20.473,^7g^1h^7o^1s^7t^1`-,,MOD_REPEATER_ALT_SPLASH,48.46466827392578,0.08638978004455566,79.33116149902344,2403.974609375,485.0,448,0,438,404.0,8.0,450.0,,,28.0,0.0
ghost_chase_pugtrain_ctf4 (8).dm_26.dm_meta,283808632,282839026,,MOD_FALLING,bad,False,,,,,00:16:10.336,^7g^1h^7o^1s^7t^1`-,,MOD_FALLING,19.693225860595703,0.03978429362177849,133.73521423339844,4052.582275390625,182.0,0,0,177,34.0,0.0,550.0,,,0.0,0.0
ghost_chase_pugtrain_ctf4 (8).dm_26.dm_meta,283826815,282839026,,MOD_REPEATER_ALT_SPLASH,bad,False,0.17,0.21666666666666667,0.1699854340371686,0.2216917003588783,00:16:28.519,^7g^1h^7o^1s^7t^1`-,^4^^0Divi^7ne,MOD_REPEATER_ALT_SPLASH,1.0560884475708008,0.032002680003643036,21.998275756835938,666.6144409179688,200.0,459,46,455,346.0,159.0,345.0,,,163.0,0.0
ghost_chase_pugtrain_ctf4 (8).dm_26.dm_meta,283850839,282839026,,MOD_FALLING,bad,False,,,,,00:16:52.543,^7g^1h^7o^1s^7t^1`-,,MOD_FALLING,0.0,0.0,52.98833084106445,1605.70703125,459.0,477,0,304,400.0,0.0,694.0,,,26.0,0.0
ghost_chase_pugtrain_ctf4 (8).dm_26.dm_meta,283942348,282839026,,MOD_ROCKET,bad,False,0.03666666666666667,0.08333333333333333,0.035470194239098245,0.015253335031712757,00:18:24.052,^7g^1h^7o^1s^7t^1`-,,MOD_ROCKET,38.25835037231445,0.1932239979505539,45.044315338134766,1364.979248046875,128.0,554,149,362,682.0,378.0,553.0,132.0,-19.0,532.0,358.0
ghost_chase_pugtrain_ctf4 (8).dm_26.dm_meta,283965448,282839026,,MOD_ROCKET_SPLASH,bad,False,0.25666666666666665,0.18666666666666668,0.5847947557000278,0.41911258510147087,00:18:47.152,^7g^1h^7o^1s^7t^1`-,ovelh^2A!,MOD_ROCKET_SPLASH,0.6172175407409668,0.002671937458217144,143.478759765625,4347.84130859375,668.0,359,0,507,767.0,61.0,420.0,,,253.0,10.0
ghost_chase_pugtrain_ctf4 (8).dm_26.dm_meta,283975282,282839026,,MOD_REPEATER_ALT_SPLASH,bad,False,0.18666666666666668,0.22333333333333333,0.11533005399849734,0.09062658625572437,00:18:56.986,^7g^1h^7o^1s^7t^1`-,ovelh^2A!,MOD_REPEATER_ALT_SPLASH,1.661879539489746,0.05035998672246933,10.591021537780762,320.9400634765625,103.0,496,16,389,476.0,292.0,475.0,,,847.0,458.0
ghost_chase_pugtrain_ctf4 (8).dm_26.dm_meta,284011549,282839026,,MOD_REPEATER_ALT_SPLASH,bad,False,0.28,0.31,0.13905837555754572,0.1433497317919326,00:19:33.253,^7g^1h^7o^1s^7t^1`-,ovelh^2A!,MOD_REPEATER_ALT_SPLASH,19.178524017333984,0.052833400666713715,19.178524017333984,581.1674194335938,129.0,350,67,241,312.0,73.0,321.0,,,75.0,0.0
ghost_chase_pugtrain_ctf4.dm_26.dm_meta,186110568,186079416,187287975.0,MOD_TRIP_MINE_SPLASH,bad,False,,,,,00:00:32.146,^7g^1h^7o^1s^7t^1`-,^7t^41^7mg^3!^6,MOD_TRIP_MINE_SPLASH,0.0,0.0,17.242916107177734,522.5126342773438,260.0,177,0,311,278.0,338.0,136.0,,,45.0,0.0
ghost_chase_pugtrain_ctf4.dm_26.dm_meta,186140598,186079416,187287975.0,MOD_ROCKET,good,True,0.5333333333333333,0.44333333333333336,0.5081032401355359,0.7277779972537556,00:01:02.176,^7g^1h^7o^1s^7t^1`-,^7t^41^7mg^3!^6,MOD_ROCKET,58.43598175048828,0.0769907534122467,64.08799743652344,1942.060546875,682.0,467,0,433,765.0,229.0,311.0,627.0,27.0,499.0,291.0
ghost_chase_pugtrain_ctf4.dm_26.dm_meta,186318369,186079416,187287975.0,MOD_ROCKET_SPLASH,good,False,0.5233333333333333,0.4533333333333333,0.17426362057880296,0.6579026612380257,00:03:59.947,^7g^1h^7o^1s^7t^1`-,dream,MOD_ROCKET_SPLASH,0.6374437808990479,0.019316477701067924,31.7318172454834,961.5702514648438,229.0,465,0,302,117.0,139.0,196.0,,,44.0,0.0
ghost_chase_pugtrain_ctf4.dm_26.dm_meta,186421362,186079416,187287975.0,MOD_THERMAL_SPLASH,bad,False,,,,,00:05:42.940,^7g^1h^7o^1s^7t^1`-,^7t^41^7mg^3!^6,MOD_THERMAL_SPLASH,3.6861751079559326,0.022340456023812294,17.164894104003906,520.1483154296875,240.0,463,0,424,151.0,69.0,187.0,,,410.0,376.0
ghost_chase_pugtrain_ctf4.dm_26.dm_meta,186593127,186079416,187287975.0,MOD_ROCKET_SPLASH,bad,False,0.17,0.18333333333333332,0.17320637607555792,0.09981499939318181,00:08:34.705,^7g^1h^7o^1s^7t^1`-,^7t^41^7mg^3!^6,MOD_ROCKET_SPLASH,1.478161334991455,0.044792767614126205,24.66132354736328,747.3128662109375,137.0,126,0,431,449.0,8.0,366.0,,,164.0,24.0
ghost_chase_pugtrain_ctf4.dm_26.dm_meta,186675858,186079416,187287975.0,MOD_ROCKET_SPLASH,bad,False,0.08,0.13666666666666666,0.19513706341322018,0.17680586333016124,00:09:57.436,^7g^1h^7o^1s^7t^1`-,^7t^41^7mg^3!^6,MOD_ROCKET_SPLASH,0.0,0.0,40.64982986450195,1231.81298828125,168.0,270,27,483,633.0,155.0,304.0,,,296.0,0.0
ghost_chase_pugtrain_ctf4.dm_26.dm_meta,186703710,186079416,187287975.0,MOD_TRIP_MINE_SPLASH,bad,False,,,,,00:10:25.288,^7g^1h^7o^1s^7t^1`-,-=^1jawastar^7=-,MOD_TRIP_MINE_SPLASH,19.356557846069336,0.0977603942155838,59.03318405151367,1788.8843994140625,200.0,258,0,298,362.0,179.0,309.0,,,27.0,0.0
ghost_chase_pugtrain_ctf4.dm_26.dm_meta,186785484,186079416,187287975.0,MOD_ROCKET,bad,False,0.09333333333333334,0.06,0.015523250058673244,0.004580658051306294,00:11:47.062,^7g^1h^7o^1s^7t^1`-,-=^1jawastar^7=-,MOD_ROCKET,2.5254459381103516,0.038264334201812744,2.9276504516601562,88.71668243408203,117.0,365,325,519,292.0,20.0,200.0,165.0,-2.0,34.0,0.0
ghost_chase_pugtrain_ctf4.dm_26.dm_meta,186792381,186079416,187287975.0,MOD_TRIP_MINE_SPLASH,bad,False,,,,,00:11:53.959,^7g^1h^7o^1s^7t^1`-,^7g^1h^7o^1s^7t^1`-,MOD_TRIP_MINE_SPLASH,22.741472244262695,0.026505213230848312,89.15621185302734,2701.703369140625,0.0,519,168,192,519.0,168.0,192.0,,,0.0,0.0
ghost_chase_pugtrain_ctf4.dm_26.dm_meta,186823929,186079416,187287975.0,MOD_ROCKET,bad,False,0.06,0.09333333333333334,0.038736128518230384,0.007957470200188105,00:12:25.507,^7g^1h^7o^1s^7t^1`-,dream,MOD_ROCKET,2.7589521408081055,0.006431123707443476,5.509454727172852,166.9531707763672,56.0,453,511,605,809.0,248.0,622.0,33.0,-22.0,65.0,0.0
ghost_chase_pugtrain_ctf4.dm_26.dm_meta,186928803,186079416,187287975.0,MOD_ROCKET_SPLASH,bad,True,0.25,0.20333333333333334,0.31065933702570125,0.30787758592442194,00:14:10.381,^7g^1h^7o^1s^7t^1`-,^7t^41^7mg^3!^6,MOD_ROCKET_SPLASH,17.63019561767578,0.07632119208574295,179.54501342773438,5440.7578125,327.0,394,0,349,460.0,208.0,259.0,,,58.0,7.0
ghost_chase_pugtrain_ctf4.dm_26.dm_meta,187066578,186079416,187287975.0,MOD_ROCKET_SPLASH,bad,False,0.24333333333333335,0.24666666666666667,0.23645517425891513,0.1948574967975474,00:16:28.156,^7g^1h^7o^1s^7t^1`-,-=^1jawastar^7=-,MOD_ROCKET_SPLASH,0.46315550804138184,0.004678338300436735,46.914146423339844,1421.640869140625,337.0,170,265,195,558.0,230.0,338.0,,,577.0,402.0
ghost_chase_pugtrain_ctf4.dm_26.dm_meta,187127430,186079416,187287975.0,MOD_FALLING,bad,False,,,,,00:17:29.008,^7g^1h^7o^1s^7t^1`-,^7t^41^7mg^3!^6,MOD_FALLING,16.780153274536133,0.04237412288784981,29.638607025146484,898.1395874023438,,673,93,557,,,,,,,
ghost_chase_pugtrain_ctf4.dm_26.dm_meta,187149177,186079416,187287975.0,MOD_ROCKET_SPLASH,bad,False,0.26666666666666666,0.26,0.258817872103117,0.2542700340971301,00:17:50.755,^7g^1h^7o^1s^7t^1`-,^7t^41^7mg^3!^6,MOD_ROCKET_SPLASH,0.21139761805534363,0.0032029941212385893,67.21533966064453,2036.8284912109375,302.0,427,0,341,358.0,28.0,289.0,,,55.0,1.0
ghost_chase_pugtrain_ctf4.dm_26.dm_meta,187243359,186079416,187287975.0,MOD_TRIP_MINE_SPLASH,bad,False,,,,,00:19:24.937,^7g^1h^7o^1s^7t^1`-,-=^1jawastar^7=-,MOD_TRIP_MINE_SPLASH,25.114906311035156,0.04476810246706009,61.46509552001953,1862.57861328125,237.0,436,0,430,704.0,217.0,648.0,,,662.0,15.0
ghost_chase_pugtrain_ctf4_triplays.dm_26.dm_meta,4287483,4250061,,MOD_ROCKET_SPLASH,bad,False,0.19,0.19333333333333333,0.21137728428843566,0.11867142413940587,00:00:38.317,^7g^1h^7o^1s^7t^1`-,^1M^7aule^1D,MOD_ROCKET_SPLASH,0.0,0.0,102.72554016113281,3112.895263671875,244.0,370,20,645,239.0,52.0,403.0,,,43.0,0.0
ghost_chase_pugtrain_ctf4_triplays.dm_26.dm_meta,4308669,4250061,,MOD_REPEATER_ALT_SPLASH,bad,True,0.04666666666666667,0.06666666666666667,0.0876481345633566,0.02944619444924847,00:00:59.503,^7g^1h^7o^1s^7t^1`-,^1M^7aule^1D,MOD_REPEATER_ALT_SPLASH,42.9658203125,0.2603989243507385,84.88081359863281,2572.14599609375,50.0,375,127,628,469.0,142.0,421.0,,,201.0,0.0
ghost_chase_pugtrain_ctf4_triplays.dm_26.dm_meta,4343187,4250061,,MOD_REPEATER_ALT_SPLASH,bad,True,0.21,0.13333333333333333,0.06642283855079664,0.11473613133269048,00:01:34.021,^7g^1h^7o^1s^7t^1`-,^1M^7aule^1D,MOD_REPEATER_ALT_SPLASH,54.19348907470703,0.27370449900627136,107.19820404052734,3248.430419921875,45.0,570,229,340,124.0,116.0,271.0,,,40.0,0.0
ghost_chase_pugtrain_ctf4_triplays.dm_26.dm_meta,4371105,4250061,,MOD_ROCKET,bad,False,0.22,0.20333333333333334,0.1479607834392623,0.04293156869201749,00:02:01.939,^7g^1h^7o^1s^7t^1`-,sq,MOD_ROCKET,0.0,0.0,80.73384857177734,2446.480224609375,221.0,267,343,342,971.0,457.0,432.0,264.0,-11.0,131.0,19.0
ghost_chase_pugtrain_ctf4_triplays.dm_26.dm_meta,4375494,4250061,,MOD_ROCKET_SPLASH,bad,True,0.14333333333333334,0.15333333333333332,0.08455886410729521,0.04072022523021625,00:02:06.328,^7g^1h^7o^1s^7t^1`-,^1M^7aule^1D,MOD_ROCKET_SPLASH,77.82080841064453,0.23582063615322113,77.82080841064453,2358.206298828125,113.0,429,200,376,272.0,523.0,454.0,,,26.0,7.0
ghost_chase_pugtrain_ctf4_triplays.dm_26.dm_meta,4392555,4250061,,MOD_REPEATER_ALT_SPLASH,bad,False,0.19333333333333333,0.20333333333333334,0.19683589473255597,0.0730623607657666,00:02:23.389,^7g^1h^7o^1s^7t^1`-,sq,MOD_REPEATER_ALT_SPLASH,24.467864990234375,0.14829009771347046,98.94959259033203,2998.472412109375,213.0,342,0,422,546.0,133.0,509.0,,,382.0,70.0
ghost_chase_pugtrain_ctf4_triplays.dm_26.dm_meta,4466772,4250061,,MOD_TRIP_MINE_SPLASH,bad,False,,,,,00:03:37.606,^7g^1h^7o^1s^7t^1`-,,MOD_TRIP_MINE_SPLASH,3.334092855453491,0.10103311389684677,20.865676879882812,632.293212890625,344.0,188,22,227,92.0,95.0,226.0,,,48.0,42.0
ghost_chase_pugtrain_ctf4_triplays.dm_26.dm_meta,4535841,4250061,,MOD_ROCKET_SPLASH,bad,False,0.15333333333333332,0.19666666666666666,0.2735921948697214,0.12712738763788436,00:04:46.675,^7g^1h^7o^1s^7t^1`-,^7Mclovin,MOD_ROCKET_SPLASH,2.1993863582611084,0.011108011938631535,66.79402160644531,2024.061279296875,374.0,336,0,617,389.0,117.0,425.0,,,191.0,27.0
ghost_chase_pugtrain_ctf4_triplays.dm_26.dm_meta,4548480,4250061,,MOD_ROCKET,bad,False,0.20333333333333334,0.22333333333333333,0.06503110649425155,0.12294140991911552,00:04:59.314,^7g^1h^7o^1s^7t^1`-,sq,MOD_ROCKET,0.0,0.0,23.951322555541992,725.7976684570312,241.0,318,0,334,295.0,99.0,438.0,165.0,13.0,544.0,455.0
ghost_chase_pugtrain_ctf4_triplays.dm_26.dm_meta,4669161,4250061,,MOD_THERMAL_SPLASH,bad,False,,,,,00:06:59.995,^7g^1h^7o^1s^7t^1`-,sq,MOD_THERMAL_SPLASH,1.7232258319854736,0.010443792678415775,54.284759521484375,1644.99267578125,213.0,274,297,516,472.0,135.0,555.0,,,170.0,1.0
ghost_chase_pugtrain_ctf4_triplays.dm_26.dm_meta,4742949,4250061,,MOD_ROCKET_SPLASH,bad,False,0.29333333333333333,0.24,0.1568278007811117,0.23098099698609664,00:08:13.783,^7g^1h^7o^1s^7t^1`-,^7g^1h^7o^1s^7t^1`-,MOD_ROCKET_SPLASH,0.0,0.0,91.310791015625,2766.99365234375,0.0,557,90,380,557.0,90.0,380.0,,,0.0,0.0
ghost_chase_pugtrain_ctf4_triplays.dm_26.dm_meta,4744401,4250061,,MOD_FALLING,bad,True,,,,,00:08:15.235,^7g^1h^7o^1s^7t^1`-,sq,MOD_FALLING,0.0,0.0,0.14450258016586304,4.378866195678711,851.0,424,0,1150,165.0,0.0,719.0,,,3.0,0.0
ghost_chase_pugtrain_ctf4_triplays.dm_26.dm_meta,4814163,4250061,,MOD_BRYAR_PISTOL_ALT,good,False,0.5166666666666667,0.49666666666666665,0.7230345358718557,0.5974994923711747,00:09:24.997,^7g^1h^7o^1s^7t^1`-,^1M^7aule^1D,MOD_BRYAR_PISTOL_ALT,1.940603494644165,0.007350770756602287,139.5594024658203,4229.07275390625,560.0,463,0,431,1118.0,391.0,611.0,330.0,0.0,339.0,89.0
ghost_chase_pugtrain_ctf4_triplays.dm_26.dm_meta,4847955,4250061,,MOD_DISRUPTOR_SNIPER,bad,True,,,,,00:09:58.789,^7g^1h^7o^1s^7t^1`-,sq,MOD_DISRUPTOR_SNIPER,0.0,0.0,1.5235486030578613,46.16814041137695,2557.0,0,0,0,779.0,282.0,830.0,,,177.0,46.0
ghost_chase_pugtrain_ctf4_triplays.dm_26.dm_meta,4927914,4250061,,MOD_SABER,bad,False,,,,,00:11:18.748,^7g^1h^7o^1s^7t^1`-,^1M^7aule^1D,MOD_SABER,25.71721839904785,0.12988494336605072,30.801273345947266,933.3719482421875,41.0,35,0,190,61.0,294.0,302.0,,,51.0,24.0
ghost_chase_pugtrain_ctf4_triplays.dm_26.dm_meta,4957218,4250061,,MOD_SABER,bad,True,,,,,00:11:48.052,^7g^1h^7o^1s^7t^1`-,sq,MOD_SABER,31.170406341552734,0.31485259532928467,31.427248001098633,952.3408813476562,71.0,441,0,402,171.0,0.0,214.0,,,3.0,0.0
ghost_chase_pugtrain_ctf4_triplays.dm_26.dm_meta,4987149,4250061,,MOD_REPEATER_ALT_SPLASH,bad,False,0.25,0.14333333333333334,0.09789368853473548,0.10138633169492663,00:12:17.983,^7g^1h^7o^1s^7t^1`-,^1M^7aule^1D,MOD_REPEATER_ALT_SPLASH,34.39347839355469,0.0947478711605072,108.89348602294922,3299.802734375,127.0,351,98,817,327.0,52.0,119.0,,,63.0,0.0
ghost_chase_pugtrain_ctf4_triplays.dm_26.dm_meta,4998633,4250061,,MOD_ROCKET,bad,True,0.08333333333333333,0.17666666666666667,0.07429722262111371,0.007541316812249786,00:12:29.467,^7g^1h^7o^1s^7t^1`-,sq,MOD_ROCKET,83.2044906616211,0.14007489383220673,83.2044906616211,2521.34814453125,133.0,408,32,427,818.0,353.0,420.0,99.0,7.0,1224.0,398.0
ghost_chase_pugtrain_ctf4_triplays.dm_26.dm_meta,5039124,4250061,,MOD_ROCKET_SPLASH,bad,False,0.24666666666666667,0.2866666666666667,0.12675293758377343,0.13136219621565673,00:13:09.958,^7g^1h^7o^1s^7t^1`-,^7g^1h^7o^1s^7t^1`-,MOD_ROCKET_SPLASH,0.0,0.0,1.7931625843048096,54.338260650634766,0.0,547,111,543,547.0,111.0,543.0,,,0.0,0.0
ghost_chase_pugtrain_ctf4_triplays.dm_26.dm_meta,5090307,4250061,,MOD_ROCKET_SPLASH,bad,False,0.44,0.3,0.10766449599203841,0.3262112435218567,00:14:01.141,^7g^1h^7o^1s^7t^1`-,,MOD_ROCKET_SPLASH,0.9685742855072021,0.029350735247135162,5.008639335632324,151.77694702148438,143.0,182,14,765,12.0,266.0,213.0,,,8.0,1.0
ghost_chase_pugtrain_ctf4_triplays.dm_26.dm_meta,5116377,4250061,,MOD_ROCKET_SPLASH,bad,False,0.12,0.23,0.16130665576143763,0.06638882057592227,00:14:27.211,^7g^1h^7o^1s^7t^1`-,sq,MOD_ROCKET_SPLASH,20.104656219482422,0.15230800211429596,77.15521240234375,2338.036865234375,185.0,520,56,412,646.0,429.0,446.0,,,705.0,40.0
ghost_chase_pugtrain_ctf4_triplays.dm_26.dm_meta,5152413,4250061,,MOD_ROCKET_SPLASH,bad,True,0.10333333333333333,0.15,0.14222235810385583,0.05391454179148485,00:15:03.247,^7g^1h^7o^1s^7t^1`-,sq,MOD_ROCKET_SPLASH,25.234512329101562,0.38234108686447144,80.8090591430664,2448.75927734375,173.0,538,82,328,590.0,193.0,450.0,,,484.0,69.0
ghost_chase_pugtrain_ctf4_triplays.dm_26.dm_meta,5182179,4250061,,MOD_ROCKET_SPLASH,bad,False,0.12,0.16666666666666666,0.19982446856572247,0.21860649935398987,00:15:33.013,^7g^1h^7o^1s^7t^1`-,sq,MOD_ROCKET_SPLASH,0.42860761284828186,0.012988109141588211,34.126895904541016,1034.1483154296875,181.0,258,10,258,353.0,247.0,398.0,,,246.0,0.0
ghost_chase_pugtrain_ctf4_triplays.dm_26.dm_meta,5246859,4250061,,MOD_THERMAL_SPLASH,bad,False,,,,,00:16:37.693,^7g^1h^7o^1s^7t^1`-,,MOD_THERMAL_SPLASH,7.504002094268799,0.2273939996957779,85.51553344726562,2591.3798828125,169.0,243,5,257,419.0,146.0,336.0,,,64.0,8.0
ghost_chase_pugtrain_ctf4_triplays.dm_26.dm_meta,5282664,4250061,,MOD_REPEATER_ALT_SPLASH,bad,False,0.4033333333333333,0.4766666666666667,0.16603288038080458,0.31075730955259623,00:17:13.498,^7g^1h^7o^1s^7t^1`-,^1M^7aule^1D,MOD_REPEATER_ALT_SPLASH,3.8114960193634033,0.11549987643957138,5.740398406982422,173.9514617919922,189.0,425,0,401,327.0,69.0,382.0,,,71.0,9.0
ghost_chase_pugtrain_ctf4_triplays.dm_26.dm_meta,5336487,4250061,,MOD_ROCKET_SPLASH,bad,False,0.26666666666666666,0.22,0.3389803164603449,0.10683499101737153,00:18:07.321,^7g^1h^7o^1s^7t^1`-,^1M^7aule^1D,MOD_ROCKET_SPLASH,14.508281707763672,0.016909418627619743,14.60923957824707,442.7042236328125,629.0,232,144,238,426.0,53.0,328.0,,,576.0,367.0
ghost_chase_pugtrain_ctf4_triplays.dm_26.dm_meta,5373249,4250061,,MOD_REPEATER_ALT_SPLASH,bad,False,0.20333333333333334,0.27,0.41092990062407325,0.17957311090408115,00:18:44.083,^7g^1h^7o^1s^7t^1`-,sq,MOD_REPEATER_ALT_SPLASH,4.550037860870361,0.01969713345170021,33.7137336730957,1021.6282958984375,452.0,148,0,207,479.0,221.0,528.0,,,33.0,7.0
ghost_chase_pugtrain_ctf4_triplays.dm_26.dm_meta,5410077,4250061,,MOD_REPEATER_ALT_SPLASH,bad,True,0.36,0.24666666666666667,0.08518976834795895,0.5435463977616272,00:19:20.911,^7g^1h^7o^1s^7t^1`-,sq,MOD_REPEATER_ALT_SPLASH,52.50225830078125,0.10606516897678375,100.91206359863281,3057.94140625,80.0,466,52,404,8.0,209.0,286.0,,,4.0,0.0
ghost_chase_pugtrain_dosuun (2).dm_26.dm_meta,277714057,277648915,,MOD_REPEATER_ALT_SPLASH,bad,True,0.44,0.37,0.3238484154912653,0.5210749208893007,00:01:06.103,^7g^1h^7o^1s^7t^1`-,Seal ^1<3's ^7m&ms,MOD_REPEATER_ALT_SPLASH,0.0,0.0,168.31423950195312,5100.431640625,385.0,26,352,302,463.0,379.0,423.0,,,407.0,304.0
ghost_chase_pugtrain_dosuun (2).dm_26.dm_meta,277771345,277648915,,MOD_ROCKET_SPLASH,bad,False,0.15666666666666668,0.14,0.15851287306719253,0.13552303163862864,00:02:03.391,^7g^1h^7o^1s^7t^1`-,Seal ^1<3's ^7m&ms,MOD_ROCKET_SPLASH,24.764286041259766,0.07504329085350037,32.155487060546875,974.40869140625,108.0,432,1,316,560.0,163.0,405.0,,,92.0,12.0
ghost_chase_pugtrain_dosuun (2).dm_26.dm_meta,277826620,277648915,,MOD_ROCKET_SPLASH,bad,False,0.21,0.21,0.2586400539760887,0.1978580934737591,00:02:58.666,^7g^1h^7o^1s^7t^1`-,mythols,MOD_ROCKET_SPLASH,23.258403778076172,0.03709474205970764,83.38943481445312,2526.95263671875,254.0,287,28,396,709.0,99.0,363.0,,,66.0,21.0
ghost_chase_pugtrain_dosuun (2).dm_26.dm_meta,277921363,277648915,,MOD_ROCKET_SPLASH,bad,False,0.22333333333333333,0.29,0.16741202901978194,0.14951266655043555,00:04:33.409,^7g^1h^7o^1s^7t^1`-,RAWR,MOD_ROCKET_SPLASH,2.946650981903076,0.029764151200652122,25.884662628173828,784.3837280273438,229.0,495,231,448,223.0,719.0,487.0,,,150.0,132.0
ghost_chase_pugtrain_dosuun (2).dm_26.dm_meta,277955485,277648915,,MOD_ROCKET_SPLASH,bad,True,0.25333333333333335,0.18333333333333332,0.18189011620295106,0.13241357942018622,00:05:07.531,^7g^1h^7o^1s^7t^1`-,Seal ^1<3's ^7m&ms,MOD_ROCKET_SPLASH,4.112732887268066,0.024925654754042625,57.55259323120117,1744.0179443359375,271.0,836,141,423,776.0,108.0,579.0,,,1042.0,432.0
ghost_chase_pugtrain_dosuun (2).dm_26.dm_meta,277975945,277648915,,MOD_ROCKET_SPLASH,bad,True,0.06666666666666667,0.07666666666666666,0.09058836015894697,0.06242878330100304,00:05:27.991,^7g^1h^7o^1s^7t^1`-,mythols,MOD_ROCKET_SPLASH,112.40155029296875,0.2003592699766159,173.4353790283203,5255.61767578125,145.0,308,42,405,437.0,111.0,286.0,,,206.0,10.0
ghost_chase_pugtrain_dosuun (2).dm_26.dm_meta,278001487,277648915,,MOD_BRYAR_PISTOL_ALT,bad,True,0.25333333333333335,0.27,0.04112088780892577,0.008837409537872602,00:05:53.533,^7g^1h^7o^1s^7t^1`-,Seal ^1<3's ^7m&ms,MOD_BRYAR_PISTOL_ALT,0.0,0.0,65.1888198852539,1975.4188232421875,250.0,306,841,602,635.0,421.0,391.0,198.0,-26.0,90.0,29.0
ghost_chase_pugtrain_dosuun (2).dm_26.dm_meta,278012014,277648915,,MOD_ROCKET_SPLASH,bad,True,0.26666666666666666,0.21666666666666667,0.24986788851709044,0.5291652335432161,00:06:04.060,^7g^1h^7o^1s^7t^1`-,Seal ^1<3's ^7m&ms,MOD_ROCKET_SPLASH,0.9260666370391846,0.0035078281071037054,169.74960327148438,5143.92724609375,180.0,399,22,322,427.0,125.0,310.0,,,162.0,0.0
ghost_chase_pugtrain_dosuun (2).dm_26.dm_meta,278033563,277648915,,MOD_ROCKET_SPLASH,bad,False,0.26,0.25,0.2813943642477965,0.18194486539161056,00:06:25.609,^7g^1h^7o^1s^7t^1`-,mythols,MOD_ROCKET_SPLASH,0.8001939654350281,0.02424830198287964,25.519582748413086,773.3206787109375,676.0,508,153,639,564.0,682.0,333.0,,,1379.0,675.0
ghost_chase_pugtrain_dosuun (2).dm_26.dm_meta,278059237,277648915,,MOD_ROCKET_SPLASH,bad,False,0.32,0.39666666666666667,0.39583085942504276,0.2241711908817299,00:06:51.283,^7g^1h^7o^1s^7t^1`-,mythols,MOD_ROCKET_SPLASH,0.0,0.0,88.89625549316406,2693.825927734375,631.0,227,185,546,295.0,14.0,335.0,,,165.0,80.0
ghost_chase_pugtrain_dosuun (2).dm_26.dm_meta,278093821,277648915,,MOD_DET_PACK_SPLASH,bad,False,,,,,00:07:25.867,^7g^1h^7o^1s^7t^1`-,mythols,MOD_DET_PACK_SPLASH,0.02197265625,0.0006658380734734237,2.997687816619873,90.83902740478516,362.0,516,21,565,698.0,235.0,454.0,,,487.0,0.0
ghost_chase_pugtrain_dosuun (2).dm_26.dm_meta,278093821,277648915,,MOD_DET_PACK_SPLASH,bad,False,,,,,00:07:25.867,^7g^1h^7o^1s^7t^1`-,"narZ, benevolent impresario",MOD_DET_PACK_SPLASH,0.02197265625,0.0006658380734734237,2.997687816619873,90.83902740478516,532.0,516,21,565,60.0,107.0,282.0,,,112.0,15.0
ghost_chase_pugtrain_dosuun (2).dm_26.dm_meta,278121574,277648915,,MOD_TRIP_MINE_SPLASH,bad,False,,,,,00:07:53.620,^7g^1h^7o^1s^7t^1`-,Seal ^1<3's ^7m&ms,MOD_TRIP_MINE_SPLASH,14.831963539123535,0.03457334265112877,42.65647506713867,1292.6204833984375,448.0,52,594,474,437.0,136.0,433.0,,,175.0,0.0
ghost_chase_pugtrain_dosuun (2).dm_26.dm_meta,278175199,277648915,,MOD_ROCKET_SPLASH,bad,True,0.2633333333333333,0.17,0.08528725172953132,0.26887560130539084,00:08:47.245,^7g^1h^7o^1s^7t^1`-,Seal ^1<3's ^7m&ms,MOD_ROCKET_SPLASH,71.27367401123047,0.1963462084531784,148.99658203125,4515.0478515625,148.0,359,172,393,90.0,204.0,209.0,,,87.0,55.0
ghost_chase_pugtrain_dosuun (2).dm_26.dm_meta,278214337,277648915,,MOD_BRYAR_PISTOL_ALT,bad,True,0.21666666666666667,0.22333333333333333,0.10621828247333384,0.009418937886573213,00:09:26.383,^7g^1h^7o^1s^7t^1`-,RAWR,MOD_BRYAR_PISTOL_ALT,44.92286682128906,0.1701623797416687,135.1952667236328,4096.826171875,78.0,318,0,401,202.0,184.0,320.0,,,57.0,33.0
ghost_chase_pugtrain_dosuun (2).dm_26.dm_meta,278222389,277648915,,MOD_ROCKET_SPLASH,bad,True,0.13333333333333333,0.09,0.09137540341277335,0.052440728241820826,00:09:34.435,^7g^1h^7o^1s^7t^1`-,^7g^1h^7o^1s^7t^1`-,MOD_ROCKET_SPLASH,62.86176681518555,0.15874183177947998,107.12120819091797,3246.09716796875,0.0,489,89,378,489.0,89.0,378.0,,,0.0,0.0
ghost_chase_pugtrain_dosuun (2).dm_26.dm_meta,278338054,277648915,,MOD_ROCKET_SPLASH,bad,False,0.13,0.10333333333333333,0.17306494839846273,0.11409292232567343,00:11:30.100,^7g^1h^7o^1s^7t^1`-,Seal ^1<3's ^7m&ms,MOD_ROCKET_SPLASH,20.6971492767334,0.036893315613269806,20.6971492767334,627.1863403320312,217.0,437,0,500,529.0,154.0,394.0,,,245.0,0.0
ghost_chase_pugtrain_dosuun (2).dm_26.dm_meta,278432830,277648915,,MOD_ROCKET_SPLASH,bad,False,0.15333333333333332,0.18666666666666668,0.1578189122892711,0.10381187353594618,00:13:04.876,^7g^1h^7o^1s^7t^1`-,mythols,MOD_ROCKET_SPLASH,24.681734085083008,0.12465522438287735,24.681734085083008,747.9313354492188,146.0,220,4,419,318.0,350.0,534.0,,,17.0,0.0
ghost_chase_pugtrain_dosuun (2).dm_26.dm_meta,278541928,277648915,,MOD_BRYAR_PISTOL_ALT,bad,False,0.21,0.18666666666666668,0.07321861550527978,0.004062841706313355,00:14:53.974,^7g^1h^7o^1s^7t^1`-,Seal ^1<3's ^7m&ms,MOD_BRYAR_PISTOL_ALT,12.597600936889648,0.014682518318295479,28.2525691986084,856.1384887695312,60.0,139,0,413,164.0,289.0,249.0,33.0,-1.0,156.0,1.0
ghost_chase_pugtrain_dosuun (2).dm_26.dm_meta,278597071,277648915,,MOD_TRIP_MINE_SPLASH,bad,False,,,,,00:15:49.117,^7g^1h^7o^1s^7t^1`-,dream,MOD_TRIP_MINE_SPLASH,9.89722728729248,0.042845141142606735,19.553457260131836,592.5289916992188,119.0,594,68,435,686.0,85.0,325.0,,,703.0,338.0
ghost_chase_pugtrain_dosuun (2).dm_26.dm_meta,278646043,277648915,,MOD_ROCKET_SPLASH,bad,False,0.12,0.22,0.1686855390120805,0.0660586747599674,00:16:38.089,^7g^1h^7o^1s^7t^1`-,RAWR,MOD_ROCKET_SPLASH,4.974520206451416,0.1507430374622345,93.39108276367188,2830.03271484375,155.0,301,0,468,451.0,156.0,216.0,,,247.0,15.0
ghost_chase_pugtrain_dosuun (2).dm_26.dm_meta,278647297,277648915,,MOD_ROCKET_SPLASH,bad,False,0.37,0.44666666666666666,0.16000452680547408,0.1879332177268303,00:16:39.343,^7g^1h^7o^1s^7t^1`-,mythols,MOD_ROCKET_SPLASH,4.685527324676514,0.0709928348660469,7.452029228210449,225.81906127929688,170.0,460,0,445,361.0,139.0,419.0,,,155.0,0.0
ghost_chase_pugtrain_dosuun (2).dm_26.dm_meta,278840281,277648915,,MOD_TRIP_MINE_SPLASH,bad,True,,,,,00:19:52.327,^7g^1h^7o^1s^7t^1`-,Seal ^1<3's ^7m&ms,MOD_TRIP_MINE_SPLASH,18.644878387451172,0.5649963021278381,27.246347427368164,825.6469116210938,95.0,774,37,428,608.0,139.0,398.0,,,70.0,0.0
ghost_chase_pugtrain_kejim (4).dm_26.dm_meta,372107590,372080365,,MOD_TRIP_MINE_SPLASH,bad,False,,,,,00:00:28.021,^7g^1h^7o^1s^7t^1`-,^7Smurf,MOD_TRIP_MINE_SPLASH,13.757204055786133,0.20844247937202454,32.147708892822266,974.1729736328125,291.0,475,37,395,168.0,160.0,254.0,,,71.0,0.0
ghost_chase_pugtrain_kejim (4).dm_26.dm_meta,372139996,372080365,,MOD_TRIP_MINE_SPLASH,bad,False,,,,,00:01:00.427,^7g^1h^7o^1s^7t^1`-,^7~^4E^1S^7~Diamond^1Back^7P^1L,MOD_TRIP_MINE_SPLASH,0.0,0.0,2.153327465057373,65.25234985351562,500.0,422,141,452,182.0,100.0,164.0,,,54.0,0.0
ghost_chase_pugtrain_kejim (4).dm_26.dm_meta,372157156,372080365,,MOD_BRYAR_PISTOL_ALT,bad,False,0.31333333333333335,0.42333333333333334,0.1103458336118415,0.23952492353957866,00:01:17.587,^7g^1h^7o^1s^7t^1`-,^7Smurf,MOD_BRYAR_PISTOL_ALT,18.28824234008789,0.0395849384367466,35.52543640136719,1076.5284423828125,456.0,429,0,350,629.0,23.0,235.0,264.0,-3.0,90.0,0.0
ghost_chase_pugtrain_kejim (4).dm_26.dm_meta,372167914,372080365,,MOD_REPEATER_ALT_SPLASH,bad,False,0.08333333333333333,0.10666666666666667,0.12401483114243066,0.050733369455806795,00:01:28.345,^7g^1h^7o^1s^7t^1`-,^1M^7aule^1D,MOD_REPEATER_ALT_SPLASH,2.3853871822357178,0.014456892386078835,2.621896982192993,79.45142364501953,338.0,252,0,467,331.0,334.0,390.0,,,1438.0,1371.0
ghost_chase_pugtrain_kejim (4).dm_26.dm_meta,372205237,372080365,,MOD_TRIP_MINE_SPLASH,bad,False,,,,,00:02:05.668,^7g^1h^7o^1s^7t^1`-,^1M^7aule^1D,MOD_TRIP_MINE_SPLASH,0.0,0.0,46.79205322265625,1417.9410400390625,178.0,310,109,507,419.0,573.0,488.0,,,163.0,44.0
ghost_chase_pugtrain_kejim (4).dm_26.dm_meta,372215830,372080365,,MOD_FLECHETTE_ALT_SPLASH,bad,False,0.20333333333333334,0.30333333333333334,0.17198600326485822,0.151707562980652,00:02:16.261,^7g^1h^7o^1s^7t^1`-,^1M^7aule^1D,MOD_FLECHETTE_ALT_SPLASH,1.6869738101959229,0.002434305613860488,54.19367599487305,1642.232666015625,140.0,266,13,413,326.0,22.0,277.0,,,38.0,0.0
ghost_chase_pugtrain_kejim (4).dm_26.dm_meta,372215896,372080365,,MOD_FLECHETTE_ALT_SPLASH,bad,False,0.11,0.20333333333333334,0.18483308783712138,0.1863203132173835,00:02:16.327,^7g^1h^7o^1s^7t^1`-,^4^^0Divi^7ne,MOD_FLECHETTE_ALT_SPLASH,0.0,0.0,22.385374069213867,678.3446655273438,180.0,384,0,409,499.0,24.0,245.0,,,153.0,14.0
ghost_chase_pugtrain_kejim (4).dm_26.dm_meta,372235630,372080365,,MOD_TRIP_MINE_SPLASH,bad,False,,,,,00:02:36.061,^7g^1h^7o^1s^7t^1`-,^1M^7aule^1D,MOD_TRIP_MINE_SPLASH,0.0,0.0,0.6142772436141968,18.61446189880371,185.0,516,129,789,166.0,91.0,371.0,,,18.0,12.0
ghost_chase_pugtrain_kejim (4).dm_26.dm_meta,372260974,372080365,,MOD_DISRUPTOR_SNIPER,bad,False,,,,,00:03:01.405,^7g^1h^7o^1s^7t^1`-,^7~^4E^1S^7~Diamond^1Back^7P^1L,MOD_DISRUPTOR_SNIPER,0.0,0.0,12.318761825561523,373.2958068847656,435.0,0,0,0,0.0,0.0,238.0,,,0.0,0.0
ghost_chase_pugtrain_kejim (4).dm_26.dm_meta,372281203,372080365,,MOD_ROCKET_SPLASH,bad,True,0.25,0.24,0.11256404681255239,0.1472602756860605,00:03:21.634,^7g^1h^7o^1s^7t^1`-,^1M^7aule^1D,MOD_ROCKET_SPLASH,11.692639350891113,0.11810746788978577,29.61585235595703,897.4500732421875,262.0,93,677,572,226.0,72.0,381.0,,,51.0,0.0
ghost_chase_pugtrain_kejim (4).dm_26.dm_meta,372340801,372080365,,MOD_TRIP_MINE_SPLASH,bad,False,,,,,00:04:21.232,^7g^1h^7o^1s^7t^1`-,^1M^7aule^1D,MOD_TRIP_MINE_SPLASH,0.0,0.0,33.878868103027344,1026.63232421875,177.0,469,0,512,426.0,687.0,371.0,,,385.0,4.0
ghost_chase_pugtrain_kejim (4).dm_26.dm_meta,372382447,372080365,,MOD_THERMAL_SPLASH,bad,False,,,,,00:05:02.878,^7g^1h^7o^1s^7t^1`-,^1M^7aule^1D,MOD_THERMAL_SPLASH,7.3789963722229,0.11180297285318375,18.222885131835938,552.2086181640625,169.0,657,32,790,313.0,16.0,330.0,,,25.0,0.0
ghost_chase_pugtrain_kejim (4).dm_26.dm_meta,372474154,372080365,,MOD_TRIP_MINE_SPLASH,bad,False,,,,,00:06:34.585,^7g^1h^7o^1s^7t^1`-,^7~^4E^1S^7~Diamond^1Back^7P^1L,MOD_TRIP_MINE_SPLASH,2.2848458290100098,0.023079250007867813,11.715580940246582,355.0176086425781,120.0,525,261,182,764.0,828.0,454.0,,,124.0,29.0
ghost_chase_pugtrain_kejim (4).dm_26.dm_meta,372497749,372080365,,MOD_TRIP_MINE_SPLASH,bad,True,,,,,00:06:58.180,^7g^1h^7o^1s^7t^1`-,^1M^7aule^1D,MOD_TRIP_MINE_SPLASH,46.29833221435547,0.35074493288993835,168.90989685058594,5118.48193359375,196.0,398,0,711,347.0,631.0,231.0,,,550.0,10.0
ghost_chase_pugtrain_kejim (4).dm_26.dm_meta,372504085,372080365,,MOD_TRIP_MINE_SPLASH,bad,False,,,,,00:07:04.516,^7g^1h^7o^1s^7t^1`-,SQ,MOD_TRIP_MINE_SPLASH,0.0,0.0,33.42240524291992,1012.8001708984375,302.0,427,0,616,583.0,523.0,545.0,,,684.0,450.0
ghost_chase_pugtrain_kejim (4).dm_26.dm_meta,372545995,372080365,,MOD_TRIP_MINE_SPLASH,bad,False,,,,,00:07:46.426,^7g^1h^7o^1s^7t^1`-,^1M^7aule^1D,MOD_TRIP_MINE_SPLASH,4.989162921905518,0.05039558559656143,11.01302719116211,333.72808837890625,122.0,465,4,408,203.0,135.0,192.0,,,77.0,0.0
ghost_chase_pugtrain_kejim (4).dm_26.dm_meta,372627208,372080365,,MOD_TRIP_MINE_SPLASH,bad,False,,,,,00:09:07.639,^7g^1h^7o^1s^7t^1`-,^1M^7aule^1D,MOD_TRIP_MINE_SPLASH,4.289770603179932,0.014443672262132168,5.348516941070557,162.07627868652344,242.0,195,0,281,389.0,91.0,186.0,,,114.0,0.0
ghost_chase_pugtrain_kejim (4).dm_26.dm_meta,372636118,372080365,,MOD_FALLING,bad,False,,,,,00:09:16.549,^7g^1h^7o^1s^7t^1`-,^4^^0Divi^7ne,MOD_FALLING,0.0,0.0,2.297252893447876,69.61372375488281,425.0,522,426,498,678.0,0.0,883.0,,,61.0,0.0
ghost_chase_pugtrain_kejim (4).dm_26.dm_meta,372696310,372080365,,MOD_ROCKET,bad,False,0.09,0.07,0.14847022494052484,0.08287569463558936,00:10:16.741,^7g^1h^7o^1s^7t^1`-,^7~^4E^1S^7~Diamond^1Back^7P^1L,MOD_ROCKET,0.0,0.0,59.88119125366211,1814.58154296875,283.0,160,0,439,857.0,348.0,715.0,264.0,1.0,2442.0,1788.0
ghost_chase_pugtrain_kejim (4).dm_26.dm_meta,372714592,372080365,,MOD_ROCKET_SPLASH,bad,False,0.17333333333333334,0.19333333333333333,0.25882839342891156,0.09599570122019997,00:10:35.023,^7g^1h^7o^1s^7t^1`-,^1M^7aule^1D,MOD_ROCKET_SPLASH,0.0,0.0,35.209312438964844,1066.9488525390625,291.0,359,26,308,535.0,49.0,244.0,,,107.0,0.0
ghost_chase_pugtrain_kejim (4).dm_26.dm_meta,372744061,372080365,,MOD_ROCKET_SPLASH,bad,False,0.22,0.37666666666666665,0.15270808294468025,0.07496055930785368,00:11:04.492,^7g^1h^7o^1s^7t^1`-,^7~^4E^1S^7~Diamond^1Back^7P^1L,MOD_ROCKET_SPLASH,0.09902942180633545,0.0030008915346115828,69.30513000488281,2100.155517578125,113.0,607,1,409,222.0,42.0,304.0,,,12.0,0.0
ghost_chase_pugtrain_kejim (4).dm_26.dm_meta,372765115,372080365,,MOD_TRIP_MINE_SPLASH,bad,False,,,,,00:11:25.546,^7g^1h^7o^1s^7t^1`-,^7~^4E^1S^7~Diamond^1Back^7P^1L,MOD_TRIP_MINE_SPLASH,0.07922353595495224,0.002400713274255395,9.565018653869629,289.84906005859375,389.0,449,0,401,95.0,153.0,427.0,,,6.0,0.0
ghost_chase_pugtrain_kejim (4).dm_26.dm_meta,372789106,372080365,,MOD_TRIP_MINE_SPLASH,bad,False,,,,,00:11:49.537,^7g^1h^7o^1s^7t^1`-,^7~^4E^1S^7~Diamond^1Back^7P^1L,MOD_TRIP_MINE_SPLASH,2.916844129562378,0.022097304463386536,83.21731567382812,2521.73681640625,251.0,269,0,350,251.0,244.0,512.0,,,206.0,46.0
ghost_chase_pugtrain_kejim (4).dm_26.dm_meta,372910084,372080365,,MOD_TRIP_MINE_SPLASH,bad,True,,,,,00:13:50.515,^7g^1h^7o^1s^7t^1`-,^7~^4E^1S^7~Diamond^1Back^7P^1L,MOD_TRIP_MINE_SPLASH,127.57905578613281,0.19330160319805145,127.57905578613281,3866.031982421875,232.0,626,0,297,626.0,9.0,543.0,,,49.0,0.0
ghost_chase_pugtrain_kejim (4).dm_26.dm_meta,373003771,372080365,,MOD_TRIP_MINE_SPLASH,bad,False,,,,,00:15:24.202,^7g^1h^7o^1s^7t^1`-,^1M^7aule^1D,MOD_TRIP_MINE_SPLASH,2.336887836456299,0.07081478089094162,6.964970111846924,211.05970764160156,250.0,442,0,391,506.0,24.0,441.0,,,82.0,12.0
ghost_chase_pugtrain_kejim (4).dm_26.dm_meta,373035847,372080365,,MOD_ROCKET_SPLASH,bad,True,0.36666666666666664,0.2966666666666667,0.24305545383564764,0.24081056086466418,00:15:56.278,^7g^1h^7o^1s^7t^1`-,^1M^7aule^1D,MOD_ROCKET_SPLASH,24.461639404296875,0.032228775322437286,159.1560516357422,4822.91064453125,259.0,358,0,866,759.0,290.0,810.0,,,730.0,52.0
ghost_chase_pugtrain_kejim (4).dm_26.dm_meta,373092244,372080365,,MOD_FLECHETTE_ALT_SPLASH,bad,False,0.18333333333333332,0.2633333333333333,0.1371187431108011,0.22794941892095985,00:16:52.675,^7g^1h^7o^1s^7t^1`-,SQ,MOD_FLECHETTE_ALT_SPLASH,3.4120023250579834,0.10339400917291641,17.570547103881836,532.4407958984375,128.0,588,118,359,586.0,138.0,208.0,,,288.0,14.0
ghost_chase_pugtrain_kejim (4).dm_26.dm_meta,373107193,372080365,,MOD_TRIP_MINE_SPLASH,bad,False,,,,,00:17:07.624,^7g^1h^7o^1s^7t^1`-,SQ,MOD_TRIP_MINE_SPLASH,1.3171228170394897,0.039912812411785126,9.784749984741211,296.507568359375,207.0,538,0,599,315.0,137.0,62.0,,,120.0,0.0
ghost_chase_pugtrain_kejim (4).dm_26.dm_meta,373140589,372080365,,MOD_TRIP_MINE_SPLASH,bad,False,,,,,00:17:41.020,^7g^1h^7o^1s^7t^1`-,^1M^7aule^1D,MOD_TRIP_MINE_SPLASH,7.246064186096191,0.054894424974918365,33.15254211425781,1004.6224975585938,153.0,121,329,623,330.0,51.0,581.0,,,231.0,133.0
ghost_chase_pugtrain_kejim (4).dm_26.dm_meta,373278727,372080365,,MOD_FLECHETTE_ALT_SPLASH,bad,True,0.13666666666666666,0.056666666666666664,0.07255726813087776,0.012300258762515266,00:19:59.158,^7g^1h^7o^1s^7t^1`-,^7g^1h^7o^1s^7t^1`-,MOD_FLECHETTE_ALT_SPLASH,50.39631271362305,0.30543220043182373,64.97666931152344,1968.989990234375,0.0,892,679,518,892.0,679.0,518.0,,,0.0,0.0
ghost_chase_pugtrain_kothis (2).dm_26.dm_meta,284843821,284814451,,MOD_ROCKET_SPLASH,bad,False,0.33666666666666667,0.3933333333333333,0.2058481136542599,0.2923364754869347,00:00:30.166,^7g^1h^7o^1s^7t^1`-,Seaal ^1<3^7's M&Ms,MOD_ROCKET_SPLASH,0.19068481028079987,0.005778327584266663,71.57356262207031,2168.895751953125,281.0,277,80,402,196.0,139.0,174.0,,,78.0,0.0
ghost_chase_pugtrain_kothis (2).dm_26.dm_meta,284908831,284814451,,MOD_ROCKET_SPLASH,bad,False,0.13666666666666666,0.21,0.08952709072207073,0.04781661519547319,00:01:35.176,^7g^1h^7o^1s^7t^1`-,,MOD_ROCKET_SPLASH,0.5021364688873291,0.015216256491839886,41.93877029418945,1270.871826171875,63.0,503,256,466,180.0,134.0,305.0,,,277.0,210.0
ghost_chase_pugtrain_kothis (2).dm_26.dm_meta,284915365,284814451,,MOD_CONC,bad,False,,,,,00:01:41.710,^7g^1h^7o^1s^7t^1`-,^4^^0Divi^7ne,MOD_CONC,13.472000122070312,0.037112947553396225,60.75777053833008,1841.14453125,481.0,305,70,315,756.0,274.0,556.0,165.0,1.0,271.0,97.0
ghost_chase_pugtrain_kothis (2).dm_26.dm_meta,284930413,284814451,,MOD_ROCKET_SPLASH,bad,False,0.10666666666666667,0.13333333333333333,0.16338383436884973,0.09322332971978924,00:01:56.758,^7g^1h^7o^1s^7t^1`-,^2^^0de^4s^2t^1.,MOD_ROCKET_SPLASH,0.0,0.0,86.07774353027344,2608.41650390625,85.0,634,104,554,660.0,183.0,451.0,,,346.0,0.0
ghost_chase_pugtrain_kothis (2).dm_26.dm_meta,284951467,284814451,,MOD_REPEATER_ALT_SPLASH,bad,False,0.16666666666666666,0.26,0.18982969206829167,0.12351044083289937,00:02:17.812,^7g^1h^7o^1s^7t^1`-,^4^^0Divi^7ne,MOD_REPEATER_ALT_SPLASH,0.0,0.0,73.94121551513672,2240.642822265625,102.0,276,17,483,564.0,38.0,485.0,,,234.0,52.0
ghost_chase_pugtrain_kothis (2).dm_26.dm_meta,285015883,284814451,,MOD_ROCKET_SPLASH,bad,False,0.18333333333333332,0.2633333333333333,0.15753946670639793,0.06121864448400863,00:03:22.228,^7g^1h^7o^1s^7t^1`-,vis,MOD_ROCKET_SPLASH,8.29227066040039,0.25128093361854553,34.713016510009766,1051.9095458984375,243.0,235,284,318,329.0,88.0,336.0,,,90.0,0.0
ghost_chase_pugtrain_kothis (2).dm_26.dm_meta,285038554,284814451,,MOD_ROCKET_SPLASH,bad,True,0.3233333333333333,0.3333333333333333,0.07093901308310616,0.06425938250751777,00:03:44.899,^7g^1h^7o^1s^7t^1`-,^4^^0Divi^7ne,MOD_ROCKET_SPLASH,9.312183380126953,0.2821873724460602,83.89374542236328,2542.234619140625,84.0,166,145,951,94.0,337.0,25.0,,,85.0,12.0
ghost_chase_pugtrain_kothis (2).dm_26.dm_meta,285047893,284814451,,MOD_BRYAR_PISTOL_ALT,bad,False,0.35,0.4666666666666667,0.4519275756101344,0.11885235251173296,00:03:54.238,^7g^1h^7o^1s^7t^1`-,^2^^0de^4s^2t^1.,MOD_BRYAR_PISTOL_ALT,17.73921012878418,0.0597279816865921,29.646512985229492,898.3792114257812,331.0,733,110,687,1194.0,376.0,762.0,297.0,-6.0,217.0,1.0
ghost_chase_pugtrain_kothis (2).dm_26.dm_meta,285264802,284814451,,MOD_ROCKET_SPLASH,bad,False,0.20333333333333334,0.20333333333333334,0.43294055675041543,0.14193763293981218,00:07:31.147,^7g^1h^7o^1s^7t^1`-,^4^^0Divi^7ne,MOD_ROCKET_SPLASH,0.0,0.0,116.32844543457031,3525.1044921875,409.0,257,0,289,605.0,41.0,452.0,,,42.0,0.0
ghost_chase_pugtrain_kothis (2).dm_26.dm_meta,285275692,284814451,,MOD_TRIP_MINE_SPLASH,bad,False,,,,,00:07:42.037,^7g^1h^7o^1s^7t^1`-,^2^^0de^4s^2t^1.,MOD_TRIP_MINE_SPLASH,31.35711669921875,0.055895037949085236,34.95347595214844,1059.1962890625,308.0,435,0,444,476.0,209.0,524.0,,,274.0,0.0
ghost_chase_pugtrain_kothis (2).dm_26.dm_meta,285298396,284814451,,MOD_CONC,bad,False,,,,,00:08:04.741,^7g^1h^7o^1s^7t^1`-,^2^^0de^4s^2t^1.,MOD_CONC,0.0,0.0,18.96855354309082,574.8046264648438,92.0,253,45,629,338.0,78.0,469.0,,,81.0,0.0
ghost_chase_pugtrain_kothis (2).dm_26.dm_meta,285422443,284814451,,MOD_TRIP_MINE_SPLASH,bad,False,,,,,00:10:08.788,^7g^1h^7o^1s^7t^1`-,,MOD_TRIP_MINE_SPLASH,0.272728830575943,0.008264509961009026,9.090829849243164,275.4797058105469,183.0,317,287,478,196.0,188.0,250.0,,,101.0,0.0
ghost_chase_pugtrain_kothis (2).dm_26.dm_meta,285507286,284814451,,MOD_TRIP_MINE_SPLASH,bad,False,,,,,00:11:33.631,^7g^1h^7o^1s^7t^1`-,^2^^0de^4s^2t^1.,MOD_TRIP_MINE_SPLASH,0.0,0.0,19.550806045532227,592.4486694335938,161.0,258,156,276,279.0,4.0,316.0,,,211.0,126.0
ghost_chase_pugtrain_kothis (2).dm_26.dm_meta,285540583,284814451,,MOD_BRYAR_PISTOL_ALT,bad,False,0.21,0.24666666666666667,0.15410996501247565,0.002599093965268252,00:12:06.928,^7g^1h^7o^1s^7t^1`-,,MOD_BRYAR_PISTOL_ALT,0.7952955961227417,0.024099865928292274,99.08659362792969,3002.6240234375,88.0,303,359,331,206.0,104.0,453.0,33.0,-16.0,21.0,0.0
ghost_chase_pugtrain_kothis (2).dm_26.dm_meta,285633181,284814451,,MOD_TRIP_MINE_SPLASH,bad,True,,,,,00:13:39.526,^7g^1h^7o^1s^7t^1`-,^4^^0Divi^7ne,MOD_TRIP_MINE_SPLASH,0.0,0.0,5.682759761810303,172.20484924316406,71.0,829,1387,585,173.0,257.0,471.0,,,436.0,427.0
ghost_chase_pugtrain_kothis (2).dm_26.dm_meta,285633181,284814451,,MOD_FLECHETTE_ALT_SPLASH,bad,True,0.30333333333333334,0.17666666666666667,0.06940411053971898,0.05283935129396763,00:13:39.526,^7g^1h^7o^1s^7t^1`-,^7g^1h^7o^1s^7t^1`-,MOD_FLECHETTE_ALT_SPLASH,0.0,0.0,5.682759761810303,172.20484924316406,0.0,829,1387,585,829.0,1387.0,585.0,,,0.0,0.0
ghost_chase_pugtrain_kothis (2).dm_26.dm_meta,285681724,284814451,,MOD_DISRUPTOR_SNIPER,bad,False,,,,,00:14:28.069,^7g^1h^7o^1s^7t^1`-,^4^^0Divi^7ne,MOD_DISRUPTOR_SNIPER,0.0,0.0,80.82975769042969,2449.38671875,1271.0,0,0,0,835.0,307.0,788.0,,,106.0,11.0
ghost_chase_pugtrain_kothis (2).dm_26.dm_meta,285720598,284814451,,MOD_ROCKET_SPLASH,bad,False,0.24,0.22,0.1122424086235148,0.2487233020751788,00:15:06.943,^7g^1h^7o^1s^7t^1`-,^7g^1h^7o^1s^7t^1`-,MOD_ROCKET_SPLASH,10.65552043914795,0.08072364330291748,24.73493766784668,749.5435791015625,0.0,323,22,341,323.0,22.0,341.0,,,0.0,0.0
ghost_chase_pugtrain_kothis (2).dm_26.dm_meta,285773596,284814451,,MOD_TRIP_MINE_SPLASH,bad,True,,,,,00:15:59.941,^7g^1h^7o^1s^7t^1`-,^2^^0de^4s^2t^1.,MOD_TRIP_MINE_SPLASH,50.85979080200195,0.22017225623130798,63.3231315612793,1918.8828125,169.0,205,54,98,236.0,527.0,412.0,,,176.0,161.0
ghost_chase_pugtrain_kothis (2).dm_26.dm_meta,285813757,284814451,,MOD_TRIP_MINE_SPLASH,bad,False,,,,,00:16:40.102,^7g^1h^7o^1s^7t^1`-,^2^^0de^4s^2t^1.,MOD_TRIP_MINE_SPLASH,29.392566680908203,0.04948243498802185,55.22272872924805,1673.416015625,267.0,429,0,489,551.0,141.0,640.0,,,233.0,0.0
ghost_chase_pugtrain_kothis (2).dm_26.dm_meta,285909127,284814451,,MOD_FALLING,bad,False,,,,,00:18:15.472,^7g^1h^7o^1s^7t^1`-,^2^^0de^4s^2t^1.,MOD_FALLING,0.0,0.0,23.18164825439453,702.4741821289062,781.0,631,319,549,364.0,0.0,835.0,,,18.0,0.0
ghost_chase_pugtrain_kothis (2).dm_26.dm_meta,285934669,284814451,,MOD_TRIP_MINE_SPLASH,bad,True,,,,,00:18:41.014,^7g^1h^7o^1s^7t^1`-,^4^^0Divi^7ne,MOD_TRIP_MINE_SPLASH,57.98004150390625,0.1597246378660202,58.052734375,1759.173828125,189.0,86,301,503,674.0,150.0,335.0,,,186.0,42.0
ghost_chase_pugtrain_kothis (2).dm_26.dm_meta,285990802,284814451,,MOD_ROCKET_SPLASH,bad,True,0.4033333333333333,0.33666666666666667,0.17087803705440913,0.2706057388645025,00:19:37.147,^7g^1h^7o^1s^7t^1`-,^2^^0de^4s^2t^1.,MOD_ROCKET_SPLASH,0.0,0.0,178.6670379638672,5414.15283203125,109.0,192,85,289,215.0,1281.0,247.0,,,649.0,623.0
ghost_chase_pugtrain_kothis (2).dm_26.dm_meta,285992485,284814451,,MOD_FALLING,bad,True,,,,,00:19:38.830,^7g^1h^7o^1s^7t^1`-,smyk,MOD_FALLING,111.21591186523438,0.37446436285972595,111.9232177734375,3391.61279296875,855.0,127,0,194,202.0,0.0,420.0,,,6.0,0.0
ghost_chase_pugtrain_kothis.dm_26.dm_meta,133173626,133105811,,MOD_BRYAR_PISTOL_ALT,bad,False,0.36666666666666664,0.44666666666666666,0.12335415261822923,0.19558402436088548,00:01:08.479,^6<^7ghost^6>,^4^^0eagle^5-^7tra^5i^7n,MOD_BRYAR_PISTOL_ALT,27.8477725982666,0.040184374898672104,28.37406349182129,859.8201293945312,455.0,426,0,543,819.0,6.0,591.0,363.0,0.0,68.0,0.0
ghost_chase_pugtrain_kothis.dm_26.dm_meta,133207385,133105811,,MOD_DISRUPTOR,bad,False,,,,,00:01:42.238,^6<^7ghost^6>,^4^^0eagle^5-^7tra^5i^7n,MOD_DISRUPTOR,0.0,0.0,13.604211807250977,412.24884033203125,396.0,0,0,6,65.0,812.0,309.0,,,243.0,242.0
ghost_chase_pugtrain_kothis.dm_26.dm_meta,133234148,133105811,,MOD_ROCKET_SPLASH,bad,False,0.43,0.31,0.24817335785247294,0.5185007325729011,00:02:09.001,^6<^7ghost^6>,^7samantha the sexy school gur^6l,MOD_ROCKET_SPLASH,3.254462242126465,0.09862006455659866,139.44384765625,4225.5712890625,189.0,153,26,235,409.0,122.0,474.0,,,282.0,72.0
ghost_chase_pugtrain_kothis.dm_26.dm_meta,133245995,133105811,,MOD_REPEATER_ALT_SPLASH,bad,False,0.21666666666666667,0.15333333333333332,0.22041846355795838,0.1875484680717617,00:02:20.848,^6<^7ghost^6>,syku,MOD_REPEATER_ALT_SPLASH,34.865211486816406,0.05282607674598694,47.96644592285156,1453.5286865234375,256.0,426,0,432,726.0,374.0,386.0,,,175.0,62.0
ghost_chase_pugtrain_kothis.dm_26.dm_meta,133272131,133105811,,MOD_ROCKET,bad,False,0.08333333333333333,0.13333333333333333,0.03332540562597166,0.015547158808538544,00:02:46.984,^6<^7ghost^6>,^4^^0eagle^5-^7tra^5i^7n,MOD_ROCKET,0.0,0.0,15.535846710205078,470.7832336425781,207.0,308,66,312,633.0,261.0,210.0,198.0,-31.0,187.0,16.0
ghost_chase_pugtrain_kothis.dm_26.dm_meta,133333643,133105811,,MOD_SABER,bad,False,,,,,00:03:48.496,^6<^7ghost^6>,^4^^0eagle^5-^7tra^5i^7n,MOD_SABER,1.540291428565979,0.04667549952864647,30.734603881835938,931.3516235351562,30.0,112,0,215,190.0,0.0,214.0,,,7.0,0.0
ghost_chase_pugtrain_kothis.dm_26.dm_meta,133406276,133105811,,MOD_TRIP_MINE_SPLASH,bad,False,,,,,00:05:01.129,^6<^7ghost^6>,^7samantha the sexy school gur^6l,MOD_TRIP_MINE_SPLASH,2.6543126106262207,0.016086742281913757,57.09727096557617,1730.2203369140625,152.0,442,272,446,505.0,427.0,336.0,,,555.0,22.0
ghost_chase_pugtrain_kothis.dm_26.dm_meta,133453466,133105811,,MOD_REPEATER_ALT_SPLASH,bad,True,0.22,0.12666666666666668,0.2076943935908624,0.27644988502479356,00:05:48.319,^6<^7ghost^6>,^4^^0eagle^5-^7tra^5i^7n,MOD_REPEATER_ALT_SPLASH,56.31494903564453,0.11376757174730301,145.6698760986328,4414.23876953125,272.0,272,15,318,476.0,128.0,381.0,,,196.0,0.0
ghost_chase_pugtrain_kothis.dm_26.dm_meta,133463894,133105811,,MOD_ROCKET_SPLASH,bad,True,0.22666666666666666,0.10333333333333333,0.1238503583894884,0.24074716164759005,00:05:58.747,^6<^7ghost^6>,^7samantha the sexy school gur^6l,MOD_ROCKET_SPLASH,28.043560028076172,0.10622560977935791,63.49433517456055,1924.07080078125,355.0,446,982,818,629.0,173.0,696.0,,,318.0,0.0
ghost_chase_pugtrain_kothis.dm_26.dm_meta,133474454,133105811,,MOD_FLECHETTE,bad,False,,,,,00:06:09.307,^6<^7ghost^6>,^4^^0eagle^5-^7tra^5i^7n,MOD_FLECHETTE,0.0,0.0,43.03477478027344,1304.0841064453125,213.0,477,20,466,451.0,20.0,533.0,33.0,-24.0,42.0,0.0
ghost_chase_pugtrain_kothis.dm_26.dm_meta,133512371,133105811,,MOD_ROCKET_SPLASH,bad,True,0.11,0.14,0.09201206922217556,0.03144983389754802,00:06:47.224,^6<^7ghost^6>,^4^^0eagle^5-^7tra^5i^7n,MOD_ROCKET_SPLASH,18.547761917114258,0.281026691198349,70.77349853515625,2144.6513671875,44.0,461,179,486,506.0,457.0,415.0,,,565.0,48.0
ghost_chase_pugtrain_kothis.dm_26.dm_meta,133558472,133105811,,MOD_FALLING,bad,False,,,,,00:07:33.325,^6<^7ghost^6>,syku,MOD_FALLING,14.919846534729004,0.11302913725376129,101.7282485961914,3082.67431640625,524.0,423,285,454,116.0,0.0,741.0,,,1.0,0.0
ghost_chase_pugtrain_kothis.dm_26.dm_meta,133587215,133105811,,MOD_ROCKET,bad,False,0.04,0.06333333333333334,0.07347077458531556,0.00721147058805778,00:08:02.068,^6<^7ghost^6>,^4^^0eagle^5-^7tra^5i^7n,MOD_ROCKET,27.280595779418945,0.11809781938791275,52.06439208984375,1577.7088623046875,213.0,227,0,358,475.0,378.0,334.0,165.0,-4.0,64.0,11.0
ghost_chase_pugtrain_kothis.dm_26.dm_meta,133682486,133105811,,MOD_REPEATER_ALT_SPLASH,bad,False,0.24666666666666667,0.3466666666666667,0.1928137784146105,0.196529450608841,00:09:37.339,^6<^7ghost^6>,^4^^0eagle^5-^7tra^5i^7n,MOD_REPEATER_ALT_SPLASH,1.481413722038269,0.005611415486782789,13.348276138305664,404.49322509765625,231.0,224,112,335,281.0,179.0,381.0,,,90.0,11.0
ghost_chase_pugtrain_kothis.dm_26.dm_meta,133711394,133105811,,MOD_CONC,bad,False,,,,,00:10:06.247,^6<^7ghost^6>,^6<^7ghost^6>,MOD_CONC,8.968749046325684,0.014304225333034992,36.35051345825195,1101.53076171875,0.0,51,81,88,51.0,81.0,88.0,,,0.0,0.0
ghost_chase_pugtrain_kothis.dm_26.dm_meta,133742018,133105811,,MOD_ROCKET_SPLASH,bad,True,0.16666666666666666,0.08,0.10871817101152681,0.029397080226720065,00:10:36.871,^6<^7ghost^6>,^4^^0eagle^5-^7tra^5i^7n,MOD_ROCKET_SPLASH,37.85506057739258,0.3823743462562561,175.4105682373047,5315.4716796875,126.0,690,145,848,288.0,135.0,696.0,,,117.0,0.0
ghost_chase_pugtrain_kothis.dm_26.dm_meta,133761785,133105811,,MOD_ROCKET_SPLASH,bad,True,0.21333333333333335,0.17666666666666667,0.07414377690062324,0.11615723242207265,00:10:56.638,^6<^7ghost^6>,syku,MOD_ROCKET_SPLASH,19.729841232299805,0.08541056513786316,75.68603515625,2293.51611328125,70.0,770,275,993,516.0,200.0,437.0,,,448.0,80.0
ghost_chase_pugtrain_kothis.dm_26.dm_meta,133830623,133105811,,MOD_CONC,bad,False,,,,,00:12:05.476,^6<^7ghost^6>,^4^^0eagle^5-^7tra^5i^7n,MOD_CONC,0.3121451437473297,0.0031529811676591635,3.74145770072937,113.37751007080078,452.0,334,192,347,423.0,63.0,266.0,,,95.0,0.0
ghost_chase_pugtrain_kothis.dm_26.dm_meta,133850687,133105811,,MOD_ROCKET_SPLASH,bad,False,0.3,0.32666666666666666,0.19948595959553528,0.31820231489247336,00:12:25.540,^6<^7ghost^6>,vis,MOD_ROCKET_SPLASH,2.8565402030944824,0.028853941708803177,95.81201934814453,2903.39453125,211.0,118,4,426,423.0,128.0,8.0,,,169.0,0.0
ghost_chase_pugtrain_kothis.dm_26.dm_meta,133917578,133105811,,MOD_ROCKET_SPLASH,bad,True,0.29333333333333333,0.11,0.07634151474894726,0.09784479353252228,00:13:32.431,^6<^7ghost^6>,syku,MOD_ROCKET_SPLASH,71.72801971435547,0.5433940887451172,171.43626403808594,5195.03857421875,203.0,549,0,832,136.0,324.0,206.0,,,122.0,10.0
ghost_chase_pugtrain_kothis.dm_26.dm_meta,133929458,133105811,,MOD_ROCKET_SPLASH,bad,True,0.18,0.06333333333333334,0.01875757460318022,0.04398095822658798,00:13:44.311,^6<^7ghost^6>,^4^^0eagle^5-^7tra^5i^7n,MOD_ROCKET_SPLASH,162.7755126953125,0.24662956595420837,176.40640258789062,5345.6484375,351.0,295,780,635,399.0,183.0,348.0,,,1845.0,1800.0
ghost_chase_pugtrain_kothis.dm_26.dm_meta,133959653,133105811,,MOD_ROCKET_SPLASH,bad,False,0.3,0.48333333333333334,0.1825425410405997,0.1720174731803036,00:14:14.506,^6<^7ghost^6>,syku,MOD_ROCKET_SPLASH,3.1959171295166016,0.09684597700834274,55.29142379760742,1675.4976806640625,169.0,242,0,313,228.0,47.0,373.0,,,35.0,0.0
ghost_chase_pugtrain_kothis.dm_26.dm_meta,133963085,133105811,,MOD_CONC,bad,False,,,,,00:14:17.938,^6<^7ghost^6>,^7samantha the sexy school gur^6l,MOD_CONC,8.048100471496582,0.034840263426303864,22.048131942749023,668.125244140625,848.0,313,0,285,1019.0,397.0,611.0,264.0,-4.0,693.0,309.0
ghost_chase_pugtrain_kothis.dm_26.dm_meta,134000738,133105811,,MOD_ROCKET_SPLASH,bad,False,0.18666666666666668,0.20333333333333334,0.2762924505261695,0.10133025004541796,00:14:55.591,^6<^7ghost^6>,^4^^0eagle^5-^7tra^5i^7n,MOD_ROCKET_SPLASH,9.966740608215332,0.04314606264233589,26.828079223632812,812.9721069335938,351.0,319,0,284,360.0,122.0,510.0,,,133.0,0.0
ghost_chase_pugtrain_kothis.dm_26.dm_meta,134035421,133105811,,MOD_ROCKET_SPLASH,bad,False,0.23,0.28,0.2560188562258415,0.21669974891412566,00:15:30.274,^6<^7ghost^6>,syku,MOD_ROCKET_SPLASH,4.420956134796143,0.012178942561149597,46.71708679199219,1415.6693115234375,422.0,447,141,494,440.0,294.0,287.0,,,344.0,0.0
ghost_chase_pugtrain_kothis.dm_26.dm_meta,134071127,133105811,,MOD_TRIP_MINE_SPLASH,bad,False,,,,,00:16:05.980,^6<^7ghost^6>,^6<^7ghost^6>,MOD_TRIP_MINE_SPLASH,0.20435751974582672,0.00619265204295516,8.093026161193848,245.24322509765625,0.0,319,255,283,319.0,255.0,283.0,,,0.0,0.0
ghost_chase_pugtrain_kothis.dm_26.dm_meta,134083238,133105811,,MOD_BRYAR_PISTOL_ALT,bad,False,0.09666666666666666,0.16666666666666666,0.17296404610987764,0.002976369504746163,00:16:18.091,^6<^7ghost^6>,^4^^0eagle^5-^7tra^5i^7n,MOD_BRYAR_PISTOL_ALT,2.4344635009765625,0.036885809153318405,10.33615779876709,313.2169189453125,159.0,463,0,404,375.0,206.0,291.0,99.0,2.0,120.0,59.0
ghost_chase_pugtrain_kothis.dm_26.dm_meta,134095481,133105811,,MOD_REPEATER_ALT_SPLASH,bad,False,0.38666666666666666,0.37333333333333335,0.13332514337268667,0.3512810522612466,00:16:30.334,^6<^7ghost^6>,syku,MOD_REPEATER_ALT_SPLASH,1.16455078125,0.01764470897614956,28.428104400634766,861.4577026367188,166.0,429,0,627,134.0,127.0,264.0,,,47.0,0.0
ghost_chase_pugtrain_kothis.dm_26.dm_meta,134175968,133105811,,MOD_ROCKET_SPLASH,bad,False,0.27,0.24,0.4654473720524299,0.19207536561534863,00:17:50.821,^6<^7ghost^6>,^4^^0eagle^5-^7tra^5i^7n,MOD_ROCKET_SPLASH,2.11843204498291,0.032097455114126205,19.210914611816406,582.14892578125,736.0,499,0,544,459.0,144.0,304.0,,,198.0,0.0
ghost_chase_pugtrain_kothis.dm_26.dm_meta,134182865,133105811,,MOD_TRIP_MINE_SPLASH,bad,False,,,,,00:17:57.718,^6<^7ghost^6>,vis,MOD_TRIP_MINE_SPLASH,0.11470063030719757,0.0006951553514227271,4.89164924621582,148.23179626464844,181.0,418,33,386,431.0,270.0,345.0,,,375.0,32.0
ghost_chase_pugtrain_kothis.dm_26.dm_meta,134192732,133105811,,MOD_ROCKET,bad,False,0.10333333333333333,0.16666666666666666,0.04796545509271976,0.026050672540870918,00:18:07.585,^6<^7ghost^6>,^7samantha the sexy school gur^6l,MOD_ROCKET,0.0,0.0,70.00595092773438,2121.392578125,105.0,151,50,359,705.0,160.0,381.0,99.0,-26.0,739.0,614.0
ghost_chase_pugtrain_kothis.dm_26.dm_meta,134201873,133105811,,MOD_ROCKET,bad,False,0.0,0.016666666666666666,0.02765361120760146,0.003338730070532056,00:18:16.726,^6<^7ghost^6>,^4^^0eagle^5-^7tra^5i^7n,MOD_ROCKET,7.401883125305176,0.22429949045181274,26.79519271850586,811.9755249023438,69.0,330,142,485,536.0,112.0,415.0,66.0,-18.0,43.0,0.0
ghost_chase_pugtrain_kothis.dm_26.dm_meta,134253914,133105811,,MOD_ROCKET_SPLASH,bad,False,0.09333333333333334,0.15333333333333332,0.15020954978908835,0.030064045248394337,00:19:08.767,^6<^7ghost^6>,^4^^0eagle^5-^7tra^5i^7n,MOD_ROCKET_SPLASH,6.686029434204102,0.2026069462299347,43.86308670043945,1329.1844482421875,160.0,339,398,240,664.0,26.0,358.0,,,269.0,30.0
ghost_chase_pugtrain_manaan (2).dm_26.dm_meta,275364078,275329263,,MOD_TRIP_MINE_SPLASH,bad,True,,,,,00:00:35.743,^7g^1h^7o^1s^7t^1`-,mythols,MOD_TRIP_MINE_SPLASH,0.0,0.0,22.137144088745117,670.8225708007812,137.0,605,693,528,584.0,39.0,202.0,,,428.0,166.0
ghost_chase_pugtrain_manaan (2).dm_26.dm_meta,275446083,275329263,,MOD_TRIP_MINE_SPLASH,bad,False,,,,,00:01:57.748,^7g^1h^7o^1s^7t^1`-,dream,MOD_TRIP_MINE_SPLASH,2.502164840698242,0.037911590188741684,45.813114166259766,1388.2762451171875,313.0,463,62,494,109.0,5.0,242.0,,,2.0,0.0
ghost_chase_pugtrain_manaan (2).dm_26.dm_meta,275513733,275329263,,MOD_REPEATER_ALT,bad,False,0.25666666666666665,0.24333333333333335,0.00978455874935676,0.1432010211497051,00:03:05.398,^7g^1h^7o^1s^7t^1`-,"narZ, benevolent impresario",MOD_REPEATER_ALT,0.0,0.0,67.01834106445312,2030.85888671875,48.0,113,151,279,398.0,18.0,418.0,33.0,-21.0,480.0,376.0
ghost_chase_pugtrain_manaan (2).dm_26.dm_meta,275525910,275329263,,MOD_THERMAL,bad,False,,,,,00:03:17.575,^7g^1h^7o^1s^7t^1`-,mythols,MOD_THERMAL,0.0,0.0,28.432037353515625,861.576904296875,214.0,694,51,825,244.0,310.0,378.0,165.0,18.0,135.0,122.0
ghost_chase_pugtrain_manaan (2).dm_26.dm_meta,275783937,275329263,,MOD_ROCKET_SPLASH,bad,False,0.3433333333333333,0.36666666666666664,0.2962124574411703,0.2880978742302054,00:07:35.602,^7g^1h^7o^1s^7t^1`-,"narZ, benevolent impresario",MOD_ROCKET_SPLASH,0.0,0.0,140.48045349121094,4256.9833984375,250.0,259,8,303,643.0,393.0,484.0,,,680.0,28.0
ghost_chase_pugtrain_manaan (2).dm_26.dm_meta,275809479,275329263,,MOD_REPEATER_ALT,bad,True,0.2,0.15,0.001190883434787298,0.019400543783043164,00:08:01.144,^7g^1h^7o^1s^7t^1`-,"narZ, benevolent impresario",MOD_REPEATER_ALT,73.52169036865234,0.31827571988105774,132.5726318359375,4017.3525390625,79.0,309,73,258,562.0,204.0,261.0,33.0,-27.0,138.0,30.0
ghost_chase_pugtrain_manaan (2).dm_26.dm_meta,275819049,275329263,,MOD_TRIP_MINE_SPLASH,bad,True,,,,,00:08:10.714,^7g^1h^7o^1s^7t^1`-,mythols,MOD_TRIP_MINE_SPLASH,0.0,0.0,76.82093811035156,2327.9072265625,363.0,589,914,783,245.0,1295.0,626.0,,,52.0,8.0
ghost_chase_pugtrain_manaan (2).dm_26.dm_meta,275840631,275329263,,MOD_TRIP_MINE_SPLASH,bad,False,,,,,00:08:32.296,^7g^1h^7o^1s^7t^1`-,RAWR,MOD_TRIP_MINE_SPLASH,3.3650550842285156,0.03399045392870903,17.530479431152344,531.2266235351562,144.0,78,4,359,354.0,208.0,341.0,,,96.0,20.0
ghost_chase_pugtrain_manaan (2).dm_26.dm_meta,275899701,275329263,,MOD_TRIP_MINE_SPLASH,bad,False,,,,,00:09:31.366,^7g^1h^7o^1s^7t^1`-,mythols,MOD_TRIP_MINE_SPLASH,7.9310197830200195,0.02403339371085167,27.297090530395508,827.1845703125,130.0,406,3,693,418.0,464.0,706.0,,,91.0,6.0
ghost_chase_pugtrain_manaan (2).dm_26.dm_meta,275984445,275329263,,MOD_BRYAR_PISTOL_ALT,bad,False,0.16333333333333333,0.15666666666666668,0.13003471404040334,0.023884907417974797,00:10:56.110,^7g^1h^7o^1s^7t^1`-,^7re^1A^7ct^1!,MOD_BRYAR_PISTOL_ALT,0.0,0.0,17.580081939697266,532.729736328125,248.0,391,0,283,764.0,38.0,184.0,66.0,-1.0,66.0,0.0
ghost_chase_pugtrain_manaan (2).dm_26.dm_meta,276057375,275329263,,MOD_BRYAR_PISTOL_ALT,bad,False,0.3933333333333333,0.41333333333333333,0.1638424480755638,0.07102723160541535,00:12:09.040,^7g^1h^7o^1s^7t^1`-,mythols,MOD_BRYAR_PISTOL_ALT,33.84967803955078,0.05698598921298981,55.91868591308594,1694.505615234375,537.0,245,64,222,742.0,624.0,415.0,330.0,-16.0,367.0,58.0
ghost_chase_pugtrain_manaan (2).dm_26.dm_meta,276123144,275329263,,MOD_ROCKET_SPLASH,bad,False,0.04,0.02666666666666667,0.04923430217562349,0.0246079436089386,00:13:14.809,^7g^1h^7o^1s^7t^1`-,RAWR,MOD_ROCKET_SPLASH,0.0,0.0,25.542892456054688,774.0270385742188,147.0,431,102,214,301.0,531.0,271.0,,,2329.0,2138.0
ghost_chase_pugtrain_manaan (2).dm_26.dm_meta,276171324,275329263,,MOD_FALLING,bad,False,,,,,00:14:02.989,^7g^1h^7o^1s^7t^1`-,mythols,MOD_FALLING,0.0,0.0,2.392000198364258,72.48485565185547,781.0,462,32,361,268.0,0.0,769.0,,,16.0,0.0
ghost_chase_pugtrain_manaan (2).dm_26.dm_meta,276294579,275329263,,MOD_TRIP_MINE_SPLASH,bad,False,,,,,00:16:06.244,^7g^1h^7o^1s^7t^1`-,RAWR,MOD_TRIP_MINE_SPLASH,27.2531795501709,0.11797913163900375,27.2531795501709,825.8539428710938,66.0,405,24,497,646.0,338.0,235.0,,,219.0,77.0
ghost_chase_pugtrain_manaan (2).dm_26.dm_meta,276312201,275329263,,MOD_TRIP_MINE_SPLASH,bad,True,,,,,00:16:23.866,^7g^1h^7o^1s^7t^1`-,mythols,MOD_TRIP_MINE_SPLASH,57.68601989746094,0.07945732772350311,84.42644500732422,2558.377197265625,352.0,315,0,320,601.0,1.0,502.0,,,117.0,17.0
ghost_chase_pugtrain_manaan (2).dm_26.dm_meta,276313191,275329263,,MOD_TRIP_MINE_SPLASH,bad,False,,,,,00:16:24.856,^7g^1h^7o^1s^7t^1`-,RAWR,MOD_TRIP_MINE_SPLASH,0.0,0.0,1.1536166667938232,34.95808029174805,194.0,418,82,427,400.0,132.0,315.0,,,142.0,28.0
ghost_chase_pugtrain_manaan (2).dm_26.dm_meta,276326622,275329263,,MOD_ROCKET_SPLASH,bad,True,0.18,0.11333333333333333,0.05295413843960843,0.0479711480946045,00:16:38.287,^7g^1h^7o^1s^7t^1`-,sq,MOD_ROCKET_SPLASH,71.00283813476562,0.19560010731220245,155.22117614746094,4703.671875,218.0,469,31,338,646.0,405.0,414.0,,,2377.0,2264.0
ghost_chase_pugtrain_manaan (2).dm_26.dm_meta,276369654,275329263,,MOD_ROCKET_SPLASH,bad,True,0.33,0.2733333333333333,0.1580767151410394,0.33477023047826776,00:17:21.319,^7g^1h^7o^1s^7t^1`-,RAWR,MOD_ROCKET_SPLASH,71.25141143798828,0.0799679160118103,92.49562072753906,2802.897705078125,213.0,274,38,206,468.0,334.0,306.0,,,128.0,3.0
ghost_chase_pugtrain_manaan (2).dm_26.dm_meta,276385956,275329263,,MOD_ROCKET,bad,True,0.41,0.44,0.23282054569324492,0.23127502582962878,00:17:37.621,^7g^1h^7o^1s^7t^1`-,RAWR,MOD_ROCKET,39.5020751953125,0.04987635836005211,39.5020751953125,1197.0325927734375,290.0,568,167,526,847.0,56.0,635.0,429.0,24.0,505.0,217.0
ghost_chase_pugtrain_manaan (2).dm_26.dm_meta,276389982,275329263,,MOD_ROCKET_SPLASH,bad,False,0.4,0.4766666666666667,0.15483960380270692,0.2931939690023832,00:17:41.647,^7g^1h^7o^1s^7t^1`-,"narZ, benevolent impresario",MOD_ROCKET_SPLASH,2.922926187515259,0.08857352286577225,10.645950317382812,322.60455322265625,183.0,464,33,425,375.0,110.0,265.0,,,134.0,0.0
ghost_chase_pugtrain_manaan (2).dm_26.dm_meta,276441396,275329263,,MOD_TRIP_MINE_SPLASH,bad,False,,,,,00:18:33.061,^7g^1h^7o^1s^7t^1`-,RAWR,MOD_TRIP_MINE_SPLASH,4.46892786026001,0.13542205095291138,86.12499237060547,2609.848388671875,180.0,244,92,292,593.0,171.0,247.0,,,87.0,11.0
ghost_chase_pugtrain_manaan (2).dm_26.dm_meta,276521157,275329263,,MOD_TRIP_MINE_SPLASH,bad,False,,,,,00:19:52.822,^7g^1h^7o^1s^7t^1`-,^^1buck,MOD_TRIP_MINE_SPLASH,26.159788131713867,0.07206553220748901,78.86160278320312,2389.74560546875,572.0,295,0,668,293.0,62.0,92.0,,,62.0,0.0
ghost_chase_pugtrain_manaan (2).dm_26.dm_meta,276522312,275329263,,MOD_TRIP_MINE_SPLASH,bad,False,,,,,00:19:53.977,^7g^1h^7o^1s^7t^1`-,mythols,MOD_TRIP_MINE_SPLASH,0.0,0.0,12.769253730773926,386.94708251953125,105.0,319,0,336,570.0,364.0,554.0,,,69.0,4.0
ghost_chase_pugtrain_manaan (3).dm_26.dm_meta,291482174,291431849,,MOD_BRYAR_PISTOL_ALT,good,False,0.5266666666666666,0.5233333333333333,0.4864613995952962,0.4477426866703816,00:00:51.055,may good be with us,god is a lie,MOD_BRYAR_PISTOL_ALT,23.263683319091797,0.02517714723944664,73.06382751464844,2214.055419921875,494.0,344,37,286,796.0,271.0,613.0,330.0,1.0,702.0,27.0
ghost_chase_pugtrain_manaan (3).dm_26.dm_meta,291646976,291431849,,MOD_ROCKET_SPLASH,bad,False,0.26,0.23,0.1327856335299854,0.05343029198519844,00:03:35.857,may good be with us,Seaal ^1<3^7's M&Ms,MOD_ROCKET_SPLASH,0.0,0.0,109.22212219238281,3309.76123046875,98.0,459,277,526,530.0,5.0,189.0,,,275.0,71.0
ghost_chase_pugtrain_manaan (3).dm_26.dm_meta,291697994,291431849,,MOD_FALLING,bad,True,,,,,00:04:26.875,may good be with us,god is a lie,MOD_FALLING,0.0,0.0,35.5866584777832,1078.383544921875,861.0,867,258,739,783.0,0.0,1124.0,,,73.0,0.0
ghost_chase_pugtrain_manaan (3).dm_26.dm_meta,291710864,291431849,,MOD_ROCKET_SPLASH,bad,True,0.11,0.11666666666666667,0.14676679568620324,0.05692159395313372,00:04:39.745,may good be with us,Seaal ^1<3^7's M&Ms,MOD_ROCKET_SPLASH,65.63824462890625,0.16575314104557037,136.5419921875,4137.63623046875,166.0,257,1,281,403.0,249.0,471.0,,,304.0,15.0
ghost_chase_pugtrain_manaan (3).dm_26.dm_meta,291741389,291431849,,MOD_TRIP_MINE_SPLASH,bad,False,,,,,00:05:10.270,may good be with us,god is a lie,MOD_TRIP_MINE_SPLASH,12.76401424407959,0.07735766470432281,16.32238006591797,494.6175842285156,719.0,252,298,280,302.0,266.0,274.0,,,226.0,0.0
ghost_chase_pugtrain_manaan (3).dm_26.dm_meta,291761024,291431849,,MOD_TRIP_MINE_SPLASH,bad,False,,,,,00:05:29.905,may good be with us,we need u god,MOD_TRIP_MINE_SPLASH,0.0,0.0,20.97412109375,635.5794067382812,298.0,556,314,580,191.0,217.0,253.0,,,100.0,9.0
ghost_chase_pugtrain_manaan (3).dm_26.dm_meta,291812933,291431849,,MOD_TRIP_MINE_SPLASH,bad,False,,,,,00:06:21.814,may good be with us,we need u god,MOD_TRIP_MINE_SPLASH,0.0,0.0,0.0,0.0,298.0,160,38,207,199.0,141.0,97.0,,,10.0,9.0
ghost_chase_pugtrain_manaan (3).dm_26.dm_meta,291939059,291431849,,MOD_ROCKET_SPLASH,bad,True,0.16666666666666666,0.11,0.1475891794997505,0.05014436875071577,00:08:27.940,may good be with us,Seaal ^1<3^7's M&Ms,MOD_ROCKET_SPLASH,0.0,0.0,115.30660247802734,3494.139404296875,117.0,574,306,904,454.0,101.0,717.0,,,141.0,0.0
ghost_chase_pugtrain_manaan (3).dm_26.dm_meta,291955823,291431849,,MOD_TRIP_MINE_SPLASH,bad,True,,,,,00:08:44.704,may good be with us,Seaal ^1<3^7's M&Ms,MOD_TRIP_MINE_SPLASH,63.90127182006836,0.12102513760328293,101.10236358642578,3063.7080078125,426.0,457,0,435,751.0,418.0,573.0,,,574.0,342.0
ghost_chase_pugtrain_manaan (3).dm_26.dm_meta,291964073,291431849,,MOD_REPEATER_ALT_SPLASH,bad,True,0.12666666666666668,0.12,0.10176859217288035,0.11876742968985313,00:08:52.954,may good be with us,god is a lie,MOD_REPEATER_ALT_SPLASH,50.082916259765625,0.06070656701922417,53.07462692260742,1608.322021484375,245.0,471,27,485,559.0,273.0,548.0,,,1284.0,798.0
ghost_chase_pugtrain_manaan (3).dm_26.dm_meta,291995654,291431849,,MOD_REPEATER_ALT,bad,False,0.2633333333333333,0.2,0.005800374960981746,0.018178895103426566,00:09:24.535,may good be with us,Seaal ^1<3^7's M&Ms,MOD_REPEATER_ALT,35.44404602050781,0.04296248033642769,121.31880950927734,3676.32763671875,98.0,320,128,528,159.0,57.0,209.0,99.0,3.0,6.0,0.0
ghost_chase_pugtrain_manaan (3).dm_26.dm_meta,292081256,291431849,,MOD_ROCKET_SPLASH,bad,False,0.15666666666666668,0.26666666666666666,0.2406542650453458,0.2359269559722508,00:10:50.137,may good be with us,god is a lie,MOD_ROCKET_SPLASH,0.22367365658283234,0.003388994839042425,8.521598815917969,258.2302551269531,302.0,428,4,464,534.0,324.0,536.0,,,459.0,6.0
ghost_chase_pugtrain_manaan (3).dm_26.dm_meta,292129766,291431849,,MOD_TRIP_MINE_SPLASH,bad,True,,,,,00:11:38.647,may good be with us,god is a lie,MOD_TRIP_MINE_SPLASH,16.098705291748047,0.02439197711646557,16.098705291748047,487.8395690917969,328.0,62,730,390,585.0,707.0,344.0,,,426.0,5.0
ghost_chase_pugtrain_manaan (3).dm_26.dm_meta,292131548,291431849,,MOD_TRIP_MINE_SPLASH,bad,False,,,,,00:11:40.429,may good be with us,i am god,MOD_TRIP_MINE_SPLASH,0.13229291141033173,0.004008876159787178,2.332829713821411,70.69181060791016,84.0,803,43,212,572.0,206.0,240.0,,,213.0,0.0
ghost_chase_pugtrain_manaan (3).dm_26.dm_meta,292207481,291431849,,MOD_ROCKET_SPLASH,bad,True,0.24666666666666667,0.17666666666666667,0.10527547255949436,0.10395853786612355,00:12:56.362,may good be with us,god is a lie,MOD_ROCKET_SPLASH,37.25088119506836,1.1288145780563354,91.65926361083984,2777.553466796875,366.0,532,0,653,155.0,13.0,259.0,,,11.0,0.0
ghost_chase_pugtrain_manaan (3).dm_26.dm_meta,292273778,291431849,,MOD_ROCKET_SPLASH,bad,True,0.14333333333333334,0.09333333333333334,0.06905543740144954,0.06558299396369875,00:14:02.659,may good be with us,Seaal ^1<3^7's M&Ms,MOD_ROCKET_SPLASH,56.90980529785156,0.10144350677728653,59.67879104614258,1808.4482421875,85.0,614,62,829,463.0,326.0,297.0,,,358.0,128.0
ghost_chase_pugtrain_manaan (3).dm_26.dm_meta,292308428,291431849,,MOD_TRIP_MINE_SPLASH,bad,False,,,,,00:14:37.309,may good be with us,god is a lie,MOD_TRIP_MINE_SPLASH,0.0,0.0,9.37355899810791,284.0472412109375,731.0,311,0,287,426.0,460.0,131.0,,,480.0,0.0
ghost_chase_pugtrain_manaan (3).dm_26.dm_meta,292411190,291431849,,MOD_THERMAL_SPLASH,bad,False,,,,,00:16:20.071,may good be with us,god is a lie,MOD_THERMAL_SPLASH,0.0,0.0,66.45382690429688,2013.7523193359375,221.0,256,0,238,418.0,58.0,368.0,,,82.0,9.0
ghost_chase_pugtrain_manaan (3).dm_26.dm_meta,292433894,291431849,,MOD_TRIP_MINE_SPLASH,bad,False,,,,,00:16:42.775,may good be with us,dream,MOD_TRIP_MINE_SPLASH,1.5337637662887573,0.04647769033908844,2.126755714416504,64.4471435546875,748.0,519,329,499,167.0,274.0,345.0,,,124.0,7.0
ghost_chase_pugtrain_manaan (3).dm_26.dm_meta,292479401,291431849,,MOD_BRYAR_PISTOL_ALT,bad,False,0.14333333333333334,0.17,0.07378891516219517,0.0030308855927953862,00:17:28.282,may good be with us,Seaal ^1<3^7's M&Ms,MOD_BRYAR_PISTOL_ALT,0.0,0.0,36.39983367919922,1103.0252685546875,186.0,250,0,431,364.0,40.0,206.0,132.0,-4.0,27.0,0.0
ghost_chase_pugtrain_manaan (3).dm_26.dm_meta,292489004,291431849,,MOD_TRIP_MINE_SPLASH,bad,False,,,,,00:17:37.885,may good be with us,god is a lie,MOD_TRIP_MINE_SPLASH,0.0,0.0,10.646688461303711,322.6269226074219,228.0,578,90,401,785.0,321.0,386.0,,,1194.0,367.0
ghost_chase_pugtrain_manaan (3).dm_26.dm_meta,292497419,291431849,,MOD_TRIP_MINE_SPLASH,bad,False,,,,,00:17:46.300,may good be with us,Seaal ^1<3^7's M&Ms,MOD_TRIP_MINE_SPLASH,2.1863620281219482,0.016563348472118378,9.558878898620605,289.6629943847656,303.0,426,0,468,258.0,199.0,287.0,,,142.0,0.0
ghost_chase_pugtrain_manaan (3).dm_26.dm_meta,292573088,291431849,,MOD_ROCKET,bad,False,0.15333333333333332,0.12666666666666668,0.012796874225232218,0.02550576213876938,00:19:01.969,may good be with us,Seaal ^1<3^7's M&Ms,MOD_ROCKET,5.325346946716309,0.020171768963336945,19.7421932220459,598.248291015625,273.0,354,411,328,182.0,104.0,304.0,231.0,-30.0,91.0,67.0
ghost_chase_pugtrain_nelvaan (3).dm_26.dm_meta,287027872,286980220,,MOD_DET_PACK_SPLASH,bad,False,,,,,00:00:48.382,may god help us,,MOD_DET_PACK_SPLASH,6.656737804412842,0.05042983219027519,8.149075508117676,246.94168090820312,575.0,448,0,393,743.0,140.0,345.0,,,949.0,383.0
ghost_chase_pugtrain_nelvaan (3).dm_26.dm_meta,287088097,286980220,,MOD_REPEATER_ALT_SPLASH,bad,True,0.4066666666666667,0.22666666666666666,0.0900929134937276,0.622958794936481,00:01:48.607,may god help us,,MOD_REPEATER_ALT_SPLASH,75.68903350830078,0.16382907330989838,163.90773010253906,4966.90087890625,240.0,236,383,384,65.0,134.0,74.0,,,25.0,2.0
ghost_chase_pugtrain_nelvaan (3).dm_26.dm_meta,287092816,286980220,,MOD_DISRUPTOR_SNIPER,bad,False,,,,,00:01:53.326,may god help us,,MOD_DISRUPTOR_SNIPER,0.0,0.0,9.607268333435059,291.12933349609375,384.0,577,329,590,671.0,0.0,661.0,,,62.0,8.0
ghost_chase_pugtrain_nelvaan (3).dm_26.dm_meta,287233099,286980220,,MOD_REPEATER_ALT_SPLASH,bad,False,0.14666666666666667,0.20333333333333334,0.08527915589105223,0.04902178305232528,00:04:13.609,may god help us,,MOD_REPEATER_ALT_SPLASH,10.583240509033203,0.03563380613923073,38.521385192871094,1167.314697265625,117.0,670,268,741,325.0,319.0,214.0,,,279.0,8.0
ghost_chase_pugtrain_nelvaan (3).dm_26.dm_meta,287250952,286980220,,MOD_ROCKET,bad,False,0.05,0.08,0.020349376839835554,0.0031244433180256472,00:04:31.462,may god help us,vis,MOD_ROCKET,17.837383270263672,0.054052677005529404,56.75993347167969,1719.998046875,127.0,647,37,653,537.0,123.0,274.0,297.0,-20.0,78.0,0.0
ghost_chase_pugtrain_nelvaan (3).dm_26.dm_meta,287268508,286980220,,MOD_TRIP_MINE_SPLASH,bad,True,,,,,00:04:49.018,may god help us,,MOD_TRIP_MINE_SPLASH,93.88214874267578,0.189660906791687,95.27520751953125,2887.12744140625,159.0,727,310,831,451.0,249.0,284.0,,,256.0,0.0
ghost_chase_pugtrain_nelvaan (3).dm_26.dm_meta,287300617,286980220,,MOD_REPEATER_ALT_SPLASH,bad,False,0.3466666666666667,0.36333333333333334,0.125685320928837,0.08883144145969837,00:05:21.127,may god help us,vis,MOD_REPEATER_ALT_SPLASH,4.50590181350708,0.013654247857630253,12.645294189453125,383.19073486328125,146.0,480,78,535,331.0,144.0,191.0,,,136.0,0.0
ghost_chase_pugtrain_nelvaan (3).dm_26.dm_meta,287306920,286980220,,MOD_ROCKET_SPLASH,bad,True,0.2633333333333333,0.13666666666666666,0.17734110517118343,0.24326458990272765,00:05:27.430,may god help us,may god help us,MOD_ROCKET_SPLASH,0.0,0.0,147.71595764160156,4476.2412109375,0.0,615,131,353,615.0,131.0,353.0,,,0.0,0.0
ghost_chase_pugtrain_nelvaan (3).dm_26.dm_meta,287323684,286980220,,MOD_ROCKET_SPLASH,bad,False,0.24666666666666667,0.19,0.08261241171069371,0.028062317005530017,00:05:44.194,may god help us,^4^^0Divi^7ne,MOD_ROCKET_SPLASH,0.3988884389400482,0.012087528593838215,51.402645111083984,1557.6558837890625,92.0,547,392,596,71.0,317.0,191.0,,,70.0,29.0
ghost_chase_pugtrain_nelvaan (3).dm_26.dm_meta,287379454,286980220,,MOD_REPEATER_ALT_SPLASH,bad,True,0.16333333333333333,0.16333333333333333,0.08455460794728736,0.06674779739062321,00:06:39.964,may god help us,vis,MOD_REPEATER_ALT_SPLASH,109.0020980834961,0.13762891292572021,109.0020980834961,3303.093994140625,140.0,253,131,408,341.0,56.0,478.0,,,63.0,0.0
ghost_chase_pugtrain_nelvaan (3).dm_26.dm_meta,287400244,286980220,,MOD_REPEATER_ALT,bad,False,0.48333333333333334,0.4866666666666667,0.4810981040691916,0.7614467708143604,00:07:00.754,may god help us,,MOD_REPEATER_ALT,2.047624349594116,0.007756152655929327,24.08150291442871,729.7424926757812,775.0,288,0,367,868.0,18.0,600.0,759.0,35.0,494.0,73.0
ghost_chase_pugtrain_nelvaan (3).dm_26.dm_meta,287406415,286980220,,MOD_TRIP_MINE_SPLASH,bad,False,,,,,00:07:06.925,may god help us,^4^^0Divi^7ne,MOD_TRIP_MINE_SPLASH,0.06682722270488739,0.002025067340582609,31.076454162597656,941.7107543945312,255.0,187,0,216,329.0,563.0,353.0,,,257.0,43.0
ghost_chase_pugtrain_nelvaan (3).dm_26.dm_meta,287421034,286980220,,MOD_ROCKET_SPLASH,bad,True,0.12,0.04666666666666667,0.060073013497250596,0.0363407632130964,00:07:21.544,may god help us,vis,MOD_ROCKET_SPLASH,147.53465270996094,0.27942168712615967,150.6851806640625,4566.2177734375,212.0,630,145,607,497.0,81.0,351.0,,,251.0,38.0
ghost_chase_pugtrain_nelvaan (3).dm_26.dm_meta,287450041,286980220,,MOD_TRIP_MINE_SPLASH,bad,False,,,,,00:07:50.551,may god help us,may god help us,MOD_TRIP_MINE_SPLASH,0.0,0.0,31.828670501708984,964.5051879882812,0.0,301,183,317,301.0,183.0,317.0,,,0.0,0.0
ghost_chase_pugtrain_nelvaan (3).dm_26.dm_meta,287479444,286980220,,MOD_DISRUPTOR_SNIPER,bad,False,,,,,00:08:19.954,may god help us,vis,MOD_DISRUPTOR_SNIPER,0.3956984877586365,0.011990862898528576,18.92972183227539,573.6279296875,625.0,0,0,24,303.0,348.0,340.0,,,17.0,2.0
ghost_chase_pugtrain_nelvaan (3).dm_26.dm_meta,287519242,286980220,,MOD_ROCKET_SPLASH,bad,True,0.15,0.22333333333333333,0.08342848152953053,0.030031948466379375,00:08:59.752,may god help us,,MOD_ROCKET_SPLASH,64.22943115234375,0.1390247493982315,74.17911529541016,2247.85205078125,125.0,417,9,539,303.0,428.0,261.0,,,356.0,48.0
ghost_chase_pugtrain_nelvaan (3).dm_26.dm_meta,287537095,286980220,,MOD_DISRUPTOR_SNIPER,bad,False,,,,,00:09:17.605,may god help us,,MOD_DISRUPTOR_SNIPER,0.0,0.0,2.616828203201294,79.29782104492188,846.0,0,0,246,504.0,301.0,489.0,,,77.0,16.0
ghost_chase_pugtrain_nelvaan (3).dm_26.dm_meta,287564485,286980220,,MOD_DISRUPTOR_SNIPER,bad,False,,,,,00:09:44.995,may god help us,^4^^0Divi^7ne,MOD_DISRUPTOR_SNIPER,4.617604732513428,0.034981854259967804,7.470254898071289,226.37136840820312,1129.0,0,0,0,0.0,0.0,311.0,,,0.0,0.0
ghost_chase_pugtrain_nelvaan (3).dm_26.dm_meta,287640286,286980220,,MOD_BRYAR_PISTOL_ALT,bad,False,0.19666666666666666,0.18666666666666668,0.23384506741044156,0.010289271963637941,00:11:00.796,may god help us,Seaal ^1<3^7's M&Ms,MOD_BRYAR_PISTOL_ALT,0.2121812403202057,0.006429734639823437,23.144681930541992,701.35400390625,55.0,579,96,543,998.0,258.0,512.0,33.0,-14.0,113.0,69.0
ghost_chase_pugtrain_nelvaan (3).dm_26.dm_meta,287658964,286980220,,MOD_ROCKET_SPLASH,bad,False,0.31,0.33666666666666667,0.1340665656922519,0.17486767395102817,00:11:19.474,may god help us,Seaal ^1<3^7's M&Ms,MOD_ROCKET_SPLASH,0.04661104455590248,0.0014124559238553047,6.269045829772949,189.97108459472656,113.0,282,36,339,203.0,234.0,227.0,,,130.0,0.0
ghost_chase_pugtrain_nelvaan (3).dm_26.dm_meta,287663914,286980220,,MOD_DISRUPTOR_SNIPER,bad,False,,,,,00:11:24.424,may god help us,vis,MOD_DISRUPTOR_SNIPER,0.2760280668735504,0.008364486508071423,30.033611297607422,910.1094360351562,410.0,0,0,29,278.0,0.0,342.0,,,12.0,0.0
ghost_chase_pugtrain_nelvaan (3).dm_26.dm_meta,287680711,286980220,,MOD_TRIP_MINE_SPLASH,bad,False,,,,,00:11:41.221,may god help us,,MOD_TRIP_MINE_SPLASH,0.0,0.0,34.531524658203125,1046.4097900390625,299.0,319,138,449,524.0,314.0,507.0,,,459.0,398.0
ghost_chase_pugtrain_nelvaan (3).dm_26.dm_meta,287783671,286980220,,MOD_ROCKET,bad,False,0.15,0.18333333333333332,0.04881788934235423,0.008212765099155264,00:13:24.181,may god help us,vis,MOD_ROCKET,0.37244299054145813,0.011286151595413685,21.596235275268555,654.431396484375,166.0,312,400,467,788.0,0.0,386.0,297.0,0.0,909.0,373.0
ghost_chase_pugtrain_nelvaan (3).dm_26.dm_meta,287904484,286980220,,MOD_DISRUPTOR_SNIPER,bad,False,,,,,00:15:24.994,may god help us,Seaal ^1<3^7's M&Ms,MOD_DISRUPTOR_SNIPER,0.208740234375,0.006325461436063051,3.79465913772583,114.98966979980469,1384.0,0,0,0,153.0,21.0,199.0,,,92.0,67.0
ghost_chase_pugtrain_nelvaan (3).dm_26.dm_meta,287922139,286980220,,MOD_ROCKET_SPLASH,bad,False,0.24666666666666667,0.30666666666666664,0.24385361283781004,0.3123213262727313,00:15:42.649,may god help us,vis,MOD_ROCKET_SPLASH,1.2553411722183228,0.012680213898420334,100.49333953857422,3045.252685546875,446.0,488,271,482,437.0,272.0,364.0,,,695.0,353.0
ghost_chase_pugtrain_nelvaan (3).dm_26.dm_meta,287939728,286980220,,MOD_TRIP_MINE_SPLASH,bad,True,,,,,00:16:00.238,may god help us,vis,MOD_TRIP_MINE_SPLASH,9.1976318359375,0.278716117143631,41.415531158447266,1255.01611328125,139.0,575,19,485,444.0,71.0,386.0,,,34.0,0.0
ghost_chase_pugtrain_nelvaan (3).dm_26.dm_meta,287958208,286980220,,MOD_TRIP_MINE_SPLASH,bad,False,,,,,00:16:18.718,may god help us,,MOD_TRIP_MINE_SPLASH,0.0,0.0,2.4876694679260254,75.38392639160156,277.0,67,0,209,248.0,0.0,356.0,,,24.0,0.0
ghost_chase_pugtrain_nelvaan (3).dm_26.dm_meta,288112417,286980220,,MOD_ROCKET,bad,False,0.13666666666666666,0.08666666666666667,0.026323085722906307,0.03259198307267083,00:18:52.927,may god help us,vis,MOD_ROCKET,0.5675265192985535,0.01719777286052704,24.187339782714844,732.94970703125,258.0,312,63,314,108.0,263.0,336.0,198.0,-11.0,31.0,27.0
ghost_offense_pugforall_dosuun.dm_26.dm_meta,510607350,510518000,,MOD_ROCKET,good,True,0.4,0.6033333333333334,0.9507802773649644,0.555570988902254,00:01:30.200,^7g^1h^7o^1s^7t^1`-,^7J^4a^7X^4`,MOD_ROCKET,0.0,0.0,0.9348713159561157,28.32943344116211,2136.0,622,5,351,254.0,73.0,325.0,2100.0,-9.0,99.0,70.0
ghost_offense_pugforall_dosuun.dm_26.dm_meta,510769800,510518000,,MOD_TRIP_MINE_SPLASH,bad,True,,,,,00:04:12.650,^7g^1h^7o^1s^7t^1`-,jawa,MOD_TRIP_MINE_SPLASH,149.26104736328125,0.27138373255729675,157.54522705078125,4774.09765625,216.0,711,100,665,443.0,79.0,310.0,,,145.0,68.0
ghost_offense_pugforall_dosuun.dm_26.dm_meta,510858050,510518000,,MOD_ROCKET_SPLASH,bad,True,0.42333333333333334,0.25333333333333335,0.05751360503310696,0.4111251932778046,00:05:40.900,^7g^1h^7o^1s^7t^1`-,jawa,MOD_ROCKET_SPLASH,177.01226806640625,0.2950204610824585,178.90049743652344,5421.22705078125,279.0,196,293,366,126.0,43.0,370.0,,,18.0,0.0
ghost_offense_pugforall_dosuun.dm_26.dm_meta,510930850,510518000,,MOD_ROCKET_SPLASH,bad,False,0.3466666666666667,0.36333333333333334,0.13505165715038975,0.17308834048258287,00:06:53.700,^7g^1h^7o^1s^7t^1`-,^1Zod,MOD_ROCKET_SPLASH,0.14943021535873413,0.002988604363054037,0.6520226001739502,19.75826072692871,157.0,278,38,443,91.0,194.0,271.0,,,50.0,12.0
ghost_offense_pugforall_dosuun.dm_26.dm_meta,511022850,510518000,,MOD_ROCKET,bad,False,0.06666666666666667,0.07333333333333333,0.011539761546525184,0.00770146067417422,00:08:25.700,^7g^1h^7o^1s^7t^1`-,jawa,MOD_ROCKET,1.6503826379776,0.033007651567459106,3.639796495437622,110.29686737060547,143.0,329,314,260,306.0,240.0,270.0,100.0,-28.0,63.0,0.0
ghost_offense_pugforall_dosuun.dm_26.dm_meta,511140250,510518000,,MOD_ROCKET,bad,True,0.22333333333333333,0.19,0.0902801655781084,0.044339112148657364,00:10:23.100,^7g^1h^7o^1s^7t^1`-,evrae,MOD_ROCKET,0.0,0.0,0.0,0.0,192.0,830,169,483,844.0,21.0,402.0,200.0,36.0,692.0,206.0
ghost_offense_pugforall_dosuun.dm_26.dm_meta,511220150,510518000,,MOD_ROCKET_SPLASH,bad,False,0.33666666666666667,0.2966666666666667,0.2811058016878976,0.2837190617480233,00:11:43.000,^7g^1h^7o^1s^7t^1`-,jawa,MOD_ROCKET_SPLASH,4.491168022155762,0.08982335776090622,9.59976577758789,290.9020080566406,542.0,577,76,570,401.0,192.0,188.0,,,202.0,0.0
ghost_offense_pugforall_dosuun.dm_26.dm_meta,511249450,510518000,,MOD_ROCKET_SPLASH,bad,True,0.11333333333333333,0.11666666666666667,0.07917431098295293,0.03295504431132291,00:12:12.300,^7g^1h^7o^1s^7t^1`-,jawa,MOD_ROCKET_SPLASH,49.38722229003906,0.14110635221004486,49.657657623291016,1504.7774658203125,81.0,431,211,411,309.0,228.0,293.0,,,144.0,75.0
ghost_offense_pugforall_dosuun.dm_26.dm_meta,511339650,510518000,,MOD_ROCKET_SPLASH,bad,True,0.12333333333333334,0.06,0.07223545593601827,0.06813056411075595,00:13:42.500,^7g^1h^7o^1s^7t^1`-,evrae,MOD_ROCKET_SPLASH,110.84759521484375,0.4433903694152832,160.27468872070312,4856.80859375,128.0,314,193,304,404.0,62.0,280.0,,,87.0,0.0
ghost_offense_pugforall_dosuun.dm_26.dm_meta,511432150,510518000,,MOD_ROCKET_SPLASH,bad,False,0.26666666666666666,0.33666666666666667,0.09657704320436594,0.15804367127471478,00:15:15.000,^7g^1h^7o^1s^7t^1`-,jawa,MOD_ROCKET_SPLASH,2.625824451446533,0.05251649022102356,11.635985374450684,352.6056213378906,90.0,510,177,444,292.0,164.0,173.0,,,244.0,88.0
ghost_offense_pugforall_dosuun.dm_26.dm_meta,511587350,510518000,,MOD_ROCKET_SPLASH,bad,False,0.1,0.13333333333333333,0.14792096560726206,0.0584305864178353,00:17:50.200,^7g^1h^7o^1s^7t^1`-,evrae,MOD_ROCKET_SPLASH,10.559354782104492,0.21118709444999695,23.897159576416016,724.1563720703125,252.0,529,42,452,285.0,284.0,272.0,,,251.0,25.0
ghost_offense_pugforall_dosuun.dm_26.dm_meta,511611100,510518000,,MOD_ROCKET_SPLASH,bad,False,0.28,0.22,0.11252390656164753,0.16557440862128636,00:18:13.950,^7g^1h^7o^1s^7t^1`-,^7g^1h^7o^1s^7t^1`-,MOD_ROCKET_SPLASH,15.417648315429688,0.03083529695868492,16.906814575195312,512.3276977539062,0.0,446,74,327,446.0,74.0,327.0,,,0.0,0.0
ghost_offense_pugforall_dosuun.dm_26.dm_meta,511707850,510518000,,MOD_FLECHETTE,bad,False,,,,,00:19:50.700,^7g^1h^7o^1s^7t^1`-,evrae,MOD_FLECHETTE,0.0,0.0,24.61453628540039,745.89501953125,338.0,386,169,322,255.0,304.0,293.0,50.0,0.0,45.0,31.0
ghost_offense_pugtrain_manaan.dm_26.dm_meta,212944941,212789346,,MOD_ROCKET_HOMING_SPLASH,bad,False,,,,,00:02:36.325,^7g^1h^7o^1s^7t^1`-,syku,MOD_ROCKET_HOMING_SPLASH,0.0,0.0,4.184305667877197,126.7971420288086,650.0,209,0,141,318.0,951.0,461.0,,,1996.0,1967.0
ghost_offense_pugtrain_manaan.dm_26.dm_meta,212972727,212789346,,MOD_ROCKET_SPLASH,good,False,0.5566666666666666,0.5866666666666667,0.18101426847788538,0.7735419137488758,00:03:04.111,^7g^1h^7o^1s^7t^1`-,^2^^0de^4s^2t^1.,MOD_ROCKET_SPLASH,1.9501041173934937,0.05909406393766403,77.27487182617188,2341.662841796875,258.0,423,0,404,82.0,42.0,138.0,,,15.0,3.0
ghost_offense_pugtrain_manaan.dm_26.dm_meta,212989161,212789346,,MOD_REPEATER_ALT,bad,False,0.3233333333333333,0.31,0.04962386473276188,0.06708458372616338,00:03:20.545,^7g^1h^7o^1s^7t^1`-,denni^1s,MOD_REPEATER_ALT,0.0,0.0,51.58984375,1563.32861328125,132.0,206,23,289,450.0,76.0,356.0,99.0,15.0,577.0,389.0
ghost_offense_pugtrain_manaan.dm_26.dm_meta,212989161,212789346,,MOD_REPEATER_ALT_SPLASH,bad,False,0.47333333333333333,0.5633333333333334,0.12691318883076735,0.21876779541593774,00:03:20.545,^7g^1h^7o^1s^7t^1`-,^7g^1h^7o^1s^7t^1`-,MOD_REPEATER_ALT_SPLASH,0.0,0.0,51.58984375,1563.32861328125,0.0,206,23,289,206.0,23.0,289.0,,,0.0,0.0
ghost_offense_pugtrain_manaan.dm_26.dm_meta,213009390,212789346,,MOD_ROCKET_SPLASH,bad,False,0.31333333333333335,0.16666666666666666,0.2726019049337356,0.3542191026167083,00:03:40.774,^7g^1h^7o^1s^7t^1`-,vis,MOD_ROCKET_SPLASH,3.90629243850708,0.11837249994277954,133.57044982910156,4047.58935546875,376.0,440,163,570,396.0,129.0,350.0,,,69.0,13.0
ghost_offense_pugtrain_manaan.dm_26.dm_meta,213060375,212789346,,MOD_REPEATER_ALT,bad,False,0.28,0.37666666666666665,0.03697088516905517,0.07855822416516821,00:04:31.759,^7g^1h^7o^1s^7t^1`-,vis,MOD_REPEATER_ALT,0.09450796991586685,0.0028638779185712337,18.831401824951172,570.6485595703125,267.0,212,230,164,391.0,407.0,344.0,165.0,-27.0,126.0,63.0
ghost_offense_pugtrain_manaan.dm_26.dm_meta,213199800,212789346,,MOD_TRIP_MINE_SPLASH,bad,False,,,,,00:06:51.184,^7g^1h^7o^1s^7t^1`-,denni^1s,MOD_TRIP_MINE_SPLASH,22.96099090576172,0.053522124886512756,44.345951080322266,1343.816650390625,190.0,448,0,447,723.0,463.0,260.0,,,171.0,0.0
ghost_offense_pugtrain_manaan.dm_26.dm_meta,213261312,212789346,,MOD_TRIP_MINE_SPLASH,bad,False,,,,,00:07:52.696,^7g^1h^7o^1s^7t^1`-,syku,MOD_TRIP_MINE_SPLASH,0.07369852811098099,0.0022332887165248394,5.504846572875977,166.81353759765625,447.0,242,0,461,828.0,222.0,436.0,,,1571.0,688.0
ghost_offense_pugtrain_manaan.dm_26.dm_meta,213403608,212789346,,MOD_BRYAR_PISTOL_ALT,bad,False,0.23,0.3,0.2058185588894233,0.09270608073601587,00:10:14.992,^7g^1h^7o^1s^7t^1`-,vis,MOD_BRYAR_PISTOL_ALT,1.147335171699524,0.03476773202419281,97.07880401611328,2941.781982421875,380.0,253,26,288,311.0,276.0,304.0,231.0,-14.0,132.0,93.0
ghost_offense_pugtrain_manaan.dm_26.dm_meta,213437301,212789346,,MOD_ROCKET_SPLASH,bad,False,0.06666666666666667,0.12,0.09752623149519492,0.021770153690537575,00:10:48.685,^7g^1h^7o^1s^7t^1`-,denni^1s,MOD_ROCKET_SPLASH,5.876248359680176,0.1780681312084198,19.12662696838379,579.5947875976562,98.0,494,391,468,471.0,320.0,445.0,,,403.0,4.0
ghost_offense_pugtrain_manaan.dm_26.dm_meta,213499539,212789346,,MOD_TRIP_MINE_SPLASH,bad,False,,,,,00:11:50.923,^7g^1h^7o^1s^7t^1`-,denni^1s,MOD_TRIP_MINE_SPLASH,0.0,0.0,11.93557357788086,361.6840515136719,238.0,356,95,383,109.0,316.0,543.0,,,54.0,51.0
ghost_offense_pugtrain_manaan.dm_26.dm_meta,213582600,212789346,,MOD_FLECHETTE,bad,False,,,,,00:13:13.984,^7g^1h^7o^1s^7t^1`-,vis,MOD_FLECHETTE,7.386296272277832,0.22382715344429016,119.14117431640625,3610.338623046875,229.0,425,0,332,197.0,21.0,227.0,66.0,-10.0,6.0,0.0
ghost_offense_pugtrain_manaan.dm_26.dm_meta,213628635,212789346,,MOD_BRYAR_PISTOL_ALT,bad,False,0.21,0.19666666666666666,0.10002706091970899,0.004834542802677015,00:14:00.019,^7g^1h^7o^1s^7t^1`-,denni^1s,MOD_BRYAR_PISTOL_ALT,2.9639475345611572,0.08981659263372421,29.174123764038086,884.0643310546875,136.0,296,157,338,228.0,0.0,442.0,66.0,-21.0,8.0,0.0
ghost_offense_pugtrain_manaan.dm_26.dm_meta,213645762,212789346,,MOD_ROCKET,bad,False,0.08,0.06333333333333334,0.021039984570073847,0.02160676598666287,00:14:17.146,^7g^1h^7o^1s^7t^1`-,dazah^6k,MOD_ROCKET,2.0193636417388916,0.02039761282503605,126.75666046142578,3841.11083984375,159.0,430,7,348,225.0,231.0,233.0,99.0,-10.0,210.0,36.0
ghost_offense_pugtrain_manaan.dm_26.dm_meta,213684339,212789346,,MOD_BRYAR_PISTOL_ALT,bad,False,0.4166666666666667,0.33666666666666667,0.3715985347632862,0.34657837533891245,00:14:55.723,^7g^1h^7o^1s^7t^1`-,syku,MOD_BRYAR_PISTOL_ALT,0.0,0.0,53.7689208984375,1629.3612060546875,129.0,516,36,462,739.0,197.0,396.0,66.0,19.0,353.0,128.0
ghost_offense_pugtrain_manaan.dm_26.dm_meta,213762846,212789346,,MOD_TRIP_MINE_SPLASH,bad,True,,,,,00:16:14.230,^7g^1h^7o^1s^7t^1`-,dazah^6k,MOD_TRIP_MINE_SPLASH,130.4325408935547,0.13175004720687866,130.563720703125,3956.476318359375,875.0,686,316,597,105.0,197.0,217.0,,,142.0,108.0
ghost_offense_pugtrain_manaan.dm_26.dm_meta,213782448,212789346,,MOD_TRIP_MINE_SPLASH,bad,False,,,,,00:16:33.832,^7g^1h^7o^1s^7t^1`-,vis,MOD_TRIP_MINE_SPLASH,4.219554901123047,0.04262176528573036,7.836032867431641,237.45553588867188,172.0,254,3,268,413.0,120.0,252.0,,,260.0,52.0
ghost_offense_pugtrain_manaan.dm_26.dm_meta,213976851,212789346,,MOD_REPEATER_ALT,bad,False,0.20666666666666667,0.3,0.03837925945157018,0.12023595856110326,00:19:48.235,^7g^1h^7o^1s^7t^1`-,^2^^0Madne^7s^2s^7,MOD_REPEATER_ALT,21.002197265625,0.057857293635606766,42.27915954589844,1281.1866455078125,265.0,505,179,478,811.0,110.0,564.0,363.0,0.0,135.0,12.0
ghost_offense_pugtrain_manaan.dm_26.dm_meta,213982329,212789346,,MOD_ROCKET_SPLASH,bad,True,0.2866666666666667,0.23666666666666666,0.16369187248451234,0.25635076606853596,00:19:53.713,^7g^1h^7o^1s^7t^1`-,syku,MOD_ROCKET_SPLASH,29.662593841552734,0.052874498069286346,168.40771484375,5103.26416015625,135.0,293,123,285,292.0,143.0,244.0,,,81.0,17.0
img_vs_bf_city_geezus_1.dm_26.dm_meta,188200650,188081600,189282550.0,MOD_TRIP_MINE_SPLASH,bad,False,,,,,00:02:01.800,,^1BF_^7SexuallyFrustratedEwok,MOD_TRIP_MINE_SPLASH,0.0,0.0,70.85543060302734,2147.13427734375,164.0,501,16,421,219.0,84.0,277.0,,,55.0,27.0
img_vs_bf_city_geezus_1.dm_26.dm_meta,188316000,188081600,189282550.0,MOD_ROCKET_SPLASH,bad,False,0.12666666666666668,0.18333333333333332,0.14183120606572197,0.11470082804369448,00:03:57.150,,^1BF_^7Wonka,MOD_ROCKET_SPLASH,35.990909576416016,0.04234224557876587,35.990909576416016,1090.6336669921875,299.0,495,357,470,350.0,112.0,478.0,,,189.0,39.0
img_vs_bf_city_geezus_1.dm_26.dm_meta,188350550,188081600,189282550.0,MOD_ROCKET_SPLASH,bad,False,0.16666666666666666,0.22666666666666666,0.13860261726622128,0.1525042094798339,00:04:31.700,,^1BF_^7Wonka,MOD_ROCKET_SPLASH,0.0,0.0,27.984498977661133,848.01513671875,105.0,271,42,328,209.0,334.0,245.0,,,191.0,8.0
img_vs_bf_city_geezus_1.dm_26.dm_meta,188391600,188081600,189282550.0,MOD_REPEATER_ALT_SPLASH,bad,False,0.43333333333333335,0.27,0.29942708127249607,0.49811004965206956,00:05:12.750,,^1BF_^7SexuallyFrustratedEwok,MOD_REPEATER_ALT_SPLASH,0.0,0.0,129.6766357421875,3929.594970703125,380.0,250,0,311,65.0,140.0,233.0,,,23.0,0.0
img_vs_bf_city_geezus_1.dm_26.dm_meta,188415400,188081600,189282550.0,MOD_REPEATER_ALT_SPLASH,bad,False,0.25333333333333335,0.3,0.19533498341366104,0.2899097286793408,00:05:36.550,,^1BF_^7SexuallyFrustratedEwok,MOD_REPEATER_ALT_SPLASH,36.2182502746582,0.07243650406599045,59.480648040771484,1802.44384765625,389.0,222,280,297,366.0,244.0,268.0,,,282.0,15.0
img_vs_bf_city_geezus_1.dm_26.dm_meta,188440800,188081600,189282550.0,MOD_ROCKET_SPLASH,bad,False,0.17666666666666667,0.21,0.36780726140319026,0.1578419910870806,00:06:01.950,,^1BF_^7SexuallyFrustratedEwok,MOD_ROCKET_SPLASH,0.0,0.0,51.95646286010742,1574.438232421875,463.0,193,0,358,499.0,180.0,194.0,,,78.0,34.0
img_vs_bf_city_geezus_1.dm_26.dm_meta,188612900,188081600,189282550.0,MOD_ROCKET_SPLASH,bad,True,0.17666666666666667,0.14,0.11820699761011275,0.06564241768375227,00:08:54.050,,^1BF_^7Wonka,MOD_ROCKET_SPLASH,108.44805908203125,0.18074676394462585,155.68226623535156,4717.64453125,93.0,223,14,190,647.0,365.0,342.0,,,146.0,18.0
img_vs_bf_city_geezus_1.dm_26.dm_meta,188652250,188081600,189282550.0,MOD_ROCKET_SPLASH,bad,False,0.3233333333333333,0.28,0.4454374462528224,0.2326956233150327,00:09:33.400,,^1BF_^7SexuallyFrustratedEwok,MOD_ROCKET_SPLASH,0.0,0.0,0.263671875,7.990056991577148,674.0,426,220,279,377.0,135.0,516.0,,,93.0,30.0
img_vs_bf_city_geezus_1.dm_26.dm_meta,188728850,188081600,189282550.0,MOD_ROCKET,bad,False,0.056666666666666664,0.04666666666666667,0.014694761959739986,0.003453523143523528,00:10:50.000,,,MOD_ROCKET,0.0,0.0,65.48709869384766,1984.45751953125,127.0,321,19,292,439.0,0.0,298.0,150.0,-53.0,51.0,7.0
img_vs_bf_city_geezus_1.dm_26.dm_meta,188751550,188081600,189282550.0,MOD_ROCKET,bad,False,0.21666666666666667,0.18666666666666668,0.14306472899233724,0.06515947493241886,00:11:12.700,,,MOD_ROCKET,30.621435165405273,0.047109901905059814,51.23270797729492,1552.50634765625,266.0,201,0,505,626.0,50.0,426.0,350.0,-6.0,52.0,0.0
img_vs_bf_city_geezus_1.dm_26.dm_meta,188805500,188081600,189282550.0,MOD_ROCKET_SPLASH,bad,False,0.17333333333333334,0.21333333333333335,0.29192468657074216,0.11683510070128324,00:12:06.650,,,MOD_ROCKET_SPLASH,0.0,0.0,25.457725524902344,771.4462280273438,434.0,386,3,360,277.0,256.0,204.0,,,58.0,55.0
img_vs_bf_city_geezus_1.dm_26.dm_meta,188846800,188081600,189282550.0,MOD_REPEATER_ALT_SPLASH,bad,False,0.32,0.4766666666666667,0.1881706190984012,0.31798312356558056,00:12:47.950,,^1BF_^7Wonka,MOD_REPEATER_ALT_SPLASH,7.522476673126221,0.025074921548366547,92.90446472167969,2815.286865234375,208.0,323,0,428,164.0,154.0,319.0,,,67.0,0.0
img_vs_bf_city_geezus_1.dm_26.dm_meta,188876750,188081600,189282550.0,MOD_REPEATER_ALT,bad,True,0.3466666666666667,0.3233333333333333,0.04950811521802778,0.13896855276784886,00:13:17.900,,^1BF_^7SexuallyFrustratedEwok,MOD_REPEATER_ALT,0.0,0.0,149.94024658203125,4543.64404296875,317.0,496,152,430,467.0,119.0,340.0,200.0,-25.0,35.0,0.0
img_vs_bf_city_geezus_1.dm_26.dm_meta,189037300,188081600,189282550.0,MOD_REPEATER_ALT_SPLASH,bad,True,0.18333333333333332,0.13333333333333333,0.06707029406701175,0.0877042018264363,00:15:58.450,,^1BF_^7SexuallyFrustratedEwok,MOD_REPEATER_ALT_SPLASH,154.54110717773438,0.19317638874053955,155.78598022460938,4720.787109375,172.0,324,0,266,194.0,161.0,292.0,,,80.0,7.0
img_vs_bf_city_geezus_1.dm_26.dm_meta,189055150,188081600,189282550.0,MOD_REPEATER_ALT_SPLASH,bad,True,0.44333333333333336,0.45,0.09767531142703044,0.25529685432698745,00:16:16.300,,,MOD_REPEATER_ALT_SPLASH,57.956634521484375,0.07244579493999481,72.34925079345703,2192.401611328125,161.0,36,219,355,194.0,43.0,161.0,,,33.0,0.0
img_vs_bf_city_geezus_1.dm_26.dm_meta,189189300,188081600,189282550.0,MOD_REPEATER_ALT_SPLASH,bad,False,0.35333333333333333,0.2966666666666667,0.3272312965573657,0.3353089564432119,00:18:30.450,,^1BF_^7Wonka,MOD_REPEATER_ALT_SPLASH,2.5946812629699707,0.005189362447708845,11.548697471618652,349.9605407714844,538.0,223,18,276,125.0,85.0,195.0,,,30.0,0.0
img_vs_bf_city_geezus_1.dm_26.dm_meta,189227500,188081600,189282550.0,MOD_DET_PACK_SPLASH,bad,True,,,,,00:19:08.650,,^1BF_^7Wonka,MOD_DET_PACK_SPLASH,131.85609436035156,0.14650677144527435,132.10330200195312,4003.13037109375,292.0,514,281,367,549.0,224.0,286.0,,,110.0,0.0
img_vs_bf_city_geezus_1.dm_26.dm_meta,189272500,188081600,189282550.0,MOD_TRIP_MINE_SPLASH,bad,True,,,,,00:19:53.650,,,MOD_TRIP_MINE_SPLASH,0.0,0.0,151.2899169921875,4584.54296875,633.0,175,0,282,172.0,109.0,378.0,,,53.0,0.0
img_vs_bf_sentinel_geezus_1.dm_26.dm_meta,189563650,189403650,190612600.0,MOD_ROCKET_SPLASH,bad,False,0.38333333333333336,0.47333333333333333,0.14430392129849745,0.08537434287139892,00:02:41.950,,^1BF_^7Wonka,MOD_ROCKET_SPLASH,0.0,0.0,63.84698486328125,1934.757080078125,123.0,223,239,205,72.0,354.0,332.0,,,97.0,60.0
img_vs_bf_sentinel_geezus_1.dm_26.dm_meta,189573350,189403650,190612600.0,MOD_FLECHETTE,bad,False,,,,,00:02:51.650,,^1BF_^7SexuallyFrustratedEwok,MOD_FLECHETTE,21.923160552978516,0.04871813580393791,23.038419723510742,698.1339111328125,520.0,51,20,173,93.0,16.0,155.0,100.0,-10.0,2.0,0.0
img_vs_bf_sentinel_geezus_1.dm_26.dm_meta,189587550,189403650,190612600.0,MOD_DET_PACK_SPLASH,bad,False,,,,,00:03:05.850,,,MOD_DET_PACK_SPLASH,0.0,0.0,96.97222137451172,2938.55224609375,993.0,268,260,258,574.0,841.0,503.0,,,148.0,13.0
img_vs_bf_sentinel_geezus_1.dm_26.dm_meta,189693300,189403650,190612600.0,MOD_REPEATER_ALT,bad,True,0.2633333333333333,0.25666666666666665,0.003802163311886982,0.06325427276091965,00:04:51.600,,^1BF_^7Wonka,MOD_REPEATER_ALT,26.54567527770996,0.037922393530607224,159.11561584472656,4821.685546875,139.0,117,184,205,33.0,150.0,256.0,100.0,-19.0,43.0,39.0
img_vs_bf_sentinel_geezus_1.dm_26.dm_meta,189720650,189403650,190612600.0,MOD_REPEATER_ALT_SPLASH,bad,True,0.26,0.24,0.15312014812843514,0.24712078111381136,00:05:18.950,,^1BF_^7Wonka,MOD_REPEATER_ALT_SPLASH,40.21059036254883,0.05361412093043327,82.4644775390625,2498.923583984375,197.0,328,16,321,323.0,66.0,214.0,,,72.0,0.0
img_vs_bf_sentinel_geezus_1.dm_26.dm_meta,189734200,189403650,190612600.0,MOD_REPEATER_ALT_SPLASH,bad,True,0.41,0.33666666666666667,0.1971358343280858,0.4587272486407682,00:05:32.500,,^1BF_^7SexuallyFrustratedEwok,MOD_REPEATER_ALT_SPLASH,0.0,0.0,172.23841857910156,5219.34619140625,96.0,270,0,252,175.0,27.0,239.0,,,21.0,0.0
img_vs_bf_sentinel_geezus_1.dm_26.dm_meta,189753950,189403650,190612600.0,MOD_DET_PACK_SPLASH,bad,False,,,,,00:05:52.250,,^1BF_^7Wonka,MOD_DET_PACK_SPLASH,0.0,0.0,0.9430660605430603,28.5777587890625,628.0,33,0,137,342.0,136.0,326.0,,,109.0,17.0
img_vs_bf_sentinel_geezus_1.dm_26.dm_meta,189774100,189403650,190612600.0,MOD_ROCKET_SPLASH,bad,True,0.45,0.42333333333333334,0.20782071659051166,0.39409023401198845,00:06:12.400,,^1BF_^7SexuallyFrustratedEwok,MOD_ROCKET_SPLASH,45.514617919921875,0.07585769891738892,50.84019088745117,1540.61181640625,435.0,191,264,257,244.0,19.0,294.0,,,24.0,0.0
img_vs_bf_sentinel_geezus_1.dm_26.dm_meta,189873550,189403650,190612600.0,MOD_ROCKET_SPLASH,bad,False,0.17666666666666667,0.22,0.1715680068449487,0.12086150949127453,00:07:51.850,,^1BF_^7Wonka,MOD_ROCKET_SPLASH,10.226178169250488,0.02921765111386776,13.261810302734375,401.873046875,305.0,102,465,500,447.0,87.0,381.0,,,125.0,0.0
img_vs_bf_sentinel_geezus_1.dm_26.dm_meta,189920850,189403650,190612600.0,MOD_ROCKET,bad,False,0.12,0.08333333333333333,0.023825706498271315,0.006719869008426274,00:08:39.150,,^1BF_^7Wonka,MOD_ROCKET,0.0,0.0,100.19469451904297,3036.202880859375,192.0,247,279,313,412.0,193.0,273.0,150.0,-33.0,65.0,0.0
img_vs_bf_sentinel_geezus_1.dm_26.dm_meta,189929150,189403650,190612600.0,MOD_REPEATER_ALT_SPLASH,bad,False,0.17,0.24,0.31335007690540045,0.22470968626429974,00:08:47.450,,^1BF_^7SexuallyFrustratedEwok,MOD_REPEATER_ALT_SPLASH,0.0,0.0,2.5170443058013916,76.2740707397461,496.0,257,291,222,430.0,163.0,268.0,,,130.0,0.0
img_vs_bf_sentinel_geezus_1.dm_26.dm_meta,189965050,189403650,190612600.0,MOD_DET_PACK_SPLASH,bad,False,,,,,00:09:23.350,,,MOD_DET_PACK_SPLASH,14.343484878540039,0.028686970472335815,20.719717025756836,627.8702392578125,401.0,143,0,56,195.0,957.0,205.0,,,185.0,9.0
img_vs_bf_sentinel_geezus_1.dm_26.dm_meta,189987350,189403650,190612600.0,MOD_DET_PACK_SPLASH,bad,False,,,,,00:09:45.650,,,MOD_DET_PACK_SPLASH,0.0,0.0,0.6514901518821716,19.74212646484375,0.0,267,558,292,267.0,558.0,292.0,,,0.0,0.0
img_vs_bf_sentinel_geezus_1.dm_26.dm_meta,190015850,189403650,190612600.0,MOD_ROCKET_SPLASH,bad,False,0.16666666666666666,0.27,0.3586610269829786,0.28933290281887925,00:10:14.150,,,MOD_ROCKET_SPLASH,0.0,0.0,57.74213790893555,1749.76171875,497.0,225,35,185,373.0,151.0,339.0,,,380.0,341.0
img_vs_bf_sentinel_geezus_1.dm_26.dm_meta,190033750,189403650,190612600.0,MOD_ROCKET_SPLASH,bad,False,0.20666666666666667,0.27666666666666667,0.2415813066835151,0.17047641606738756,00:10:32.050,,,MOD_ROCKET_SPLASH,0.0,0.0,91.09374237060547,2760.41650390625,288.0,252,295,221,412.0,110.0,290.0,,,152.0,0.0
img_vs_bf_sentinel_geezus_1.dm_26.dm_meta,190033750,189403650,190612600.0,MOD_ROCKET_SPLASH,bad,False,0.36333333333333334,0.41333333333333333,0.21953595690136835,0.3460114047778244,00:10:32.050,,^4>^1>^7toosexy^1!^7H^4F^7D,MOD_ROCKET_SPLASH,0.0,0.0,91.09374237060547,2760.41650390625,335.0,252,295,221,138.0,468.0,164.0,,,185.0,38.0
img_vs_bf_sentinel_geezus_1.dm_26.dm_meta,190117900,189403650,190612600.0,MOD_DET_PACK_SPLASH,bad,False,,,,,00:11:56.200,,,MOD_DET_PACK_SPLASH,0.0,0.0,33.039737701416016,1001.2041625976562,71.0,678,466,236,259.0,250.0,559.0,,,185.0,8.0
img_vs_bf_sentinel_geezus_1.dm_26.dm_meta,190183000,189403650,190612600.0,MOD_DET_PACK_SPLASH,bad,False,,,,,00:13:01.300,,^1BF_^7Wonka,MOD_DET_PACK_SPLASH,0.0,0.0,46.963951110839844,1423.1500244140625,376.0,462,218,410,303.0,339.0,242.0,,,32.0,32.0
img_vs_bf_sentinel_geezus_1.dm_26.dm_meta,190196950,189403650,190612600.0,MOD_ROCKET_SPLASH,bad,False,0.30666666666666664,0.38666666666666666,0.09964904930961405,0.23787944509372702,00:13:15.250,,^1BF_^7SexuallyFrustratedEwok,MOD_ROCKET_SPLASH,24.026248931884766,0.06864642351865768,67.00008392333984,2030.3055419921875,95.0,297,250,343,200.0,141.0,178.0,,,80.0,0.0
img_vs_bf_sentinel_geezus_1.dm_26.dm_meta,190204600,189403650,190612600.0,MOD_REPEATER_ALT,bad,False,0.25,0.23,0.032339978976197115,0.020534834544337237,00:13:22.900,,^1BF_^7Wonka,MOD_REPEATER_ALT,8.771525382995605,0.013494654558598995,8.771525382995605,265.8038024902344,363.0,159,0,312,296.0,85.0,183.0,350.0,0.0,36.0,0.0
img_vs_bf_sentinel_geezus_1.dm_26.dm_meta,190218500,189403650,190612600.0,MOD_REPEATER_ALT_SPLASH,bad,False,0.36,0.4166666666666667,0.2553499349293092,0.2515935465843711,00:13:36.800,,^1BF_^7Wonka,MOD_REPEATER_ALT_SPLASH,0.0,0.0,60.57585144042969,1835.6318359375,237.0,73,0,58,196.0,25.0,338.0,,,19.0,0.0
img_vs_bf_sentinel_geezus_1.dm_26.dm_meta,190289450,189403650,190612600.0,MOD_BLASTER,bad,False,,,,,00:14:47.750,,,MOD_BLASTER,0.0,0.0,44.14332580566406,1337.676513671875,189.0,445,74,411,182.0,283.0,261.0,,,143.0,21.0
img_vs_bf_sentinel_geezus_1.dm_26.dm_meta,190368350,189403650,190612600.0,MOD_DET_PACK_SPLASH,bad,False,,,,,00:16:06.650,,^4>^1>^7r4mp^1!^7H^4F^7D,MOD_DET_PACK_SPLASH,0.6558985114097595,0.01311796996742487,5.79734992980957,175.67727661132812,869.0,356,222,359,571.0,230.0,278.0,,,247.0,0.0
img_vs_bf_sentinel_geezus_1.dm_26.dm_meta,190450450,189403650,190612600.0,MOD_DET_PACK_SPLASH,bad,False,,,,,00:17:28.750,,^1BF_^7SexuallyFrustratedEwok,MOD_DET_PACK_SPLASH,27.24938201904297,0.034061726182699203,29.02251434326172,879.4701538085938,472.0,310,126,280,837.0,254.0,380.0,,,412.0,0.0
img_vs_bf_sentinel_geezus_1.dm_26.dm_meta,190498300,189403650,190612600.0,MOD_REPEATER_ALT_SPLASH,bad,False,0.16666666666666666,0.19666666666666666,0.1968159179221633,0.1378272699522248,00:18:16.600,,^1BF_^7Wonka,MOD_REPEATER_ALT_SPLASH,20.231081008911133,0.057803086936473846,20.231081008911133,613.0630493164062,241.0,299,0,200,407.0,436.0,345.0,,,288.0,64.0
img_vs_bf_sentinel_geezus_1.dm_26.dm_meta,190520800,189403650,190612600.0,MOD_TRIP_MINE_SPLASH,bad,False,,,,,00:18:39.100,,^4>^1>^7r4mp^1!^7H^4F^7D,MOD_TRIP_MINE_SPLASH,17.180313110351562,0.022907083854079247,60.566627502441406,1835.3524169921875,189.0,388,323,303,75.0,14.0,296.0,,,3.0,0.0
img_vs_bf_sentinel_geezus_1.dm_26.dm_meta,190521150,189403650,190612600.0,MOD_TRIP_MINE_SPLASH,bad,False,,,,,00:18:39.450,,^1BF_^7Wonka,MOD_TRIP_MINE_SPLASH,1.7223412990570068,0.017223412171006203,81.47077178955078,2468.811279296875,228.0,365,45,314,160.0,371.0,319.0,,,122.0,33.0
img_vs_bf_sentinel_geezus_1.dm_26.dm_meta,190561500,189403650,190612600.0,MOD_ROCKET,bad,False,0.05333333333333334,0.06,0.01522948871117874,0.008632240319486372,00:19:19.800,,,MOD_ROCKET,25.648422241210938,0.04663349315524101,56.159542083740234,1701.8043212890625,120.0,198,172,295,434.0,247.0,40.0,150.0,-29.0,99.0,0.0
img_vs_f_yavin_tant_1.dm_26.dm_meta,4516529,4185044,,MOD_ROCKET_SPLASH,bad,False,0.14666666666666667,0.15333333333333332,0.17361488883816756,0.18304989352630455,00:05:33.106,,^4f^7.^4m^7utin^4y,MOD_ROCKET_SPLASH,19.21588897705078,0.036393728107213974,19.5021915435791,590.9755249023438,214.0,398,7,430,556.0,371.0,559.0,,,623.0,49.0
img_vs_f_yavin_tant_1.dm_26.dm_meta,4819370,4185044,,MOD_ROCKET_SPLASH,bad,False,0.47333333333333333,0.4766666666666667,0.1141647581338821,0.12557789874419772,00:10:35.947,,^4f^7.^4e^7le^4c^7t,MOD_ROCKET_SPLASH,32.82304763793945,0.05850810557603836,33.51634216308594,1015.646728515625,141.0,293,52,200,45.0,475.0,196.0,,,77.0,69.0
img_vs_f_yavin_tant_1.dm_26.dm_meta,4962491,4185044,,MOD_REPEATER_ALT,bad,False,0.2,0.25333333333333335,0.02582726376172572,0.015037711953392827,00:12:59.068,,^4f^7.^4g^7ui^4lt^7y,MOD_REPEATER_ALT,11.737010955810547,0.025404784828424454,12.420958518981934,376.3926696777344,296.0,352,205,302,210.0,234.0,250.0,363.0,4.0,204.0,75.0
img_vs_f_yavin_tant_1.dm_26.dm_meta,4977902,4185044,,MOD_ROCKET_SPLASH,bad,False,0.43,0.43,0.1054945847814287,0.5330986474383755,00:13:14.479,,^4f^7.^4m^7utin^4y,MOD_ROCKET_SPLASH,27.054784774780273,0.08198419958353043,27.054784774780273,819.8419799804688,125.0,297,33,370,110.0,77.0,213.0,,,37.0,28.0
img_vs_f_yavin_tant_1.dm_26.dm_meta,5086307,4185044,,MOD_BRYAR_PISTOL_ALT,bad,True,0.37,0.33,0.12890808601195353,0.034505109572959644,00:15:02.884,,^4f^7.^4g^7ui^4lt^7y,MOD_BRYAR_PISTOL_ALT,39.34248352050781,0.07947976142168045,39.95424270629883,1210.734619140625,195.0,429,5,430,1079.0,8.0,574.0,99.0,-1.0,294.0,22.0
img_vs_f_yavin_tant_1.dm_26.dm_meta,5109473,4185044,,MOD_BRYAR_PISTOL_ALT,bad,False,0.11333333333333333,0.12,0.06705206188038561,0.005567980362667154,00:15:26.050,,^4f^7.^4m^7utin^4y,MOD_BRYAR_PISTOL_ALT,5.014467716217041,0.0506511889398098,13.771953582763672,417.3319396972656,70.0,190,38,227,456.0,144.0,263.0,,,35.0,8.0
img_vs_f_yavin_tant_1.dm_26.dm_meta,5203259,4185044,,MOD_ROCKET_SPLASH,bad,False,0.3233333333333333,0.4066666666666667,0.22708171508103445,0.331980819886364,00:16:59.836,,^4f^7.^4g^7ui^4lt^7y,MOD_ROCKET_SPLASH,3.80126953125,0.11518998444080353,8.496710777282715,257.47607421875,311.0,278,75,365,478.0,23.0,284.0,,,69.0,0.0
img_vs_f_yavin_tant_1.dm_26.dm_meta,5243255,4185044,,MOD_REPEATER_ALT_SPLASH,bad,False,0.13333333333333333,0.18,0.17827084407024946,0.10094283458798098,00:17:39.832,,^4f^7.^4e^7le^4c^7t,MOD_REPEATER_ALT_SPLASH,0.0,0.0,26.893110275268555,814.9427490234375,170.0,434,0,570,557.0,173.0,507.0,,,425.0,58.0
img_vs_f_yavin_tant_1.dm_26.dm_meta,5281106,4185044,,MOD_BRYAR_PISTOL_ALT,bad,False,0.15333333333333332,0.18,0.21078130525492403,0.010513084549963761,00:18:17.683,,^4f^7.^4g^7ui^4lt^7y,MOD_BRYAR_PISTOL_ALT,0.0,0.0,38.57344436645508,1168.8922119140625,157.0,252,1,274,523.0,327.0,364.0,66.0,0.0,141.0,8.0
img_vs_oe_city_tant_1.dm_26.dm_meta,106256374,106200934,106980559.0,MOD_REPEATER,bad,True,,,,,00:08:01.441,^4BLUES ^3#44 ^4PRONGER,oE|^7Jatonx,MOD_REPEATER,104.25021362304688,0.1858292520046234,128.38394165039062,3890.422607421875,239.0,273,294,242,517.0,249.0,460.0,132.0,5.0,81.0,23.0
img_vs_oe_city_tant_1.dm_26.dm_meta,106301089,106200934,106980559.0,MOD_REPEATER_ALT_SPLASH,bad,False,0.30666666666666664,0.37,0.15815917406531707,0.4132700791017867,00:08:46.156,^4BLUES ^3#44 ^4PRONGER,oE|^7Jatonx,MOD_REPEATER_ALT_SPLASH,10.353135108947754,0.03921642154455185,32.221824645996094,976.4189453125,225.0,354,76,343,156.0,418.0,214.0,,,123.0,13.0
img_vs_oe_city_tant_1.dm_26.dm_meta,106306204,106200934,106980559.0,MOD_ROCKET_SPLASH,bad,False,0.23,0.16333333333333333,0.20869883009629267,0.17278684648744025,00:08:51.271,^4BLUES ^3#44 ^4PRONGER,oE^1|^4Eidolon^2JM,MOD_ROCKET_SPLASH,30.16909408569336,0.1306021362543106,69.47773742675781,2105.385986328125,296.0,325,10,386,414.0,67.0,346.0,,,93.0,0.0
img_vs_oe_city_tant_1.dm_26.dm_meta,106412167,106200934,106980559.0,MOD_REPEATER_ALT_SPLASH,bad,False,0.08666666666666667,0.15,0.20511981834510915,0.07951642433351508,00:10:37.234,^4BLUES ^3#44 ^4PRONGER,oE^1|^4Eidolon^2JM,MOD_REPEATER_ALT_SPLASH,24.179397583007812,0.02713737078011036,55.062957763671875,1668.574462890625,284.0,293,0,310,340.0,382.0,292.0,,,256.0,38.0
img_vs_oe_city_tant_1.dm_26.dm_meta,106457872,106200934,106980559.0,MOD_ROCKET_SPLASH,bad,False,0.3,0.31333333333333335,0.3714707896082465,0.1968679046965482,00:11:22.939,^4BLUES ^3#44 ^4PRONGER,oE|^7Jatonx,MOD_ROCKET_SPLASH,1.6259208917617798,0.003079395741224289,106.75709533691406,3235.0634765625,435.0,250,0,270,366.0,7.0,457.0,,,234.0,103.0
img_vs_oe_city_tant_1.dm_26.dm_meta,106492555,106200934,106980559.0,MOD_BRYAR_PISTOL_ALT,bad,True,0.17666666666666667,0.19,0.024117338846097056,0.06202607386853619,00:11:57.622,^4BLUES ^3#44 ^4PRONGER,oE^1|^4Eidolon^2JM,MOD_BRYAR_PISTOL_ALT,58.34611511230469,0.13600492477416992,92.4017562866211,2800.05322265625,86.0,203,0,305,607.0,51.0,331.0,33.0,-8.0,45.0,0.0
img_vs_oe_city_tant_1.dm_26.dm_meta,106566772,106200934,106980559.0,MOD_REPEATER_ALT,bad,False,0.36333333333333334,0.30333333333333334,0.020454734468178956,0.08176284582132827,00:13:11.839,^4BLUES ^3#44 ^4PRONGER,oE^1|^4Eidolon^2JM,MOD_REPEATER_ALT,0.0,0.0,99.47135925292969,3014.28369140625,134.0,279,169,260,280.0,133.0,320.0,99.0,-14.0,13.0,0.0
img_vs_oe_city_tant_1.dm_26.dm_meta,106676068,106200934,106980559.0,MOD_THERMAL_SPLASH,bad,False,,,,,00:15:01.135,^4BLUES ^3#44 ^4PRONGER,oE^1|^4Eidolon^2JM,MOD_THERMAL_SPLASH,18.16538429260254,0.02293609082698822,19.30013084411621,584.8524780273438,372.0,228,455,328,432.0,418.0,365.0,,,345.0,16.0
img_vs_oe_city_tant_1.dm_26.dm_meta,106740880,106200934,106980559.0,MOD_BRYAR_PISTOL_ALT,bad,False,0.26666666666666666,0.25666666666666665,0.2000506680927683,0.0779940247912209,00:16:05.947,^4BLUES ^3#44 ^4PRONGER,oE^1|^4Eidolon^2JM,MOD_BRYAR_PISTOL_ALT,1.4970157146453857,0.0075606852769851685,71.46314239501953,2165.5498046875,365.0,257,0,250,765.0,9.0,419.0,198.0,1.0,53.0,0.0
img_vs_oe_city_tant_1.dm_26.dm_meta,106746160,106200934,106980559.0,MOD_REPEATER_ALT,bad,False,0.19333333333333333,0.27666666666666667,0.0189834732899436,0.009988909134825112,00:16:11.227,^4BLUES ^3#44 ^4PRONGER,oE|^7Jatonx,MOD_REPEATER_ALT,33.567073822021484,0.10171840339899063,88.42138671875,2679.43603515625,171.0,299,119,365,568.0,261.0,324.0,165.0,0.0,142.0,53.0
img_vs_oe_city_tant_1.dm_26.dm_meta,106763518,106200934,106980559.0,MOD_REPEATER_ALT_SPLASH,bad,False,0.31333333333333335,0.19666666666666666,0.2663726781431308,0.23403608140474053,00:16:28.585,^4BLUES ^3#44 ^4PRONGER,oE^1|^4Eidolon^2JM,MOD_REPEATER_ALT_SPLASH,10.59312915802002,0.03210039064288139,144.60296630859375,4381.908203125,216.0,280,23,247,425.0,0.0,365.0,,,23.0,0.0
img_vs_oe_city_tant_1.dm_26.dm_meta,106777477,106200934,106980559.0,MOD_BRYAR_PISTOL_ALT,bad,False,0.21666666666666667,0.25666666666666665,0.2592851428277331,0.009254305140786087,00:16:42.544,^4BLUES ^3#44 ^4PRONGER,oE|^7Jatonx,MOD_BRYAR_PISTOL_ALT,0.0,0.0,56.99059295654297,1726.9876708984375,235.0,128,0,241,295.0,673.0,392.0,99.0,-7.0,29.0,28.0
img_vs_oe_city_tant_1.dm_26.dm_meta,106836349,106200934,106980559.0,MOD_REPEATER_ALT,bad,False,0.26,0.25333333333333335,0.03419003288620705,0.02158227022217916,00:17:41.416,^4BLUES ^3#44 ^4PRONGER,oE^1|^4Eidolon^2JM,MOD_REPEATER_ALT,29.479475021362305,0.05955449491739273,94.10777282714844,2851.750732421875,243.0,336,29,377,599.0,386.0,352.0,231.0,-4.0,54.0,7.0
img_vs_oe_city_tant_1.dm_26.dm_meta,106854070,106200934,106980559.0,MOD_REPEATER_ALT,bad,False,0.22666666666666666,0.22666666666666666,0.026086417149224318,0.007967497623332194,00:17:59.137,^4BLUES ^3#44 ^4PRONGER,oE|^7Jatonx,MOD_REPEATER_ALT,15.245833396911621,0.017769036814570427,15.245833396911621,461.9949645996094,223.0,286,142,470,339.0,248.0,185.0,198.0,0.0,251.0,28.0
img_vs_oe_city_tant_1.dm_26.dm_meta,106861462,106200934,106980559.0,MOD_THERMAL_SPLASH,bad,False,,,,,00:18:06.529,^4BLUES ^3#44 ^4PRONGER,oE^1|^4Eidolon^2JM,MOD_THERMAL_SPLASH,0.0,0.0,67.2806167602539,2038.8065185546875,110.0,188,254,249,264.0,188.0,351.0,,,17.0,2.0
img_vs_oe_city_tant_1.dm_26.dm_meta,106893010,106200934,106980559.0,MOD_BOWCASTER,bad,True,,,,,00:18:38.077,^4BLUES ^3#44 ^4PRONGER,oE^1|^4Eidolon^2JM,MOD_BOWCASTER,60.16990280151367,0.06753075867891312,172.96328735351562,5241.3115234375,58.0,186,0,367,504.0,496.0,395.0,,,60.0,8.0
img_vs_oe_city_tant_1.dm_26.dm_meta,106969999,106200934,106980559.0,MOD_DET_PACK_SPLASH,bad,False,,,,,00:19:55.066,^4BLUES ^3#44 ^4PRONGER,^4BLUES ^3#44 ^4PRONGER,MOD_DET_PACK_SPLASH,0.0,0.0,0.7271339297294617,22.034360885620117,0.0,674,621,285,674.0,621.0,285.0,,,0.0,0.0
img_vs_oe_sanctuary_tant_1.dm_26.dm_meta,107300638,107166229,108370036.0,MOD_REPEATER_ALT_SPLASH,bad,False,0.13,0.19333333333333333,0.19221815633593603,0.1795859558611763,00:02:15.040,^4BLUES ^3#44 ^4PRONGER,oE^1|^4Eidolon^2JM,MOD_REPEATER_ALT_SPLASH,0.0,0.0,16.925241470336914,512.8861083984375,226.0,144,132,252,247.0,456.0,320.0,,,188.0,27.0
img_vs_oe_sanctuary_tant_1.dm_26.dm_meta,107315389,107166229,108370036.0,MOD_BRYAR_PISTOL_ALT,bad,False,0.19333333333333333,0.25333333333333335,0.10914335838133837,0.04118444523006439,00:02:29.791,^4BLUES ^3#44 ^4PRONGER,oE|^7Jatonx,MOD_BRYAR_PISTOL_ALT,3.9341795444488525,0.009934796951711178,69.17105865478516,2096.0927734375,361.0,250,0,215,603.0,37.0,187.0,198.0,-5.0,89.0,0.0
img_vs_oe_sanctuary_tant_1.dm_26.dm_meta,107375944,107166229,108370036.0,MOD_BRYAR_PISTOL_ALT,bad,False,0.26666666666666666,0.27666666666666667,0.1617325231775806,0.16748124257286706,00:03:30.346,^4BLUES ^3#44 ^4PRONGER,oE^1|^4Eidolon^2JM,MOD_BRYAR_PISTOL_ALT,0.0,0.0,24.24314308166504,734.6406860351562,236.0,258,0,256,499.0,172.0,260.0,132.0,-19.0,515.0,63.0
img_vs_oe_sanctuary_tant_1.dm_26.dm_meta,107418415,107166229,108370036.0,MOD_ROCKET_SPLASH,bad,False,0.21666666666666667,0.30333333333333334,0.2550718638758089,0.1763724371857777,00:04:12.817,^4BLUES ^3#44 ^4PRONGER,oE|^7Jatonx,MOD_ROCKET_SPLASH,0.0,0.0,74.72110748291016,2264.27587890625,263.0,249,0,285,304.0,102.0,285.0,,,15.0,0.0
img_vs_oe_sanctuary_tant_1.dm_26.dm_meta,107418415,107166229,108370036.0,MOD_ROCKET_SPLASH,bad,False,0.19666666666666666,0.25666666666666665,0.31564978956479967,0.24565676997565747,00:04:12.817,^4BLUES ^3#44 ^4PRONGER,^4BLUES ^3#38 ^4DEMITRA,MOD_ROCKET_SPLASH,0.0,0.0,74.72110748291016,2264.27587890625,349.0,249,0,285,469.0,109.0,362.0,,,211.0,87.0
img_vs_oe_sanctuary_tant_1.dm_26.dm_meta,107438644,107166229,108370036.0,MOD_BRYAR_PISTOL_ALT,bad,False,0.33,0.3433333333333333,0.03894230960261842,0.17808900530466443,00:04:33.046,^4BLUES ^3#44 ^4PRONGER,oE|^7Jatonx,MOD_BRYAR_PISTOL_ALT,34.24782943725586,0.03991588577628136,49.627193450927734,1503.8543701171875,358.0,250,299,208,825.0,4.0,386.0,198.0,0.0,119.0,4.0
img_vs_oe_sanctuary_tant_1.dm_26.dm_meta,107547577,107166229,108370036.0,MOD_THERMAL_SPLASH,bad,False,,,,,00:06:21.979,^4BLUES ^3#44 ^4PRONGER,oE^1|^4Eidolon^2JM,MOD_THERMAL_SPLASH,0.0,0.0,32.62711715698242,988.7005004882812,292.0,144,84,370,434.0,17.0,519.0,,,86.0,2.0
img_vs_oe_sanctuary_tant_1.dm_26.dm_meta,107599783,107166229,108370036.0,MOD_THERMAL,bad,True,,,,,00:07:14.185,^4BLUES ^3#44 ^4PRONGER,oE|^7Jatonx,MOD_THERMAL,43.115840911865234,0.11877641826868057,74.61114501953125,2260.94384765625,129.0,272,0,288,517.0,238.0,383.0,165.0,-3.0,348.0,22.0
img_vs_oe_sanctuary_tant_1.dm_26.dm_meta,107603908,107166229,108370036.0,MOD_REPEATER_ALT_SPLASH,bad,False,0.3233333333333333,0.3233333333333333,0.25166335069858636,0.36786535391553143,00:07:18.310,^4BLUES ^3#44 ^4PRONGER,oE^1|^4Eidolon^2JM,MOD_REPEATER_ALT_SPLASH,1.9455419778823853,0.004535062704235315,14.351765632629395,434.9019775390625,357.0,249,0,280,132.0,67.0,366.0,,,31.0,1.0
img_vs_oe_sanctuary_tant_1.dm_26.dm_meta,107666971,107166229,108370036.0,MOD_BRYAR_PISTOL_ALT,bad,False,0.14,0.22333333333333333,0.08965432226531854,0.009480848313378505,00:08:21.373,^4BLUES ^3#44 ^4PRONGER,oE|^7Jatonx,MOD_BRYAR_PISTOL_ALT,0.0,0.0,13.510411262512207,409.4064025878906,193.0,327,186,335,393.0,268.0,231.0,132.0,2.0,87.0,26.0
img_vs_oe_sanctuary_tant_1.dm_26.dm_meta,107750098,107166229,108370036.0,MOD_REPEATER_ALT_SPLASH,bad,True,0.36666666666666664,0.2866666666666667,0.10694508738580179,0.5187581014094191,00:09:44.500,^4BLUES ^3#44 ^4PRONGER,oE|^7Jatonx,MOD_REPEATER_ALT_SPLASH,48.3494758605957,0.1627928465604782,133.29638671875,4039.284423828125,84.0,242,112,245,93.0,22.0,326.0,,,7.0,0.0
img_vs_oe_sanctuary_tant_1.dm_26.dm_meta,107844544,107166229,108370036.0,MOD_THERMAL_SPLASH,bad,True,,,,,00:11:18.946,^4BLUES ^3#44 ^4PRONGER,oE^1|^4Eidolon^2JM,MOD_THERMAL_SPLASH,92.20291900634766,0.14705409109592438,143.2372283935547,4340.52197265625,233.0,257,0,199,530.0,84.0,430.0,,,160.0,0.0
img_vs_oe_sanctuary_tant_1.dm_26.dm_meta,107882692,107166229,108370036.0,MOD_BRYAR_PISTOL_ALT,bad,False,0.2866666666666667,0.37,0.09800670311320128,0.17558103532503708,00:11:57.094,^4BLUES ^3#44 ^4PRONGER,oE^1|^4Eidolon^2JM,MOD_BRYAR_PISTOL_ALT,24.43922233581543,0.02742898091673851,48.8726806640625,1480.9903564453125,613.0,254,0,300,543.0,42.0,301.0,330.0,-5.0,40.0,0.0
img_vs_oe_sanctuary_tant_1.dm_26.dm_meta,107969119,107166229,108370036.0,MOD_THERMAL_SPLASH,bad,False,,,,,00:13:23.521,^4BLUES ^3#44 ^4PRONGER,oE^1|^4Eidolon^2JM,MOD_THERMAL_SPLASH,8.510088920593262,0.01719209924340248,74.80438232421875,2266.799560546875,637.0,302,21,377,440.0,138.0,318.0,,,227.0,8.0
img_vs_oe_sanctuary_tant_1.dm_26.dm_meta,108023107,107166229,108370036.0,MOD_TRIP_MINE_SPLASH,bad,False,,,,,00:14:17.509,^4BLUES ^3#44 ^4PRONGER,oE|^7Jatonx,MOD_TRIP_MINE_SPLASH,6.18264102935791,0.03747055307030678,49.719085693359375,1506.638916015625,51.0,447,2,235,276.0,28.0,270.0,,,21.0,0.0
img_vs_oe_sanctuary_tant_1.dm_26.dm_meta,108081616,107166229,108370036.0,MOD_ROCKET_SPLASH,bad,False,0.31,0.27666666666666667,0.3495441504066524,0.34024670538217916,00:15:16.018,^4BLUES ^3#44 ^4PRONGER,oE^1|^4Eidolon^2JM,MOD_ROCKET_SPLASH,28.36195182800293,0.07162109017372131,64.67100524902344,1959.7274169921875,460.0,85,0,285,409.0,314.0,458.0,,,73.0,9.0
img_vs_oe_sanctuary_tant_1.dm_26.dm_meta,108243613,107166229,108370036.0,MOD_REPEATER_ALT_SPLASH,bad,True,0.23333333333333334,0.24333333333333335,0.10111815982122907,0.14532218024437116,00:17:58.015,^4BLUES ^3#44 ^4PRONGER,oE^1|^4Eidolon^2JM,MOD_REPEATER_ALT_SPLASH,69.17366790771484,0.09113790094852448,69.2752456665039,2099.25,111.0,269,17,344,325.0,56.0,307.0,,,67.0,4.0
img_vs_oe_sanctuary_tant_1.dm_26.dm_meta,108289054,107166229,108370036.0,MOD_THERMAL_SPLASH,bad,False,,,,,00:18:43.456,^4BLUES ^3#44 ^4PRONGER,oE|^7Jatonx,MOD_THERMAL_SPLASH,0.0,0.0,44.42182540893555,1346.115966796875,187.0,290,227,318,311.0,439.0,315.0,,,181.0,18.0
img_vs_oe_sanctuary_tant_1.dm_26.dm_meta,108335056,107166229,108370036.0,MOD_TRIP_MINE_SPLASH,bad,False,,,,,00:19:29.458,^4BLUES ^3#44 ^4PRONGER,oE^1|^4Eidolon^2JM,MOD_TRIP_MINE_SPLASH,5.3381571769714355,0.05392077937722206,100.12036895751953,3033.95068359375,125.0,267,29,250,450.0,242.0,392.0,,,311.0,0.0
img_vs_oe_sanctuary_tant_1.dm_26.dm_meta,108351424,107166229,108370036.0,MOD_FLECHETTE,bad,False,,,,,00:19:45.826,^4BLUES ^3#44 ^4PRONGER,oE^1|^4Eidolon^2JM,MOD_FLECHETTE,0.2032470703125,0.002053000731393695,46.46523666381836,1408.0374755859375,498.0,251,0,337,178.0,1.0,259.0,132.0,-1.0,7.0,0.0
jax_chase_refresh_ctf4.dm_26.dm_meta,4295200,4267600,5472950.0,MOD_TRIP_MINE_SPLASH,bad,False,,,,,00:00:29.550,^4S^7uga ^4R^7ay ^4C^7harles,,MOD_TRIP_MINE_SPLASH,0.3515625,0.0035156249068677425,24.409648895263672,739.6863403320312,401.0,482,0,340,336.0,321.0,315.0,,,95.0,10.0
jax_chase_refresh_ctf4.dm_26.dm_meta,4300450,4267600,5472950.0,MOD_FLECHETTE,bad,False,,,,,00:00:34.800,^4S^7uga ^4R^7ay ^4C^7harles,^7-=^1redstar^7=-,MOD_FLECHETTE,5.284423828125,0.05284423753619194,13.768295288085938,417.2210693359375,469.0,425,0,446,706.0,48.0,647.0,100.0,5.0,184.0,73.0
jax_chase_refresh_ctf4.dm_26.dm_meta,4384300,4267600,5472950.0,MOD_BRYAR_PISTOL_ALT,bad,False,0.21666666666666667,0.18666666666666668,0.16010465566310159,0.02892849363592725,00:01:58.650,^4S^7uga ^4R^7ay ^4C^7harles,^1T^7he ^1P^7rodigy ^1- ^7Breath^1e,MOD_BRYAR_PISTOL_ALT,0.0,0.0,73.85787200927734,2238.117431640625,119.0,274,59,165,429.0,318.0,203.0,50.0,0.0,114.0,22.0
jax_chase_refresh_ctf4.dm_26.dm_meta,4387450,4267600,5472950.0,MOD_REPEATER_ALT_SPLASH,bad,False,0.23666666666666666,0.23,0.11324705926384304,0.13235676983188713,00:02:01.800,^4S^7uga ^4R^7ay ^4C^7harles,^7Oct^1a^7ne,MOD_REPEATER_ALT_SPLASH,14.512613296508789,0.013821536675095558,14.512613296508789,439.7761535644531,100.0,144,9,492,263.0,200.0,222.0,,,221.0,63.0
jax_chase_refresh_ctf4.dm_26.dm_meta,4410900,4267600,5472950.0,MOD_ROCKET_SPLASH,bad,False,0.26666666666666666,0.33,0.11231507730622278,0.06284329793826852,00:02:25.250,^4S^7uga ^4R^7ay ^4C^7harles,^4S^7uga ^4R^7ay ^4C^7harles,MOD_ROCKET_SPLASH,7.871985912322998,0.022491388022899628,20.650197982788086,625.7635498046875,0.0,275,55,251,275.0,55.0,251.0,,,0.0,0.0
jax_chase_refresh_ctf4.dm_26.dm_meta,4437600,4267600,5472950.0,MOD_ROCKET,bad,False,0.25666666666666665,0.32,0.37357733322941017,0.06902281410244326,00:02:51.950,^4S^7uga ^4R^7ay ^4C^7harles,,MOD_ROCKET,0.0,0.0,25.474964141845703,771.9686279296875,583.0,34,0,160,646.0,21.0,355.0,550.0,-2.0,149.0,0.0
jax_chase_refresh_ctf4.dm_26.dm_meta,4464150,4267600,5472950.0,MOD_ROCKET,bad,True,0.06333333333333334,0.10666666666666667,0.031132512869852757,0.012056056822095268,00:03:18.500,^4S^7uga ^4R^7ay ^4C^7harles,,MOD_ROCKET,0.0,0.0,21.473318099975586,650.7066040039062,124.0,74,860,353,374.0,548.0,337.0,50.0,21.0,442.0,383.0
jax_chase_refresh_ctf4.dm_26.dm_meta,4490100,4267600,5472950.0,MOD_ROCKET_SPLASH,bad,True,0.25,0.29333333333333333,0.1114275289857104,0.2270628011935191,00:03:44.450,^4S^7uga ^4R^7ay ^4C^7harles,^7Oct^1a^7ne,MOD_ROCKET_SPLASH,66.03419494628906,0.08804558962583542,66.03419494628906,2001.0362548828125,111.0,130,71,404,291.0,580.0,429.0,,,49.0,16.0
jax_chase_refresh_ctf4.dm_26.dm_meta,4513350,4267600,5472950.0,MOD_FALLING,bad,False,,,,,00:04:07.700,^4S^7uga ^4R^7ay ^4C^7harles,,MOD_FALLING,25.5452938079834,0.04644598811864853,27.150543212890625,822.7437133789062,1729.0,0,0,0,0.0,0.0,0.0,,,0.0,0.0
jax_chase_refresh_ctf4.dm_26.dm_meta,4577050,4267600,5472950.0,MOD_FLECHETTE,bad,False,,,,,00:05:11.400,^4S^7uga ^4R^7ay ^4C^7harles,,MOD_FLECHETTE,0.0,0.0,14.236120223999023,431.3975830078125,155.0,438,228,441,484.0,354.0,347.0,,,71.0,20.0
jax_chase_refresh_ctf4.dm_26.dm_meta,4586600,4267600,5472950.0,MOD_THERMAL_SPLASH,bad,True,,,,,00:05:20.950,^4S^7uga ^4R^7ay ^4C^7harles,^7Oct^1a^7ne,MOD_THERMAL_SPLASH,54.750186920166016,0.12166707962751389,70.00379180908203,2121.3271484375,181.0,359,156,386,309.0,135.0,541.0,,,131.0,0.0
jax_chase_refresh_ctf4.dm_26.dm_meta,4709500,4267600,5472950.0,MOD_TRIP_MINE_SPLASH,bad,False,,,,,00:07:23.850,^4S^7uga ^4R^7ay ^4C^7harles,Padawan,MOD_TRIP_MINE_SPLASH,0.703125,0.01406249962747097,92.33818054199219,2798.126708984375,147.0,395,11,178,410.0,148.0,188.0,,,178.0,0.0
jax_chase_refresh_ctf4.dm_26.dm_meta,4709500,4267600,5472950.0,MOD_TRIP_MINE_SPLASH,bad,False,,,,,00:07:23.850,^4S^7uga ^4R^7ay ^4C^7harles,^7Oct^1a^7ne,MOD_TRIP_MINE_SPLASH,0.703125,0.01406249962747097,92.33818054199219,2798.126708984375,153.0,395,11,178,261.0,299.0,236.0,,,242.0,0.0
jax_chase_refresh_ctf4.dm_26.dm_meta,4710650,4267600,5472950.0,MOD_TRIP_MINE_SPLASH,bad,False,,,,,00:07:25.000,^4S^7uga ^4R^7ay ^4C^7harles,^1T^7he ^1P^7rodigy ^1- ^7Breath^1e,MOD_TRIP_MINE_SPLASH,13.22776985168457,0.2645553946495056,72.82410430908203,2206.791015625,31.0,479,250,190,326.0,215.0,248.0,,,197.0,0.0
jax_chase_refresh_ctf4.dm_26.dm_meta,4836650,4267600,5472950.0,MOD_TRIP_MINE_SPLASH,bad,False,,,,,00:09:31.000,^4S^7uga ^4R^7ay ^4C^7harles,^7Oct^1a^7ne,MOD_TRIP_MINE_SPLASH,0.0,0.0,45.16846466064453,1368.7413330078125,533.0,114,261,226,340.0,315.0,330.0,,,689.0,543.0
jax_chase_refresh_ctf4.dm_26.dm_meta,4932250,4267600,5472950.0,MOD_FALLING,bad,False,,,,,00:11:06.600,^4S^7uga ^4R^7ay ^4C^7harles,,MOD_FALLING,0.0,0.0,77.61717987060547,2352.03564453125,,246,0,50,,,,,,,
jax_chase_refresh_ctf4.dm_26.dm_meta,4953850,4267600,5472950.0,MOD_ROCKET,bad,False,0.23,0.29333333333333333,0.37780909923589384,0.1975822005190622,00:11:28.200,^4S^7uga ^4R^7ay ^4C^7harles,,MOD_ROCKET,1.8983234167099,0.004745808430016041,14.84443187713623,449.8312683105469,748.0,247,0,302,549.0,239.0,536.0,650.0,0.0,627.0,102.0
jax_chase_refresh_ctf4.dm_26.dm_meta,4959150,4267600,5472950.0,MOD_ROCKET_SPLASH,bad,False,0.15,0.22666666666666666,0.22309289813321287,0.23328877253587413,00:11:33.500,^4S^7uga ^4R^7ay ^4C^7harles,^7Oct^1a^7ne,MOD_ROCKET_SPLASH,14.154501914978027,0.07077250629663467,107.0564193725586,3244.134033203125,186.0,493,57,266,658.0,221.0,406.0,,,348.0,0.0
jax_chase_refresh_ctf4.dm_26.dm_meta,5004750,4267600,5472950.0,MOD_FALLING,bad,False,,,,,00:12:19.100,^4S^7uga ^4R^7ay ^4C^7harles,,MOD_FALLING,7.4021525382995605,0.008224613964557648,21.827171325683594,661.429443359375,,545,510,565,,,,,,,
jax_chase_refresh_ctf4.dm_26.dm_meta,5093600,4267600,5472950.0,MOD_ROCKET_SPLASH,bad,False,0.21666666666666667,0.22,0.15510481586236724,0.11503694361556849,00:13:47.950,^4S^7uga ^4R^7ay ^4C^7harles,^7Oct^1a^7ne,MOD_ROCKET_SPLASH,10.842305183410645,0.021684611216187477,14.80390739440918,448.603271484375,129.0,149,22,516,490.0,217.0,249.0,,,62.0,0.0
jax_chase_refresh_ctf4.dm_26.dm_meta,5121750,4267600,5472950.0,MOD_DET_PACK_SPLASH,bad,True,,,,,00:14:16.100,^4S^7uga ^4R^7ay ^4C^7harles,^7Oct^1a^7ne,MOD_DET_PACK_SPLASH,0.0,0.0,0.3515625,10.653409004211426,79.0,1522,112,428,944.0,937.0,919.0,,,287.0,0.0
jax_chase_refresh_ctf4.dm_26.dm_meta,5137000,4267600,5472950.0,MOD_THERMAL_SPLASH,bad,False,,,,,00:14:31.350,^4S^7uga ^4R^7ay ^4C^7harles,^7Oct^1a^7ne,MOD_THERMAL_SPLASH,13.480413436889648,0.0179738849401474,13.748647689819336,416.6257019042969,58.0,498,87,276,594.0,181.0,316.0,,,335.0,0.0
jax_chase_refresh_ctf4.dm_26.dm_meta,5159450,4267600,5472950.0,MOD_BRYAR_PISTOL_ALT,bad,False,0.32,0.31333333333333335,0.3786345352412408,0.03329244850551999,00:14:53.800,^4S^7uga ^4R^7ay ^4C^7harles,,MOD_BRYAR_PISTOL_ALT,7.422209739685059,0.03711104765534401,17.45311164855957,528.8822021484375,254.0,456,0,413,1006.0,297.0,554.0,150.0,3.0,366.0,13.0
jax_chase_refresh_ctf4.dm_26.dm_meta,5169900,4267600,5472950.0,MOD_BRYAR_PISTOL_ALT,bad,False,0.32666666666666666,0.43333333333333335,0.5242935872226699,0.2260793864247716,00:15:04.250,^4S^7uga ^4R^7ay ^4C^7harles,^7Oct^1a^7ne,MOD_BRYAR_PISTOL_ALT,0.0,0.0,14.584691047668457,441.9603271484375,448.0,545,92,365,942.0,272.0,507.0,350.0,1.0,752.0,28.0
jax_chase_refresh_ctf4.dm_26.dm_meta,5254700,4267600,5472950.0,MOD_TRIP_MINE_SPLASH,bad,False,,,,,00:16:29.050,^4S^7uga ^4R^7ay ^4C^7harles,,MOD_TRIP_MINE_SPLASH,12.279245376586914,0.012925521470606327,86.37728118896484,2617.493408203125,215.0,259,0,543,667.0,61.0,709.0,,,160.0,24.0
jax_chase_refresh_ctf4.dm_26.dm_meta,5278350,4267600,5472950.0,MOD_REPEATER_ALT_SPLASH,bad,True,0.25333333333333335,0.22666666666666666,0.19338139484138994,0.13004056393342112,00:16:52.700,^4S^7uga ^4R^7ay ^4C^7harles,,MOD_REPEATER_ALT_SPLASH,74.25604248046875,0.1856401115655899,131.42800903320312,3982.6669921875,200.0,168,0,74,576.0,96.0,512.0,,,191.0,0.0
jax_chase_refresh_ctf4.dm_26.dm_meta,5306200,4267600,5472950.0,MOD_FALLING,bad,False,,,,,00:17:20.550,^4S^7uga ^4R^7ay ^4C^7harles,,MOD_FALLING,0.0,0.0,44.2752799987793,1341.6751708984375,1939.0,481,0,386,0.0,0.0,0.0,,,0.0,0.0
jax_chase_refresh_ctf4.dm_26.dm_meta,5340300,4267600,5472950.0,MOD_FLECHETTE,bad,False,,,,,00:17:54.650,^4S^7uga ^4R^7ay ^4C^7harles,,MOD_FLECHETTE,0.0,0.0,45.75720977783203,1386.5821533203125,80.0,308,32,304,432.0,12.0,374.0,,,47.0,0.0
jmx_vs_blues_tatoonie_jatonx.dm_26.dm_meta,106147408,105777544,106978150.0,MOD_THERMAL_SPLASH,bad,False,,,,,00:06:12.475,oE|^7Jatonx,^4BLUES ^3#38 ^4DEMITRA,MOD_THERMAL_SPLASH,0.5871521830558777,0.017792491242289543,29.318788528442383,888.4481201171875,438.0,428,0,399,188.0,228.0,299.0,,,132.0,22.0
jmx_vs_blues_tatoonie_jatonx.dm_26.dm_meta,106152391,105777544,106978150.0,MOD_REPEATER_ALT_SPLASH,bad,True,0.24666666666666667,0.18,0.2556366462792937,0.3329079031506275,00:06:17.458,oE|^7Jatonx,^4BLUES ^3#44 ^4PRONGER,MOD_REPEATER_ALT_SPLASH,0.0,0.0,163.7238311767578,4961.328125,217.0,322,0,348,336.0,114.0,247.0,,,112.0,0.0
jmx_vs_blues_tatoonie_jatonx.dm_26.dm_meta,106269673,105777544,106978150.0,MOD_ROCKET_SPLASH,bad,False,0.2633333333333333,0.36333333333333334,0.23462253816723241,0.25527815938147974,00:08:14.740,oE|^7Jatonx,^4BLUES ^3#44 ^4PRONGER,MOD_ROCKET_SPLASH,0.0,0.0,66.0849609375,2002.5745849609375,278.0,287,50,240,231.0,21.0,311.0,,,101.0,59.0
jmx_vs_blues_tatoonie_jatonx.dm_26.dm_meta,106401409,105777544,106978150.0,MOD_TRIP_MINE_SPLASH,bad,False,,,,,00:10:26.476,oE|^7Jatonx,oE|^7Jatonx,MOD_TRIP_MINE_SPLASH,0.0,0.0,12.497654914855957,378.7168273925781,0.0,628,62,261,628.0,62.0,261.0,,,0.0,0.0
jmx_vs_blues_tatoonie_jatonx.dm_26.dm_meta,106424476,105777544,106978150.0,MOD_TRIP_MINE_SPLASH,bad,False,,,,,00:10:49.543,oE|^7Jatonx,^4BLUES ^3#38 ^4DEMITRA,MOD_TRIP_MINE_SPLASH,0.0,0.0,34.846431732177734,1055.9525146484375,358.0,23,0,251,314.0,135.0,277.0,,,92.0,44.0
jmx_vs_blues_tatoonie_jatonx.dm_26.dm_meta,106495558,105777544,106978150.0,MOD_TRIP_MINE_SPLASH,bad,False,,,,,00:12:00.625,oE|^7Jatonx,^4BLUES ^3#38 ^4DEMITRA,MOD_TRIP_MINE_SPLASH,0.0,0.0,13.462345123291016,407.9498596191406,252.0,426,0,325,317.0,394.0,314.0,,,192.0,16.0
jmx_vs_blues_tatoonie_jatonx.dm_26.dm_meta,106522387,105777544,106978150.0,MOD_TRIP_MINE_SPLASH,bad,False,,,,,00:12:27.454,oE|^7Jatonx,^4BLUES ^3#44 ^4PRONGER,MOD_TRIP_MINE_SPLASH,8.925504684448242,0.015026101842522621,26.647945404052734,807.5134887695312,526.0,198,115,187,281.0,174.0,274.0,,,134.0,8.0
JO_vs_synical_kejim_pov_awb.dm_26.dm_meta,52270830,52189155,,MOD_FLECHETTE_ALT_SPLASH,bad,False,0.5133333333333333,0.46,0.14023112963655768,0.35281424704054426,00:05:31.456,^3[^6JO^3]^2^^0LORD^1_^4HOTH^1{^3JM,^3[^6JO^3]^2^^0LORD^1_^4HOTH^1{^3JM,MOD_FLECHETTE_ALT_SPLASH,0.0,0.0,76.5125961303711,2318.5634765625,0.0,377,90,188,377.0,90.0,188.0,,,0.0,0.0
jp_vs_bif_taspir_jeff.dm_26.dm_meta,493949758,493871218,495074629.0,MOD_ROCKET_SPLASH,bad,False,0.19666666666666666,0.24,0.13135235393605496,0.0943632181707813,00:01:20.755,JP^1.^4Jeff,verte^1x^7.^1BIF,MOD_ROCKET_SPLASH,0.0,0.0,45.79884719848633,1387.8438720703125,208.0,208,492,358,178.0,252.0,228.0,,,127.0,10.0
jp_vs_bif_taspir_jeff.dm_26.dm_meta,494078392,493871218,495074629.0,MOD_DET_PACK_SPLASH,bad,True,,,,,00:03:29.389,JP^1.^4Jeff,JP^1.^4Jeff,MOD_DET_PACK_SPLASH,0.0,0.0,22.914569854736328,694.3809204101562,0.0,429,726,521,429.0,726.0,521.0,,,0.0,0.0
jp_vs_bif_taspir_jeff.dm_26.dm_meta,494078392,493871218,495074629.0,MOD_DET_PACK_SPLASH,bad,True,,,,,00:03:29.389,JP^1.^4Jeff,^1too^7sexy.^1BIF,MOD_DET_PACK_SPLASH,0.0,0.0,22.914569854736328,694.3809204101562,64.0,429,726,521,300.0,2.0,267.0,,,162.0,71.0
jp_vs_bif_taspir_jeff.dm_26.dm_meta,494079613,493871218,495074629.0,MOD_TRIGGER_HURT,bad,True,,,,,00:03:30.610,JP^1.^4Jeff,verte^1x^7.^1BIF,MOD_TRIGGER_HURT,32.62234115600586,0.19771115481853485,32.62234115600586,988.5557861328125,,0,107,3234,,,,,,,
jp_vs_bif_taspir_jeff.dm_26.dm_meta,494171848,493871218,495074629.0,MOD_REPEATER_ALT_SPLASH,bad,False,0.23666666666666666,0.31,0.3366785616339589,0.18255492557322966,00:05:02.845,JP^1.^4Jeff,^1too^7sexy.^1BIF,MOD_REPEATER_ALT_SPLASH,0.0,0.0,89.14933776855469,2701.4951171875,453.0,356,107,386,269.0,0.0,402.0,,,23.0,0.0
jp_vs_bif_taspir_jeff.dm_26.dm_meta,494180065,493871218,495074629.0,MOD_REPEATER_ALT_SPLASH,bad,False,0.22666666666666666,0.38666666666666666,0.24388233211228705,0.3337409275270066,00:05:11.062,JP^1.^4Jeff,verte^1x^7.^1BIF,MOD_REPEATER_ALT_SPLASH,0.0,0.0,80.8372573852539,2449.61376953125,368.0,220,276,281,205.0,191.0,343.0,,,210.0,120.0
jp_vs_bif_taspir_jeff.dm_26.dm_meta,494223328,493871218,495074629.0,MOD_REPEATER_ALT_SPLASH,bad,True,0.17666666666666667,0.18666666666666668,0.15425400678452353,0.03328252903375906,00:05:54.325,JP^1.^4Jeff,verte^1x^7.^1BIF,MOD_REPEATER_ALT_SPLASH,64.19091033935547,0.19451791048049927,94.81078338623047,2873.053955078125,263.0,252,0,298,365.0,50.0,239.0,,,87.0,2.0
jp_vs_bif_taspir_jeff.dm_26.dm_meta,494311273,493871218,495074629.0,MOD_REPEATER_ALT,bad,True,0.21666666666666667,0.27666666666666667,0.01785920119638658,0.0700150570148915,00:07:22.270,JP^1.^4Jeff,^1too^7sexy.^1BIF,MOD_REPEATER_ALT,64.78119659423828,0.19630666077136993,64.78119659423828,1963.0665283203125,300.0,398,69,447,649.0,899.0,448.0,231.0,-20.0,178.0,14.0
jp_vs_bif_taspir_jeff.dm_26.dm_meta,494461522,493871218,495074629.0,MOD_ROCKET_SPLASH,bad,False,0.21666666666666667,0.31333333333333335,0.18329072554114523,0.21190429196027613,00:09:52.519,JP^1.^4Jeff,verte^1x^7.^1BIF,MOD_ROCKET_SPLASH,0.164794921875,0.0024968928191810846,63.799190521240234,1933.308837890625,189.0,171,298,306,404.0,138.0,283.0,,,91.0,26.0
jp_vs_bif_taspir_jeff.dm_26.dm_meta,494631076,493871218,495074629.0,MOD_REPEATER_ALT_SPLASH,bad,True,0.3566666666666667,0.2866666666666667,0.2749656297625367,0.4109828587987114,00:12:42.073,JP^1.^4Jeff,verte^1x^7.^1BIF,MOD_REPEATER_ALT_SPLASH,0.0,0.0,147.66854858398438,4474.8046875,275.0,255,35,256,186.0,66.0,298.0,,,34.0,0.0
jp_vs_bif_taspir_jeff.dm_26.dm_meta,494836006,493871218,495074629.0,MOD_BRYAR_PISTOL_ALT,bad,False,0.17333333333333334,0.19666666666666666,0.04436646873433016,0.009080272823108951,00:16:07.003,JP^1.^4Jeff,^1too^7sexy.^1BIF,MOD_BRYAR_PISTOL_ALT,0.0,0.0,75.14408111572266,2277.09326171875,53.0,250,0,251,306.0,0.0,252.0,264.0,-2.0,42.0,0.0
jp_vs_bif_taspir_jeff.dm_26.dm_meta,494844520,493871218,495074629.0,MOD_BRYAR_PISTOL_ALT,bad,False,0.19666666666666666,0.16,0.13394721625587577,0.008710277583508473,00:16:15.517,JP^1.^4Jeff,verte^1x^7.^1BIF,MOD_BRYAR_PISTOL_ALT,6.398609638214111,0.011405721306800842,48.96001052856445,1483.63671875,84.0,162,0,255,185.0,362.0,287.0,,,23.0,8.0
jp_vs_bif_taspir_jeff.dm_26.dm_meta,494857951,493871218,495074629.0,MOD_SABER,bad,True,,,,,00:16:28.948,JP^1.^4Jeff,^1too^7sexy.^1BIF,MOD_SABER,0.0,0.0,176.15768432617188,5338.11181640625,37.0,204,0,233,140.0,0.0,230.0,,,4.0,0.0
jp_vs_bif_taspir_jeff.dm_26.dm_meta,494915569,493871218,495074629.0,MOD_TRIP_MINE_SPLASH,bad,False,,,,,00:17:26.566,JP^1.^4Jeff,verte^1x^7.^1BIF,MOD_TRIP_MINE_SPLASH,0.0,0.0,119.50084686279297,3621.23779296875,238.0,388,280,350,418.0,81.0,393.0,,,119.0,0.0
jp_vs_bif_taspir_jeff.dm_26.dm_meta,495018199,493871218,495074629.0,MOD_REPEATER_ALT_SPLASH,bad,True,0.36666666666666664,0.31,0.15973747362480306,0.4220844120473091,00:19:09.196,JP^1.^4Jeff,^1too^7sexy.^1BIF,MOD_REPEATER_ALT_SPLASH,25.081371307373047,0.10857736319303513,150.10679626464844,4548.69091796875,89.0,143,0,255,195.0,29.0,324.0,,,25.0,0.0
jp_vs_bif_taspir_jeff.dm_26.dm_meta,495021466,493871218,495074629.0,MOD_REPEATER_ALT_SPLASH,bad,False,0.44333333333333336,0.41,0.11511094982464791,0.4773558886360048,00:19:12.463,JP^1.^4Jeff,JP^1.^4Jeff,MOD_REPEATER_ALT_SPLASH,0.0,0.0,25.02632713317871,758.37353515625,0.0,138,29,422,138.0,29.0,422.0,,,0.0,0.0
jp_vs_bif_taspir_jeff.dm_26.dm_meta,495064168,493871218,495074629.0,MOD_REPEATER_ALT_SPLASH,bad,True,0.3433333333333333,0.33,0.40458776270032065,0.5663897591138097,00:19:55.165,JP^1.^4Jeff,^1too^7sexy.^1BIF,MOD_REPEATER_ALT_SPLASH,0.0,0.0,169.04759216308594,5122.654296875,438.0,202,0,276,347.0,35.0,358.0,,,204.0,78.0
jp_vs_bif_vjun_jeff.dm_26.dm_meta,492633706,492571204,493768345.0,MOD_THERMAL_SPLASH,bad,False,,,,,00:01:08.281,JP^1.^4Jeff,verte^1x^7.^1BIF,MOD_THERMAL_SPLASH,0.0,0.0,76.061279296875,2304.88720703125,313.0,283,262,311,85.0,90.0,241.0,,,21.0,0.0
jp_vs_bif_vjun_jeff.dm_26.dm_meta,492804019,492571204,493768345.0,MOD_TRIP_MINE_SPLASH,bad,False,,,,,00:03:58.594,JP^1.^4Jeff,^1too^7sexy.^1BIF,MOD_TRIP_MINE_SPLASH,15.656655311584473,0.09488882124423981,75.6424560546875,2292.195556640625,211.0,73,0,401,552.0,95.0,346.0,,,173.0,0.0
jp_vs_bif_vjun_jeff.dm_26.dm_meta,492817945,492571204,493768345.0,MOD_TRIP_MINE_SPLASH,bad,False,,,,,00:04:12.520,JP^1.^4Jeff,verte^1x^7.^1BIF,MOD_TRIP_MINE_SPLASH,0.0,0.0,120.38829040527344,3648.130126953125,,434,3,447,,,,,,,
jp_vs_bif_vjun_jeff.dm_26.dm_meta,492944236,492571204,493768345.0,MOD_ROCKET_SPLASH,bad,False,0.14333333333333334,0.20333333333333334,0.18831056599431517,0.24353339426609671,00:06:18.811,JP^1.^4Jeff,verte^1x^7.^1BIF,MOD_ROCKET_SPLASH,0.0,0.0,21.071542739868164,638.5316162109375,207.0,336,83,340,368.0,291.0,385.0,,,260.0,0.0
jp_vs_bif_vjun_jeff.dm_26.dm_meta,492994363,492571204,493768345.0,MOD_THERMAL_SPLASH,bad,False,,,,,00:07:08.938,JP^1.^4Jeff,^1too^7sexy.^1BIF,MOD_THERMAL_SPLASH,5.346381187438965,0.0202514436095953,81.34700775146484,2465.060791015625,254.0,318,0,301,108.0,179.0,95.0,,,51.0,0.0
jp_vs_bif_vjun_jeff.dm_26.dm_meta,493066864,492571204,493768345.0,MOD_FLECHETTE,bad,False,,,,,00:08:21.439,JP^1.^4Jeff,verte^1x^7.^1BIF,MOD_FLECHETTE,0.0,0.0,44.83960723876953,1358.7760009765625,312.0,192,0,317,231.0,306.0,255.0,132.0,1.0,44.0,29.0
jp_vs_bif_vjun_jeff.dm_26.dm_meta,493210084,492571204,493768345.0,MOD_ROCKET_SPLASH,good,True,0.43333333333333335,0.31,0.5970146216222573,0.5676053042585646,00:10:44.659,JP^1.^4Jeff,verte^1x^7.^1BIF,MOD_ROCKET_SPLASH,1.5032011270523071,0.01138788741081953,170.3579864501953,5162.36328125,699.0,302,204,334,678.0,182.0,701.0,,,535.0,72.0
jp_vs_bif_vjun_jeff.dm_26.dm_meta,493255723,492571204,493768345.0,MOD_THERMAL,bad,True,,,,,00:11:30.298,JP^1.^4Jeff,verte^1x^7.^1BIF,MOD_THERMAL,59.88811111450195,0.07561630010604858,121.45047760009766,3680.317626953125,272.0,167,290,220,219.0,382.0,306.0,297.0,10.0,74.0,62.0
jp_vs_bif_vjun_jeff.dm_26.dm_meta,493369474,492571204,493768345.0,MOD_REPEATER_ALT_SPLASH,bad,False,0.21666666666666667,0.12666666666666668,0.27046768337968796,0.25861564752269933,00:13:24.049,JP^1.^4Jeff,^1too^7sexy.^1BIF,MOD_REPEATER_ALT_SPLASH,0.0,0.0,46.95585632324219,1422.90478515625,237.0,426,0,349,594.0,35.0,527.0,,,127.0,2.0
jp_vs_bif_vjun_jeff.dm_26.dm_meta,493373104,492571204,493768345.0,MOD_REPEATER_ALT,bad,False,0.23,0.22333333333333333,0.02271997564682302,0.025902092074996132,00:13:27.679,JP^1.^4Jeff,verte^1x^7.^1BIF,MOD_REPEATER_ALT,22.754690170288086,0.049252577126026154,73.70279693603516,2233.418212890625,249.0,294,0,325,255.0,287.0,268.0,264.0,4.0,73.0,46.0
jp_vs_bif_vjun_jeff.dm_26.dm_meta,493503487,492571204,493768345.0,MOD_THERMAL_SPLASH,bad,False,,,,,00:15:38.062,JP^1.^4Jeff,^1too^7sexy.^1BIF,MOD_THERMAL_SPLASH,0.0,0.0,44.877586364746094,1359.9268798828125,179.0,225,145,405,397.0,134.0,529.0,,,192.0,23.0
jp_vs_bif_vjun_jeff.dm_26.dm_meta,493572721,492571204,493768345.0,MOD_ROCKET_SPLASH,bad,False,0.22,0.28,0.23765125664471157,0.26827535395740587,00:16:47.296,JP^1.^4Jeff,^1too^7sexy.^1BIF,MOD_ROCKET_SPLASH,0.0,0.0,83.07847595214844,2517.529541015625,309.0,366,204,333,198.0,205.0,456.0,,,110.0,0.0
jp_vs_bif_vjun_jeff.dm_26.dm_meta,493700167,492571204,493768345.0,MOD_DET_PACK_SPLASH,bad,False,,,,,00:18:54.742,JP^1.^4Jeff,JP^1.^4Jeff,MOD_DET_PACK_SPLASH,0.0,0.0,0.0,0.0,0.0,764,196,410,764.0,196.0,410.0,,,0.0,0.0
jp_vs_bif_vjun_jeff.dm_26.dm_meta,493700167,492571204,493768345.0,MOD_DET_PACK_SPLASH,bad,False,,,,,00:18:54.742,JP^1.^4Jeff,^1too^7sexy.^1BIF,MOD_DET_PACK_SPLASH,0.0,0.0,0.0,0.0,93.0,764,196,410,652.0,143.0,292.0,,,186.0,15.0
jp_vs_bif_vjun_jeff.dm_26.dm_meta,493722343,492571204,493768345.0,MOD_ROCKET_SPLASH,bad,True,0.31666666666666665,0.24333333333333335,0.11740648424449665,0.1906584465662229,00:19:16.918,JP^1.^4Jeff,JP^1.^4Jeff,MOD_ROCKET_SPLASH,0.0,0.0,152.2368621826172,4613.23828125,0.0,258,591,335,258.0,591.0,335.0,,,0.0,0.0
jp_vs_bif_vjun_jeff.dm_26.dm_meta,493722343,492571204,493768345.0,MOD_ROCKET_SPLASH,bad,True,0.30333333333333334,0.19333333333333333,0.16087442553506792,0.2941927812787365,00:19:16.918,JP^1.^4Jeff,verte^1x^7.^1BIF,MOD_ROCKET_SPLASH,0.0,0.0,152.2368621826172,4613.23828125,194.0,258,591,335,234.0,36.0,361.0,,,110.0,61.0
ma-pistol-to-fall_6m30s.dm_26.dm_meta,195394520,195367560,,MOD_REPEATER_ALT_SPLASH,bad,False,0.08666666666666667,0.10666666666666667,0.1096275603664543,0.051789232693945184,00:02:10.160,^5A^4e^5on F^4l^5ux,M I L K B O N E,MOD_REPEATER_ALT_SPLASH,0.0,0.0,22.443851470947266,680.11669921875,73.0,232,266,489,544.0,195.0,262.0,,,464.0,130.0
ma-pistol-to-fall_6m30s.dm_26.dm_meta,195410120,195367560,,MOD_TRIP_MINE_SPLASH,bad,False,,,,,00:02:25.760,^5A^4e^5on F^4l^5ux,teh,MOD_TRIP_MINE_SPLASH,0.0,0.0,0.0,0.0,317.0,440,0,356,84.0,332.0,406.0,,,74.0,8.0
ma-pistol-to-fall_6m30s.dm_26.dm_meta,195499520,195367560,,MOD_REPEATER_ALT,bad,True,0.23333333333333334,0.12333333333333334,0.0010089821507057591,0.018690556958945236,00:03:55.160,^5A^4e^5on F^4l^5ux,^1P^7l^4a^1t^7i^4n^1u^7m^43^1x,MOD_REPEATER_ALT,57.62628173828125,0.7203285098075867,114.15591430664062,3459.270263671875,72.0,214,69,194,102.0,128.0,243.0,40.0,-22.0,7.0,0.0
ma-pistol-to-fall_6m30s.dm_26.dm_meta,195601280,195367560,,MOD_ROCKET,bad,False,0.31,0.21,0.03633980228729599,0.07075773710334902,00:05:36.920,^5A^4e^5on F^4l^5ux,^2^^0Book,MOD_ROCKET,5.668181419372559,0.1417045295238495,119.40088653564453,3618.208740234375,261.0,276,552,285,790.0,208.0,383.0,280.0,-38.0,532.0,8.0
ma-pistol-to-fall_6m30s.dm_26.dm_meta,195601280,195367560,,MOD_ROCKET_SPLASH,bad,False,0.21,0.24,0.13746976994671603,0.03680109768771297,00:05:36.920,^5A^4e^5on F^4l^5ux,^3^^0batman^4*,MOD_ROCKET_SPLASH,5.668181419372559,0.1417045295238495,119.40088653564453,3618.208740234375,138.0,276,552,285,321.0,302.0,324.0,,,58.0,32.0
ma-pistol-to-fall_6m30s.dm_26.dm_meta,195626840,195367560,,MOD_ROCKET,bad,False,0.1,0.16,0.05763095978410639,0.003595556825903068,00:06:02.480,^5A^4e^5on F^4l^5ux,M I L K B O N E,MOD_ROCKET,0.0,0.0,15.599193572998047,472.7028503417969,161.0,695,128,707,842.0,239.0,609.0,400.0,-21.0,81.0,0.0
ma-pistol-to-fall_6m30s.dm_26.dm_meta,195653280,195367560,,MOD_FALLING,bad,False,,,,,00:06:28.920,^5A^4e^5on F^4l^5ux,M I L K B O N E,MOD_FALLING,0.0,0.0,26.855871200561523,813.8142700195312,590.0,252,0,282,258.0,0.0,657.0,,,15.0,0.0
ma-pistol-to-fall_6m30s.dm_26.dm_meta,195748960,195367560,,MOD_REPEATER_ALT_SPLASH,bad,False,0.2633333333333333,0.19666666666666666,0.11548723131022096,0.16189576002220318,00:08:04.600,^5A^4e^5on F^4l^5ux,^5A^4e^5on F^4l^5ux,MOD_REPEATER_ALT_SPLASH,5.711712837219238,0.014279281720519066,23.220787048339844,703.6602172851562,0.0,302,69,403,302.0,69.0,403.0,,,0.0,0.0
ma-pistol-to-fall_6m30s.dm_26.dm_meta,195765960,195367560,,MOD_FALLING,bad,True,,,,,00:08:21.600,^5A^4e^5on F^4l^5ux,teh,MOD_FALLING,0.0,0.0,16.20900535583496,491.1819763183594,5194.0,325,0,334,0.0,0.0,0.0,,,0.0,0.0
ma-pistol-to-fall_6m30s.dm_26.dm_meta,195771280,195367560,,MOD_BRYAR_PISTOL_ALT,bad,False,0.11666666666666667,0.056666666666666664,0.1007525240897043,0.012288515481646403,00:08:26.920,^5A^4e^5on F^4l^5ux,^4^^0kill^4y,MOD_BRYAR_PISTOL_ALT,1.1865234375,0.0296630859375,18.16302490234375,550.3947143554688,546.0,336,0,375,277.0,99.0,326.0,280.0,13.0,1981.0,1875.0
ma-pistol-to-fall_6m30s.dm_26.dm_meta,195785520,195367560,,MOD_TRIP_MINE_SPLASH,bad,False,,,,,00:08:41.160,^5A^4e^5on F^4l^5ux,^1P^7l^4a^1t^7i^4n^1u^7m^43^1x,MOD_TRIP_MINE_SPLASH,0.0,0.0,15.6898775100708,475.4508361816406,69.0,403,160,255,94.0,315.0,429.0,,,3.0,0.0
ma-pistol-to-fall_6m30s.dm_26.dm_meta,195798520,195367560,,MOD_ROCKET_SPLASH,bad,True,0.19,0.11333333333333333,0.13796555055300116,0.11176082775515442,00:08:54.160,^5A^4e^5on F^4l^5ux,teh,MOD_ROCKET_SPLASH,57.93640899658203,0.10345787554979324,145.83377075195312,4419.205078125,161.0,451,0,517,221.0,16.0,602.0,,,76.0,35.0
ma-pistol-to-fall_6m30s.dm_26.dm_meta,195811880,195367560,,MOD_ROCKET_SPLASH,bad,True,0.11666666666666667,0.09333333333333334,0.07610374567581246,0.029055128336840205,00:09:07.520,^5A^4e^5on F^4l^5ux,M I L K B O N E,MOD_ROCKET_SPLASH,72.05249786376953,0.25733035802841187,85.4695816040039,2589.9873046875,113.0,399,210,536,373.0,49.0,359.0,,,75.0,0.0
ma-pistol-to-fall_6m30s.dm_26.dm_meta,195834400,195367560,,MOD_ROCKET_SPLASH,bad,False,0.2633333333333333,0.33,0.14618706382762048,0.0626571615498982,00:09:30.040,^5A^4e^5on F^4l^5ux,^3^^0batman^4*,MOD_ROCKET_SPLASH,0.0,0.0,5.664738655090332,171.65875244140625,172.0,355,0,424,333.0,109.0,200.0,,,273.0,116.0
ma-pistol-to-fall_6m30s.dm_26.dm_meta,195847040,195367560,,MOD_ROCKET_SPLASH,bad,False,0.2866666666666667,0.2733333333333333,0.22160141151784368,0.16867095452015077,00:09:42.680,^5A^4e^5on F^4l^5ux,M I L K B O N E,MOD_ROCKET_SPLASH,0.0,0.0,0.0,0.0,327.0,315,0,492,343.0,280.0,401.0,,,313.0,69.0
ma-pistol-to-fall_6m30s.dm_26.dm_meta,195878000,195367560,,MOD_TRIP_MINE_SPLASH,bad,False,,,,,00:10:13.640,^5A^4e^5on F^4l^5ux,M I L K B O N E,MOD_TRIP_MINE_SPLASH,0.0,0.0,2.6641845703125,80.73286437988281,294.0,435,0,278,413.0,94.0,326.0,,,75.0,15.0
ma-pistol-to-fall_6m30s.dm_26.dm_meta,195903360,195367560,,MOD_ROCKET_SPLASH,bad,False,0.11333333333333333,0.18666666666666668,0.10710750652840663,0.11531230239830788,00:10:39.000,^5A^4e^5on F^4l^5ux,M I L K B O N E,MOD_ROCKET_SPLASH,36.5850944519043,0.09146273881196976,36.5850944519043,1108.6392822265625,127.0,545,79,581,605.0,410.0,506.0,,,674.0,40.0
ma-pistol-to-fall_6m30s.dm_26.dm_meta,196106400,195367560,,MOD_ROCKET,bad,False,0.04666666666666667,0.10333333333333333,0.12221777978839686,0.005154562985908752,00:14:02.040,^5A^4e^5on F^4l^5ux,teh,MOD_ROCKET,0.0,0.0,134.60140991210938,4078.83056640625,165.0,265,3,446,575.0,314.0,485.0,120.0,0.0,99.0,22.0
ma-pistol-to-fall_6m30s.dm_26.dm_meta,196211080,195367560,,MOD_TRIP_MINE_SPLASH,bad,False,,,,,00:15:46.720,^5A^4e^5on F^4l^5ux,M I L K B O N E,MOD_TRIP_MINE_SPLASH,7.459530830383301,0.026641180738806725,88.51139068603516,2682.163330078125,150.0,551,9,320,298.0,68.0,267.0,,,17.0,0.0
ma-pistol-to-fall_6m30s.dm_26.dm_meta,196226960,195367560,,MOD_REPEATER_ALT_SPLASH,bad,False,0.47333333333333333,0.38666666666666666,0.1673569898901312,0.7627097188059048,00:16:02.600,^5A^4e^5on F^4l^5ux,teh,MOD_REPEATER_ALT_SPLASH,18.494203567504883,0.03302536532282829,24.99305534362793,757.3652954101562,292.0,346,97,354,45.0,277.0,317.0,,,34.0,15.0
ma-pistol-to-fall_6m30s.dm_26.dm_meta,196250120,195367560,,MOD_FALLING,bad,True,,,,,00:16:25.760,^5A^4e^5on F^4l^5ux,M I L K B O N E,MOD_FALLING,0.0,0.0,18.78126335144043,569.1292114257812,4651.0,466,274,445,0.0,0.0,0.0,,,0.0,0.0
ma-pistol-to-fall_6m30s.dm_26.dm_meta,196272480,195367560,,MOD_ROCKET_SPLASH,bad,False,0.10666666666666667,0.10333333333333333,0.16788481302399322,0.09107883106230354,00:16:48.120,^5A^4e^5on F^4l^5ux,teh,MOD_ROCKET_SPLASH,0.0,0.0,32.2835807800293,978.2903442382812,154.0,257,3,280,665.0,161.0,519.0,,,1008.0,483.0
ma-pistol-to-fall_6m30s.dm_26.dm_meta,196308280,195367560,,MOD_FALLING,bad,True,,,,,00:17:23.920,^5A^4e^5on F^4l^5ux,teh,MOD_FALLING,0.0,0.0,34.283329010009766,1038.8887939453125,2125.0,328,0,217,0.0,0.0,0.0,,,0.0,0.0
meonbsctf4osuckinnicosal.dm_26.dm_meta,12834500,12783300,,MOD_SABER,bad,False,,,,,00:02:21.600,^3Xen_Crypt,^4B^5loss^7om^4B^5lu^7e,MOD_SABER,10.715495109558105,0.2143099009990692,51.48454666137695,1560.1378173828125,30.0,0,0,0,0.0,0.0,0.0,,,0.0,0.0
nL.ctf_eSe (1).dm_26.dm_meta,168606400,168591900,,MOD_REPEATER_ALT,bad,False,0.4066666666666667,0.4533333333333333,0.012593663829707159,0.7700535778717811,00:07:31.000,^7S^13^7chT^1[^7nL^1]^7,^4 ,MOD_REPEATER_ALT,4.466047286987305,0.008932095021009445,5.3010430335998535,160.63766479492188,254.0,0,0,0,20.0,4.0,1.0,200.0,-2.0,0.0,0.0
nL.ctf_eSe (1).dm_26.dm_meta,168764700,168591900,,MOD_ROCKET,bad,False,0.05,0.04666666666666667,0.0041263419773442,0.0031250740653437446,00:10:09.300,^7S^13^7chT^1[^7nL^1]^7,ol' dirty bastard,MOD_ROCKET,0.0,0.0,1.329345703125,40.283203125,86.0,370,190,400,57.0,30.0,46.0,100.0,-28.0,2.0,0.0
nL.ctf_eSe.dm_26.dm_meta,168606400,168591900,,MOD_REPEATER_ALT,bad,False,0.4066666666666667,0.4533333333333333,0.012593663829707159,0.7700535778717811,00:07:31.000,^7S^13^7chT^1[^7nL^1]^7,^4 ,MOD_REPEATER_ALT,4.466047286987305,0.008932095021009445,5.3010430335998535,160.63766479492188,254.0,0,0,0,20.0,4.0,1.0,200.0,-2.0,0.0,0.0
nL.ctf_eSe.dm_26.dm_meta,168764700,168591900,,MOD_ROCKET,bad,False,0.05,0.04666666666666667,0.0041263419773442,0.0031250740653437446,00:10:09.300,^7S^13^7chT^1[^7nL^1]^7,ol' dirty bastard,MOD_ROCKET,0.0,0.0,1.329345703125,40.283203125,86.0,370,190,400,57.0,30.0,46.0,100.0,-28.0,2.0,0.0
oE_vs_aP_ffa3_redstar.dm_26.dm_meta,86451000,86286600,87491550.0,MOD_REPEATER_ALT_SPLASH,bad,False,0.38,0.32,0.20688631459782408,0.2661565738181383,00:02:46.000,oE^3|^1redstar,,MOD_REPEATER_ALT_SPLASH,1.358933687210083,0.027178673073649406,20.36038589477539,616.9813842773438,317.0,478,94,403,323.0,20.0,190.0,,,16.0,0.0
oE_vs_aP_ffa3_redstar.dm_26.dm_meta,86639000,86286600,87491550.0,MOD_REPEATER_ALT_SPLASH,bad,False,0.18333333333333332,0.21666666666666667,0.1968975542098165,0.18922668885493657,00:05:54.000,oE^3|^1redstar,,MOD_REPEATER_ALT_SPLASH,0.0,0.0,21.9053897857666,663.7996826171875,152.0,200,6,207,319.0,129.0,431.0,,,126.0,0.0
oE_vs_aP_ffa3_redstar.dm_26.dm_meta,86675200,86286600,87491550.0,MOD_REPEATER_ALT_SPLASH,bad,False,0.32,0.37,0.14273772277662247,0.2559467801000205,00:06:30.200,oE^3|^1redstar,^1+ap+vertex,MOD_REPEATER_ALT_SPLASH,21.302196502685547,0.03550365939736366,71.78109741210938,2175.184814453125,84.0,73,18,227,463.0,200.0,89.0,,,268.0,0.0
oE_vs_aP_ffa3_redstar.dm_26.dm_meta,86706950,86286600,87491550.0,MOD_THERMAL_SPLASH,bad,True,,,,,00:07:01.950,oE^3|^1redstar,^1+ap+vertex,MOD_THERMAL_SPLASH,108.34858703613281,0.12746892869472504,108.34858703613281,3283.29052734375,247.0,197,403,347,229.0,315.0,278.0,,,222.0,218.0
oE_vs_aP_ffa3_redstar.dm_26.dm_meta,86810250,86286600,87491550.0,MOD_DET_PACK_SPLASH,bad,False,,,,,00:08:45.250,oE^3|^1redstar,^1+ap+vertex,MOD_DET_PACK_SPLASH,0.0,0.0,9.30458927154541,281.9572448730469,68.0,813,143,395,670.0,444.0,454.0,,,487.0,142.0
oE_vs_aP_ffa3_redstar.dm_26.dm_meta,86810250,86286600,87491550.0,MOD_DET_PACK_SPLASH,bad,False,,,,,00:08:45.250,oE^3|^1redstar,oE^3|^1redstar,MOD_DET_PACK_SPLASH,0.0,0.0,9.30458927154541,281.9572448730469,0.0,813,143,395,813.0,143.0,395.0,,,0.0,0.0
oE_vs_aP_ffa3_redstar.dm_26.dm_meta,86838350,86286600,87491550.0,MOD_THERMAL_SPLASH,bad,False,,,,,00:09:13.350,oE^3|^1redstar,,MOD_THERMAL_SPLASH,0.0,0.0,28.440227508544922,861.8250732421875,153.0,121,42,287,338.0,349.0,339.0,,,75.0,49.0
oE_vs_aP_ffa3_redstar.dm_26.dm_meta,86874300,86286600,87491550.0,MOD_ROCKET_SPLASH,bad,True,0.09666666666666666,0.11666666666666667,0.07702115854736138,0.06794157023953312,00:09:49.300,oE^3|^1redstar,,MOD_ROCKET_SPLASH,101.59823608398438,0.5079911947250366,107.72806549072266,3264.48681640625,121.0,273,28,161,441.0,233.0,266.0,,,285.0,0.0
oE_vs_aP_ffa3_redstar.dm_26.dm_meta,86918750,86286600,87491550.0,MOD_BRYAR_PISTOL_ALT,bad,True,0.20666666666666667,0.20333333333333334,0.06210948715316923,0.030332591210554954,00:10:33.750,oE^3|^1redstar,,MOD_BRYAR_PISTOL_ALT,49.640018463134766,0.09025458246469498,167.4043731689453,5072.85986328125,117.0,254,0,245,437.0,3.0,248.0,50.0,0.0,70.0,0.0
oE_vs_aP_ffa3_redstar.dm_26.dm_meta,86979300,86286600,87491550.0,MOD_FLECHETTE,bad,False,,,,,00:11:34.300,oE^3|^1redstar,^1+ap+vertex,MOD_FLECHETTE,23.98360824584961,0.11991804093122482,111.13627624511719,3367.765869140625,158.0,325,274,303,161.0,357.0,272.0,,,22.0,17.0
oE_vs_aP_ffa3_redstar.dm_26.dm_meta,87016450,86286600,87491550.0,MOD_ROCKET_SPLASH,bad,False,0.44,0.35333333333333333,0.21460416073135974,0.7853983851542143,00:12:11.450,oE^3|^1redstar,,MOD_ROCKET_SPLASH,0.0,0.0,127.4859619140625,3863.2109375,294.0,278,22,252,36.0,55.0,249.0,,,336.0,290.0
oE_vs_aP_ffa3_redstar.dm_26.dm_meta,87045450,86286600,87491550.0,MOD_REPEATER_ALT_SPLASH,bad,False,0.25,0.24333333333333335,0.20139310149264644,0.3171777117100446,00:12:40.450,oE^3|^1redstar,^1+ap+vertex,MOD_REPEATER_ALT_SPLASH,18.912841796875,0.09456420689821243,69.31123352050781,2100.34033203125,347.0,540,40,536,177.0,21.0,392.0,,,20.0,0.0
oE_vs_aP_ffa3_redstar.dm_26.dm_meta,87045650,86286600,87491550.0,MOD_TRIP_MINE_SPLASH,bad,False,,,,,00:12:40.650,oE^3|^1redstar,oE^1|^4Jeff,MOD_TRIP_MINE_SPLASH,0.0,0.0,12.205810546875,369.873046875,1214.0,541,173,539,194.0,32.0,287.0,,,22.0,7.0
oE_vs_aP_ffa3_redstar.dm_26.dm_meta,87139350,86286600,87491550.0,MOD_REPEATER_ALT_SPLASH,bad,False,0.14,0.24,0.19377146194016057,0.15625536628526918,00:14:14.350,oE^3|^1redstar,,MOD_REPEATER_ALT_SPLASH,0.0,0.0,39.200748443603516,1187.9014892578125,233.0,253,270,287,257.0,243.0,400.0,,,42.0,3.0
oE_vs_aP_ffa3_redstar.dm_26.dm_meta,87145900,86286600,87491550.0,MOD_REPEATER_ALT,bad,False,0.21666666666666667,0.25,0.008225167707153404,0.01955084104437916,00:14:20.900,oE^3|^1redstar,^1+ap+vertex,MOD_REPEATER_ALT,26.093095779418945,0.027466416358947754,79.9442367553711,2422.552734375,100.0,229,47,311,339.0,395.0,196.0,100.0,-22.0,88.0,56.0
oE_vs_aP_ffa3_redstar.dm_26.dm_meta,87157800,86286600,87491550.0,MOD_REPEATER_ALT_SPLASH,bad,True,0.22333333333333333,0.14666666666666667,0.1823148919949556,0.20501651650187866,00:14:32.800,oE^3|^1redstar,,MOD_REPEATER_ALT_SPLASH,20.255247116088867,0.10127623379230499,164.5244140625,4985.58837890625,192.0,274,324,260,392.0,76.0,286.0,,,111.0,0.0
oE_vs_aP_ffa3_redstar.dm_26.dm_meta,87214300,86286600,87491550.0,MOD_REPEATER_ALT,bad,False,0.31,0.3466666666666667,0.015480787236479642,0.029247070911735486,00:15:29.300,oE^3|^1redstar,,MOD_REPEATER_ALT,0.0,0.0,2.3120999336242676,70.06363677978516,168.0,485,253,420,178.0,207.0,453.0,100.0,-26.0,13.0,0.0
oE_vs_aP_ffa3_redstar.dm_26.dm_meta,87284300,86286600,87491550.0,MOD_REPEATER_ALT,bad,False,0.29,0.2733333333333333,0.01788610405938177,0.009341932440176656,00:16:39.300,oE^3|^1redstar,,MOD_REPEATER_ALT,18.557811737060547,0.026511158794164658,20.927200317382812,634.1575927734375,257.0,439,111,452,427.0,65.0,241.0,300.0,-5.0,80.0,3.0
oE_vs_aP_ffa3_redstar.dm_26.dm_meta,87342850,86286600,87491550.0,MOD_TRIP_MINE_SPLASH,bad,False,,,,,00:17:37.850,oE^3|^1redstar,,MOD_TRIP_MINE_SPLASH,0.0,0.0,18.60025978088379,563.6442260742188,478.0,254,265,383,334.0,337.0,363.0,,,258.0,38.0
oE_vs_aP_ffa3_redstar.dm_26.dm_meta,87380800,86286600,87491550.0,MOD_REPEATER_ALT_SPLASH,bad,True,0.18666666666666668,0.20666666666666667,0.07503663665229977,0.1974485982981839,00:18:15.800,oE^3|^1redstar,,MOD_REPEATER_ALT_SPLASH,76.84284973144531,0.12807141244411469,76.84284973144531,2328.5712890625,30.0,328,35,296,340.0,67.0,220.0,,,81.0,0.0
oE_vs_aP_ffa3_redstar.dm_26.dm_meta,87464750,86286600,87491550.0,MOD_BRYAR_PISTOL_ALT,bad,False,0.17666666666666667,0.19333333333333333,0.1244405010720038,0.006247177232749752,00:19:39.750,oE^3|^1redstar,,MOD_BRYAR_PISTOL_ALT,6.168903827667236,0.011216188780963421,105.88973236083984,3208.77978515625,72.0,270,0,349,95.0,26.0,153.0,,,6.0,0.0
oE_vs_aP_ffa3_redstar.dm_26.dm_meta,87472250,86286600,87491550.0,MOD_ROCKET,bad,False,0.043333333333333335,0.023333333333333334,0.00778994294753949,0.005931059314878514,00:19:47.250,oE^3|^1redstar,,MOD_ROCKET,16.027183532714844,0.022895976901054382,16.182546615600586,490.38018798828125,83.0,404,141,206,209.0,176.0,224.0,50.0,-30.0,29.0,0.0
oe_vs_ap_tatooine_jatonx.dm_26.dm_meta,86389650,86371600,87491300.0,MOD_ROCKET_SPLASH,bad,False,0.16333333333333333,0.23,0.24136269877691788,0.14260283307729546,00:01:44.650,oE|^7Jatonx,,MOD_ROCKET_SPLASH,2.043870449066162,0.008175482042133808,40.38136291503906,1223.6776123046875,325.0,256,277,232,465.0,129.0,297.0,,,167.0,0.0
oe_vs_ap_tatooine_jatonx.dm_26.dm_meta,86432500,86371600,87491300.0,MOD_ROCKET_SPLASH,bad,False,0.4066666666666667,0.43333333333333335,0.16138726826421898,0.20677818189178107,00:02:27.500,oE|^7Jatonx,^1+ap+vertex,MOD_ROCKET_SPLASH,0.0,0.0,77.96868896484375,2362.6875,214.0,198,269,233,105.0,547.0,240.0,,,299.0,200.0
oe_vs_ap_tatooine_jatonx.dm_26.dm_meta,86568050,86371600,87491300.0,MOD_TRIP_MINE_SPLASH,bad,False,,,,,00:04:43.050,oE|^7Jatonx,,MOD_TRIP_MINE_SPLASH,0.0,0.0,49.446197509765625,1498.36962890625,191.0,123,0,308,295.0,496.0,243.0,,,220.0,22.0
oe_vs_ap_tatooine_jatonx.dm_26.dm_meta,86729650,86371600,87491300.0,MOD_REPEATER_ALT_SPLASH,bad,True,0.14,0.16,0.10995085259537035,0.05619495281470251,00:07:24.650,oE|^7Jatonx,^1+ap+vertex,MOD_REPEATER_ALT_SPLASH,72.37161254882812,0.16082580387592316,74.314453125,2251.953125,205.0,432,0,366,226.0,133.0,320.0,,,86.0,0.0
oe_vs_ap_tatooine_jatonx.dm_26.dm_meta,86898600,86371600,87491300.0,MOD_REPEATER_ALT_SPLASH,bad,True,0.19333333333333333,0.12333333333333334,0.15358476755420247,0.1117922192369835,00:10:13.600,oE|^7Jatonx,^1+ap+vertex,MOD_REPEATER_ALT_SPLASH,44.8358154296875,0.11208953708410263,54.74554443359375,1658.9559326171875,287.0,340,0,478,335.0,40.0,170.0,,,54.0,23.0
oe_vs_ap_tatooine_jatonx.dm_26.dm_meta,86961550,86371600,87491300.0,MOD_BOWCASTER,bad,False,,,,,00:11:16.550,oE|^7Jatonx,^1+ap+vertex,MOD_BOWCASTER,16.26264762878418,0.06505058705806732,21.468564987182617,650.5625610351562,134.0,336,381,336,128.0,0.0,191.0,100.0,-25.0,4.0,0.0
oe_vs_ap_tatooine_jatonx.dm_26.dm_meta,86993700,86371600,87491300.0,MOD_TRIP_MINE_SPLASH,bad,False,,,,,00:11:48.700,oE|^7Jatonx,^1+ap+vertex,MOD_TRIP_MINE_SPLASH,6.3860907554626465,0.006722200661897659,48.86394500732422,1480.7255859375,86.0,647,306,312,79.0,16.0,306.0,,,2.0,0.0
oe_vs_ap_tatooine_jatonx.dm_26.dm_meta,87060050,86371600,87491300.0,MOD_BRYAR_PISTOL_ALT,bad,False,0.2633333333333333,0.32666666666666666,0.04626302031888159,0.028223646859364366,00:12:55.050,oE|^7Jatonx,,MOD_BRYAR_PISTOL_ALT,6.574089527130127,0.04382726177573204,50.6291389465332,1534.21630859375,316.0,405,372,512,381.0,300.0,170.0,200.0,-56.0,64.0,0.0
oe_vs_ap_tatooine_jatonx.dm_26.dm_meta,87165700,86371600,87491300.0,MOD_REPEATER_ALT_SPLASH,bad,False,0.19666666666666666,0.21666666666666667,0.15772249124012658,0.2364398817933184,00:14:40.700,oE|^7Jatonx,,MOD_REPEATER_ALT_SPLASH,22.18828582763672,0.07396095246076584,22.62476348876953,685.598876953125,272.0,342,207,331,322.0,354.0,383.0,,,334.0,31.0
oe_vs_ap_tatooine_jatonx.dm_26.dm_meta,87225150,86371600,87491300.0,MOD_BOWCASTER,bad,True,,,,,00:15:40.150,oE|^7Jatonx,,MOD_BOWCASTER,43.011314392089844,0.12288946658372879,47.997520446777344,1454.4703369140625,193.0,458,0,454,287.0,59.0,268.0,150.0,-2.0,81.0,5.0
oe_vs_ap_tatooine_jatonx.dm_26.dm_meta,87228850,86371600,87491300.0,MOD_TRIP_MINE_SPLASH,bad,True,,,,,00:15:43.850,oE|^7Jatonx,oE^1|^4Jeff,MOD_TRIP_MINE_SPLASH,108.71256256103516,0.1207917332649231,108.71256256103516,3294.320068359375,154.0,672,21,466,493.0,672.0,423.0,,,145.0,26.0
oe_vs_ap_tatooine_jatonx.dm_26.dm_meta,87286850,86371600,87491300.0,MOD_THERMAL_SPLASH,bad,True,,,,,00:16:41.850,oE|^7Jatonx,,MOD_THERMAL_SPLASH,84.9812240600586,0.8498122692108154,112.7640609741211,3417.0927734375,111.0,170,130,225,356.0,138.0,297.0,,,145.0,0.0
oe_vs_ap_tatooine_jatonx.dm_26.dm_meta,87288250,86371600,87491300.0,MOD_TRIP_MINE_SPLASH,bad,False,,,,,00:16:43.250,oE|^7Jatonx,^1+ap+vertex,MOD_TRIP_MINE_SPLASH,6.574089527130127,0.026296358555555344,105.53376007080078,3197.99267578125,42.0,194,79,239,722.0,32.0,236.0,,,180.0,0.0
oe_vs_ap_tatooine_jatonx.dm_26.dm_meta,87344900,86371600,87491300.0,MOD_REPEATER_ALT_SPLASH,bad,True,0.3566666666666667,0.31666666666666665,0.10212729037606733,0.26301213698600323,00:17:39.900,oE|^7Jatonx,,MOD_REPEATER_ALT_SPLASH,44.51954650878906,0.11129886656999588,45.375282287597656,1375.008544921875,185.0,296,268,326,132.0,404.0,311.0,,,115.0,53.0
oe_vs_ap_tatooine_jatonx.dm_26.dm_meta,87383750,86371600,87491300.0,MOD_REPEATER_ALT_SPLASH,bad,False,0.36,0.3433333333333333,0.13151148231857232,0.27330031017892564,00:18:18.750,oE|^7Jatonx,,MOD_REPEATER_ALT_SPLASH,18.18354034423828,0.045458849519491196,18.18354034423828,551.016357421875,153.0,253,157,279,376.0,28.0,89.0,,,31.0,0.0
oe_vs_ap_tatooine_jatonx.dm_26.dm_meta,87425100,86371600,87491300.0,MOD_TRIP_MINE_SPLASH,bad,False,,,,,00:19:00.100,oE|^7Jatonx,,MOD_TRIP_MINE_SPLASH,0.0,0.0,60.17010498046875,1823.3365478515625,308.0,242,0,151,173.0,394.0,206.0,,,223.0,83.0
oE_vs_BF_hoth_jeff.dm_26.dm_meta,422282200,422204150,423394750.0,MOD_ROCKET_SPLASH,bad,False,0.24666666666666667,0.24666666666666667,0.22490654129742152,0.24182695837682128,00:01:30.500,oE^1|^4Jeff,^1BF_^7Wonka,MOD_ROCKET_SPLASH,6.9708251953125,0.06970825046300888,68.43081665039062,2073.6611328125,241.0,281,416,362,692.0,422.0,464.0,,,121.0,61.0
oE_vs_BF_hoth_jeff.dm_26.dm_meta,422583900,422204150,423394750.0,MOD_THERMAL_SPLASH,bad,True,,,,,00:06:32.200,oE^1|^4Jeff,^1BF_^7Paladin^1VII,MOD_THERMAL_SPLASH,60.15671157836914,0.13368158042430878,72.04563903808594,2183.201171875,207.0,483,127,437,565.0,201.0,451.0,,,254.0,34.0
oE_vs_BF_hoth_jeff.dm_26.dm_meta,422662100,422204150,423394750.0,MOD_REPEATER_ALT,bad,True,0.24333333333333335,0.27,0.02449321312211468,0.20387562447423843,00:07:50.400,oE^1|^4Jeff,oE^3|^1redstar,MOD_REPEATER_ALT,9.055644035339355,0.025873268023133278,168.5137481689453,5106.47705078125,113.0,201,6,218,456.0,10.0,452.0,100.0,3.0,31.0,0.0
oE_vs_BF_hoth_jeff.dm_26.dm_meta,422663000,422204150,423394750.0,MOD_REPEATER_ALT,bad,False,0.36666666666666664,0.5066666666666667,0.015183316777549048,0.05720009378210591,00:07:51.300,oE^1|^4Jeff,^1BF_^7SexuallyFrustratedEwok,MOD_REPEATER_ALT,0.0,0.0,21.787742614746094,660.234619140625,114.0,305,259,297,456.0,0.0,232.0,100.0,-20.0,45.0,0.0
oE_vs_BF_hoth_jeff.dm_26.dm_meta,422685800,422204150,423394750.0,MOD_ROCKET_SPLASH,bad,True,0.08,0.12333333333333334,0.08549277289185621,0.03944664731090461,00:08:14.100,oE^1|^4Jeff,^1BF_^7Paladin^1VII,MOD_ROCKET_SPLASH,72.52371978759766,0.14504744112491608,73.38975524902344,2223.931884765625,90.0,510,77,454,633.0,213.0,366.0,,,484.0,37.0
oE_vs_BF_hoth_jeff.dm_26.dm_meta,422685800,422204150,423394750.0,MOD_ROCKET_SPLASH,bad,True,0.36333333333333334,0.31333333333333335,0.07824022144460113,0.7113404455193085,00:08:14.100,oE^1|^4Jeff,oE^3|^1redstar,MOD_ROCKET_SPLASH,72.52371978759766,0.14504744112491608,73.38975524902344,2223.931884765625,192.0,510,77,454,12.0,0.0,206.0,,,0.0,0.0
oE_vs_BF_hoth_jeff.dm_26.dm_meta,422716700,422204150,423394750.0,MOD_ROCKET_SPLASH,good,True,0.5133333333333333,0.43333333333333335,0.14922316734327912,0.7169869677269209,00:08:45.000,oE^1|^4Jeff,^1BF_^7SexuallyFrustratedEwok,MOD_ROCKET_SPLASH,0.0,0.0,174.51637268066406,5288.375,36.0,95,56,381,19.0,277.0,198.0,,,9.0,9.0
oE_vs_BF_hoth_jeff.dm_26.dm_meta,422940850,422204150,423394750.0,MOD_THERMAL_SPLASH,bad,False,,,,,00:12:29.150,oE^1|^4Jeff,oE^3|^1redstar,MOD_THERMAL_SPLASH,9.777148246765137,0.04888574033975601,13.528486251831055,409.9541320800781,127.0,229,9,248,400.0,73.0,281.0,,,189.0,55.0
oE_vs_BF_hoth_jeff.dm_26.dm_meta,422974200,422204150,423394750.0,MOD_THERMAL,bad,False,,,,,00:13:02.500,oE^1|^4Jeff,^1BF_^7Wonka,MOD_THERMAL,0.0,0.0,28.04923439025879,849.976806640625,202.0,74,261,395,311.0,0.0,552.0,250.0,-16.0,20.0,0.0
oE_vs_BF_hoth_jeff.dm_26.dm_meta,422991700,422204150,423394750.0,MOD_ROCKET_SPLASH,bad,False,0.16666666666666666,0.14666666666666667,0.13809779461311011,0.11406600783784702,00:13:20.000,oE^1|^4Jeff,oE^1|^4Jeff,MOD_ROCKET_SPLASH,0.0,0.0,58.76076889038086,1780.62939453125,0.0,580,212,408,580.0,212.0,408.0,,,0.0,0.0
oE_vs_BF_hoth_jeff.dm_26.dm_meta,423011500,422204150,423394750.0,MOD_ROCKET_SPLASH,bad,False,0.25,0.21,0.1700286865660995,0.1461730851610957,00:13:39.800,oE^1|^4Jeff,^1BF_^7Paladin^1VII,MOD_ROCKET_SPLASH,24.281085968017578,0.03035135753452778,28.861387252807617,874.5875244140625,233.0,227,91,512,525.0,23.0,233.0,,,67.0,0.0
oE_vs_BF_hoth_jeff.dm_26.dm_meta,423242350,422204150,423394750.0,MOD_BLASTER,bad,True,,,,,00:17:30.650,oE^1|^4Jeff,^1BF_^7Wonka,MOD_BLASTER,18.150590896606445,0.036301180720329285,174.75221252441406,5295.521484375,122.0,342,0,310,307.0,5.0,277.0,,,25.0,0.0
oE_vs_BF_imperial_jeff.dm_26.dm_meta,420632800,420467900,421790550.0,MOD_ROCKET_SPLASH,bad,True,0.19333333333333333,0.16666666666666666,0.052955759913463345,0.11790372754224929,00:02:48.600,oE^1|^4Jeff,oE^1|^4Jeff,MOD_ROCKET_SPLASH,125.4176025390625,0.20902933180332184,125.4176025390625,3800.533447265625,0.0,254,17,267,254.0,17.0,267.0,,,0.0,0.0
oE_vs_BF_imperial_jeff.dm_26.dm_meta,420665400,420467900,421790550.0,MOD_ROCKET_SPLASH,bad,True,0.37666666666666665,0.30333333333333334,0.08471179989208709,0.33969143605956287,00:03:21.200,oE^1|^4Jeff,^1BF_^7Wonka,MOD_ROCKET_SPLASH,64.7686538696289,0.10794775933027267,81.58495330810547,2472.271240234375,125.0,629,147,143,168.0,69.0,139.0,,,56.0,52.0
oE_vs_BF_imperial_jeff.dm_26.dm_meta,420888450,420467900,421790550.0,MOD_ROCKET_SPLASH,bad,False,0.27,0.24666666666666667,0.3265155450293882,0.12623861097748967,00:07:04.250,oE^1|^4Jeff,^1BF_^7Wonka,MOD_ROCKET_SPLASH,0.0,0.0,53.29716873168945,1615.065673828125,406.0,409,35,305,630.0,37.0,159.0,,,142.0,124.0
oE_vs_BF_imperial_jeff.dm_26.dm_meta,420911250,420467900,421790550.0,MOD_ROCKET_SPLASH,bad,False,0.15666666666666668,0.19333333333333333,0.16701257532324815,0.13919383854063805,00:07:27.050,oE^1|^4Jeff,^1BF_^7Paladin^1VII,MOD_ROCKET_SPLASH,12.149190902709961,0.01619892194867134,41.50172424316406,1257.6280517578125,165.0,443,46,256,324.0,143.0,346.0,,,149.0,8.0
oE_vs_BF_imperial_jeff.dm_26.dm_meta,420960900,420467900,421790550.0,MOD_REPEATER_ALT_SPLASH,bad,False,0.21333333333333335,0.21333333333333335,0.13061482409551597,0.08565179123262784,00:08:16.700,oE^1|^4Jeff,oE^3|^1redstar,MOD_REPEATER_ALT_SPLASH,0.0,0.0,56.00275421142578,1697.05322265625,29.0,428,3,329,313.0,0.0,268.0,,,130.0,0.0
oE_vs_BF_imperial_jeff.dm_26.dm_meta,421183050,420467900,421790550.0,MOD_ROCKET_SPLASH,bad,True,0.19666666666666666,0.21333333333333335,0.08900829621983777,0.078077959547613,00:11:58.850,oE^1|^4Jeff,oE^1|^4Jeff,MOD_ROCKET_SPLASH,40.777740478515625,0.0679628998041153,41.863887786865234,1268.6026611328125,0.0,255,46,451,255.0,46.0,451.0,,,0.0,0.0
oE_vs_BF_imperial_jeff.dm_26.dm_meta,421208850,420467900,421790550.0,MOD_ROCKET,bad,False,0.16,0.15333333333333332,0.05349503618550105,0.05326334468041302,00:12:24.650,oE^1|^4Jeff,^1BF_^7Paladin^1VII,MOD_ROCKET,5.767142295837402,0.05767142400145531,103.31531524658203,3130.76708984375,337.0,100,244,296,536.0,331.0,284.0,200.0,-41.0,153.0,6.0
oE_vs_BF_imperial_jeff.dm_26.dm_meta,421427200,420467900,421790550.0,MOD_REPEATER_ALT,bad,False,0.26666666666666666,0.27666666666666667,0.013992894199650465,0.022581833478669655,00:16:03.000,oE^1|^4Jeff,,MOD_REPEATER_ALT,0.0,0.0,60.43411636352539,1831.3369140625,136.0,195,0,416,127.0,0.0,201.0,200.0,-2.0,7.0,0.0
oE_vs_BF_imperial_jeff.dm_26.dm_meta,421518150,420467900,421790550.0,MOD_REPEATER_ALT,bad,False,0.23666666666666666,0.26666666666666666,0.016428735957594653,0.03431981126829543,00:17:33.950,oE^1|^4Jeff,,MOD_REPEATER_ALT,6.99375581741333,0.006660719867795706,45.46225357055664,1377.64404296875,192.0,272,0,277,133.0,52.0,364.0,150.0,-1.0,11.0,0.0
oE_vs_BF_imperial_jeff.dm_26.dm_meta,421553900,420467900,421790550.0,MOD_ROCKET,bad,False,0.03333333333333333,0.04666666666666667,0.057934657452169136,0.006912010615963757,00:18:09.700,oE^1|^4Jeff,,MOD_ROCKET,3.1887710094451904,0.031887710094451904,144.27239990234375,4371.89111328125,43.0,226,37,238,574.0,144.0,247.0,,,116.0,0.0
oE_vs_BF_imperial_jeff.dm_26.dm_meta,421603900,420467900,421790550.0,MOD_ROCKET,bad,False,0.25333333333333335,0.24666666666666667,0.06597813540821872,0.04441188160971028,00:18:59.700,oE^1|^4Jeff,^1BF_^7Paladin^1VII,MOD_ROCKET,13.438796043395996,0.04479598626494408,58.74782943725586,1780.2373046875,331.0,172,499,287,600.0,150.0,316.0,400.0,-20.0,46.0,0.0
oE_vs_BF_imperial_jeff.dm_26.dm_meta,421729750,420467900,421790550.0,MOD_BRYAR_PISTOL_ALT,bad,False,0.17333333333333334,0.15,0.055688034926425954,0.0155792120089954,00:21:05.550,oE^1|^4Jeff,,MOD_BRYAR_PISTOL_ALT,0.5211272835731506,0.005211272742599249,21.3294677734375,646.3475341796875,40.0,90,0,141,126.0,11.0,235.0,,,5.0,0.0
pugme1 (1).dm_26.dm_meta,67653600,67617700,,MOD_FALLING,bad,True,,,,,00:00:53.050,ada$$,,MOD_FALLING,13.97043228149414,0.27940863370895386,18.18522834777832,551.0675048828125,986.0,187,0,242,231.0,0.0,668.0,,,9.0,0.0
pugme1 (1).dm_26.dm_meta,67722100,67617700,,MOD_DET_PACK_SPLASH,bad,False,,,,,00:02:01.550,ada$$,^1Tr^5u^2ck^7a^1*,MOD_DET_PACK_SPLASH,0.0,0.0,35.03195571899414,1061.574462890625,138.0,230,5,522,658.0,167.0,15.0,,,127.0,0.0
pugme1.dm_26.dm_meta,67653600,67617700,,MOD_FALLING,bad,True,,,,,00:00:53.050,ada$$,,MOD_FALLING,13.97043228149414,0.27940863370895386,18.18522834777832,551.0675048828125,986.0,187,0,242,231.0,0.0,668.0,,,9.0,0.0
pugme1.dm_26.dm_meta,67722100,67617700,,MOD_DET_PACK_SPLASH,bad,False,,,,,00:02:01.550,ada$$,^1Tr^5u^2ck^7a^1*,MOD_DET_PACK_SPLASH,0.0,0.0,35.03195571899414,1061.574462890625,138.0,230,5,522,658.0,167.0,15.0,,,127.0,0.0
pug_esports_bespin.dm_26.dm_meta,100481437,100409893,101612215.0,MOD_REPEATER_ALT_SPLASH,bad,False,0.24333333333333335,0.23333333333333334,0.23113908753457932,0.29952281920140794,00:01:14.518,^7re^41^7ndeer,^^0BlAde,MOD_REPEATER_ALT_SPLASH,1.2429611682891846,0.03766549006104469,26.53203582763672,804.0010986328125,179.0,215,56,223,636.0,63.0,495.0,,,262.0,23.0
pug_esports_bespin.dm_26.dm_meta,100601128,100409893,101612215.0,MOD_FALLING,bad,True,,,,,00:03:14.209,^7re^41^7ndeer,Siru^2^6s,MOD_FALLING,0.0,0.0,32.60569763183594,988.0514526367188,2612.0,0,0,40,0.0,0.0,0.0,,,0.0,0.0
pug_esports_bespin.dm_26.dm_meta,100645315,100409893,101612215.0,MOD_REPEATER_ALT,bad,False,0.3,0.26666666666666666,0.034580098504594856,0.12210471734664215,00:03:58.396,^7re^41^7ndeer,Siru^2^6s,MOD_REPEATER_ALT,0.0,0.0,7.969753742218018,241.5076904296875,327.0,187,0,172,182.0,53.0,421.0,264.0,2.0,6.0,0.0
pug_esports_bespin.dm_26.dm_meta,100794838,100409893,101612215.0,MOD_REPEATER_ALT_SPLASH,bad,True,0.33666666666666667,0.4066666666666667,0.16806714367558015,0.14615342274354842,00:06:27.919,^7re^41^7ndeer,^^0BlAde,MOD_REPEATER_ALT_SPLASH,14.565743446350098,0.4413861632347107,44.42905044555664,1346.3348388671875,181.0,192,0,86,161.0,137.0,536.0,,,62.0,0.0
pug_esports_bespin.dm_26.dm_meta,100858330,100409893,101612215.0,MOD_FALLING,bad,True,,,,,00:07:31.411,^7re^41^7ndeer,^4e^7Gc[^7res^4!^7s^4T^7],MOD_FALLING,0.87890625,0.013316761702299118,0.87890625,26.633522033691406,2624.0,201,445,482,0.0,0.0,0.0,,,0.0,0.0
pug_esports_bespin.dm_26.dm_meta,100865095,100409893,101612215.0,MOD_REPEATER_ALT,bad,False,0.2833333333333333,0.36333333333333334,0.01410854943204106,0.00974572806399551,00:07:38.176,^7re^41^7ndeer,^6p^7dr^2*,MOD_REPEATER_ALT,9.718778610229492,0.04908474162220955,11.7421293258667,355.8221130371094,123.0,306,13,333,435.0,73.0,239.0,66.0,-16.0,94.0,8.0
pug_esports_bespin.dm_26.dm_meta,100925122,100409893,101612215.0,MOD_TRIP_MINE_SPLASH,bad,True,,,,,00:08:38.203,^7re^41^7ndeer,^4e^7Gc[^7res^4!^7s^4T^7],MOD_TRIP_MINE_SPLASH,0.0,0.0,12.601286888122559,381.857177734375,50.0,949,222,190,166.0,481.0,443.0,,,104.0,0.0
pug_esports_bespin.dm_26.dm_meta,100960498,100409893,101612215.0,MOD_TRIP_MINE_SPLASH,bad,False,,,,,00:09:13.579,^7re^41^7ndeer,^4e^7Gc[^7res^4!^7s^4T^7],MOD_TRIP_MINE_SPLASH,23.303680419921875,0.23539070785045624,39.523216247558594,1197.6732177734375,67.0,569,57,202,167.0,181.0,312.0,,,82.0,0.0
pug_esports_bespin.dm_26.dm_meta,100960498,100409893,101612215.0,MOD_FLECHETTE_ALT_SPLASH,bad,False,0.16,0.13333333333333333,0.1081178142572948,0.021908513059934957,00:09:13.579,^7re^41^7ndeer,^7re^41^7ndeer,MOD_FLECHETTE_ALT_SPLASH,23.303680419921875,0.23539070785045624,39.523216247558594,1197.6732177734375,0.0,569,57,202,569.0,57.0,202.0,,,0.0,0.0
pug_esports_bespin.dm_26.dm_meta,100972675,100409893,101612215.0,MOD_TRIP_MINE_SPLASH,bad,False,,,,,00:09:25.756,^7re^41^7ndeer,Siru^2^6s,MOD_TRIP_MINE_SPLASH,0.0,0.0,3.173513412475586,96.16707611083984,179.0,117,0,171,584.0,151.0,297.0,,,1147.0,777.0
pug_esports_bespin.dm_26.dm_meta,101031646,100409893,101612215.0,MOD_TRIP_MINE_SPLASH,bad,True,,,,,00:10:24.727,^7re^41^7ndeer,^4e^7Gc[^7res^4!^7s^4T^7],MOD_TRIP_MINE_SPLASH,68.5766372680664,0.10390399396419525,77.44212341308594,2346.73095703125,127.0,579,24,244,596.0,356.0,336.0,,,374.0,4.0
pug_esports_bespin.dm_26.dm_meta,101111176,100409893,101612215.0,MOD_REPEATER_ALT_SPLASH,bad,False,0.21,0.21666666666666667,0.1029513720468996,0.20583849171505006,00:11:44.257,^7re^41^7ndeer,^7re^41^7ndeer,MOD_REPEATER_ALT_SPLASH,33.2059326171875,0.11180448532104492,33.2059326171875,1006.2404174804688,0.0,481,24,188,481.0,24.0,188.0,,,0.0,0.0
pug_esports_bespin.dm_26.dm_meta,101275120,100409893,101612215.0,MOD_FALLING,bad,True,,,,,00:14:28.201,^7re^41^7ndeer,^4e^7Gc[^7res^4!^7s^4T^7],MOD_FALLING,0.0,0.0,0.0,0.0,2344.0,0,0,454,0.0,0.0,0.0,,,0.0,0.0
pug_esports_bespin.dm_26.dm_meta,101278750,100409893,101612215.0,MOD_TRIP_MINE_SPLASH,bad,True,,,,,00:14:31.831,^7re^41^7ndeer,^^0BlAde,MOD_TRIP_MINE_SPLASH,18.64805793762207,0.11301853507757187,29.919649124145508,906.6560668945312,66.0,1001,115,298,300.0,329.0,337.0,,,1660.0,1496.0
pug_esports_bespin.dm_26.dm_meta,101329702,100409893,101612215.0,MOD_TRIP_MINE_SPLASH,bad,False,,,,,00:15:22.783,^7re^41^7ndeer,^4e^7Gc[^7res^4!^7s^4T^7],MOD_TRIP_MINE_SPLASH,0.0,0.0,25.76299476623535,780.6968383789062,184.0,193,0,187,389.0,92.0,411.0,,,152.0,9.0
pug_esports_bespin.dm_26.dm_meta,101603536,100409893,101612215.0,MOD_FALLING,bad,True,,,,,00:19:56.617,^7re^41^7ndeer,^^0BlAde,MOD_FALLING,10.594381332397461,0.08026046305894852,43.331756591796875,1313.08349609375,2566.0,95,0,177,0.0,0.0,0.0,,,0.0,0.0
pug_europug_ctf4 (12).dm_26.dm_meta,52993656,52965639,54217362.0,MOD_ROCKET_SPLASH,bad,False,0.31,0.2633333333333333,0.25959330092080923,0.1057454723042795,00:00:28.747,^4^^0energ^7y^4.,spek,MOD_ROCKET_SPLASH,0.0,0.0,0.0,0.0,534.0,549,265,625,295.0,209.0,307.0,,,121.0,0.0
pug_europug_ctf4 (12).dm_26.dm_meta,53155620,52965639,54217362.0,MOD_ROCKET_SPLASH,bad,False,0.15,0.18333333333333332,0.1924891001541967,0.12966480335842775,00:03:10.711,^4^^0energ^7y^4.,spek,MOD_ROCKET_SPLASH,0.0,0.0,50.34316635131836,1525.550537109375,317.0,94,358,526,314.0,81.0,284.0,,,111.0,51.0
pug_europug_ctf4 (12).dm_26.dm_meta,53400645,52965639,54217362.0,MOD_ROCKET_SPLASH,bad,False,0.14666666666666667,0.18666666666666668,0.19297962633819774,0.1427782752074457,00:07:15.736,^4^^0energ^7y^4.,sal,MOD_ROCKET_SPLASH,14.8041353225708,0.03738417848944664,52.039554595947266,1576.9561767578125,242.0,262,231,429,556.0,286.0,460.0,,,323.0,0.0
pug_europug_ctf4 (12).dm_26.dm_meta,53424834,52965639,54217362.0,MOD_REPEATER_ALT_SPLASH,bad,True,0.30333333333333334,0.30333333333333334,0.15383192521016903,0.353436785362043,00:07:39.925,^4^^0energ^7y^4.,mythols,MOD_REPEATER_ALT_SPLASH,63.42922592163086,0.11306457221508026,69.8598403930664,2116.96484375,244.0,119,22,230,471.0,437.0,349.0,,,500.0,14.0
pug_europug_ctf4 (12).dm_26.dm_meta,53577063,52965639,54217362.0,MOD_ROCKET,bad,False,0.023333333333333334,0.06666666666666667,0.020703323329371973,0.00770146067417422,00:10:12.154,^4^^0energ^7y^4.,spek,MOD_ROCKET,8.000960350036621,0.03030666708946228,8.000960350036621,242.45333862304688,93.0,216,308,408,468.0,232.0,387.0,132.0,-27.0,79.0,0.0
pug_europug_ctf4 (12).dm_26.dm_meta,53669133,52965639,54217362.0,MOD_REPEATER_ALT_SPLASH,bad,False,0.18333333333333332,0.20666666666666667,0.1882055701006501,0.11190925382464732,00:11:44.224,^4^^0energ^7y^4.,spek,MOD_REPEATER_ALT_SPLASH,0.27178674936294556,0.002745320787653327,33.128841400146484,1003.904296875,211.0,430,0,396,306.0,96.0,289.0,,,87.0,0.0
pug_europug_ctf4 (12).dm_26.dm_meta,53687316,52965639,54217362.0,MOD_DET_PACK_SPLASH,bad,False,,,,,00:12:02.407,^4^^0energ^7y^4.,mythols,MOD_DET_PACK_SPLASH,0.0,0.0,0.0,0.0,212.0,365,471,185,518.0,218.0,279.0,,,248.0,5.0
pug_europug_ctf4 (12).dm_26.dm_meta,53770212,52965639,54217362.0,MOD_ROCKET_SPLASH,bad,False,0.14333333333333334,0.23333333333333334,0.19101127737039844,0.1921885701280101,00:13:25.303,^4^^0energ^7y^4.,spek,MOD_ROCKET_SPLASH,5.745849609375,0.04352916404604912,17.276935577392578,523.5435180664062,304.0,489,145,479,450.0,326.0,414.0,,,415.0,14.0
pug_europug_ctf4 (12).dm_26.dm_meta,53793411,52965639,54217362.0,MOD_THERMAL_SPLASH,bad,False,,,,,00:13:48.502,^4^^0energ^7y^4.,mythols,MOD_THERMAL_SPLASH,0.0,0.0,60.39801025390625,1830.2427978515625,61.0,182,14,284,347.0,95.0,320.0,,,127.0,7.0
pug_europug_ctf4 (12).dm_26.dm_meta,53829810,52965639,54217362.0,MOD_SABER,bad,True,,,,,00:14:24.901,^4^^0energ^7y^4.,SirWhoresAlot,MOD_SABER,70.84967803955078,0.16515076160430908,70.84967803955078,2146.9599609375,39.0,211,0,212,427.0,0.0,240.0,,,30.0,0.0
pug_europug_ctf4 (12).dm_26.dm_meta,53831262,52965639,54217362.0,MOD_REPEATER_ALT_SPLASH,bad,False,0.23333333333333334,0.35,0.18223572953138042,0.20535477182522957,00:14:26.353,^4^^0energ^7y^4.,mythols,MOD_REPEATER_ALT_SPLASH,15.172343254089355,0.04179709032177925,56.519107818603516,1712.7001953125,282.0,202,28,287,212.0,363.0,338.0,,,472.0,340.0
pug_europug_ctf4 (12).dm_26.dm_meta,53847432,52965639,54217362.0,MOD_REPEATER_ALT_SPLASH,bad,True,0.11333333333333333,0.15,0.14196311736102868,0.12726937909395739,00:14:42.523,^4^^0energ^7y^4.,spek,MOD_REPEATER_ALT_SPLASH,6.893352031707764,0.01898995041847229,24.23674201965332,734.4467163085938,252.0,341,785,433,565.0,177.0,566.0,,,284.0,0.0
pug_europug_ctf4 (12).dm_26.dm_meta,53971347,52965639,54217362.0,MOD_THERMAL_SPLASH,bad,False,,,,,00:16:46.438,^4^^0energ^7y^4.,mythols,MOD_THERMAL_SPLASH,2.974724531173706,0.030047722160816193,61.74469757080078,1871.0513916015625,281.0,47,113,221,214.0,196.0,336.0,,,162.0,113.0
pug_europug_ctf4 (12).dm_26.dm_meta,53995272,52965639,54217362.0,MOD_REPEATER_ALT_SPLASH,bad,False,0.11,0.15333333333333332,0.2142581455413422,0.13801218633613474,00:17:10.363,^4^^0energ^7y^4.,spek,MOD_REPEATER_ALT_SPLASH,0.0,0.0,4.738614082336426,143.5943603515625,220.0,261,0,216,389.0,471.0,394.0,,,344.0,3.0
pug_europug_ctf4 (12).dm_26.dm_meta,54082887,52965639,54217362.0,MOD_ROCKET_SPLASH,bad,False,0.36666666666666664,0.43666666666666665,0.13772425461871302,0.2528860924504111,00:18:37.978,^4^^0energ^7y^4.,ed,MOD_ROCKET_SPLASH,0.0,0.0,0.0,0.0,179.0,388,72,572,178.0,200.0,368.0,,,97.0,79.0
pug_europug_ctf4 (12).dm_26.dm_meta,54086847,52965639,54217362.0,MOD_ROCKET_SPLASH,bad,False,0.14333333333333334,0.16,0.15715153937019502,0.0405756154684465,00:18:41.938,^4^^0energ^7y^4.,spek,MOD_ROCKET_SPLASH,0.0,0.0,55.75617980957031,1689.5811767578125,134.0,641,19,657,453.0,629.0,437.0,,,299.0,244.0
pug_europug_ctf4 (12).dm_26.dm_meta,54096615,52965639,54217362.0,MOD_ROCKET,bad,True,0.03333333333333333,0.04666666666666667,0.014067454158179022,0.006372969140669355,00:18:51.706,^4^^0energ^7y^4.,mythols,MOD_ROCKET,54.59479522705078,0.23634110391139984,59.5772705078125,1805.371826171875,52.0,399,46,423,349.0,256.0,607.0,66.0,-47.0,27.0,0.0
pug_europug_ctf4 (12).dm_26.dm_meta,54191457,52965639,54217362.0,MOD_DET_PACK_SPLASH,bad,True,,,,,00:20:26.548,^4^^0energ^7y^4.,mythols,MOD_DET_PACK_SPLASH,0.0,0.0,22.413150787353516,679.1864013671875,76.0,972,625,734,796.0,327.0,709.0,,,85.0,61.0
pug_europug_ctf4 (14).dm_26.dm_meta,46499682,46421142,,MOD_REPEATER_ALT,bad,False,0.37333333333333335,0.4,0.02412711957481525,0.015019863602468103,00:01:19.270,^4^^0ener^7gy^4~,,MOD_REPEATER_ALT,0.0,0.0,6.421628475189209,194.5948028564453,183.0,295,136,353,461.0,89.0,345.0,165.0,-17.0,23.0,0.0
pug_europug_ctf4 (14).dm_26.dm_meta,46551558,46421142,,MOD_ROCKET_SPLASH,bad,False,0.13666666666666666,0.14,0.25016154947584723,0.2966684809776355,00:02:11.146,^4^^0ener^7gy^4~,^2R^7amses,MOD_ROCKET_SPLASH,0.0,0.0,110.14373779296875,3337.68896484375,182.0,354,26,486,618.0,153.0,536.0,,,279.0,0.0
pug_europug_ctf4 (14).dm_26.dm_meta,46580928,46421142,,MOD_BOWCASTER,bad,False,,,,,00:02:40.516,^4^^0ener^7gy^4~,,MOD_BOWCASTER,0.0,0.0,72.79249572753906,2205.833251953125,82.0,263,0,345,500.0,21.0,318.0,66.0,-3.0,24.0,0.0
pug_europug_ctf4 (14).dm_26.dm_meta,46646895,46421142,,MOD_ROCKET_SPLASH,bad,False,0.2866666666666667,0.37,0.14124730972706795,0.035192518617469894,00:03:46.483,^4^^0ener^7gy^4~,^2R^7amses,MOD_ROCKET_SPLASH,0.0,0.0,37.06016159057617,1123.03515625,132.0,278,130,271,119.0,366.0,330.0,,,192.0,128.0
pug_europug_ctf4 (14).dm_26.dm_meta,46837602,46421142,,MOD_ROCKET_SPLASH,bad,True,0.43333333333333335,0.3333333333333333,0.2216360242984623,0.4406090231909352,00:06:57.190,^4^^0ener^7gy^4~,^2R^7amses,MOD_ROCKET_SPLASH,0.0,0.0,0.0,0.0,416.0,1010,24,680,466.0,160.0,435.0,,,383.0,100.0
pug_europug_ctf4 (14).dm_26.dm_meta,46892382,46421142,,MOD_ROCKET_SPLASH,bad,False,0.13666666666666666,0.18333333333333332,0.15908475629905816,0.09092006430620202,00:07:51.970,^4^^0ener^7gy^4~,^2R^7amses,MOD_ROCKET_SPLASH,1.587514877319336,0.016035504639148712,16.64296531677246,504.332275390625,208.0,256,5,213,336.0,147.0,185.0,,,474.0,470.0
pug_europug_ctf4 (14).dm_26.dm_meta,46929474,46421142,,MOD_SABER,bad,False,,,,,00:08:29.062,^4^^0ener^7gy^4~,^2R^7amses,MOD_SABER,20.6265811920166,0.0347248837351799,112.79195404052734,3417.93798828125,75.0,434,125,429,328.0,303.0,373.0,,,412.0,347.0
pug_europug_ctf4 (14).dm_26.dm_meta,47178096,46421142,,MOD_ROCKET_SPLASH,bad,True,0.29333333333333333,0.33,0.20290290956397913,0.20950728842326163,00:12:37.684,^4^^0ener^7gy^4~,^2R^7amses,MOD_ROCKET_SPLASH,0.0,0.0,161.5126190185547,4894.32177734375,211.0,443,0,458,576.0,234.0,487.0,,,1032.0,558.0
pug_europug_ctf4 (14).dm_26.dm_meta,47210271,46421142,,MOD_ROCKET_SPLASH,bad,False,0.15,0.19333333333333333,0.10906246667903505,0.11819749818429875,00:13:09.859,^4^^0ener^7gy^4~,,MOD_ROCKET_SPLASH,0.0,0.0,11.314884185791016,342.8752746582031,67.0,340,87,773,440.0,276.0,397.0,,,336.0,12.0
pug_europug_ctf4 (14).dm_26.dm_meta,47210271,46421142,,MOD_ROCKET_SPLASH,bad,False,0.15666666666666668,0.20333333333333334,0.15959261808951486,0.12391976598280975,00:13:09.859,^4^^0ener^7gy^4~,spek,MOD_ROCKET_SPLASH,0.0,0.0,11.314884185791016,342.8752746582031,141.0,340,87,773,643.0,121.0,525.0,,,272.0,5.0
pug_europug_ctf4 (14).dm_26.dm_meta,47227662,46421142,,MOD_ROCKET_SPLASH,bad,False,0.2,0.2733333333333333,0.35631509774284686,0.2228859308640346,00:13:27.250,^4^^0ener^7gy^4~,^2R^7amses,MOD_ROCKET_SPLASH,2.334439516067505,0.035370294004678726,71.19173431396484,2157.3251953125,482.0,320,0,444,504.0,185.0,345.0,,,321.0,25.0
pug_europug_ctf4 (14).dm_26.dm_meta,47263599,46421142,,MOD_BRYAR_PISTOL_ALT,bad,False,0.26,0.31333333333333335,0.11468408352773471,0.08630511287233708,00:14:03.187,^4^^0ener^7gy^4~,,MOD_BRYAR_PISTOL_ALT,2.1298747062683105,0.010756943374872208,3.183912992477417,96.48221588134766,481.0,48,237,122,389.0,197.0,235.0,231.0,45.0,324.0,73.0
pug_europug_ctf4 (14).dm_26.dm_meta,47401011,46421142,,MOD_ROCKET_SPLASH,bad,True,0.43333333333333335,0.4166666666666667,0.30572047932188423,0.5542080465291068,00:16:20.599,^4^^0ener^7gy^4~,,MOD_ROCKET_SPLASH,0.0,0.0,152.61865234375,4624.8076171875,345.0,430,0,460,562.0,180.0,489.0,,,619.0,387.0
pug_europug_ctf4 (14).dm_26.dm_meta,47485029,46421142,,MOD_REPEATER_ALT_SPLASH,bad,False,0.26,0.26666666666666666,0.09303170911461284,0.0716486987342886,00:17:44.617,^4^^0ener^7gy^4~,^2R^7amses,MOD_REPEATER_ALT_SPLASH,8.95167350769043,0.014276991598308086,10.453324317932129,316.76739501953125,134.0,734,398,693,390.0,162.0,390.0,,,139.0,66.0
pug_europug_ctf4 (14).dm_26.dm_meta,47544363,46421142,,MOD_DISRUPTOR_SNIPER,bad,False,,,,,00:18:43.951,^4^^0ener^7gy^4~,spek,MOD_DISRUPTOR_SNIPER,0.0,0.0,0.8252553343772888,25.00773811340332,610.0,186,0,370,305.0,205.0,273.0,,,89.0,54.0
pug_europug_ctf4 (14).dm_26.dm_meta,47571918,46421142,,MOD_REPEATER_ALT_SPLASH,bad,False,0.16,0.28,0.13937488899324474,0.09415358388636308,00:19:11.506,^4^^0ener^7gy^4~,^2R^7amses,MOD_REPEATER_ALT_SPLASH,10.231466293334961,0.01823790743947029,12.925060272216797,391.6684875488281,207.0,631,71,609,371.0,424.0,396.0,,,356.0,41.0
pug_europug_ctf4 (14).dm_26.dm_meta,47596899,46421142,,MOD_BRYAR_PISTOL_ALT,bad,False,0.35,0.48,0.4636970061211601,0.4342682915725458,00:19:36.487,^4^^0ener^7gy^4~,,MOD_BRYAR_PISTOL_ALT,0.0,0.0,4.210075855255127,127.57805633544922,278.0,467,117,420,688.0,514.0,686.0,231.0,30.0,318.0,203.0
pug_pugforall_dosuun.dm_26.dm_meta,13523350,13443900,,MOD_ROCKET_SPLASH,bad,False,0.3933333333333333,0.37666666666666665,0.24997323442733405,0.26004377148863067,00:01:20.250,d^1e^7lt^7a^1.^7fain^1t^2`,"narZ, hezbollah mujahideen",MOD_ROCKET_SPLASH,6.346012115478516,0.01813146285712719,41.27238082885742,1250.67822265625,366.0,287,150,295,447.0,34.0,107.0,,,56.0,0.0
pug_pugforall_dosuun.dm_26.dm_meta,13585350,13443900,,MOD_TRIP_MINE_SPLASH,bad,False,,,,,00:02:22.250,d^1e^7lt^7a^1.^7fain^1t^2`,,MOD_TRIP_MINE_SPLASH,1.2995600700378418,0.025991201400756836,3.968315839767456,120.25199890136719,574.0,267,324,215,261.0,85.0,0.0,,,67.0,0.0
pug_pugforall_dosuun.dm_26.dm_meta,13620350,13443900,,MOD_ROCKET,bad,False,0.13666666666666666,0.20666666666666667,0.07018362831440984,0.03710948812831788,00:02:57.250,d^1e^7lt^7a^1.^7fain^1t^2`,^1T^7uli,MOD_ROCKET,0.0,0.0,45.80528259277344,1388.038818359375,98.0,37,66,301,807.0,468.0,428.0,100.0,-24.0,593.0,267.0
pug_pugforall_dosuun.dm_26.dm_meta,13620350,13443900,,MOD_ROCKET_SPLASH,good,False,0.5633333333333334,0.57,0.11265587136510893,0.6382765788422412,00:02:57.250,d^1e^7lt^7a^1.^7fain^1t^2`,d^1e^7lt^7a^1.^7fain^1t^2`,MOD_ROCKET_SPLASH,0.0,0.0,45.80528259277344,1388.038818359375,0.0,37,66,301,37.0,66.0,301.0,,,0.0,0.0
pug_pugforall_dosuun.dm_26.dm_meta,13650250,13443900,,MOD_BRYAR_PISTOL_ALT,bad,False,0.35333333333333333,0.37666666666666665,0.3758011369941067,0.18319945579569472,00:03:27.150,d^1e^7lt^7a^1.^7fain^1t^2`,^1T^7uli,MOD_BRYAR_PISTOL_ALT,0.11470063030719757,0.001147006289102137,1.0155670642852783,30.77475929260254,577.0,430,0,494,1163.0,57.0,601.0,450.0,5.0,646.0,65.0
pug_pugforall_dosuun.dm_26.dm_meta,13703800,13443900,,MOD_TRIP_MINE_SPLASH,bad,False,,,,,00:04:20.700,d^1e^7lt^7a^1.^7fain^1t^2`,^1T^7uli,MOD_TRIP_MINE_SPLASH,33.21424102783203,0.16607120633125305,36.523868560791016,1106.783935546875,144.0,434,0,364,181.0,210.0,267.0,,,25.0,15.0
pug_pugforall_dosuun.dm_26.dm_meta,13731550,13443900,,MOD_ROCKET,good,True,0.33666666666666667,0.5733333333333334,0.9856720470344313,0.7490878151450904,00:04:48.450,d^1e^7lt^7a^1.^7fain^1t^2`,,MOD_ROCKET,0.0,0.0,11.396424293518066,345.34619140625,2045.0,250,0,273,637.0,141.0,369.0,1800.0,0.0,432.0,52.0
pug_pugforall_dosuun.dm_26.dm_meta,13770150,13443900,,MOD_ROCKET_SPLASH,bad,False,0.42,0.41,0.16308176443518665,0.5121178817608771,00:05:27.050,d^1e^7lt^7a^1.^7fain^1t^2`,"narZ, hezbollah mujahideen",MOD_ROCKET_SPLASH,0.4423617422580719,0.008847234770655632,107.83988189697266,3267.875244140625,122.0,394,15,379,26.0,216.0,362.0,,,14.0,0.0
pug_pugforall_dosuun.dm_26.dm_meta,13798700,13443900,,MOD_ROCKET_SPLASH,bad,False,0.24666666666666667,0.28,0.2825929443672953,0.29236471663220903,00:05:55.600,d^1e^7lt^7a^1.^7fain^1t^2`,"narZ, hezbollah mujahideen",MOD_ROCKET_SPLASH,3.3368430137634277,0.016684215515851974,71.73389434814453,2173.75439453125,304.0,268,206,281,620.0,120.0,474.0,,,232.0,59.0
pug_pugforall_dosuun.dm_26.dm_meta,13867500,13443900,,MOD_TRIP_MINE_SPLASH,bad,False,,,,,00:07:04.400,d^1e^7lt^7a^1.^7fain^1t^2`,^1T^7uli,MOD_TRIP_MINE_SPLASH,6.597744941711426,0.06597744673490524,35.80084228515625,1084.8740234375,173.0,24,0,430,187.0,268.0,73.0,,,134.0,0.0
pug_pugforall_dosuun.dm_26.dm_meta,13890950,13443900,,MOD_TRIP_MINE_SPLASH,bad,False,,,,,00:07:27.850,d^1e^7lt^7a^1.^7fain^1t^2`,^1T^7uli,MOD_TRIP_MINE_SPLASH,3.121514320373535,0.062430284917354584,5.3031229972839355,160.70069885253906,280.0,153,0,361,446.0,584.0,778.0,,,1205.0,659.0
pug_pugforall_dosuun.dm_26.dm_meta,13904850,13443900,,MOD_ROCKET_SPLASH,bad,False,0.16666666666666666,0.19333333333333333,0.1708699260952355,0.2085810741904908,00:07:41.750,d^1e^7lt^7a^1.^7fain^1t^2`,^1T^7uli,MOD_ROCKET_SPLASH,1.7663918733596802,0.035327836871147156,42.63017272949219,1291.8233642578125,72.0,374,7,424,648.0,77.0,375.0,,,174.0,0.0
pug_pugforall_dosuun.dm_26.dm_meta,13967450,13443900,,MOD_REPEATER_ALT,bad,False,0.14333333333333334,0.2866666666666667,0.04201958946125827,0.006477616844494108,00:08:44.350,d^1e^7lt^7a^1.^7fain^1t^2`,"narZ, hezbollah mujahideen",MOD_REPEATER_ALT,10.954655647277832,0.03651551902294159,14.325936317443848,434.1192932128906,210.0,466,0,653,498.0,214.0,212.0,200.0,2.0,387.0,41.0
pug_pugforall_dosuun.dm_26.dm_meta,14085750,13443900,,MOD_ROCKET_SPLASH,bad,False,0.33,0.20333333333333334,0.3871099050846255,0.39865628253050645,00:10:42.650,d^1e^7lt^7a^1.^7fain^1t^2`,^1T^7uli,MOD_ROCKET_SPLASH,1.0023030042648315,0.020046060904860497,21.01869010925293,636.9299926757812,597.0,450,0,510,517.0,209.0,444.0,,,452.0,76.0
pug_pugforall_dosuun.dm_26.dm_meta,14215750,13443900,,MOD_ROCKET_SPLASH,bad,False,0.4066666666666667,0.3433333333333333,0.21216187002318937,0.43724551038098375,00:12:52.650,d^1e^7lt^7a^1.^7fain^1t^2`,,MOD_ROCKET_SPLASH,1.0762256383895874,0.010762256570160389,21.411579132080078,648.8357543945312,336.0,201,0,326,78.0,58.0,202.0,,,86.0,55.0
pug_pugforall_dosuun.dm_26.dm_meta,14220650,13443900,,MOD_FALLING,bad,True,,,,,00:12:57.550,d^1e^7lt^7a^1.^7fain^1t^2`,"narZ, hezbollah mujahideen",MOD_FALLING,115.96389770507812,0.25769755244255066,149.23728942871094,4522.34228515625,316.0,188,0,759,91.0,0.0,466.0,,,2.0,0.0
pug_pugforall_dosuun.dm_26.dm_meta,14245400,13443900,,MOD_ROCKET_SPLASH,bad,False,0.12666666666666668,0.25666666666666665,0.28923602752497524,0.20034432077982256,00:13:22.300,d^1e^7lt^7a^1.^7fain^1t^2`,^1T^7uli,MOD_ROCKET_SPLASH,0.0,0.0,37.68162536621094,1141.867431640625,383.0,304,218,451,511.0,290.0,453.0,,,119.0,48.0
pug_pugforall_dosuun.dm_26.dm_meta,14437000,13443900,,MOD_ROCKET,bad,True,0.043333333333333335,0.07333333333333333,0.023730883672883514,0.021082195342135564,00:16:33.900,d^1e^7lt^7a^1.^7fain^1t^2`,"narZ, hezbollah mujahideen",MOD_ROCKET,70.06269073486328,0.14012537896633148,70.06269073486328,2123.11181640625,47.0,449,230,301,447.0,88.0,309.0,,,238.0,32.0
pug_pugforall_dosuun.dm_26.dm_meta,14525450,13443900,,MOD_ROCKET_SPLASH,bad,False,0.13333333333333333,0.16666666666666666,0.23210081484318584,0.1401086448641971,00:18:02.350,d^1e^7lt^7a^1.^7fain^1t^2`,"narZ, hezbollah mujahideen",MOD_ROCKET_SPLASH,1.0603086948394775,0.0014137448742985725,8.316993713378906,252.03012084960938,351.0,273,264,359,549.0,173.0,307.0,,,295.0,0.0
pug_pugforall_dosuun.dm_26.dm_meta,14549250,13443900,,MOD_ROCKET,bad,False,0.25333333333333335,0.2633333333333333,0.1460005022172218,0.4894144336708548,00:18:26.150,d^1e^7lt^7a^1.^7fain^1t^2`,^1T^7uli,MOD_ROCKET,0.0,0.0,17.29743194580078,524.1646118164062,399.0,312,200,392,619.0,156.0,315.0,650.0,21.0,451.0,66.0
pug_pugforall_dosuun.dm_26.dm_meta,14590400,13443900,,MOD_TRIP_MINE_SPLASH,bad,False,,,,,00:19:07.300,d^1e^7lt^7a^1.^7fain^1t^2`,^1T^7uli,MOD_TRIP_MINE_SPLASH,2.7093496322631836,0.05418699234724045,15.84000301361084,480.0000915527344,1243.0,225,96,286,160.0,120.0,246.0,,,52.0,0.0
pug_pugforall_dosuun.dm_26.dm_meta,14626600,13443900,,MOD_ROCKET_SPLASH,bad,False,0.32666666666666666,0.2966666666666667,0.17717882204400265,0.2899894637380798,00:19:43.500,d^1e^7lt^7a^1.^7fain^1t^2`,^1T^7uli,MOD_ROCKET_SPLASH,0.0,0.0,0.03474181890487671,1.052782416343689,186.0,0,0,116,190.0,746.0,0.0,,,143.0,135.0
pug_pugforall_kothis.dm_26.dm_meta,425152750,425089500,,MOD_ROCKET_SPLASH,bad,False,0.15333333333333332,0.25333333333333335,0.1317370404870044,0.1344497947877461,00:01:04.100,^7g^1h^7o^1s^7t^1`-,^1se^7vin^1teen,MOD_ROCKET_SPLASH,0.0,0.0,29.163042068481445,883.7285766601562,130.0,240,132,478,180.0,150.0,258.0,,,50.0,0.0
pug_pugforall_kothis.dm_26.dm_meta,425209750,425089500,,MOD_CONC,bad,False,,,,,00:02:01.100,^7g^1h^7o^1s^7t^1`-,^1se^7vin^1teen,MOD_CONC,11.222044944763184,0.04488817974925041,17.44745445251465,528.7107543945312,267.0,429,17,429,409.0,240.0,378.0,,,794.0,589.0
pug_pugforall_kothis.dm_26.dm_meta,425355950,425089500,,MOD_ROCKET_SPLASH,bad,False,0.10666666666666667,0.16,0.20448926548522312,0.2234779526725761,00:04:27.300,^7g^1h^7o^1s^7t^1`-,^1se^7vin^1teen,MOD_ROCKET_SPLASH,10.237489700317383,0.020474979653954506,12.646366119384766,383.22320556640625,307.0,396,222,396,521.0,456.0,453.0,,,371.0,138.0
pug_pugforall_kothis.dm_26.dm_meta,425411200,425089500,,MOD_BRYAR_PISTOL_ALT,bad,False,0.11333333333333333,0.14333333333333334,0.11318648651703091,0.00763952564203273,00:05:22.550,^7g^1h^7o^1s^7t^1`-,^5^^0tu^7rk3^5y,MOD_BRYAR_PISTOL_ALT,0.0,0.0,8.18026351928711,247.88677978515625,48.0,426,0,420,485.0,31.0,223.0,,,68.0,0.0
pug_pugforall_kothis.dm_26.dm_meta,425458650,425089500,,MOD_TRIP_MINE_SPLASH,bad,True,,,,,00:06:10.000,^7g^1h^7o^1s^7t^1`-,^5^^0tu^7rk3^5y,MOD_TRIP_MINE_SPLASH,6.943676471710205,0.023145588114857674,165.96168518066406,5029.14208984375,239.0,323,0,407,354.0,174.0,378.0,,,178.0,0.0
pug_pugforall_kothis.dm_26.dm_meta,425511100,425089500,,MOD_DISRUPTOR_SNIPER,bad,False,,,,,00:07:02.450,^7g^1h^7o^1s^7t^1`-,^1se^7vin^1teen,MOD_DISRUPTOR_SNIPER,0.0,0.0,1.2111150026321411,36.70045471191406,840.0,0,0,0,100.0,318.0,205.0,,,15.0,14.0
pug_pugforall_kothis.dm_26.dm_meta,425599750,425089500,,MOD_ROCKET_SPLASH,bad,False,0.13666666666666666,0.13333333333333333,0.14949205719447206,0.04486669170861932,00:08:31.100,^7g^1h^7o^1s^7t^1`-,^6M^5aher ^6S^5entau,MOD_ROCKET_SPLASH,24.86168098449707,0.16574454307556152,89.01072692871094,2697.294677734375,258.0,482,89,718,389.0,269.0,263.0,,,170.0,52.0
pug_pugforall_kothis.dm_26.dm_meta,425700650,425089500,,MOD_ROCKET_SPLASH,bad,False,0.14666666666666667,0.25333333333333335,0.20494370941558138,0.17359348451298898,00:10:12.000,^7g^1h^7o^1s^7t^1`-,^6M^5aher ^6S^5entau,MOD_ROCKET_SPLASH,0.0,0.0,54.65243148803711,1656.13427734375,240.0,267,162,291,280.0,534.0,319.0,,,213.0,37.0
pug_pugforall_kothis.dm_26.dm_meta,425705100,425089500,,MOD_ROCKET_SPLASH,bad,False,0.12333333333333334,0.16,0.35333209534934235,0.059805457530175174,00:10:16.450,^7g^1h^7o^1s^7t^1`-,^5^^0tu^7rk3^5y,MOD_ROCKET_SPLASH,0.9376751780509949,0.018753504380583763,9.931004524230957,300.9395446777344,489.0,245,0,332,463.0,46.0,261.0,,,86.0,0.0
pug_pugforall_kothis.dm_26.dm_meta,425735450,425089500,,MOD_ROCKET_SPLASH,bad,False,0.13,0.19,0.1990121739561715,0.24883096650720876,00:10:46.800,^7g^1h^7o^1s^7t^1`-,^1se^7vin^1teen,MOD_ROCKET_SPLASH,0.0,0.0,24.966459274291992,756.5593872070312,198.0,62,22,367,404.0,266.0,321.0,,,263.0,21.0
pug_pugforall_kothis.dm_26.dm_meta,425742650,425089500,,MOD_DISRUPTOR_SNIPER,bad,False,,,,,00:10:54.000,^7g^1h^7o^1s^7t^1`-,^6M^5aher ^6S^5entau,MOD_DISRUPTOR_SNIPER,8.766794204711914,0.08766794204711914,11.580121040344238,350.9127502441406,764.0,0,0,44,604.0,558.0,595.0,,,235.0,146.0
pug_pugforall_kothis.dm_26.dm_meta,425764250,425089500,,MOD_TRIP_MINE_SPLASH,bad,False,,,,,00:11:15.600,^7g^1h^7o^1s^7t^1`-,^6M^5aher ^6S^5entau,MOD_TRIP_MINE_SPLASH,5.881536960601807,0.1176307424902916,8.015610694885254,242.8972930908203,195.0,410,10,306,43.0,40.0,363.0,,,3.0,0.0
pug_pugforall_kothis.dm_26.dm_meta,425802200,425089500,,MOD_REPEATER_ALT_SPLASH,bad,False,0.24,0.20333333333333334,0.22682383943815154,0.42800958148786966,00:11:53.550,^7g^1h^7o^1s^7t^1`-,^1se^7vin^1teen,MOD_REPEATER_ALT_SPLASH,21.126262664794922,0.10563131421804428,27.54009437561035,834.54833984375,339.0,438,96,406,418.0,67.0,624.0,,,178.0,32.0
pug_pugforall_kothis.dm_26.dm_meta,425851700,425089500,,MOD_TRIP_MINE_SPLASH,bad,True,,,,,00:12:43.050,^7g^1h^7o^1s^7t^1`-,^5^^0tu^7rk3^5y,MOD_TRIP_MINE_SPLASH,23.08289909362793,0.46165797114372253,78.92758178710938,2391.744873046875,410.0,530,311,508,198.0,47.0,421.0,,,15.0,0.0
pug_pugforall_kothis.dm_26.dm_meta,425905350,425089500,,MOD_ROCKET_SPLASH,bad,True,0.23666666666666666,0.3,0.08148433918997787,0.18998077573648417,00:13:36.700,^7g^1h^7o^1s^7t^1`-,^6M^5aher ^6S^5entau,MOD_ROCKET_SPLASH,73.51802062988281,0.09802402555942535,80.28570556640625,2432.900146484375,161.0,246,62,664,253.0,528.0,142.0,,,191.0,34.0
pug_pugforall_kothis.dm_26.dm_meta,425933600,425089500,,MOD_TRIP_MINE_SPLASH,bad,True,,,,,00:14:04.950,^7g^1h^7o^1s^7t^1`-,^1se^7vin^1teen,MOD_TRIP_MINE_SPLASH,136.817138671875,0.2280285656452179,136.817138671875,4145.97412109375,194.0,316,203,282,486.0,182.0,458.0,,,249.0,0.0
pug_pugforall_kothis.dm_26.dm_meta,425962400,425089500,,MOD_ROCKET_SPLASH,bad,False,0.15,0.17333333333333334,0.10710393459890354,0.1275793816800366,00:14:33.750,^7g^1h^7o^1s^7t^1`-,^5^^0tu^7rk3^5y,MOD_ROCKET_SPLASH,0.0,0.0,42.4600715637207,1286.6688232421875,60.0,515,177,473,292.0,310.0,226.0,,,200.0,19.0
pug_pugforall_kothis.dm_26.dm_meta,426152200,425089500,,MOD_ROCKET_SPLASH,bad,False,0.26,0.23,0.2281463487779159,0.24244716299137753,00:17:43.550,^7g^1h^7o^1s^7t^1`-,^1se^7vin^1teen,MOD_ROCKET_SPLASH,2.7461259365081787,0.009153753519058228,3.622844696044922,109.78317260742188,431.0,266,297,322,200.0,253.0,443.0,,,283.0,187.0
pug_pugforall_kothis.dm_26.dm_meta,426271750,425089500,,MOD_TRIP_MINE_SPLASH,bad,True,,,,,00:19:43.100,^7g^1h^7o^1s^7t^1`-,^5^^0tu^7rk3^5y,MOD_TRIP_MINE_SPLASH,20.871978759765625,0.4174395799636841,81.84439086914062,2480.133056640625,327.0,528,97,463,250.0,351.0,460.0,,,267.0,64.0
pug_pugforall_kothis.dm_26.dm_meta,426288000,425089500,,MOD_ROCKET,bad,True,0.016666666666666666,0.023333333333333334,0.027230773295592973,0.0024948691210472263,00:19:59.350,^7g^1h^7o^1s^7t^1`-,^6M^5aher ^6S^5entau,MOD_ROCKET,41.35498809814453,0.2756999135017395,47.73215866088867,1446.4290771484375,108.0,589,44,378,418.0,74.0,303.0,50.0,6.0,117.0,0.0
pug_pugtrain_dosuun_triplays.dm_26.dm_meta,7687559,7647662,,MOD_TRIP_MINE_SPLASH,bad,False,,,,,00:00:40.858,^^0t^7X^4/^4/^7^^0gho^7st^4`-,^7Dan^6,MOD_TRIP_MINE_SPLASH,5.316534519195557,0.010069194249808788,6.127500534057617,185.6818389892578,423.0,433,0,380,380.0,94.0,507.0,,,128.0,0.0
pug_pugtrain_dosuun_triplays.dm_26.dm_meta,7692839,7647662,,MOD_FALLING,bad,False,,,,,00:00:46.138,^^0t^7X^4/^4/^7^^0gho^7st^4`-,^4^^0eagle^5-^7tra^5i^7n,MOD_FALLING,0.0,0.0,26.93707847595215,816.2750854492188,312.0,322,455,331,402.0,0.0,376.0,,,46.0,0.0
pug_pugtrain_dosuun_triplays.dm_26.dm_meta,7739864,7647662,,MOD_TRIP_MINE_SPLASH,bad,False,,,,,00:01:33.163,^^0t^7X^4/^4/^7^^0gho^7st^4`-,^^0t^7X^4/^4/^7^^0gho^7st^4`-,MOD_TRIP_MINE_SPLASH,1.7381763458251953,0.05267200991511345,22.961387634277344,695.7996215820312,0.0,141,136,257,141.0,136.0,257.0,,,0.0,0.0
pug_pugtrain_dosuun_triplays.dm_26.dm_meta,7801343,7647662,,MOD_ROCKET_SPLASH,bad,False,0.32,0.42,0.9727245243295676,0.07082276124244359,00:02:34.642,^^0t^7X^4/^4/^7^^0gho^7st^4`-,^7sosna,MOD_ROCKET_SPLASH,0.0,0.0,0.0,0.0,2023.0,198,0,307,672.0,0.0,40.0,,,86.0,0.0
pug_pugtrain_dosuun_triplays.dm_26.dm_meta,7805138,7647662,,MOD_ROCKET_SPLASH,bad,True,0.2733333333333333,0.20666666666666667,0.0608296616875746,0.06251680541076941,00:02:38.437,^^0t^7X^4/^4/^7^^0gho^7st^4`-,^^0t^7X^4/^4/^7^^0gho^7st^4`-,MOD_ROCKET_SPLASH,67.2954330444336,0.07843290269374847,76.68250274658203,2323.712158203125,0.0,412,600,288,412.0,600.0,288.0,,,0.0,0.0
pug_pugtrain_dosuun_triplays.dm_26.dm_meta,7864868,7647662,,MOD_ROCKET_SPLASH,bad,False,0.38,0.34,0.2627734209343782,0.28251740362527705,00:03:38.167,^^0t^7X^4/^4/^7^^0gho^7st^4`-,^4^^0eagle^5-^7tra^5i^7n,MOD_ROCKET_SPLASH,4.483529090881348,0.019409216940402985,120.17058563232422,3641.532958984375,248.0,51,23,347,336.0,438.0,434.0,,,248.0,198.0
pug_pugtrain_dosuun_triplays.dm_26.dm_meta,7926017,7647662,,MOD_TRIP_MINE_SPLASH,bad,False,,,,,00:04:39.316,^^0t^7X^4/^4/^7^^0gho^7st^4`-,^4^^0eagle^5-^7tra^5i^7n,MOD_TRIP_MINE_SPLASH,0.0,0.0,1.0527688264846802,31.90208625793457,259.0,338,0,348,423.0,381.0,415.0,,,437.0,22.0
pug_pugtrain_dosuun_triplays.dm_26.dm_meta,7995944,7647662,,MOD_ROCKET_SPLASH,bad,True,0.2833333333333333,0.23,0.24845769446377258,0.4225448517501368,00:05:49.243,^^0t^7X^4/^4/^7^^0gho^7st^4`-,^4^^0eagle^5-^7tra^5i^7n,MOD_ROCKET_SPLASH,9.183520317077637,0.04638141393661499,180.0937957763672,5457.3876953125,308.0,445,0,729,191.0,25.0,456.0,,,21.0,5.0
pug_pugtrain_dosuun_triplays.dm_26.dm_meta,8060723,7647662,,MOD_ROCKET_SPLASH,bad,False,0.24666666666666667,0.30333333333333334,0.14956529292387913,0.15615126917409536,00:06:54.022,^^0t^7X^4/^4/^7^^0gho^7st^4`-,^^0t^7X^4/^4/^7^^0gho^7st^4`-,MOD_ROCKET_SPLASH,0.0,0.0,85.31769561767578,2585.384765625,0.0,503,111,281,503.0,111.0,281.0,,,0.0,0.0
pug_pugtrain_dosuun_triplays.dm_26.dm_meta,8060723,7647662,,MOD_ROCKET_SPLASH,bad,False,0.24333333333333335,0.30333333333333334,0.14678513175995653,0.14453757984830887,00:06:54.022,^^0t^7X^4/^4/^7^^0gho^7st^4`-,^7Dan^6,MOD_ROCKET_SPLASH,0.0,0.0,85.31769561767578,2585.384765625,79.0,503,111,281,402.0,159.0,168.0,,,200.0,0.0
pug_pugtrain_dosuun_triplays.dm_26.dm_meta,8089730,7647662,,MOD_ROCKET_SPLASH,bad,False,0.2,0.35,0.15643928109099287,0.09410173187710037,00:07:23.029,^^0t^7X^4/^4/^7^^0gho^7st^4`-,,MOD_ROCKET_SPLASH,5.038273811340332,0.15267495810985565,64.03755950927734,1940.5321044921875,165.0,220,143,476,264.0,31.0,429.0,,,35.0,0.0
pug_pugtrain_dosuun_triplays.dm_26.dm_meta,8170910,7647662,,MOD_ROCKET_SPLASH,bad,False,0.12333333333333334,0.14333333333333334,0.24792678898909878,0.11073301556483092,00:08:44.209,^^0t^7X^4/^4/^7^^0gho^7st^4`-,^3^^0nosferatu^6,MOD_ROCKET_SPLASH,9.647968292236328,0.024363556876778603,38.6085205078125,1169.9552001953125,311.0,70,0,442,406.0,150.0,399.0,,,186.0,1.0
pug_pugtrain_dosuun_triplays.dm_26.dm_meta,8172593,7647662,,MOD_ROCKET_SPLASH,bad,True,0.056666666666666664,0.03333333333333333,0.08378371526878298,0.030706722600552523,00:08:45.892,^^0t^7X^4/^4/^7^^0gho^7st^4`-,^^0t^7X^4/^4/^7^^0gho^7st^4`-,MOD_ROCKET_SPLASH,18.188030242919922,0.5511524081230164,34.16206359863281,1035.214111328125,0.0,444,143,478,444.0,143.0,478.0,,,0.0,0.0
pug_pugtrain_dosuun_triplays.dm_26.dm_meta,8311952,7647662,,MOD_ROCKET_SPLASH,bad,False,0.17333333333333334,0.21,0.16454326944235098,0.18878779592796116,00:11:05.251,^^0t^7X^4/^4/^7^^0gho^7st^4`-,^4^^0eagle^5-^7tra^5i^7n,MOD_ROCKET_SPLASH,25.280643463134766,0.08512001484632492,77.39073181152344,2345.173583984375,177.0,424,0,445,451.0,137.0,347.0,,,193.0,0.0
pug_pugtrain_dosuun_triplays.dm_26.dm_meta,8327858,7647662,,MOD_ROCKET_SPLASH,bad,False,0.14333333333333334,0.19333333333333333,0.3297545489080695,0.20142467160913557,00:11:21.157,^^0t^7X^4/^4/^7^^0gho^7st^4`-,^4^^0eagle^5-^7tra^5i^7n,MOD_ROCKET_SPLASH,0.0,0.0,56.361732482910156,1707.9312744140625,316.0,245,33,247,501.0,98.0,614.0,,,161.0,0.0
pug_pugtrain_dosuun_triplays.dm_26.dm_meta,8373035,7647662,,MOD_TRIP_MINE_SPLASH,bad,True,,,,,00:12:06.334,^^0t^7X^4/^4/^7^^0gho^7st^4`-,,MOD_TRIP_MINE_SPLASH,18.284122467041016,0.09234405308961868,158.88673400878906,4814.74951171875,232.0,238,139,374,587.0,70.0,411.0,,,153.0,0.0
pug_pugtrain_dosuun_triplays.dm_26.dm_meta,8444678,7647662,,MOD_ROCKET_SPLASH,bad,False,0.2833333333333333,0.2833333333333333,0.24454101027610411,0.1972351954057962,00:13:17.977,^^0t^7X^4/^4/^7^^0gho^7st^4`-,^4^^0eagle^5-^7tra^5i^7n,MOD_ROCKET_SPLASH,0.0,0.0,139.04714965820312,4213.5498046875,224.0,343,0,365,265.0,411.0,356.0,,,212.0,42.0
pug_pugtrain_dosuun_triplays.dm_26.dm_meta,8455997,7647662,,MOD_ROCKET_SPLASH,bad,True,0.11333333333333333,0.10666666666666667,0.0788138885283936,0.02691713236298393,00:13:29.296,^^0t^7X^4/^4/^7^^0gho^7st^4`-,^^0t^7X^4/^4/^7^^0gho^7st^4`-,MOD_ROCKET_SPLASH,40.4413948059082,0.612748384475708,70.86087036132812,2147.299072265625,0.0,430,41,286,430.0,41.0,286.0,,,0.0,0.0
pug_pugtrain_dosuun_triplays.dm_26.dm_meta,8473454,7647662,,MOD_ROCKET_SPLASH,bad,False,0.26,0.20666666666666667,0.3540669161285594,0.08945595728856352,00:13:46.753,^^0t^7X^4/^4/^7^^0gho^7st^4`-,^7Dan^6,MOD_ROCKET_SPLASH,0.0,0.0,14.753290176391602,447.06939697265625,624.0,92,234,419,105.0,587.0,290.0,,,101.0,5.0
pug_pugtrain_dosuun_triplays.dm_26.dm_meta,8489756,7647662,,MOD_TRIP_MINE_SPLASH,bad,False,,,,,00:14:03.055,^^0t^7X^4/^4/^7^^0gho^7st^4`-,^4^^0eagle^5-^7tra^5i^7n,MOD_TRIP_MINE_SPLASH,0.0,0.0,18.18556022644043,551.0775756835938,449.0,269,0,264,123.0,293.0,396.0,,,92.0,12.0
pug_pugtrain_dosuun_triplays.dm_26.dm_meta,8512064,7647662,,MOD_ROCKET_SPLASH,bad,True,0.06,0.05,0.042777834496839515,0.038264970162024,00:14:25.363,^^0t^7X^4/^4/^7^^0gho^7st^4`-,^7Dan^6,MOD_ROCKET_SPLASH,76.72398376464844,0.08610997349023819,76.72398376464844,2324.96923828125,113.0,757,185,743,602.0,248.0,519.0,,,1311.0,1150.0
pug_pugtrain_dosuun_triplays.dm_26.dm_meta,8538068,7647662,,MOD_ROCKET,bad,True,0.12666666666666668,0.16,0.023877176952162866,0.030556319921896464,00:14:51.367,^^0t^7X^4/^4/^7^^0gho^7st^4`-,^4^^0eagle^5-^7tra^5i^7n,MOD_ROCKET,0.054931640625,0.0016645952127873898,8.503100395202637,257.6697082519531,112.0,235,174,32,436.0,533.0,946.0,99.0,-52.0,770.0,672.0
pug_pugtrain_dosuun_triplays.dm_26.dm_meta,8560970,7647662,,MOD_REPEATER_ALT_SPLASH,bad,True,0.13333333333333333,0.056666666666666664,0.05536429387232346,0.0821618683831274,00:15:14.269,^^0t^7X^4/^4/^7^^0gho^7st^4`-,^^0t^7X^4/^4/^7^^0gho^7st^4`-,MOD_REPEATER_ALT_SPLASH,135.8414764404297,0.19601944088935852,136.26600646972656,4129.27294921875,0.0,500,70,292,500.0,70.0,292.0,,,0.0,0.0
pug_pugtrain_dosuun_triplays.dm_26.dm_meta,8582486,7647662,,MOD_ROCKET_SPLASH,bad,False,0.18666666666666668,0.3,0.1809074591938832,0.2541768052251883,00:15:35.785,^^0t^7X^4/^4/^7^^0gho^7st^4`-,^4^^0eagle^5-^7tra^5i^7n,MOD_ROCKET_SPLASH,0.0,0.0,10.43110179901123,316.093994140625,204.0,273,174,307,395.0,318.0,469.0,,,355.0,12.0
pug_pugtrain_dosuun_triplays.dm_26.dm_meta,8667857,7647662,,MOD_REPEATER_ALT,bad,True,0.24666666666666667,0.16333333333333333,0.004941475048274703,0.008799953893007433,00:17:01.156,^^0t^7X^4/^4/^7^^0gho^7st^4`-,^3^^0nosferatu^6,MOD_REPEATER_ALT,12.366795539855957,0.37475138902664185,18.394155502319336,557.398681640625,74.0,414,22,333,233.0,80.0,277.0,33.0,-34.0,10.0,1.0
pug_pugtrain_dosuun_triplays.dm_26.dm_meta,8691815,7647662,,MOD_FALLING,bad,False,,,,,00:17:25.114,^^0t^7X^4/^4/^7^^0gho^7st^4`-,,MOD_FALLING,15.519183158874512,0.03918985649943352,15.519183158874512,470.2782897949219,1104.0,311,87,502,179.0,0.0,853.0,,,6.0,0.0
pug_pugtrain_dosuun_triplays.dm_26.dm_meta,8694224,7647662,,MOD_ROCKET_SPLASH,bad,False,0.20333333333333334,0.2,0.09167165610571641,0.028866056447398612,00:17:27.523,^^0t^7X^4/^4/^7^^0gho^7st^4`-,^7Dan^6,MOD_ROCKET_SPLASH,24.108861923217773,0.04870477318763733,24.18316078186035,732.8230590820312,145.0,238,238,460,352.0,16.0,201.0,,,408.0,264.0
pug_pugtrain_dosuun_triplays.dm_26.dm_meta,8734253,7647662,,MOD_FLECHETTE,bad,False,,,,,00:18:07.552,^^0t^7X^4/^4/^7^^0gho^7st^4`-,^4^^0eagle^5-^7tra^5i^7n,MOD_FLECHETTE,0.0,0.0,20.242298126220703,613.4029541015625,221.0,432,0,441,468.0,12.0,363.0,33.0,13.0,244.0,77.0
pug_pugtrain_dosuun_triplays.dm_26.dm_meta,8741282,7647662,,MOD_ROCKET,bad,False,0.15333333333333332,0.14333333333333334,0.09761384910570367,0.026106128991137994,00:18:14.581,^^0t^7X^4/^4/^7^^0gho^7st^4`-,^7Dan^6,MOD_ROCKET,0.5591436624526978,0.008471873588860035,24.034536361694336,728.3192749023438,278.0,319,0,358,360.0,17.0,632.0,264.0,-2.0,106.0,19.0
pug_pugtrain_dosuun_triplays.dm_26.dm_meta,8753294,7647662,,MOD_ROCKET_SPLASH,bad,False,0.12666666666666668,0.21,0.09284659482676033,0.04231445649550794,00:18:26.593,^^0t^7X^4/^4/^7^^0gho^7st^4`-,,MOD_ROCKET_SPLASH,21.67205810546875,0.21890968084335327,49.98142623901367,1514.588623046875,51.0,274,162,414,189.0,222.0,352.0,,,58.0,0.0
pug_pugtrain_dosuun_triplays.dm_26.dm_meta,8756957,7647662,,MOD_ROCKET_SPLASH,bad,False,0.3466666666666667,0.24,0.08420306897099786,0.19971496109029369,00:18:30.256,^^0t^7X^4/^4/^7^^0gho^7st^4`-,^^0t^7X^4/^4/^7^^0gho^7st^4`-,MOD_ROCKET_SPLASH,19.729602813720703,0.19928891956806183,19.729602813720703,597.8667602539062,0.0,90,69,505,90.0,69.0,505.0,,,0.0,0.0
pug_pugtrain_dosuun_triplays.dm_26.dm_meta,8835167,7647662,,MOD_TRIP_MINE_SPLASH,bad,True,,,,,00:19:48.466,^^0t^7X^4/^4/^7^^0gho^7st^4`-,^4^^0eagle^5-^7tra^5i^7n,MOD_TRIP_MINE_SPLASH,0.0,0.0,101.02455139160156,3061.35009765625,462.0,64,809,969,478.0,505.0,513.0,,,108.0,5.0
pug_pugtrain_dosuun_triplays.dm_26.dm_meta,8843615,7647662,,MOD_ROCKET,bad,False,0.39666666666666667,0.41,0.22373366081487855,0.29624812787183524,00:19:56.914,^^0t^7X^4/^4/^7^^0gho^7st^4`-,^7Dan^6,MOD_ROCKET,4.857150077819824,0.016354041174054146,89.01605224609375,2697.4560546875,426.0,425,0,292,492.0,140.0,386.0,363.0,34.0,554.0,229.0
pug_pugtrain_dosuun_triplays.dm_26.dm_meta,8855000,7647662,,MOD_ROCKET_SPLASH,bad,False,0.2866666666666667,0.3233333333333333,0.09891357590667635,0.24329645099876582,00:20:08.299,^^0t^7X^4/^4/^7^^0gho^7st^4`-,^4^^0eagle^5-^7tra^5i^7n,MOD_ROCKET_SPLASH,3.0032689571380615,0.09100814908742905,40.82958221435547,1237.2601318359375,32.0,433,126,323,223.0,235.0,146.0,,,144.0,0.0
pug_pugtrain_dosuun_triplays.dm_26.dm_meta,8897801,7647662,,MOD_DISRUPTOR_SNIPER,bad,False,,,,,00:20:51.100,^^0t^7X^4/^4/^7^^0gho^7st^4`-,^7Dan^6,MOD_DISRUPTOR_SNIPER,9.394219398498535,0.009816321544349194,13.473532676696777,408.28887939453125,1396.0,0,0,0,80.0,0.0,213.0,,,69.0,0.0
pug_pugtrain_kejim.dm_26.dm_meta,288823150,288772000,,MOD_REPEATER_ALT_SPLASH,bad,False,0.25,0.39666666666666667,0.1450264034604725,0.20072824730865058,00:00:51.880,^7g^1h^7o^1s^7t^1`-,,MOD_REPEATER_ALT_SPLASH,0.0,0.0,68.46630096435547,2074.736328125,128.0,404,140,383,266.0,131.0,162.0,,,51.0,14.0
pug_pugtrain_kejim.dm_26.dm_meta,288886015,288772000,,MOD_REPEATER_ALT,bad,False,0.2,0.15666666666666668,0.03041071952399562,0.01549677968043445,00:01:54.745,^7g^1h^7o^1s^7t^1`-,,MOD_REPEATER_ALT,19.751676559448242,0.19951188564300537,23.439008712768555,710.2730102539062,182.0,342,0,434,418.0,16.0,285.0,132.0,15.0,27.0,5.0
pug_pugtrain_kejim.dm_26.dm_meta,288980923,288772000,,MOD_FALLING,bad,True,,,,,00:03:29.653,^7g^1h^7o^1s^7t^1`-,,MOD_FALLING,24.262821197509766,0.02723100036382675,106.36241912841797,3223.103515625,,491,292,7348,,,,,,,
pug_pugtrain_kejim.dm_26.dm_meta,288994486,288772000,,MOD_TRIP_MINE_SPLASH,bad,False,,,,,00:03:43.216,^7g^1h^7o^1s^7t^1`-,Seaal ^1<3^7's M&Ms,MOD_TRIP_MINE_SPLASH,0.0,0.0,90.48738861083984,2742.0419921875,170.0,435,13,466,616.0,271.0,486.0,,,994.0,512.0
pug_pugtrain_kejim.dm_26.dm_meta,289009072,288772000,,MOD_TRIP_MINE_SPLASH,bad,False,,,,,00:03:57.802,^7g^1h^7o^1s^7t^1`-,,MOD_TRIP_MINE_SPLASH,0.0,0.0,45.72269821166992,1385.536376953125,231.0,644,69,668,219.0,684.0,559.0,,,131.0,131.0
pug_pugtrain_kejim.dm_26.dm_meta,289023361,288772000,,MOD_TRIP_MINE_SPLASH,bad,False,,,,,00:04:12.091,^7g^1h^7o^1s^7t^1`-,Seaal ^1<3^7's M&Ms,MOD_TRIP_MINE_SPLASH,0.0,0.0,0.0,0.0,630.0,141,58,229,220.0,206.0,182.0,,,123.0,0.0
pug_pugtrain_kejim.dm_26.dm_meta,289050982,288772000,,MOD_TRIP_MINE_SPLASH,bad,True,,,,,00:04:39.712,^7g^1h^7o^1s^7t^1`-,Seaal ^1<3^7's M&Ms,MOD_TRIP_MINE_SPLASH,62.73057174682617,0.15841053426265717,65.04119873046875,1970.9454345703125,90.0,879,5,374,559.0,25.0,302.0,,,68.0,0.0
pug_pugtrain_kejim.dm_26.dm_meta,289118929,288772000,,MOD_ROCKET,bad,False,0.07,0.07666666666666666,0.05639363069031568,0.006760220344601037,00:05:47.659,^7g^1h^7o^1s^7t^1`-,:|,MOD_ROCKET,4.219783306121826,0.12787222862243652,9.288394927978516,281.4665222167969,125.0,518,85,440,857.0,98.0,368.0,132.0,-11.0,167.0,0.0
pug_pugtrain_kejim.dm_26.dm_meta,289122196,288772000,,MOD_ROCKET_SPLASH,bad,False,0.19,0.28,0.19525314233228946,0.22767256053985802,00:05:50.926,^7g^1h^7o^1s^7t^1`-,Seaal ^1<3^7's M&Ms,MOD_ROCKET_SPLASH,0.0,0.0,31.53672218322754,955.6582641601562,297.0,8,363,385,304.0,254.0,437.0,,,286.0,65.0
pug_pugtrain_kejim.dm_26.dm_meta,289184335,288772000,,MOD_TRIP_MINE_SPLASH,bad,False,,,,,00:06:53.065,^7g^1h^7o^1s^7t^1`-,Seaal ^1<3^7's M&Ms,MOD_TRIP_MINE_SPLASH,0.0,0.0,14.024930000305176,424.9978942871094,328.0,688,77,472,307.0,96.0,250.0,,,87.0,0.0
pug_pugtrain_kejim.dm_26.dm_meta,289222780,288772000,,MOD_BRYAR_PISTOL_ALT,bad,False,0.25666666666666665,0.32666666666666666,0.15794090258164692,0.0337783713929244,00:07:31.510,^7g^1h^7o^1s^7t^1`-,,MOD_BRYAR_PISTOL_ALT,17.642536163330078,0.053462229669094086,21.079055786132812,638.75927734375,235.0,468,0,443,625.0,86.0,332.0,132.0,11.0,231.0,49.0
pug_pugtrain_kejim.dm_26.dm_meta,289263139,288772000,,MOD_FLECHETTE_ALT_SPLASH,bad,True,0.19,0.16666666666666666,0.11431426845221726,0.0807213815625506,00:08:11.869,^7g^1h^7o^1s^7t^1`-,^2^^0Madne^7s^2s^7,MOD_FLECHETTE_ALT_SPLASH,0.0,0.0,46.24017333984375,1401.2174072265625,56.0,833,10,609,365.0,2.0,228.0,,,29.0,0.0
pug_pugtrain_kejim.dm_26.dm_meta,289270564,288772000,,MOD_REPEATER_ALT_SPLASH,bad,False,0.07333333333333333,0.14,0.15892751348248665,0.03127020504208829,00:08:19.294,^7g^1h^7o^1s^7t^1`-,,MOD_REPEATER_ALT_SPLASH,7.079281806945801,0.21452368795871735,32.379249572753906,981.1893920898438,165.0,492,55,446,514.0,43.0,356.0,,,97.0,0.0
pug_pugtrain_kejim.dm_26.dm_meta,289328809,288772000,,MOD_TRIP_MINE_SPLASH,bad,False,,,,,00:09:17.539,^7g^1h^7o^1s^7t^1`-,,MOD_TRIP_MINE_SPLASH,0.0,0.0,117.04994201660156,3546.968017578125,241.0,185,294,215,441.0,533.0,396.0,,,94.0,55.0
pug_pugtrain_kejim.dm_26.dm_meta,289356298,288772000,,MOD_REPEATER_ALT_SPLASH,bad,False,0.36,0.31666666666666665,0.13831768616862222,0.7501631279895272,00:09:45.028,^7g^1h^7o^1s^7t^1`-,Seaal ^1<3^7's M&Ms,MOD_REPEATER_ALT_SPLASH,0.0,0.0,20.939584732055664,634.5328979492188,197.0,365,212,491,81.0,191.0,375.0,,,41.0,1.0
pug_pugtrain_kejim.dm_26.dm_meta,289411474,288772000,,MOD_REPEATER_ALT_SPLASH,bad,True,0.21333333333333335,0.17333333333333334,0.17173360577977062,0.19614531946315436,00:10:40.204,^7g^1h^7o^1s^7t^1`-,,MOD_REPEATER_ALT_SPLASH,22.262130737304688,0.09637285768985748,151.99168395996094,4605.80859375,201.0,418,40,497,311.0,296.0,313.0,,,291.0,42.0
pug_pugtrain_kejim.dm_26.dm_meta,289458499,288772000,,MOD_ROCKET_SPLASH,bad,False,0.2966666666666667,0.22,0.5327228054646762,0.2684822734334495,00:11:27.229,^7g^1h^7o^1s^7t^1`-,Seaal ^1<3^7's M&Ms,MOD_ROCKET_SPLASH,6.807315826416016,0.008968795649707317,124.888671875,3784.505126953125,648.0,572,131,526,714.0,119.0,689.0,,,270.0,0.0
pug_pugtrain_kejim.dm_26.dm_meta,289479256,288772000,,MOD_TRIP_MINE_SPLASH,bad,True,,,,,00:11:47.986,^7g^1h^7o^1s^7t^1`-,,MOD_TRIP_MINE_SPLASH,30.905454635620117,0.9365289211273193,118.98368835449219,3605.56640625,92.0,821,211,713,422.0,449.0,522.0,,,892.0,476.0
pug_pugtrain_kejim.dm_26.dm_meta,289549612,288772000,,MOD_TRIP_MINE_SPLASH,bad,True,,,,,00:12:58.342,^7g^1h^7o^1s^7t^1`-,Seaal ^1<3^7's M&Ms,MOD_TRIP_MINE_SPLASH,73.17118835449219,0.316758394241333,90.67385864257812,2747.692626953125,98.0,639,47,412,330.0,180.0,202.0,,,27.0,0.0
pug_pugtrain_kejim.dm_26.dm_meta,289576144,288772000,,MOD_TRIP_MINE_SPLASH,bad,False,,,,,00:13:24.874,^7g^1h^7o^1s^7t^1`-,,MOD_TRIP_MINE_SPLASH,23.055564880371094,0.030376238748431206,43.543060302734375,1319.4866943359375,605.0,113,0,203,625.0,210.0,375.0,,,136.0,0.0
pug_pugtrain_kejim.dm_26.dm_meta,289609639,288772000,,MOD_TRIP_MINE_SPLASH,bad,False,,,,,00:13:58.369,^7g^1h^7o^1s^7t^1`-,Seaal ^1<3^7's M&Ms,MOD_TRIP_MINE_SPLASH,27.991750717163086,0.056548990309238434,29.623764038085938,897.6898193359375,277.0,191,0,260,147.0,376.0,120.0,,,144.0,3.0
pug_pugtrain_kejim.dm_26.dm_meta,289623367,288772000,,MOD_FALLING,bad,True,,,,,00:14:12.097,^7g^1h^7o^1s^7t^1`-,,MOD_FALLING,112.29193878173828,0.34027859568595886,127.78744506835938,3872.346923828125,2592.0,870,185,938,0.0,0.0,0.0,,,0.0,0.0
pug_pugtrain_kejim.dm_26.dm_meta,289642969,288772000,,MOD_TRIP_MINE_SPLASH,bad,True,,,,,00:14:31.699,^7g^1h^7o^1s^7t^1`-,,MOD_TRIP_MINE_SPLASH,21.991600036621094,0.6664121150970459,54.3572883605957,1647.1905517578125,272.0,334,0,372,224.0,273.0,196.0,,,163.0,0.0
pug_pugtrain_kejim.dm_26.dm_meta,289750450,288772000,,MOD_TRIP_MINE_SPLASH,bad,False,,,,,00:16:19.180,^7g^1h^7o^1s^7t^1`-,Seaal ^1<3^7's M&Ms,MOD_TRIP_MINE_SPLASH,13.521166801452637,0.10243308544158936,66.48617553710938,2014.7325439453125,613.0,732,463,648,604.0,80.0,685.0,,,1738.0,1372.0
pug_pugtrain_kejim.dm_26.dm_meta,289767313,288772000,,MOD_TRIP_MINE_SPLASH,bad,False,,,,,00:16:36.043,^7g^1h^7o^1s^7t^1`-,,MOD_TRIP_MINE_SPLASH,0.7757818102836609,0.02350853942334652,27.207040786743164,824.455810546875,137.0,557,36,386,457.0,105.0,266.0,,,270.0,47.0
pug_pugtrain_kejim.dm_26.dm_meta,289846546,288772000,,MOD_TRIP_MINE_SPLASH,bad,False,,,,,00:17:55.276,^7g^1h^7o^1s^7t^1`-,Seaal ^1<3^7's M&Ms,MOD_TRIP_MINE_SPLASH,0.31388038396835327,0.004755763337016106,38.020469665527344,1152.135498046875,238.0,427,0,354,199.0,75.0,456.0,,,63.0,37.0
pug_pugtrain_kejim.dm_26.dm_meta,289884496,288772000,,MOD_TRIP_MINE_SPLASH,bad,True,,,,,00:18:33.226,^7g^1h^7o^1s^7t^1`-,Seaal ^1<3^7's M&Ms,MOD_TRIP_MINE_SPLASH,96.25672149658203,0.4861450493335724,101.21613311767578,3067.155517578125,117.0,535,5,391,423.0,63.0,266.0,,,478.0,439.0
pug_pugtrain_kejim.dm_26.dm_meta,289974025,288772000,,MOD_TRIP_MINE_SPLASH,bad,True,,,,,00:20:02.755,^7g^1h^7o^1s^7t^1`-,,MOD_TRIP_MINE_SPLASH,100.22672271728516,0.14462730288505554,172.48895263671875,5226.93798828125,105.0,670,193,539,288.0,455.0,279.0,,,93.0,42.0
pug_pugtrain_kejim.dm_26.dm_meta,290030290,288772000,,MOD_TRIP_MINE_SPLASH,bad,False,,,,,00:20:59.020,^7g^1h^7o^1s^7t^1`-,,MOD_TRIP_MINE_SPLASH,0.0,0.0,63.39801788330078,1921.152099609375,119.0,612,83,639,144.0,499.0,327.0,,,197.0,45.0
pug_pugtrain_kejim.dm_26.dm_meta,290054083,288772000,,MOD_TRIP_MINE_SPLASH,bad,False,,,,,00:21:22.813,^7g^1h^7o^1s^7t^1`-,Seaal ^1<3^7's M&Ms,MOD_TRIP_MINE_SPLASH,0.0,0.0,109.59002685546875,3320.909912109375,332.0,470,77,486,332.0,127.0,237.0,,,21.0,10.0
pug_pugtrain_kejim.dm_26.dm_meta,290104474,288772000,,MOD_BRYAR_PISTOL_ALT,bad,False,0.31666666666666665,0.33,0.37180384892710294,0.018217503945014157,00:22:13.204,^7g^1h^7o^1s^7t^1`-,Seaal ^1<3^7's M&Ms,MOD_BRYAR_PISTOL_ALT,0.0,0.0,45.37602615356445,1375.0311279296875,215.0,448,0,514,796.0,230.0,539.0,132.0,3.0,185.0,43.0
pug_pugtrain_kejim.dm_26.dm_meta,290182189,288772000,,MOD_REPEATER_ALT_SPLASH,bad,False,0.15,0.09666666666666666,0.12316453041636949,0.13075421903774792,00:23:30.919,^7g^1h^7o^1s^7t^1`-,,MOD_REPEATER_ALT_SPLASH,18.541593551635742,0.11237329244613647,35.861412048339844,1086.70947265625,125.0,451,8,432,280.0,459.0,314.0,,,248.0,7.0
pug_pugtrain_kejim.dm_26.dm_meta,290220007,288772000,,MOD_SABER,bad,False,,,,,00:24:08.737,^7g^1h^7o^1s^7t^1`-,Seaal ^1<3^7's M&Ms,MOD_SABER,7.6762776374816895,0.05815361812710762,118.66275787353516,3595.841064453125,36.0,254,0,255,138.0,0.0,244.0,,,3.0,0.0
pug_pugtrain_kejim.dm_26.dm_meta,290246044,288772000,,MOD_REPEATER_ALT_SPLASH,bad,False,0.22,0.36,0.18443199545466427,0.35811450572940123,00:24:34.774,^7g^1h^7o^1s^7t^1`-,,MOD_REPEATER_ALT_SPLASH,10.063815116882324,0.10165470093488693,15.833586692810059,479.8056640625,275.0,307,25,362,325.0,110.0,199.0,,,105.0,11.0
pug_pugtrain_kejim.dm_26.dm_meta,290283895,288772000,,MOD_TRIP_MINE_SPLASH,bad,True,,,,,00:25:12.625,^7g^1h^7o^1s^7t^1`-,vis,MOD_TRIP_MINE_SPLASH,77.88018035888672,0.13111141324043274,95.95069885253906,2907.596923828125,195.0,573,323,553,470.0,80.0,443.0,,,49.0,17.0
pug_pugtrain_kejim.dm_26.dm_meta,290296072,288772000,,MOD_TRIP_MINE_SPLASH,bad,True,,,,,00:25:24.802,^7g^1h^7o^1s^7t^1`-,Seaal ^1<3^7's M&Ms,MOD_TRIP_MINE_SPLASH,61.35288619995117,0.1239452213048935,61.35288619995117,1859.1783447265625,333.0,335,0,349,308.0,377.0,365.0,,,56.0,0.0
pug_pugtrain_kejim.dm_26.dm_meta,290322241,288772000,,MOD_TRIP_MINE_SPLASH,bad,False,,,,,00:25:50.971,^7g^1h^7o^1s^7t^1`-,,MOD_TRIP_MINE_SPLASH,3.4377071857452393,0.052086472511291504,27.140457153320312,822.4381103515625,39.0,408,330,506,256.0,46.0,389.0,,,18.0,6.0
pug_pugtrain_kejim.dm_26.dm_meta,290346364,288772000,,MOD_TRIP_MINE_SPLASH,bad,False,,,,,00:26:15.094,^7g^1h^7o^1s^7t^1`-,Seaal ^1<3^7's M&Ms,MOD_TRIP_MINE_SPLASH,23.77014923095703,0.03601537644863129,26.79313850402832,811.9132690429688,115.0,244,4,301,526.0,113.0,216.0,,,55.0,0.0
pug_pugtrain_kejim.dm_26.dm_meta,290369794,288772000,,MOD_TRIP_MINE_SPLASH,bad,False,,,,,00:26:38.524,^7g^1h^7o^1s^7t^1`-,,MOD_TRIP_MINE_SPLASH,4.854328632354736,0.009193804115056992,9.449858665466309,286.3593444824219,89.0,70,4,183,202.0,26.0,230.0,,,19.0,0.0
pug_pugtrain_kejim.dm_26.dm_meta,290376493,288772000,,MOD_TRIP_MINE_SPLASH,bad,False,,,,,00:26:45.223,^7g^1h^7o^1s^7t^1`-,Seaal ^1<3^7's M&Ms,MOD_TRIP_MINE_SPLASH,0.0,0.0,80.10480499267578,2427.41845703125,102.0,465,18,277,691.0,94.0,743.0,,,52.0,0.0
pug_pugtrain_kejim.dm_26.dm_meta,290453779,288772000,,MOD_ROCKET_SPLASH,bad,True,0.07666666666666666,0.05333333333333334,0.058526766150051375,0.03713491130123659,00:28:02.509,^7g^1h^7o^1s^7t^1`-,,MOD_ROCKET_SPLASH,129.7493438720703,0.49147477746009827,155.9188690185547,4724.814453125,146.0,421,79,556,456.0,138.0,288.0,,,193.0,0.0
pug_pugtrain_kejim.dm_26.dm_meta,290520076,288772000,,MOD_TRIP_MINE_SPLASH,bad,True,,,,,00:29:08.806,^7g^1h^7o^1s^7t^1`-,vis,MOD_TRIP_MINE_SPLASH,3.1065919399261475,0.09413915127515793,18.287353515625,554.1622314453125,59.0,1067,336,595,369.0,525.0,383.0,,,1687.0,1597.0
pug_pugtrain_kothis (2).dm_26.dm_meta,178394231,178353740,,MOD_CONC,bad,False,,,,,00:00:41.353,^7g^1h^7o^1s^7t^1`-,,MOD_CONC,0.0,0.0,21.027585983276367,637.1995849609375,471.0,197,0,290,298.0,62.0,338.0,,,63.0,0.0
pug_pugtrain_kothis (2).dm_26.dm_meta,178437032,178353740,,MOD_ROCKET_SPLASH,bad,False,0.4266666666666667,0.4,0.25350361275949934,0.4024961341394337,00:01:24.154,^7g^1h^7o^1s^7t^1`-,^7Mclovin,MOD_ROCKET_SPLASH,0.0,0.0,30.5712833404541,926.4025268554688,364.0,212,0,376,33.0,42.0,450.0,,,4.0,0.0
pug_pugtrain_kothis (2).dm_26.dm_meta,178461749,178353740,,MOD_ROCKET_SPLASH,bad,True,0.16333333333333333,0.15,0.14369025350357062,0.07866386468970261,00:01:48.871,^7g^1h^7o^1s^7t^1`-,^4t^7C^4f^5*^7erin,MOD_ROCKET_SPLASH,56.079505920410156,0.1416149139404297,57.96168518066406,1756.4146728515625,272.0,152,0,316,525.0,466.0,477.0,,,828.0,671.0
pug_pugtrain_kothis (2).dm_26.dm_meta,178511645,178353740,,MOD_TRIP_MINE_SPLASH,bad,False,,,,,00:02:38.767,^7g^1h^7o^1s^7t^1`-,,MOD_TRIP_MINE_SPLASH,0.0,0.0,25.229516983032227,764.5308227539062,63.0,532,228,516,355.0,191.0,241.0,,,1626.0,1546.0
pug_pugtrain_kothis (2).dm_26.dm_meta,178550750,178353740,,MOD_CONC,bad,False,,,,,00:03:17.872,^7g^1h^7o^1s^7t^1`-,^4t^7C^4f^5*^7erin,MOD_CONC,28.242305755615234,0.08558274805545807,39.878623962402344,1208.443115234375,433.0,440,0,413,170.0,249.0,415.0,,,125.0,110.0
pug_pugtrain_kothis (2).dm_26.dm_meta,178585565,178353740,,MOD_TRIP_MINE_SPLASH,bad,False,,,,,00:03:52.687,^7g^1h^7o^1s^7t^1`-,^7Mclovin,MOD_TRIP_MINE_SPLASH,0.0,0.0,31.103788375854492,942.5390625,107.0,722,132,442,739.0,34.0,377.0,,,226.0,13.0
pug_pugtrain_kothis (2).dm_26.dm_meta,178594739,178353740,,MOD_BRYAR_PISTOL_ALT,bad,False,0.3333333333333333,0.45666666666666667,0.16802414487654432,0.07756618022182735,00:04:01.861,^7g^1h^7o^1s^7t^1`-,,MOD_BRYAR_PISTOL_ALT,22.80324935913086,0.05758396163582802,58.64881134033203,1777.2366943359375,372.0,309,0,408,886.0,256.0,495.0,264.0,4.0,206.0,29.0
pug_pugtrain_kothis (2).dm_26.dm_meta,178618961,178353740,,MOD_ROCKET_SPLASH,bad,True,0.10333333333333333,0.14,0.11423947151281949,0.04137228212815628,00:04:26.083,^7g^1h^7o^1s^7t^1`-,,MOD_ROCKET_SPLASH,18.03598403930664,0.5465449690818787,95.56404113769531,2895.880126953125,87.0,434,128,281,375.0,215.0,264.0,,,31.0,0.0
pug_pugtrain_kothis (2).dm_26.dm_meta,178670045,178353740,,MOD_FALLING,bad,True,,,,,00:05:17.167,^7g^1h^7o^1s^7t^1`-,^4t^7C^4f^5*^7erin,MOD_FALLING,0.0,0.0,151.7325439453125,4597.9560546875,,433,0,4666,,,,,,,
pug_pugtrain_kothis (2).dm_26.dm_meta,178679384,178353740,,MOD_ROCKET_SPLASH,bad,False,0.27666666666666667,0.32,0.448287677597269,0.3093410662588829,00:05:26.506,^7g^1h^7o^1s^7t^1`-,^7Mclovin,MOD_ROCKET_SPLASH,0.04913235455751419,0.00037221479578875005,42.948570251464844,1301.4718017578125,826.0,425,291,730,455.0,357.0,347.0,,,465.0,16.0
pug_pugtrain_kothis (2).dm_26.dm_meta,178691924,178353740,,MOD_ROCKET_SPLASH,bad,False,0.09666666666666666,0.17333333333333334,0.14251894917282867,0.15742779319916977,00:05:39.046,^7g^1h^7o^1s^7t^1`-,,MOD_ROCKET_SPLASH,0.0,0.0,17.86052703857422,541.2280883789062,208.0,258,280,470,283.0,317.0,348.0,,,294.0,71.0
pug_pugtrain_kothis (2).dm_26.dm_meta,178708061,178353740,,MOD_ROCKET_SPLASH,bad,False,0.17333333333333334,0.23333333333333334,0.16416963815550303,0.20998743865199843,00:05:55.183,^7g^1h^7o^1s^7t^1`-,^4t^7C^4f^5*^7erin,MOD_ROCKET_SPLASH,7.728952407836914,0.04684213548898697,34.30125045776367,1039.431884765625,234.0,424,114,429,311.0,472.0,374.0,,,372.0,36.0
pug_pugtrain_kothis (2).dm_26.dm_meta,178718489,178353740,,MOD_ROCKET_SPLASH,bad,True,0.16666666666666666,0.07,0.08050484748727538,0.014556027978647116,00:06:05.611,^7g^1h^7o^1s^7t^1`-,^7g^1h^7o^1s^7t^1`-,MOD_ROCKET_SPLASH,58.26527404785156,0.14713452756404877,149.52438354492188,4531.0419921875,0.0,618,650,226,618.0,650.0,226.0,,,0.0,0.0
pug_pugtrain_kothis (2).dm_26.dm_meta,178793927,178353740,,MOD_ROCKET_SPLASH,bad,False,0.15,0.21,0.16120655442404663,0.10048555768537723,00:07:21.049,^7g^1h^7o^1s^7t^1`-,,MOD_ROCKET_SPLASH,1.2654085159301758,0.019172856584191322,54.57768630981445,1653.8692626953125,146.0,453,0,413,287.0,145.0,299.0,,,148.0,14.0
pug_pugtrain_kothis (2).dm_26.dm_meta,178823825,178353740,,MOD_REPEATER_ALT,bad,True,0.20666666666666667,0.21,0.012673056982145454,0.04863172940032854,00:07:50.947,^7g^1h^7o^1s^7t^1`-,^4t^7C^4f^5*^7erin,MOD_REPEATER_ALT,45.76628494262695,0.13868571817874908,99.39635467529297,3012.0107421875,187.0,279,76,296,729.0,224.0,507.0,165.0,-5.0,111.0,22.0
pug_pugtrain_kothis (2).dm_26.dm_meta,178872863,178353740,,MOD_ROCKET_SPLASH,bad,False,0.15,0.25,0.3141948406013635,0.1448624978186531,00:08:39.985,^7g^1h^7o^1s^7t^1`-,^4t^7C^4f^5*^7erin,MOD_ROCKET_SPLASH,10.695724487304688,0.040514107793569565,10.695724487304688,324.11285400390625,400.0,392,51,453,579.0,253.0,585.0,,,91.0,19.0
pug_pugtrain_kothis (2).dm_26.dm_meta,178965626,178353740,,MOD_CONC,bad,False,,,,,00:10:12.748,^7g^1h^7o^1s^7t^1`-,,MOD_CONC,0.49815458059310913,0.01509559340775013,11.785715103149414,357.14288330078125,377.0,490,16,324,429.0,101.0,474.0,,,138.0,0.0
pug_pugtrain_kothis (2).dm_26.dm_meta,179054462,178353740,,MOD_ROCKET_SPLASH,bad,False,0.19666666666666666,0.22333333333333333,0.11246689329015372,0.09046439229474117,00:11:41.584,^7g^1h^7o^1s^7t^1`-,^4t^7C^4f^5*^7erin,MOD_ROCKET_SPLASH,19.920948028564453,0.02515271306037903,81.52489471435547,2470.451416015625,181.0,468,179,529,269.0,310.0,296.0,,,493.0,325.0
pug_pugtrain_kothis (2).dm_26.dm_meta,179083304,178353740,,MOD_REPEATER_ALT_SPLASH,bad,False,0.13666666666666666,0.26,0.145339051470014,0.18356339062491808,00:12:10.426,^7g^1h^7o^1s^7t^1`-,,MOD_REPEATER_ALT_SPLASH,0.0,0.0,15.42782211303711,467.509765625,122.0,258,98,292,273.0,363.0,351.0,,,287.0,51.0
pug_pugtrain_kothis (2).dm_26.dm_meta,179137919,178353740,,MOD_CONC,bad,False,,,,,00:13:05.041,^7g^1h^7o^1s^7t^1`-,,MOD_CONC,13.193111419677734,0.039979126304388046,36.73363494873047,1113.1405029296875,721.0,506,0,744,412.0,113.0,309.0,,,125.0,13.0
pug_pugtrain_kothis (2).dm_26.dm_meta,179142935,178353740,,MOD_ROCKET_SPLASH,good,False,0.5533333333333333,0.49333333333333335,0.0910618253133946,0.6824101591163013,00:13:10.057,^7g^1h^7o^1s^7t^1`-,^7g^1h^7o^1s^7t^1`-,MOD_ROCKET_SPLASH,16.609533309936523,0.0838865339756012,19.073244094848633,577.9771118164062,0.0,66,64,281,66.0,64.0,281.0,,,0.0,0.0
pug_pugtrain_kothis (2).dm_26.dm_meta,179159666,178353740,,MOD_ROCKET_SPLASH,bad,False,0.27666666666666667,0.31333333333333335,0.13391621934422088,0.0686042262972299,00:13:26.788,^7g^1h^7o^1s^7t^1`-,^7Mclovin,MOD_ROCKET_SPLASH,0.0,0.0,4.132396697998047,125.2241439819336,135.0,394,0,649,325.0,94.0,279.0,,,78.0,30.0
pug_pugtrain_kothis (2).dm_26.dm_meta,179184383,178353740,,MOD_TRIP_MINE_SPLASH,bad,False,,,,,00:13:51.505,^7g^1h^7o^1s^7t^1`-,^4t^7C^4f^5*^7erin,MOD_TRIP_MINE_SPLASH,0.0,0.0,0.8528745174407959,25.844682693481445,474.0,467,0,539,194.0,453.0,228.0,,,226.0,11.0
pug_pugtrain_kothis (2).dm_26.dm_meta,179205536,178353740,,MOD_DISRUPTOR_SNIPER,bad,False,,,,,00:14:12.658,^7g^1h^7o^1s^7t^1`-,,MOD_DISRUPTOR_SNIPER,0.0,0.0,0.0,0.0,1226.0,0,0,0,142.0,0.0,217.0,,,4.0,0.0
pug_pugtrain_kothis (2).dm_26.dm_meta,179227217,178353740,,MOD_TRIP_MINE_SPLASH,bad,False,,,,,00:14:34.339,^7g^1h^7o^1s^7t^1`-,,MOD_TRIP_MINE_SPLASH,8.953290939331055,0.027131184935569763,30.224857330322266,915.90478515625,357.0,175,129,647,77.0,48.0,64.0,,,10.0,0.0
pug_pugtrain_kothis (2).dm_26.dm_meta,179291501,178353740,,MOD_ROCKET_SPLASH,bad,True,0.13666666666666666,0.12,0.08158035208831495,0.045479647570302574,00:15:38.623,^7g^1h^7o^1s^7t^1`-,^4t^7C^4f^5*^7erin,MOD_ROCKET_SPLASH,69.99021911621094,0.17674297094345093,70.42569732666016,2134.112060546875,147.0,485,217,393,308.0,68.0,296.0,,,104.0,12.0
pug_pugtrain_kothis (2).dm_26.dm_meta,179323049,178353740,,MOD_FALLING,bad,True,,,,,00:16:10.171,^7g^1h^7o^1s^7t^1`-,^4t^7C^4f^5*^7erin,MOD_FALLING,0.0,0.0,5.993011951446533,181.60643005371094,2300.0,262,0,330,0.0,0.0,0.0,,,0.0,0.0
pug_pugtrain_kothis (2).dm_26.dm_meta,179328329,178353740,,MOD_CONC,bad,True,,,,,00:16:15.451,^7g^1h^7o^1s^7t^1`-,,MOD_CONC,0.0,0.0,9.809420585632324,297.2551574707031,448.0,283,943,662,247.0,376.0,669.0,,,507.0,498.0
pug_pugtrain_kothis (2).dm_26.dm_meta,179340473,178353740,,MOD_ROCKET,bad,False,0.09,0.13,0.01792027033772294,0.03682389095602728,00:16:27.595,^7g^1h^7o^1s^7t^1`-,,MOD_ROCKET,1.400164246559143,0.04242921993136406,3.334527015686035,101.04627227783203,100.0,387,139,165,288.0,248.0,752.0,66.0,-23.0,829.0,679.0
pug_pugtrain_kothis (2).dm_26.dm_meta,179344895,178353740,,MOD_CONC,bad,False,,,,,00:16:32.017,^7g^1h^7o^1s^7t^1`-,^4t^7C^4f^5*^7erin,MOD_CONC,17.7969913482666,0.0337064228951931,17.7969913482666,539.3027954101562,448.0,699,23,603,690.0,266.0,675.0,,,1037.0,610.0
pug_pugtrain_kothis (2).dm_26.dm_meta,179353640,178353740,,MOD_DISRUPTOR_SNIPER,bad,False,,,,,00:16:40.762,^7g^1h^7o^1s^7t^1`-,^7g^1h^7o^1s^7t^1`-,MOD_DISRUPTOR_SNIPER,0.0,0.0,7.6598896980285645,232.1178741455078,0.0,0,0,151,0.0,0.0,151.0,,,0.0,0.0
pug_pugtrain_kothis (2).dm_26.dm_meta,179353640,178353740,,MOD_DISRUPTOR_SNIPER,bad,False,,,,,00:16:40.762,^7g^1h^7o^1s^7t^1`-,,MOD_DISRUPTOR_SNIPER,0.0,0.0,7.6598896980285645,232.1178741455078,680.0,0,0,151,661.0,505.0,633.0,,,782.0,570.0
pug_pugtrain_kothis (2).dm_26.dm_meta,179544644,178353740,,MOD_CONC,bad,True,,,,,00:19:51.766,^7g^1h^7o^1s^7t^1`-,,MOD_CONC,55.48952865600586,0.098911814391613,68.24562072753906,2068.049072265625,450.0,266,91,379,320.0,55.0,258.0,,,65.0,0.0
pug_pugtrain_kothis (2).dm_26.dm_meta,179567018,178353740,,MOD_CONC,bad,False,,,,,00:20:14.140,^7g^1h^7o^1s^7t^1`-,^7Mclovin,MOD_CONC,11.349980354309082,0.016378037631511688,12.413269996643066,376.1596984863281,782.0,301,132,282,351.0,353.0,199.0,,,277.0,40.0
pug_pugtrain_kothis (2).dm_26.dm_meta,179577182,178353740,,MOD_FALLING,bad,True,,,,,00:20:24.304,^7g^1h^7o^1s^7t^1`-,,MOD_FALLING,0.0,0.0,31.67003631591797,959.6980590820312,2280.0,141,652,717,0.0,0.0,0.0,,,0.0,0.0
pug_pugtrain_kothis (2).dm_26.dm_meta,179676314,178353740,,MOD_ROCKET_SPLASH,bad,True,0.20666666666666667,0.08333333333333333,0.042794247686444846,0.206340629688349,00:22:03.436,^7g^1h^7o^1s^7t^1`-,,MOD_ROCKET_SPLASH,136.26229858398438,0.2949400544166565,136.26229858398438,4129.16064453125,100.0,601,68,535,90.0,198.0,314.0,,,48.0,0.0
pug_pugtrain_kothis (2).dm_26.dm_meta,179707796,178353740,,MOD_ROCKET_SPLASH,bad,False,0.24,0.31,0.9079019200205123,0.09824484351762151,00:22:34.918,^7g^1h^7o^1s^7t^1`-,^7Mclovin,MOD_ROCKET_SPLASH,0.6595686674118042,0.00399738596752286,1.311980962753296,39.75699996948242,1534.0,313,0,342,494.0,191.0,371.0,,,75.0,11.0
pug_pugtrain_kothis (2).dm_26.dm_meta,179754590,178353740,,MOD_ROCKET_SPLASH,bad,False,0.3333333333333333,0.31666666666666665,0.20563310851240568,0.44945943979721287,00:23:21.712,^7g^1h^7o^1s^7t^1`-,^1se^7vin^1teen^7.,MOD_ROCKET_SPLASH,0.0,0.0,1.825590968132019,55.32093811035156,323.0,426,0,638,510.0,307.0,0.0,,,97.0,0.0
pug_pugtrain_kothis (2).dm_26.dm_meta,179763599,178353740,,MOD_ROCKET_SPLASH,bad,False,0.33666666666666667,0.36333333333333334,0.2781268637156577,0.4542978005049557,00:23:30.721,^7g^1h^7o^1s^7t^1`-,,MOD_ROCKET_SPLASH,0.0,0.0,35.49882125854492,1075.7218017578125,457.0,322,81,389,88.0,114.0,317.0,,,34.0,9.0
pug_pugtrain_kothis (2).dm_26.dm_meta,179771684,178353740,,MOD_ROCKET,bad,True,0.08333333333333333,0.10666666666666667,0.12652601897489407,0.026354007021035065,00:23:38.806,^7g^1h^7o^1s^7t^1`-,^4t^7C^4f^5*^7erin,MOD_ROCKET,69.0007553100586,0.08712216466665268,69.0007553100586,2090.931884765625,61.0,56,59,431,693.0,161.0,682.0,33.0,-18.0,64.0,0.0
pug_pugtrain_kothis.dm_26.dm_meta,604928844,604844760,,MOD_ROCKET_SPLASH,bad,False,0.15,0.16666666666666666,0.2603115984136737,0.18894660075452968,00:01:25.144,^7g^1h^7o^1s^7t^1`-,^6'^7dix-spte(SP??)^6.,MOD_ROCKET_SPLASH,0.627784788608551,0.019023781642317772,30.51227378845215,924.6143798828125,290.0,444,0,380,549.0,116.0,424.0,,,196.0,0.0
pug_pugtrain_kothis.dm_26.dm_meta,604947918,604844760,,MOD_DISRUPTOR_SNIPER,bad,False,,,,,00:01:44.218,^7g^1h^7o^1s^7t^1`-,^6'^7dix-spte(SP??)^6.,MOD_DISRUPTOR_SNIPER,0.0,0.0,20.917028427124023,633.849365234375,392.0,0,0,0,755.0,314.0,718.0,,,125.0,27.0
pug_pugtrain_kothis.dm_26.dm_meta,605027811,604844760,,MOD_BRYAR_PISTOL_ALT,bad,False,0.16666666666666666,0.19,0.12743749778076632,0.008243528751955928,00:03:04.111,^7g^1h^7o^1s^7t^1`-,,MOD_BRYAR_PISTOL_ALT,1.6851483583450317,0.051065102219581604,97.68238830566406,2960.072509765625,106.0,285,0,330,370.0,102.0,184.0,33.0,-14.0,50.0,0.0
pug_pugtrain_kothis.dm_26.dm_meta,605519082,604844760,,MOD_ROCKET,bad,False,0.08666666666666667,0.13666666666666666,0.012598196604868023,0.08633070719642211,00:11:15.382,^7g^1h^7o^1s^7t^1`-,,MOD_ROCKET,1.5425230264663696,0.04674312099814415,26.438505172729492,801.1668090820312,104.0,442,149,62,433.0,262.0,606.0,66.0,-48.0,597.0,578.0
pug_pugtrain_kothis.dm_26.dm_meta,605572212,604844760,,MOD_ROCKET_SPLASH,bad,True,0.056666666666666664,0.03,0.07404528443276816,0.05191182834083793,00:12:08.512,^7g^1h^7o^1s^7t^1`-,vis,MOD_ROCKET_SPLASH,1.6924651861190796,0.05128682404756546,25.207353591918945,763.8591918945312,307.0,61,780,597,573.0,118.0,667.0,,,1746.0,1566.0
pug_pugtrain_kothis.dm_26.dm_meta,605663160,604844760,,MOD_BRYAR_PISTOL_ALT,bad,False,0.31333333333333335,0.46,0.45050706571499805,0.10922817022794977,00:13:39.460,^7g^1h^7o^1s^7t^1`-,^4(&),MOD_BRYAR_PISTOL_ALT,0.0,0.0,6.852849006652832,207.66209411621094,926.0,321,0,394,567.0,207.0,241.0,462.0,30.0,429.0,79.0
pug_pugtrain_kothis.dm_26.dm_meta,605697381,604844760,,MOD_BRYAR_PISTOL_ALT,bad,False,0.21,0.25333333333333335,0.2538991433588539,0.010827189500189658,00:14:13.681,^7g^1h^7o^1s^7t^1`-,,MOD_BRYAR_PISTOL_ALT,0.7645173668861389,0.023167192935943604,24.772541046142578,750.6830444335938,387.0,263,0,377,81.0,319.0,347.0,165.0,-2.0,22.0,21.0
RPC_vs_fcuk_ctf4(1)_pov_dan_(2005-03-05).dm_26.dm_meta,3931528,3877738,,MOD_FALLING,bad,False,,,,,00:00:55.444,^3[^7RPC^3]^7septimo,,MOD_FALLING,0.0,0.0,6.019477844238281,182.40841674804688,,698,62,681,,,,,,,
RPC_vs_fcuk_ctf4(1)_pov_dan_(2005-03-05).dm_26.dm_meta,3982546,3877738,,MOD_THERMAL,bad,False,,,,,00:01:46.462,^3[^7RPC^3]^7septimo,,MOD_THERMAL,0.0,0.0,6.847631931304932,207.50399780273438,73.0,615,53,374,143.0,170.0,630.0,99.0,-15.0,22.0,0.0
RPC_vs_fcuk_ctf4(1)_pov_dan_(2005-03-05).dm_26.dm_meta,4031617,3877738,,MOD_THERMAL_SPLASH,bad,False,,,,,00:02:35.533,^3[^7RPC^3]^7septimo,,MOD_THERMAL_SPLASH,0.0,0.0,38.1596565246582,1156.353271484375,221.0,89,0,208,152.0,101.0,302.0,,,47.0,0.0
RPC_vs_fcuk_ctf4(1)_pov_dan_(2005-03-05).dm_26.dm_meta,4140484,3877738,,MOD_ROCKET_SPLASH,bad,False,0.23333333333333334,0.33666666666666667,0.17647289292714682,0.19375145524702894,00:04:24.400,^3[^7RPC^3]^7septimo,,MOD_ROCKET_SPLASH,0.2197265625,0.006658380851149559,7.9317121505737305,240.35491943359375,165.0,330,82,212,457.0,128.0,217.0,,,165.0,6.0
RPC_vs_fcuk_ctf4(1)_pov_dan_(2005-03-05).dm_26.dm_meta,4603408,3877738,,MOD_FALLING,bad,True,,,,,00:12:07.324,^3[^7RPC^3]^7septimo,,MOD_FALLING,65.33329772949219,0.08249153941869736,66.1512222290039,2004.58251953125,2985.0,467,0,423,0.0,0.0,0.0,,,0.0,0.0
RPC_vs_fcuk_ctf4(1)_pov_dan_(2005-03-05).dm_26.dm_meta,4718017,3877738,,MOD_DISRUPTOR_SNIPER,bad,False,,,,,00:14:01.933,^3[^7RPC^3]^7septimo,,MOD_DISRUPTOR_SNIPER,16.86821174621582,0.021298246458172798,20.04570198059082,607.4454956054688,620.0,0,0,0,250.0,0.0,252.0,,,12.0,0.0
RPC_vs_fcuk_ctf4(1)_pov_dan_(2005-03-05).dm_26.dm_meta,5075572,3877738,,MOD_REPEATER_ALT_SPLASH,bad,False,0.2733333333333333,0.3333333333333333,0.16913619089432191,0.09431005795252677,00:19:59.488,^3[^7RPC^3]^7septimo,,MOD_REPEATER_ALT_SPLASH,7.977506160736084,0.24174261093139648,10.631657600402832,322.17144775390625,225.0,357,269,275,313.0,69.0,657.0,,,68.0,0.0
RPC_vs_fcuk_ctf4(2)_pov_dan_(2005-03-05).dm_26.dm_meta,6322031,5676320,6877421.0,MOD_ROCKET_SPLASH,bad,False,0.07333333333333333,0.22,0.22279030483330312,0.24896969270198907,00:10:47.563,^3[^7RPC^3]^7septimo,,MOD_ROCKET_SPLASH,0.0,0.0,17.39306640625,527.0626220703125,339.0,417,298,525,430.0,151.0,466.0,,,62.0,6.0
RPC_vs_fcuk_ctf4(2)_pov_dan_(2005-03-05).dm_26.dm_meta,6330809,5676320,6877421.0,MOD_TRIP_MINE_SPLASH,bad,False,,,,,00:10:56.341,^3[^7RPC^3]^7septimo,,MOD_TRIP_MINE_SPLASH,0.9875633716583252,0.029926162213087082,4.138059139251709,125.3957290649414,712.0,319,149,400,337.0,321.0,768.0,,,1572.0,1362.0
RPC_vs_fcuk_ctf4(2)_pov_dan_(2005-03-05).dm_26.dm_meta,6350048,5676320,6877421.0,MOD_FALLING,bad,True,,,,,00:11:15.580,^3[^7RPC^3]^7septimo,,MOD_FALLING,0.0,0.0,12.881829261779785,390.35845947265625,2805.0,75,133,272,0.0,0.0,0.0,,,0.0,0.0
RPC_vs_fcuk_ctf4(2)_pov_dan_(2005-03-05).dm_26.dm_meta,6527951,5676320,6877421.0,MOD_ROCKET_SPLASH,bad,False,0.25333333333333335,0.31666666666666665,0.2880903486113416,0.25809766378436017,00:14:13.483,^3[^7RPC^3]^7septimo,,MOD_ROCKET_SPLASH,6.020493030548096,0.045609794557094574,7.3333740234375,222.22344970703125,540.0,384,106,468,137.0,131.0,352.0,,,49.0,0.0
RPC_vs_fcuk_ctf4(2)_pov_dan_(2005-03-05).dm_26.dm_meta,6569894,5676320,6877421.0,MOD_THERMAL_SPLASH,bad,False,,,,,00:14:55.426,^3[^7RPC^3]^7septimo,,MOD_THERMAL_SPLASH,29.033321380615234,0.1759595274925232,83.57572174072266,2532.59765625,93.0,283,63,336,253.0,214.0,348.0,,,75.0,19.0
RPC_vs_fcuk_ctf4(2)_pov_dan_(2005-03-05).dm_26.dm_meta,6661535,5676320,6877421.0,MOD_REPEATER_ALT_SPLASH,bad,False,0.37,0.4166666666666667,0.24367697597318205,0.34666588373605944,00:16:27.067,^3[^7RPC^3]^7septimo,,MOD_REPEATER_ALT_SPLASH,0.0,0.0,1.329345703125,40.283203125,373.0,444,21,384,340.0,158.0,193.0,,,82.0,16.0
RPC_vs_fcuk_ctf4(3)_pov_dan_(2005-03-05).dm_26.dm_meta,8118691,7981609,9183073.0,MOD_ROCKET,bad,True,0.13,0.11,0.0030800290181603527,0.0031339530037696067,00:02:18.571,^3[^7RPC^3]^7septimo,,MOD_ROCKET,0.0,0.0,35.49052810668945,1075.4705810546875,208.0,593,825,717,301.0,287.0,484.0,264.0,-73.0,28.0,0.0
RPC_vs_fcuk_ctf4(3)_pov_dan_(2005-03-05).dm_26.dm_meta,8126677,7981609,9183073.0,MOD_BRYAR_PISTOL_ALT,bad,False,0.3466666666666667,0.4,0.39998923410247134,0.2553122452755792,00:02:26.557,^3[^7RPC^3]^7septimo,,MOD_BRYAR_PISTOL_ALT,0.0,0.0,3.919795036315918,118.78166961669922,393.0,242,0,187,1083.0,277.0,633.0,231.0,1.0,594.0,67.0
RPC_vs_fcuk_ctf4(3)_pov_dan_(2005-03-05).dm_26.dm_meta,8175682,7981609,9183073.0,MOD_BRYAR_PISTOL_ALT,bad,False,0.14333333333333334,0.10666666666666667,0.01879004668383344,0.021782295939627053,00:03:15.562,^3[^7RPC^3]^7septimo,,MOD_BRYAR_PISTOL_ALT,0.0,0.0,1.329345703125,40.283203125,69.0,0,0,151,439.0,42.0,0.0,,,59.0,12.0
RPC_vs_fcuk_ctf4(3)_pov_dan_(2005-03-05).dm_26.dm_meta,8184361,7981609,9183073.0,MOD_BRYAR_PISTOL_ALT,bad,False,0.3233333333333333,0.36333333333333334,0.30438023073421483,0.0815339300832785,00:03:24.241,^3[^7RPC^3]^7septimo,,MOD_BRYAR_PISTOL_ALT,0.0,0.0,4.070449352264404,123.34695434570312,114.0,425,0,259,688.0,271.0,344.0,66.0,-2.0,713.0,132.0
RPC_vs_fcuk_ctf4(3)_pov_dan_(2005-03-05).dm_26.dm_meta,8581021,7981609,9183073.0,MOD_ROCKET_SPLASH,bad,False,0.29,0.23666666666666666,0.4598893343698991,0.2027957070057635,00:10:00.901,^3[^7RPC^3]^7septimo,,MOD_ROCKET_SPLASH,0.0,0.0,1.3473825454711914,40.82977294921875,829.0,218,224,336,132.0,123.0,153.0,,,47.0,0.0
RPC_vs_fcuk_ctf4(3)_pov_dan_(2005-03-05).dm_26.dm_meta,8582044,7981609,9183073.0,MOD_ROCKET_SPLASH,bad,False,0.31,0.32,0.3802828534371705,0.28081364239802536,00:10:01.924,^3[^7RPC^3]^7septimo,^1[^7RPC^1]^7Slut,MOD_ROCKET_SPLASH,1.5435791015625,0.046775124967098236,3.570919990539551,108.2096939086914,700.0,321,374,328,374.0,62.0,260.0,,,136.0,17.0
RPC_vs_fcuk_ctf4(3)_pov_dan_(2005-03-05).dm_26.dm_meta,8806378,7981609,9183073.0,MOD_TRIP_MINE_SPLASH,bad,False,,,,,00:13:46.258,^3[^7RPC^3]^7septimo,,MOD_TRIP_MINE_SPLASH,0.0,0.0,16.975597381591797,514.4120483398438,1439.0,387,94,392,613.0,99.0,249.0,,,121.0,20.0
RPC_vs_fcuk_ctf4(3)_pov_dan_(2005-03-05).dm_26.dm_meta,8827465,7981609,9183073.0,MOD_TRIP_MINE_SPLASH,bad,False,,,,,00:14:07.345,^3[^7RPC^3]^7septimo,^1[^7RPC^1]^7Nico,MOD_TRIP_MINE_SPLASH,0.0,0.0,26.215139389038086,794.398193359375,210.0,477,12,748,511.0,445.0,252.0,,,174.0,0.0
RPC_vs_fcuk_ctf4(3)_pov_dan_(2005-03-05).dm_26.dm_meta,8827795,7981609,9183073.0,MOD_TRIP_MINE_SPLASH,bad,False,,,,,00:14:07.675,^3[^7RPC^3]^7septimo,,MOD_TRIP_MINE_SPLASH,1.8914998769760132,0.011463635601103306,4.5774407386779785,138.7103271484375,78.0,479,58,580,587.0,22.0,410.0,,,85.0,0.0
teh-1523.dm_26.dm_meta,59694047,59629796,,MOD_DET_PACK_SPLASH,bad,False,,,,,00:01:05.674,:B^1,^2^^0Book,MOD_DET_PACK_SPLASH,0.14376986026763916,0.004356662277132273,6.869697093963623,208.17263793945312,720.0,805,241,818,492.0,489.0,624.0,,,605.0,60.0
teh-1523.dm_26.dm_meta,59948015,59629796,,MOD_REPEATER_ALT_SPLASH,bad,False,0.24,0.23666666666666666,0.22110472065851097,0.20746888757713286,00:05:19.642,:B^1,^4Tek^1 Janson,MOD_REPEATER_ALT_SPLASH,0.0,0.0,111.37027740478516,3374.85693359375,182.0,429,0,355,406.0,186.0,419.0,,,298.0,57.0
teh-1523.dm_26.dm_meta,59968442,59629796,,MOD_REPEATER_ALT_SPLASH,bad,True,0.14,0.18666666666666668,0.12429585395846925,0.0700533645945844,00:05:40.069,:B^1,^2^^0Book,MOD_REPEATER_ALT_SPLASH,51.52448272705078,0.15613479912281036,54.636661529541016,1655.6563720703125,227.0,313,152,359,243.0,132.0,379.0,,,95.0,0.0
teh-1523.dm_26.dm_meta,60004313,59629796,,MOD_TRIP_MINE_SPLASH,bad,False,,,,,00:06:15.940,:B^1,oe^1Red^3star,MOD_TRIP_MINE_SPLASH,0.42500194907188416,0.0010732372757047415,8.733206748962402,264.64263916015625,408.0,621,370,639,89.0,250.0,367.0,,,406.0,389.0
teh-1523.dm_26.dm_meta,60300026,59629796,,MOD_REPEATER_ALT_SPLASH,bad,False,0.27,0.21,0.8094871759070605,0.14947521378128512,00:11:11.653,:B^1,^3^^7Aarrgg^5h^3h,MOD_REPEATER_ALT_SPLASH,0.6562893986701965,0.0013258372200652957,1.3028181791305542,39.479339599609375,1369.0,250,422,373,427.0,65.0,418.0,,,92.0,0.0
teh-1523.dm_26.dm_meta,60370679,59629796,,MOD_DET_PACK_SPLASH,bad,False,,,,,00:12:22.306,:B^1,^2^^0Book,MOD_DET_PACK_SPLASH,0.0,0.0,0.8305584192276001,25.168437957763672,210.0,0,6,305,305.0,289.0,366.0,,,283.0,8.0
teh-1523.dm_26.dm_meta,60541322,59629796,,MOD_TRIP_MINE_SPLASH,bad,False,,,,,00:15:12.949,:B^1,^4Tek^1 Janson,MOD_TRIP_MINE_SPLASH,2.6487362384796143,0.01605294644832611,2.6487362384796143,80.26473236083984,230.0,188,0,26,473.0,226.0,245.0,,,681.0,527.0
teh-1523.dm_26.dm_meta,60626462,59629796,,MOD_DET_PACK_SPLASH,bad,False,,,,,00:16:38.089,:B^1,^2^^0Book,MOD_DET_PACK_SPLASH,0.5569537281990051,0.01687738485634327,1.0791376829147339,32.701141357421875,748.0,241,64,193,866.0,139.0,283.0,,,286.0,3.0
"teh-ctf4-1113(rocket,fm).dm_26.dm_meta",72618314,72584291,,MOD_ROCKET_SPLASH,bad,False,0.16333333333333333,0.10666666666666667,0.09627511081820352,0.045804516910868905,00:00:35.413,mGa.Pooper Skooper,mGa.Pooper Skooper,MOD_ROCKET_SPLASH,34.46752166748047,0.061439432203769684,62.76222229003906,1901.885498046875,0.0,642,400,653,642.0,400.0,653.0,,,0.0,0.0
"teh-ctf4-1113(rocket,fm).dm_26.dm_meta",72792587,72584291,,MOD_BRYAR_PISTOL_ALT,bad,False,0.15333333333333332,0.12,0.04713028441661998,0.00576567812371884,00:03:29.686,mGa.Pooper Skooper,,MOD_BRYAR_PISTOL_ALT,0.0,0.0,4.021059989929199,121.85030364990234,234.0,262,250,277,516.0,17.0,275.0,165.0,-2.0,38.0,0.0
"teh-ctf4-1113(rocket,fm).dm_26.dm_meta",73139516,72584291,,MOD_ROCKET_SPLASH,bad,False,0.16,0.17333333333333334,0.14894972696789,0.14125138885587932,00:09:16.615,mGa.Pooper Skooper,Jenks,MOD_ROCKET_SPLASH,0.0,0.0,9.098340034484863,275.707275390625,168.0,128,372,527,501.0,65.0,489.0,,,202.0,55.0
"teh-ctf4-1113(rocket,fm).dm_26.dm_meta",73255016,72584291,,MOD_ROCKET,bad,True,0.03,0.056666666666666664,0.011345073457970692,0.002841926095771794,00:11:12.115,mGa.Pooper Skooper,,MOD_ROCKET,58.78799057006836,0.06362336874008179,58.78799057006836,1781.4542236328125,35.0,630,548,342,463.0,690.0,253.0,,,249.0,137.0
"teh-ctf4-1113(rocket,fm).dm_26.dm_meta",73334480,72584291,,MOD_ROCKET_SPLASH,bad,False,0.14666666666666667,0.17,0.17192082766436584,0.08097579855625157,00:12:31.579,mGa.Pooper Skooper,,MOD_ROCKET_SPLASH,0.0,0.0,2.2412109375,67.91548156738281,206.0,350,11,284,394.0,441.0,161.0,,,325.0,259.0
"teh-ctf4-1113(rocket,fm).dm_26.dm_meta",73340123,72584291,,MOD_FALLING,bad,False,,,,,00:12:37.222,mGa.Pooper Skooper,mGa.Pooper Skooper,MOD_FALLING,0.0,0.0,0.0,0.0,0.0,0,0,0,0.0,0.0,0.0,,,0.0,0.0
"teh-ctf4-1113(rocket,fm).dm_26.dm_meta",73509314,72584291,,MOD_ROCKET_SPLASH,bad,False,0.3233333333333333,0.42,0.11860784749491252,0.0730656570652399,00:15:26.413,mGa.Pooper Skooper,,MOD_ROCKET_SPLASH,0.5267998576164246,0.015963632613420486,6.1699018478393555,186.9667205810547,150.0,596,252,543,354.0,133.0,314.0,,,146.0,0.0
"teh-ctf4-1113(rocket,fm).dm_26.dm_meta",73806875,72584291,,MOD_REPEATER,bad,False,,,,,00:20:23.974,mGa.Pooper Skooper,,MOD_REPEATER,0.0,0.0,19.418724060058594,588.4461669921875,183.0,271,0,198,191.0,4.0,256.0,66.0,-3.0,12.0,0.0
"teh-dosuun fake BF match-0246(rocket,dood).dm_26.dm_meta",71777343,71613531,,MOD_ROCKET,bad,False,0.09,0.18666666666666668,0.0182030904949263,0.041766715578077505,00:02:45.169,,marls,MOD_ROCKET,1.0895036458969116,0.033015262335538864,22.02420425415039,667.400146484375,130.0,135,140,14,260.0,436.0,745.0,99.0,-47.0,496.0,287.0
"teh-dosuun fake BF match-0246(rocket,dood).dm_26.dm_meta",71806515,71613531,,MOD_ROCKET_SPLASH,bad,False,0.18,0.24666666666666667,0.2359355031457658,0.06238266063340391,00:03:14.341,,marls,MOD_ROCKET_SPLASH,8.147725105285645,0.0352715365588665,23.611181259155273,715.4903564453125,344.0,234,0,296,382.0,3.0,271.0,,,271.0,94.0
"teh-dosuun fake BF match-0246(rocket,dood).dm_26.dm_meta",71810475,71613531,,MOD_ROCKET_SPLASH,bad,False,0.24333333333333335,0.21,0.20951763801040138,0.11792711262777766,00:03:18.301,,^1BF_^7Wonka,MOD_ROCKET_SPLASH,4.463090419769287,0.1352451592683792,28.640079498291016,867.8812255859375,130.0,624,36,175,742.0,15.0,487.0,,,135.0,0.0
"teh-dosuun fake BF match-0246(rocket,dood).dm_26.dm_meta",72053520,71613531,,MOD_TRIP_MINE_SPLASH,bad,True,,,,,00:07:21.346,,^1BF_^7ph0xx,MOD_TRIP_MINE_SPLASH,16.938840866088867,0.5132982134819031,63.00846481323242,1909.347412109375,,612,294,604,,,,,,,
"teh-dosuun fake BF match-0246(rocket,dood).dm_26.dm_meta",72086586,71613531,,MOD_ROCKET,bad,False,0.04666666666666667,0.043333333333333335,0.020482864293694523,0.00424990838859238,00:07:54.412,,,MOD_ROCKET,0.0,0.0,0.3076171875,9.321733474731445,46.0,236,13,355,492.0,88.0,30.0,33.0,-10.0,83.0,0.0
"teh-dosuun fake BF match-0246(rocket,dood).dm_26.dm_meta",72293034,71613531,,MOD_DET_PACK_SPLASH,bad,False,,,,,00:11:20.860,,,MOD_DET_PACK_SPLASH,0.3131103515625,0.002372048096731305,3.169560432434082,96.04728698730469,361.0,421,329,415,677.0,450.0,442.0,,,581.0,80.0
"teh-dosuun fake BF match-0246(rocket,dood).dm_26.dm_meta",72372564,71613531,,MOD_ROCKET_SPLASH,bad,False,0.19,0.22,0.19163506522138088,0.23977628071852422,00:12:40.390,,marls,MOD_ROCKET_SPLASH,17.227642059326172,0.07457853853702545,54.15780258178711,1641.1455078125,260.0,139,0,513,506.0,213.0,338.0,,,395.0,240.0
"teh-dosuun fake BF match-0246(rocket,dood).dm_26.dm_meta",72378372,71613531,,MOD_ROCKET_SPLASH,bad,False,0.19333333333333333,0.3433333333333333,0.171856192667814,0.15749027465125734,00:12:46.198,,,MOD_ROCKET_SPLASH,0.0,0.0,16.098526000976562,487.8341369628906,175.0,480,33,441,416.0,137.0,250.0,,,48.0,0.0
"teh-dosuun fake BF match-0246(rocket,dood).dm_26.dm_meta",72520404,71613531,,MOD_ROCKET_SPLASH,bad,False,0.4,0.4,0.15645361724609333,0.22897640522204074,00:15:08.230,,^1Zod,MOD_ROCKET_SPLASH,1.21645987033844,0.03686242178082466,50.510555267333984,1530.6229248046875,127.0,320,65,299,403.0,50.0,92.0,,,90.0,0.0
"teh-dosuun fake BF match-0246(rocket,dood).dm_26.dm_meta",72748764,71613531,,MOD_ROCKET_SPLASH,bad,False,0.31,0.3433333333333333,0.2534510770380041,0.2962977097137388,00:18:56.590,,,MOD_ROCKET_SPLASH,0.0,0.0,119.87445068359375,3632.55908203125,204.0,265,0,231,293.0,589.0,377.0,,,241.0,18.0
"teh-dosuun fake BF match-0246(rocket,dood).dm_26.dm_meta",72777705,71613531,,MOD_SABER,bad,False,,,,,00:19:25.531,,^1Zod,MOD_SABER,3.922119140625,0.11885209381580353,4.229736328125,128.173828125,57.0,376,0,333,263.0,0.0,246.0,,,15.0,0.0
"teh-kejim-1519(funny long cap,6).dm_26.dm_meta",61850040,61744040,,MOD_TRIP_MINE_SPLASH,bad,False,,,,,00:01:46.840,Rosh,evrae,MOD_TRIP_MINE_SPLASH,1.0005704164505005,0.025014260783791542,8.461700439453125,256.4151611328125,191.0,325,113,240,469.0,88.0,185.0,,,47.0,0.0
"teh-kejim-1519(funny long cap,6).dm_26.dm_meta",61935720,61744040,,MOD_ROCKET,bad,False,0.23666666666666666,0.16333333333333333,0.07696006418560979,0.048042529828305876,00:03:12.520,Rosh,evrae,MOD_ROCKET,3.174464225769043,0.07936160266399384,117.5543212890625,3562.252197265625,339.0,426,0,507,415.0,16.0,208.0,320.0,-1.0,20.0,0.0
"teh-kejim-1519(funny long cap,6).dm_26.dm_meta",62074960,61744040,,MOD_ROCKET_SPLASH,bad,False,0.23666666666666666,0.22,0.14111102629422503,0.15000548975506597,00:05:31.760,Rosh,Rosh,MOD_ROCKET_SPLASH,0.0,0.0,42.71282196044922,1294.3280029296875,0.0,576,112,295,576.0,112.0,295.0,,,0.0,0.0
"teh-kejim-1519(funny long cap,6).dm_26.dm_meta",62100680,61744040,,MOD_TRIP_MINE_SPLASH,bad,False,,,,,00:05:57.480,Rosh,,MOD_TRIP_MINE_SPLASH,0.8606580495834351,0.021516451612114906,28.07342529296875,850.7098388671875,163.0,489,0,444,185.0,196.0,506.0,,,10.0,0.0
"teh-kejim-1519(funny long cap,6).dm_26.dm_meta",62106960,61744040,,MOD_ROCKET_SPLASH,bad,False,0.38333333333333336,0.3933333333333333,0.16196782576003707,0.13352112482438844,00:06:03.760,Rosh,^1.^7Serium^1',MOD_ROCKET_SPLASH,0.7948591113090515,0.019871477037668228,4.3194050788879395,130.8910675048828,206.0,585,21,402,307.0,43.0,229.0,,,51.0,0.0
"teh-kejim-1519(funny long cap,6).dm_26.dm_meta",62112040,61744040,,MOD_FALLING,bad,False,,,,,00:06:08.840,Rosh,Rosh,MOD_FALLING,0.0,0.0,0.0,0.0,0.0,0,0,0,0.0,0.0,0.0,,,0.0,0.0
"teh-kejim-1519(funny long cap,6).dm_26.dm_meta",62179680,61744040,,MOD_ROCKET,bad,False,0.19666666666666666,0.21666666666666667,0.07917336303609337,0.02052966735570983,00:07:16.480,Rosh,evrae,MOD_ROCKET,2.6660187244415283,0.005126959178596735,2.6660187244415283,80.78844451904297,446.0,208,55,506,360.0,89.0,235.0,640.0,-10.0,44.0,0.0
"teh-kejim-1519(funny long cap,6).dm_26.dm_meta",62179680,61744040,,MOD_ROCKET_SPLASH,bad,False,0.26666666666666666,0.23333333333333334,0.2685371974385511,0.08404911034114926,00:07:16.480,Rosh,synical^1,MOD_ROCKET_SPLASH,2.6660187244415283,0.005126959178596735,2.6660187244415283,80.78844451904297,462.0,208,55,506,188.0,6.0,302.0,,,8.0,0.0
"teh-kejim-1519(funny long cap,6).dm_26.dm_meta",62218360,61744040,,MOD_REPEATER_ALT_SPLASH,bad,False,0.42,0.44333333333333336,0.2465664494492508,0.6340459741622061,00:07:55.160,Rosh,^1.^7Serium^1',MOD_REPEATER_ALT_SPLASH,1.8518807888031006,0.046297021210193634,88.46658325195312,2680.8056640625,393.0,404,173,465,124.0,159.0,370.0,,,54.0,0.0
"teh-kejim-1519(funny long cap,6).dm_26.dm_meta",62277760,61744040,,MOD_ROCKET_SPLASH,good,False,0.4866666666666667,0.6066666666666667,0.17457759954179114,0.7674128373208784,00:08:54.560,Rosh,,MOD_ROCKET_SPLASH,10.298644065856934,0.03678087145090103,14.369644165039062,435.4437561035156,250.0,156,0,221,60.0,91.0,202.0,,,25.0,13.0
"teh-kejim-1519(funny long cap,6).dm_26.dm_meta",62310360,61744040,,MOD_ROCKET_SPLASH,bad,False,0.17666666666666667,0.24,0.1680606088302332,0.06593866758957939,00:09:27.160,Rosh,evrae,MOD_ROCKET_SPLASH,6.761933326721191,0.16904833912849426,28.58247184753418,866.135498046875,228.0,466,14,413,308.0,99.0,303.0,,,92.0,0.0
"teh-kejim-1519(funny long cap,6).dm_26.dm_meta",62339600,61744040,,MOD_ROCKET_SPLASH,bad,False,0.3233333333333333,0.2866666666666667,0.36875880234970426,0.19954485723583518,00:09:56.400,Rosh,,MOD_ROCKET_SPLASH,1.389900803565979,0.034747518599033356,12.338526725769043,373.8947448730469,666.0,372,205,376,273.0,47.0,176.0,,,49.0,0.0
"teh-kejim-1519(funny long cap,6).dm_26.dm_meta",62458920,61744040,,MOD_ROCKET_SPLASH,bad,False,0.15666666666666668,0.2633333333333333,0.1777523108534075,0.15750485169824976,00:11:55.720,Rosh,evrae,MOD_ROCKET_SPLASH,0.7305908203125,0.0182647705078125,19.793073654174805,599.7901000976562,279.0,550,201,521,384.0,196.0,359.0,,,205.0,0.0
"teh-kejim-1519(funny long cap,6).dm_26.dm_meta",62460480,61744040,,MOD_ROCKET_SPLASH,bad,False,0.22666666666666666,0.2966666666666667,0.23370724201572338,0.21238295995407375,00:11:57.280,Rosh,,MOD_ROCKET_SPLASH,0.0,0.0,29.424055099487305,891.6380615234375,316.0,428,0,354,212.0,27.0,334.0,,,23.0,0.0
"teh-kejim-1519(funny long cap,6).dm_26.dm_meta",62504600,61744040,,MOD_BRYAR_PISTOL_ALT,bad,False,0.11666666666666667,0.11333333333333333,0.033026840841167006,0.014102354999099967,00:12:41.400,Rosh,evrae,MOD_BRYAR_PISTOL_ALT,5.650234222412109,0.14125585556030273,8.111083984375,245.79042053222656,32.0,200,0,325,218.0,28.0,106.0,40.0,7.0,24.0,0.0
"teh-kejim-1519(funny long cap,6).dm_26.dm_meta",62619040,61744040,,MOD_REPEATER_ALT_SPLASH,bad,False,0.3333333333333333,0.3466666666666667,0.1364496136634775,0.10625769708308111,00:14:35.840,Rosh,,MOD_REPEATER_ALT_SPLASH,0.0,0.0,1.479630470275879,44.83728790283203,144.0,283,19,341,69.0,71.0,405.0,,,158.0,148.0
"teh-kejim-1519(funny long cap,6).dm_26.dm_meta",62644960,61744040,,MOD_REPEATER_ALT_SPLASH,bad,True,0.08,0.06,0.0212643070224194,0.04056800366115865,00:15:01.760,Rosh,,MOD_REPEATER_ALT_SPLASH,95.72842407226562,2.3932106494903564,113.7878646850586,3448.1171875,51.0,494,54,375,407.0,5.0,266.0,,,41.0,0.0
"teh-kejim-1519(funny long cap,6).dm_26.dm_meta",62648800,61744040,,MOD_REPEATER_ALT_SPLASH,bad,True,0.15333333333333332,0.07,0.0602464999360603,0.025007371492996526,00:15:05.600,Rosh,^1.^7Serium^1',MOD_REPEATER_ALT_SPLASH,109.40751647949219,0.2103990763425827,110.60970306396484,3351.80908203125,148.0,505,280,500,311.0,66.0,331.0,,,72.0,0.0
"teh-kejim-1519(funny long cap,6).dm_26.dm_meta",62653840,61744040,,MOD_TRIP_MINE_SPLASH,bad,False,,,,,00:15:10.640,Rosh,,MOD_TRIP_MINE_SPLASH,0.0,0.0,3.473217725753784,105.2490234375,556.0,214,0,398,258.0,291.0,392.0,,,126.0,20.0
"teh-kejim-1519(funny long cap,6).dm_26.dm_meta",62686920,61744040,,MOD_ROCKET_SPLASH,bad,False,0.22,0.23666666666666666,0.19755978651334374,0.31996472979438995,00:15:43.720,Rosh,^4T^7or^4N,MOD_ROCKET_SPLASH,29.68790054321289,0.07421974837779999,52.64311599731445,1595.2459716796875,361.0,303,180,322,502.0,329.0,301.0,,,522.0,130.0
"teh-kejim-1519(funny long cap,6).dm_26.dm_meta",62717800,61744040,,MOD_ROCKET_SPLASH,bad,False,0.15,0.26,0.3114076395213164,0.25737190622575934,00:16:14.600,Rosh,evrae,MOD_ROCKET_SPLASH,0.0,0.0,74.97026062011719,2271.826171875,459.0,310,311,333,327.0,164.0,454.0,,,171.0,11.0
"teh-kejim-1519(funny long cap,6).dm_26.dm_meta",62741160,61744040,,MOD_SABER,bad,False,,,,,00:16:37.960,Rosh,evrae,MOD_SABER,4.234987258911133,0.1058746799826622,26.7965087890625,812.0154418945312,32.0,230,0,210,476.0,0.0,291.0,,,13.0,0.0
"teh-kejim-1519(funny long cap,6).dm_26.dm_meta",62829360,61744040,,MOD_TRIP_MINE_SPLASH,bad,False,,,,,00:18:06.160,Rosh,evrae,MOD_TRIP_MINE_SPLASH,0.0,0.0,0.7526236176490784,22.80677604675293,145.0,167,321,230,256.0,333.0,339.0,,,61.0,10.0
"teh-kejim-1519(funny long cap,6).dm_26.dm_meta",62901160,61744040,,MOD_ROCKET,bad,False,0.016666666666666666,0.043333333333333335,0.0106487910089829,0.011800899198421462,00:19:17.960,Rosh,evrae,MOD_ROCKET,3.1805419921875,0.0795135498046875,14.306059837341309,433.5169677734375,127.0,463,291,391,291.0,170.0,388.0,120.0,-29.0,31.0,0.0
"teh-kejim-1519(funny long cap,6).dm_26.dm_meta",62919320,61744040,,MOD_ROCKET_SPLASH,bad,True,0.12666666666666668,0.07333333333333333,0.039043971228049,0.07802660973876115,00:19:36.120,Rosh,evrae,MOD_ROCKET_SPLASH,99.22093200683594,0.09922093152999878,99.22093200683594,3006.69482421875,234.0,274,226,327,505.0,214.0,276.0,,,1947.0,1717.0
tehchasecorellia.dm_26.dm_meta,716200,683700,,MOD_BRYAR_PISTOL_ALT,bad,False,0.15333333333333332,0.18333333333333332,0.030925326711531104,0.03552387727852142,00:09:52.200,teh,^2Speedy,MOD_BRYAR_PISTOL_ALT,17.286457061767578,0.017286457121372223,41.381526947021484,1253.9857177734375,143.0,144,0,223,284.0,11.0,0.0,,,28.0,0.0
tehchasecorellia.dm_26.dm_meta,731100,683700,,MOD_BRYAR_PISTOL_ALT,bad,False,0.25666666666666665,0.24666666666666667,0.097001189972815,0.051615298442916874,00:10:07.100,teh,,MOD_BRYAR_PISTOL_ALT,0.0,0.0,79.56682586669922,2411.115966796875,125.0,71,166,259,696.0,452.0,302.0,,,284.0,284.0
tri_0605_1800.dm_26.dm_meta,39637800,39615500,,MOD_TRIP_MINE_SPLASH,bad,False,,,,,00:00:25.400,^5^^0dark.tranquilli^5t^7y,^7sosna,MOD_TRIP_MINE_SPLASH,2.8455755710601807,0.05691151320934296,16.557796478271484,501.75140380859375,256.0,294,35,244,122.0,102.0,392.0,,,43.0,8.0
tri_0605_1800.dm_26.dm_meta,39683250,39615500,,MOD_FALLING,bad,True,,,,,00:01:10.850,^5^^0dark.tranquilli^5t^7y,^1^^0Tyro,MOD_FALLING,0.0,0.0,86.86109924316406,2632.154541015625,2930.0,524,0,406,0.0,0.0,0.0,,,0.0,0.0
tri_0605_1800.dm_26.dm_meta,39710550,39615500,,MOD_ROCKET_SPLASH,bad,True,0.21333333333333335,0.18333333333333332,0.17173053948546124,0.2619851098578265,00:01:38.150,^5^^0dark.tranquilli^5t^7y,^1^^0Tyro,MOD_ROCKET_SPLASH,39.93346405029297,0.08874103426933289,115.76951599121094,3508.167236328125,210.0,319,0,289,284.0,124.0,281.0,,,102.0,0.0
tri_0605_1800.dm_26.dm_meta,39751850,39615500,,MOD_FALLING,bad,True,,,,,00:02:19.450,^5^^0dark.tranquilli^5t^7y,^7sosna,MOD_FALLING,127.07331848144531,0.15884165465831757,127.07331848144531,3850.70654296875,2376.0,402,69,358,0.0,0.0,0.0,,,0.0,0.0
tri_0605_1800.dm_26.dm_meta,39759100,39615500,,MOD_ROCKET_SPLASH,bad,False,0.34,0.43333333333333335,0.2745442348497641,0.2880978742302054,00:02:26.700,^5^^0dark.tranquilli^5t^7y,^1^^0Tyro,MOD_ROCKET_SPLASH,0.0,0.0,110.1158676147461,3336.844482421875,248.0,339,13,356,674.0,403.0,513.0,,,704.0,33.0
tri_0605_1800.dm_26.dm_meta,39841750,39615500,,MOD_TRIP_MINE_SPLASH,bad,False,,,,,00:03:49.350,^5^^0dark.tranquilli^5t^7y,^1^^0Tyro,MOD_TRIP_MINE_SPLASH,0.0,0.0,34.66368865966797,1050.414794921875,163.0,221,1,242,589.0,50.0,379.0,,,39.0,0.0
tri_0605_1800.dm_26.dm_meta,39864500,39615500,,MOD_FALLING,bad,False,,,,,00:04:12.100,^5^^0dark.tranquilli^5t^7y,^7sosna,MOD_FALLING,0.0,0.0,2.3519787788391113,71.27208709716797,411.0,406,337,475,229.0,0.0,453.0,,,10.0,0.0
tri_0605_1800.dm_26.dm_meta,39907000,39615500,,MOD_TRIP_MINE_SPLASH,bad,False,,,,,00:04:54.600,^5^^0dark.tranquilli^5t^7y,^1^^0Tyro,MOD_TRIP_MINE_SPLASH,13.8402681350708,0.039543624967336655,20.502668380737305,621.29296875,194.0,335,0,409,300.0,289.0,249.0,,,238.0,0.0
tri_0605_1800.dm_26.dm_meta,39940100,39615500,,MOD_FALLING,bad,False,,,,,00:05:27.700,^5^^0dark.tranquilli^5t^7y,^1^^0Tyro,MOD_FALLING,0.0,0.0,73.659912109375,2232.11865234375,425.0,193,184,205,19.0,0.0,493.0,,,0.0,0.0
tri_0605_1800.dm_26.dm_meta,39948800,39615500,,MOD_TRIP_MINE_SPLASH,bad,False,,,,,00:05:36.400,^5^^0dark.tranquilli^5t^7y,^7sosna,MOD_TRIP_MINE_SPLASH,12.612286567687988,0.03603510558605194,57.3265266418457,1737.16748046875,155.0,425,0,508,866.0,811.0,531.0,,,303.0,18.0
tri_0605_1800.dm_26.dm_meta,39979900,39615500,,MOD_ROCKET,bad,False,0.03333333333333333,0.04,0.014734629566910467,0.009886364451316288,00:06:07.500,^5^^0dark.tranquilli^5t^7y,^7sosna,MOD_ROCKET,0.0,0.0,47.63304138183594,1443.425537109375,65.0,366,286,567,748.0,295.0,280.0,50.0,-12.0,2163.0,1906.0
tri_0605_1800.dm_26.dm_meta,40016050,39615500,,MOD_ROCKET_SPLASH,bad,True,0.14333333333333334,0.20333333333333334,0.09059551854017903,0.0469700524029772,00:06:43.650,^5^^0dark.tranquilli^5t^7y,^7Cleric^5_^7f^5m,MOD_ROCKET_SPLASH,64.72325897216797,0.16180814802646637,64.72325897216797,1961.3109130859375,106.0,324,0,306,180.0,372.0,305.0,,,169.0,20.0
tri_0605_1800.dm_26.dm_meta,40066650,39615500,,MOD_ROCKET_SPLASH,bad,False,0.13,0.14,0.1501713423133069,0.09312500061367819,00:07:34.250,^5^^0dark.tranquilli^5t^7y,^1^^0Tyro,MOD_ROCKET_SPLASH,1.3556545972824097,0.009037697687745094,5.410409927368164,163.95181274414062,302.0,504,289,447,572.0,399.0,552.0,,,1091.0,480.0
tri_0605_1800.dm_26.dm_meta,40092900,39615500,,MOD_FALLING,bad,True,,,,,00:08:00.500,^5^^0dark.tranquilli^5t^7y,^7sosna,MOD_FALLING,66.77386474609375,0.11128977686166763,66.77386474609375,2023.450439453125,1908.0,611,57,484,0.0,0.0,0.0,,,0.0,0.0
tri_0605_1800.dm_26.dm_meta,40143600,39615500,,MOD_ROCKET_SPLASH,bad,False,0.38333333333333336,0.5633333333333334,0.153837703846152,0.2005557222375844,00:08:51.200,^5^^0dark.tranquilli^5t^7y,^7sosna,MOD_ROCKET_SPLASH,5.226317405700684,0.005807019304484129,81.53164672851562,2470.656005859375,94.0,198,20,309,153.0,344.0,325.0,,,154.0,34.0
tri_0605_1800.dm_26.dm_meta,40168200,39615500,,MOD_ROCKET_SPLASH,bad,True,0.07,0.06333333333333334,0.03558750223347745,0.01566434815642685,00:09:15.800,^5^^0dark.tranquilli^5t^7y,^1^^0Tyro,MOD_ROCKET_SPLASH,64.73971557617188,0.21579904854297638,76.72537231445312,2325.01123046875,157.0,271,36,554,326.0,401.0,285.0,,,1864.0,1801.0
tri_0605_1800.dm_26.dm_meta,40197950,39615500,,MOD_ROCKET_SPLASH,bad,True,0.21333333333333335,0.21666666666666667,0.12545644125497024,0.19183675803264247,00:09:45.550,^5^^0dark.tranquilli^5t^7y,^7sosna,MOD_ROCKET_SPLASH,65.87926483154297,0.10135271400213242,65.87926483154297,1996.34130859375,267.0,321,0,417,254.0,294.0,240.0,,,242.0,51.0
tri_0605_1800.dm_26.dm_meta,40223500,39615500,,MOD_ROCKET_SPLASH,bad,False,0.23333333333333334,0.24333333333333335,0.23701025794399713,0.2112042647059139,00:10:11.100,^5^^0dark.tranquilli^5t^7y,^1^^0Tyro,MOD_ROCKET_SPLASH,0.0,0.0,50.71418762207031,1536.7935791015625,309.0,325,77,282,322.0,123.0,195.0,,,113.0,0.0
tri_0605_1800.dm_26.dm_meta,40253550,39615500,,MOD_FALLING,bad,True,,,,,00:10:41.150,^5^^0dark.tranquilli^5t^7y,^1^^0Tyro,MOD_FALLING,1.3128776550292969,0.002188129350543022,172.32044982910156,5221.83203125,3584.0,395,161,448,0.0,0.0,0.0,,,0.0,0.0
tri_0605_1800.dm_26.dm_meta,40288300,39615500,,MOD_REPEATER_ALT_SPLASH,bad,False,0.1,0.12333333333333334,0.12109175361510599,0.03402239353453555,00:11:15.900,^5^^0dark.tranquilli^5t^7y,^7sosna,MOD_REPEATER_ALT_SPLASH,0.0,0.0,40.138675689697266,1216.323486328125,160.0,431,426,520,389.0,760.0,304.0,,,343.0,302.0
tri_0605_1800.dm_26.dm_meta,40312450,39615500,,MOD_TRIP_MINE_SPLASH,bad,False,,,,,00:11:40.050,^5^^0dark.tranquilli^5t^7y,be^3a^7sty Ba^3rr^7y,MOD_TRIP_MINE_SPLASH,0.6976318359375,0.01395263709127903,47.43697738647461,1437.484130859375,239.0,298,0,379,550.0,605.0,186.0,,,704.0,151.0
tri_0605_1800.dm_26.dm_meta,40329800,39615500,,MOD_ROCKET_SPLASH,bad,True,0.06666666666666667,0.06,0.10323921656927429,0.03986601234718656,00:11:57.400,^5^^0dark.tranquilli^5t^7y,^1^^0Tyro,MOD_ROCKET_SPLASH,24.471548080444336,0.4894309639930725,24.471548080444336,741.5620727539062,159.0,457,42,335,454.0,188.0,150.0,,,297.0,12.0
tri_0605_1800.dm_26.dm_meta,40332500,39615500,,MOD_ROCKET_SPLASH,bad,False,0.38333333333333336,0.25333333333333335,0.09813822918183505,0.3066754493066211,00:12:00.100,^5^^0dark.tranquilli^5t^7y,^5^^0dark.tranquilli^5t^7y,MOD_ROCKET_SPLASH,34.30080032348633,0.042876001447439194,111.31961822509766,3373.32177734375,0.0,90,105,743,90.0,105.0,743.0,,,0.0,0.0
tri_0605_1800.dm_26.dm_meta,40451200,39615500,,MOD_FALLING,bad,True,,,,,00:13:58.800,^5^^0dark.tranquilli^5t^7y,^1^^0Tyro,MOD_FALLING,44.36762237548828,0.052197203040122986,76.82291412353516,2327.967041015625,4616.0,465,86,423,0.0,0.0,0.0,,,0.0,0.0
tri_0605_1800.dm_26.dm_meta,40459250,39615500,,MOD_REPEATER_ALT_SPLASH,bad,True,0.14666666666666667,0.14333333333333334,0.1401907495923727,0.06244041425690847,00:14:06.850,^5^^0dark.tranquilli^5t^7y,^7sosna,MOD_REPEATER_ALT_SPLASH,74.60685729980469,0.14921371638774872,91.96700286865234,2786.87890625,215.0,314,0,508,560.0,75.0,413.0,,,152.0,0.0
tri_0605_1800.dm_26.dm_meta,40479000,39615500,,MOD_BRYAR_PISTOL_ALT,bad,True,0.22666666666666666,0.2733333333333333,0.04317517693212162,0.02198424539712535,00:14:26.600,^5^^0dark.tranquilli^5t^7y,^1^^0Tyro,MOD_BRYAR_PISTOL_ALT,43.76412582397461,0.14588041603565216,60.982295989990234,1847.9483642578125,203.0,280,92,285,640.0,108.0,416.0,100.0,-18.0,48.0,0.0
tri_0605_1800.dm_26.dm_meta,40508700,39615500,,MOD_TRIP_MINE_SPLASH,bad,False,,,,,00:14:56.300,^5^^0dark.tranquilli^5t^7y,be^3a^7sty Ba^3rr^7y,MOD_TRIP_MINE_SPLASH,6.0765814781188965,0.010127635672688484,7.921258449554443,240.0381317138672,127.0,143,79,159,142.0,58.0,271.0,,,3.0,1.0
tri_0605_1800.dm_26.dm_meta,40508700,39615500,,MOD_TRIP_MINE_SPLASH,bad,False,,,,,00:14:56.300,^5^^0dark.tranquilli^5t^7y,^5^^0dark.tranquilli^5t^7y,MOD_TRIP_MINE_SPLASH,6.0765814781188965,0.010127635672688484,7.921258449554443,240.0381317138672,0.0,143,79,159,143.0,79.0,159.0,,,0.0,0.0
tri_0605_1800.dm_26.dm_meta,40556050,39615500,,MOD_FALLING,bad,True,,,,,00:15:43.650,^5^^0dark.tranquilli^5t^7y,^1^^0Tyro,MOD_FALLING,36.36097717285156,0.05194425210356712,177.51220703125,5379.15771484375,,508,232,467,,,,,,,
tri_0605_1800.dm_26.dm_meta,40575750,39615500,,MOD_ROCKET_SPLASH,bad,False,0.29,0.43666666666666665,0.14859299942800377,0.11449408340681663,00:16:03.350,^5^^0dark.tranquilli^5t^7y,^7sosna,MOD_ROCKET_SPLASH,21.298301696777344,0.04732955992221832,28.712976455688477,870.0902099609375,218.0,340,68,275,223.0,2.0,230.0,,,101.0,50.0
tri_0605_1800.dm_26.dm_meta,40578000,39615500,,MOD_ROCKET,bad,False,0.056666666666666664,0.06,0.006810412275300118,0.0040892325635112905,00:16:05.600,^5^^0dark.tranquilli^5t^7y,^7Cleric^5_^7f^5m,MOD_ROCKET,0.0,0.0,0.0,0.0,74.0,646,170,338,379.0,325.0,370.0,50.0,-40.0,92.0,0.0
tri_0605_1800.dm_26.dm_meta,40616950,39615500,,MOD_REPEATER_ALT,bad,False,0.32666666666666666,0.37,0.009721513995054139,0.05885078493624854,00:16:44.550,^5^^0dark.tranquilli^5t^7y,^1^^0Tyro,MOD_REPEATER_ALT,13.02293872833252,0.1302293837070465,26.285844802856445,796.540771484375,92.0,192,17,240,438.0,80.0,276.0,100.0,-16.0,35.0,0.0
tri_0605_1800.dm_26.dm_meta,40634750,39615500,,MOD_ROCKET_SPLASH,bad,False,0.25666666666666665,0.29,0.17208066567250557,0.23044348439424608,00:17:02.350,^5^^0dark.tranquilli^5t^7y,^1^^0Tyro,MOD_ROCKET_SPLASH,0.6603230834007263,0.013206461444497108,22.663522720336914,686.7734375,177.0,513,126,174,342.0,99.0,299.0,,,136.0,12.0
tri_0605_1800.dm_26.dm_meta,40694500,39615500,,MOD_ROCKET_SPLASH,bad,True,0.07,0.04,0.08188122421597473,0.03187433651954483,00:18:02.100,^5^^0dark.tranquilli^5t^7y,^1^^0Tyro,MOD_ROCKET_SPLASH,64.58335876464844,0.21527786552906036,64.76943969726562,1962.7103271484375,32.0,450,128,394,669.0,114.0,336.0,,,288.0,9.0
tri_0605_1800.dm_26.dm_meta,40712050,39615500,,MOD_FALLING,bad,False,,,,,00:18:19.650,^5^^0dark.tranquilli^5t^7y,^1^^0Tyro,MOD_FALLING,0.0,0.0,106.2199935913086,3218.78759765625,2023.0,152,0,189,0.0,0.0,0.0,,,0.0,0.0
tri_0605_1800.dm_26.dm_meta,40720050,39615500,,MOD_FLECHETTE_ALT_SPLASH,bad,True,0.17333333333333334,0.19333333333333333,0.1596971583150999,0.04775529598888194,00:18:27.650,^5^^0dark.tranquilli^5t^7y,^5^^0dark.tranquilli^5t^7y,MOD_FLECHETTE_ALT_SPLASH,15.227195739746094,0.3045439124107361,82.82644653320312,2509.892333984375,0.0,1206,110,289,1206.0,110.0,289.0,,,0.0,0.0
tri_0605_1800.dm_26.dm_meta,40762800,39615500,,MOD_REPEATER_ALT,bad,False,0.20333333333333334,0.18333333333333332,0.010957228880267548,0.007143703347605504,00:19:10.400,^5^^0dark.tranquilli^5t^7y,^1^^0Tyro,MOD_REPEATER_ALT,31.491846084594727,0.05248640850186348,32.617462158203125,988.407958984375,37.0,213,60,693,430.0,195.0,269.0,,,57.0,0.0
tri_0605_1800.dm_26.dm_meta,40812200,39615500,,MOD_FALLING,bad,True,,,,,00:19:59.800,^5^^0dark.tranquilli^5t^7y,^1^^0Tyro,MOD_FALLING,0.6525545716285706,0.006525545846670866,119.60266876220703,3624.3232421875,4489.0,10,155,4491,0.0,0.0,0.0,,,0.0,0.0
tri_being_a_mid_pain.dm_26.dm_meta,85414050,85358100,86570000.0,MOD_ROCKET_SPLASH,bad,True,0.2,0.23333333333333334,0.09745224390603134,0.08859910098835715,00:00:59.400,^5^^0s^7aint^5of^7killer^5s,^2M^7a^2gn^7o^2l^7ia,MOD_ROCKET_SPLASH,79.49234008789062,0.14453153312206268,79.49234008789062,2408.85888671875,96.0,294,154,225,490.0,31.0,331.0,,,72.0,0.0
tri_being_a_mid_pain.dm_26.dm_meta,85461700,85358100,86570000.0,MOD_ROCKET_SPLASH,bad,True,0.24333333333333335,0.33666666666666667,0.13044397404539398,0.06513723340406095,00:01:47.050,^5^^0s^7aint^5of^7killer^5s,,MOD_ROCKET_SPLASH,18.092931747436523,0.36185863614082336,61.98377990722656,1878.29638671875,138.0,191,0,244,192.0,79.0,257.0,,,70.0,11.0
tri_being_a_mid_pain.dm_26.dm_meta,85588850,85358100,86570000.0,MOD_ROCKET,bad,False,0.05333333333333334,0.05,0.013804114495717073,0.004176010646413168,00:03:54.200,^5^^0s^7aint^5of^7killer^5s,^7*FoR*^1B^71^1c^71,MOD_ROCKET,0.0,0.0,21.04399871826172,637.6969604492188,31.0,601,245,84,228.0,125.0,480.0,,,13.0,0.0
tri_being_a_mid_pain.dm_26.dm_meta,85919850,85358100,86570000.0,MOD_REPEATER_ALT,bad,False,0.2833333333333333,0.33,0.037454670022074726,0.017482738650192904,00:09:25.200,^5^^0s^7aint^5of^7killer^5s,,MOD_REPEATER_ALT,0.0,0.0,2.728527069091797,82.6826400756836,69.0,373,58,317,658.0,40.0,210.0,,,352.0,3.0
tri_being_a_mid_pain.dm_26.dm_meta,86111200,85358100,86570000.0,MOD_ROCKET_SPLASH,bad,True,0.14,0.12333333333333334,0.09971967800935497,0.06910726066328352,00:12:36.550,^5^^0s^7aint^5of^7killer^5s,^7*FoR*^1B^71^1c^71,MOD_ROCKET_SPLASH,47.35191345214844,0.47351914644241333,64.2423095703125,1946.7366943359375,162.0,371,110,264,279.0,95.0,284.0,,,86.0,0.0
tri_being_a_mid_pain.dm_26.dm_meta,86517850,85358100,86570000.0,MOD_ROCKET_SPLASH,bad,True,0.21,0.3,0.13600123973192974,0.1885512207198487,00:19:23.200,^5^^0s^7aint^5of^7killer^5s,^3s^7ir^3.^3Ka^7ck^3les,MOD_ROCKET_SPLASH,18.947904586791992,0.3789581060409546,85.24066925048828,2583.050537109375,64.0,383,5,103,257.0,8.0,437.0,,,11.0,0.0
tri_chase_BS_ctf4 (3).dm_26.dm_meta,4536000,4516000,5729100.0,MOD_ROCKET_SPLASH,bad,False,0.3333333333333333,0.38333333333333336,0.18287130498911128,0.20341634863828764,00:00:22.150,^5^^0dark.tranquilli^5t^7y,^4^^0maxell,MOD_ROCKET_SPLASH,3.27392578125,0.06547851860523224,8.068558692932129,244.5017852783203,225.0,252,0,231,198.0,338.0,303.0,,,174.0,62.0
tri_chase_BS_ctf4 (3).dm_26.dm_meta,4579050,4516000,5729100.0,MOD_REPEATER_ALT_SPLASH,bad,False,0.30666666666666664,0.23666666666666666,0.15989342367656384,0.18972550529499257,00:01:05.200,^5^^0dark.tranquilli^5t^7y,^^0Ruparu,MOD_REPEATER_ALT_SPLASH,0.0,0.0,40.752349853515625,1234.919677734375,113.0,421,35,429,503.0,31.0,192.0,,,88.0,0.0
tri_chase_BS_ctf4 (3).dm_26.dm_meta,4612600,4516000,5729100.0,MOD_ROCKET_SPLASH,good,False,0.5266666666666666,0.5033333333333333,0.18243924968117609,0.3025037973828356,00:01:38.750,^5^^0dark.tranquilli^5t^7y,flu^4s^7h,MOD_ROCKET_SPLASH,0.9565836787223816,0.019131673499941826,88.05596160888672,2668.362548828125,185.0,296,0,293,96.0,321.0,185.0,,,76.0,12.0
tri_chase_BS_ctf4 (3).dm_26.dm_meta,4617650,4516000,5729100.0,MOD_REPEATER_ALT_SPLASH,bad,False,0.38,0.44333333333333336,0.13386670008001236,0.11797592582461139,00:01:43.800,^5^^0dark.tranquilli^5t^7y,^7imm^6.^7nL,MOD_REPEATER_ALT_SPLASH,0.230712890625,0.0046142577193677425,71.94622039794922,2180.1884765625,77.0,235,21,518,232.0,1.0,182.0,,,16.0,0.0
tri_chase_BS_ctf4 (3).dm_26.dm_meta,4629350,4516000,5729100.0,MOD_FALLING,bad,False,,,,,00:01:55.500,^5^^0dark.tranquilli^5t^7y,^4^^0maxell,MOD_FALLING,0.0,0.0,35.82014465332031,1085.458984375,,722,175,633,,,,,,,
tri_chase_BS_ctf4 (3).dm_26.dm_meta,4638700,4516000,5729100.0,MOD_ROCKET_SPLASH,bad,False,0.06666666666666667,0.04666666666666667,0.1828632120975806,0.103799364437624,00:02:04.850,^5^^0dark.tranquilli^5t^7y,^^0Ruparu,MOD_ROCKET_SPLASH,0.0,0.0,103.0967788696289,3124.144775390625,131.0,582,182,559,634.0,148.0,488.0,,,288.0,0.0
tri_chase_BS_ctf4 (3).dm_26.dm_meta,4641850,4516000,5729100.0,MOD_ROCKET,bad,False,0.02,0.02,0.03304235119582146,0.00857058643985816,00:02:08.000,^5^^0dark.tranquilli^5t^7y,^4(&),MOD_ROCKET,1.2546679973602295,0.025093359872698784,19.875890731811523,602.2997436523438,44.0,436,13,376,596.0,160.0,187.0,,,54.0,3.0
tri_chase_BS_ctf4 (3).dm_26.dm_meta,4656900,4516000,5729100.0,MOD_ROCKET_SPLASH,bad,False,0.10666666666666667,0.16,0.12642103957216994,0.03872064026381738,00:02:23.050,^5^^0dark.tranquilli^5t^7y,^4^^0maxell,MOD_ROCKET_SPLASH,27.22649383544922,0.13613246381282806,31.75665855407715,962.322998046875,163.0,421,7,627,529.0,433.0,495.0,,,544.0,135.0
tri_chase_BS_ctf4 (3).dm_26.dm_meta,4704350,4516000,5729100.0,MOD_ROCKET_SPLASH,bad,True,0.12333333333333334,0.11666666666666667,0.11370783214597854,0.1983314592264959,00:03:10.500,^5^^0dark.tranquilli^5t^7y,^^0Ruparu,MOD_ROCKET_SPLASH,48.12197494506836,0.12030493468046188,135.99209594726562,4120.97265625,76.0,328,184,309,470.0,135.0,248.0,,,203.0,0.0
tri_chase_BS_ctf4 (3).dm_26.dm_meta,4821800,4516000,5729100.0,MOD_DET_PACK_SPLASH,bad,False,,,,,00:05:07.950,^5^^0dark.tranquilli^5t^7y,^4^^0maxell,MOD_DET_PACK_SPLASH,0.0,0.0,1.8111287355422974,54.8826904296875,93.0,467,382,499,906.0,230.0,292.0,,,194.0,0.0
tri_chase_BS_ctf4 (3).dm_26.dm_meta,4821800,4516000,5729100.0,MOD_DET_PACK_SPLASH,bad,False,,,,,00:05:07.950,^5^^0dark.tranquilli^5t^7y,^7Cleric^5_^7f^5m,MOD_DET_PACK_SPLASH,0.0,0.0,1.8111287355422974,54.8826904296875,108.0,467,382,499,805.0,51.0,210.0,,,388.0,158.0
tri_chase_BS_ctf4 (3).dm_26.dm_meta,4830700,4516000,5729100.0,MOD_ROCKET,bad,False,0.27666666666666667,0.32666666666666666,0.1303672616591533,0.00820838426968203,00:05:16.850,^5^^0dark.tranquilli^5t^7y,^4(&),MOD_ROCKET,2.7999892234802246,0.009333297610282898,32.32054138183594,979.4103393554688,616.0,298,257,312,445.0,694.0,755.0,600.0,-45.0,107.0,10.0
tri_chase_BS_ctf4 (3).dm_26.dm_meta,4913200,4516000,5729100.0,MOD_FALLING,bad,True,,,,,00:06:39.350,^5^^0dark.tranquilli^5t^7y,^4^^0maxell,MOD_FALLING,11.896018981933594,0.03965339809656143,14.958910942077637,453.3003234863281,2289.0,360,16,334,0.0,0.0,0.0,,,0.0,0.0
tri_chase_BS_ctf4 (3).dm_26.dm_meta,4917750,4516000,5729100.0,MOD_REPEATER_ALT_SPLASH,bad,False,0.31666666666666665,0.33,0.4313710876734047,0.40062141386571154,00:06:43.900,^5^^0dark.tranquilli^5t^7y,^^0Ruparu,MOD_REPEATER_ALT_SPLASH,0.0,0.0,2.2772793769836426,69.00846862792969,609.0,301,210,342,427.0,91.0,664.0,,,104.0,23.0
tri_chase_BS_ctf4 (3).dm_26.dm_meta,4957300,4516000,5729100.0,MOD_ROCKET_SPLASH,bad,False,0.23,0.21666666666666667,0.11811074854914323,0.04080310708778449,00:07:23.450,^5^^0dark.tranquilli^5t^7y,^^0Ruparu,MOD_ROCKET_SPLASH,0.0,0.0,31.851329803466797,965.1918334960938,157.0,378,119,265,95.0,339.0,347.0,,,556.0,538.0
tri_chase_BS_ctf4 (3).dm_26.dm_meta,4972050,4516000,5729100.0,MOD_ROCKET_SPLASH,bad,False,0.24,0.27,0.21325698755679995,0.20393887717823672,00:07:38.200,^5^^0dark.tranquilli^5t^7y,^4^^0maxell,MOD_ROCKET_SPLASH,8.301117897033691,0.023717479780316353,72.42642974853516,2194.740234375,294.0,334,0,482,410.0,398.0,184.0,,,349.0,5.0
tri_chase_BS_ctf4 (3).dm_26.dm_meta,4992850,4516000,5729100.0,MOD_REPEATER_ALT_SPLASH,bad,False,0.14333333333333334,0.2,0.10134319783556035,0.05794824307980914,00:07:59.000,^5^^0dark.tranquilli^5t^7y,^^0Ruparu,MOD_REPEATER_ALT_SPLASH,24.08429718017578,0.16056197881698608,35.851829528808594,1086.4190673828125,133.0,342,247,357,310.0,17.0,278.0,,,179.0,75.0
tri_chase_BS_ctf4 (3).dm_26.dm_meta,5012450,4516000,5729100.0,MOD_ROCKET_SPLASH,bad,True,0.12,0.05,0.049595124939731165,0.08250810164962749,00:08:18.600,^5^^0dark.tranquilli^5t^7y,^5^^0dark.tranquilli^5t^7y,MOD_ROCKET_SPLASH,153.47628784179688,0.18056033551692963,157.8926239013672,4784.625,0.0,432,59,347,432.0,59.0,347.0,,,0.0,0.0
tri_chase_BS_ctf4 (3).dm_26.dm_meta,5105000,4516000,5729100.0,MOD_ROCKET_SPLASH,bad,False,0.19333333333333333,0.21666666666666667,0.1692384374163812,0.12094067175787215,00:09:51.150,^5^^0dark.tranquilli^5t^7y,^4^^0maxell,MOD_ROCKET_SPLASH,0.0,0.0,82.0533447265625,2486.465087890625,223.0,255,495,317,386.0,406.0,457.0,,,445.0,55.0
tri_chase_BS_ctf4 (3).dm_26.dm_meta,5132850,4516000,5729100.0,MOD_FALLING,bad,True,,,,,00:10:19.000,^5^^0dark.tranquilli^5t^7y,^4^^0maxell,MOD_FALLING,0.0,0.0,28.106107711791992,851.7002563476562,2056.0,425,61,323,0.0,0.0,0.0,,,0.0,0.0
tri_chase_BS_ctf4 (3).dm_26.dm_meta,5209250,4516000,5729100.0,MOD_FLECHETTE,bad,False,,,,,00:11:35.400,^5^^0dark.tranquilli^5t^7y,^^0Ruparu,MOD_FLECHETTE,0.0,0.0,0.9228515625,27.965198516845703,180.0,456,0,391,529.0,293.0,413.0,50.0,2.0,457.0,12.0
tri_chase_BS_ctf4 (3).dm_26.dm_meta,5299900,4516000,5729100.0,MOD_ROCKET_SPLASH,bad,False,0.18,0.25666666666666665,0.16538402020071452,0.140323976130239,00:13:06.050,^5^^0dark.tranquilli^5t^7y,^4^^0maxell,MOD_ROCKET_SPLASH,0.0,0.0,19.43958854675293,589.0784301757812,173.0,97,0,560,237.0,158.0,463.0,,,191.0,77.0
tri_chase_BS_ctf4 (3).dm_26.dm_meta,5378800,4516000,5729100.0,MOD_FALLING,bad,False,,,,,00:14:24.950,^5^^0dark.tranquilli^5t^7y,^7Cleric^5_^7f^5m,MOD_FALLING,0.0,0.0,22.629175186157227,685.7326049804688,,529,72,462,,,,,,,
tri_chase_BS_ctf4 (3).dm_26.dm_meta,5387900,4516000,5729100.0,MOD_FALLING,bad,True,,,,,00:14:34.050,^5^^0dark.tranquilli^5t^7y,^4^^0maxell,MOD_FALLING,33.323692321777344,0.08330923318862915,37.098995208740234,1124.2120361328125,2338.0,654,0,544,0.0,0.0,0.0,,,0.0,0.0
tri_chase_BS_ctf4 (3).dm_26.dm_meta,5407600,4516000,5729100.0,MOD_ROCKET_SPLASH,bad,False,0.14,0.16333333333333333,0.213224668074077,0.20835587698976563,00:14:53.750,^5^^0dark.tranquilli^5t^7y,^4^^0maxell,MOD_ROCKET_SPLASH,0.0,0.0,32.91827392578125,997.5234375,207.0,528,0,454,500.0,208.0,554.0,,,290.0,0.0
tri_chase_BS_ctf4 (3).dm_26.dm_meta,5462600,4516000,5729100.0,MOD_DET_PACK_SPLASH,bad,False,,,,,00:15:48.750,^5^^0dark.tranquilli^5t^7y,^4^^0maxell,MOD_DET_PACK_SPLASH,0.0,0.0,22.62792205810547,685.6946411132812,605.0,0,80,84,498.0,685.0,330.0,,,442.0,151.0
tri_chase_BS_ctf4 (3).dm_26.dm_meta,5514550,4516000,5729100.0,MOD_ROCKET_SPLASH,bad,False,0.44333333333333336,0.3566666666666667,0.5253159199036391,0.3001819340543947,00:16:40.700,^5^^0dark.tranquilli^5t^7y,^4^^0maxell,MOD_ROCKET_SPLASH,0.0,0.0,49.491844177246094,1499.7528076171875,635.0,0,274,120,604.0,172.0,527.0,,,172.0,51.0
tri_chase_BS_ctf4 (3).dm_26.dm_meta,5596650,4516000,5729100.0,MOD_DET_PACK_SPLASH,bad,True,,,,,00:18:02.800,^5^^0dark.tranquilli^5t^7y,^4^^0maxell,MOD_DET_PACK_SPLASH,0.0,0.0,0.0,0.0,110.0,901,311,481,1042.0,762.0,396.0,,,375.0,112.0
tri_chase_BS_ctf4 (3).dm_26.dm_meta,5609500,4516000,5729100.0,MOD_ROCKET_SPLASH,bad,False,0.17,0.21666666666666667,0.5221604067931062,0.11511398198629227,00:18:15.650,^5^^0dark.tranquilli^5t^7y,^^0Ruparu,MOD_ROCKET_SPLASH,0.0,0.0,4.89083194732666,148.20703125,717.0,115,0,245,282.0,504.0,363.0,,,72.0,39.0
tri_chase_BS_ctf4 (3).dm_26.dm_meta,5620450,4516000,5729100.0,MOD_ROCKET_SPLASH,bad,False,0.48333333333333334,0.49333333333333335,0.16364194675431323,0.37458000884432047,00:18:26.600,^5^^0dark.tranquilli^5t^7y,^^0Ruparu,MOD_ROCKET_SPLASH,1.6422631740570068,0.03284526243805885,37.05943298339844,1123.01318359375,76.0,428,59,113,333.0,451.0,321.0,,,96.0,0.0
tri_chase_BS_ctf4 (3).dm_26.dm_meta,5637000,4516000,5729100.0,MOD_REPEATER_ALT_SPLASH,bad,True,0.19666666666666666,0.22,0.1743198601289157,0.18577476098899365,00:18:43.150,^5^^0dark.tranquilli^5t^7y,^4^^0maxell,MOD_REPEATER_ALT_SPLASH,43.29266357421875,0.10823165625333786,46.33712387084961,1404.1552734375,253.0,271,0,315,333.0,150.0,427.0,,,100.0,49.0
tri_chase_BS_ctf4 (3).dm_26.dm_meta,5666750,4516000,5729100.0,MOD_BRYAR_PISTOL_ALT,bad,False,0.19666666666666666,0.2733333333333333,0.22507196066918952,0.05474404023272274,00:19:12.900,^5^^0dark.tranquilli^5t^7y,^7Cleric^5_^7f^5m,MOD_BRYAR_PISTOL_ALT,0.0,0.0,69.19606018066406,2096.850341796875,261.0,172,0,195,548.0,260.0,338.0,100.0,-3.0,178.0,13.0
tri_chase_BS_ctf4 (3).dm_26.dm_meta,5692250,4516000,5729100.0,MOD_ROCKET,bad,True,0.023333333333333334,0.023333333333333334,0.00398484865350091,0.0016650489218039929,00:19:38.400,^5^^0dark.tranquilli^5t^7y,^4^^0maxell,MOD_ROCKET,59.17350769042969,0.23669403791427612,62.45880889892578,1892.691162109375,70.0,617,251,517,419.0,472.0,377.0,100.0,-70.0,51.0,0.0
tri_chase_BS_ctf4 (4).dm_26.dm_meta,8219950,8162750,,MOD_ROCKET_SPLASH,bad,False,0.07666666666666666,0.11333333333333333,0.22461581823985546,0.14157815384810724,00:00:59.250,^3^^0dark.tranquillit^3y,^4b^5S^7.^4L^7o^5nd^7o^4n,MOD_ROCKET_SPLASH,0.0,0.0,17.552570343017578,531.8960571289062,344.0,291,400,326,459.0,422.0,557.0,,,418.0,90.0
tri_chase_BS_ctf4 (4).dm_26.dm_meta,8290150,8162750,,MOD_ROCKET_SPLASH,bad,False,0.4033333333333333,0.5066666666666667,0.18459381786654594,0.3161995334070818,00:02:09.450,^3^^0dark.tranquillit^3y,^1j^7awa,MOD_ROCKET_SPLASH,0.0,0.0,88.19388580322266,2672.5419921875,127.0,225,85,255,340.0,24.0,223.0,,,49.0,0.0
tri_chase_BS_ctf4 (4).dm_26.dm_meta,8328800,8162750,,MOD_ROCKET_SPLASH,bad,True,0.14666666666666667,0.10666666666666667,0.0791225754766818,0.04082264447894734,00:02:48.100,^3^^0dark.tranquillit^3y,^4Blix,MOD_ROCKET_SPLASH,33.041900634765625,0.6608380079269409,72.12408447265625,2185.578369140625,138.0,215,405,173,522.0,211.0,381.0,,,670.0,382.0
tri_chase_BS_ctf4 (4).dm_26.dm_meta,8441950,8162750,,MOD_ROCKET_SPLASH,bad,False,0.15,0.21,0.14223257598116043,0.09181630669882057,00:04:41.250,^3^^0dark.tranquillit^3y,^4Blix,MOD_ROCKET_SPLASH,0.0,0.0,28.119516372680664,852.1065673828125,149.0,238,117,511,397.0,11.0,245.0,,,223.0,64.0
tri_chase_BS_ctf4 (4).dm_26.dm_meta,8448700,8162750,,MOD_ROCKET_SPLASH,bad,False,0.11,0.18666666666666668,0.1848514470001303,0.041756440682399615,00:04:48.000,^3^^0dark.tranquillit^3y,,MOD_ROCKET_SPLASH,7.49025297164917,0.14980505406856537,40.57050704956055,1229.4093017578125,162.0,227,55,277,639.0,154.0,282.0,,,303.0,0.0
tri_chase_BS_ctf4 (4).dm_26.dm_meta,8514200,8162750,,MOD_TRIP_MINE_SPLASH,bad,False,,,,,00:05:53.500,^3^^0dark.tranquillit^3y,^4b^5S^7.^4L^7o^5nd^7o^4n,MOD_TRIP_MINE_SPLASH,21.2305850982666,0.032662440091371536,23.301485061645508,706.1055908203125,223.0,287,571,373,431.0,633.0,319.0,,,379.0,322.0
tri_chase_BS_ctf4 (4).dm_26.dm_meta,8550800,8162750,,MOD_ROCKET_SPLASH,bad,False,0.15666666666666668,0.17333333333333334,0.1376807542865967,0.1471107785143672,00:06:30.100,^3^^0dark.tranquillit^3y,^1j^7awa,MOD_ROCKET_SPLASH,8.264585494995117,0.08264585584402084,22.133100509643555,670.7000122070312,124.0,432,5,420,410.0,209.0,300.0,,,262.0,0.0
tri_chase_BS_ctf4 (4).dm_26.dm_meta,8645650,8162750,,MOD_REPEATER_ALT_SPLASH,bad,False,0.31333333333333335,0.28,0.11217409079296611,0.17305324669049227,00:08:04.950,^3^^0dark.tranquillit^3y,^4b^5S^7.^4L^7o^5nd^7o^4n,MOD_REPEATER_ALT_SPLASH,6.31085205078125,0.06310851871967316,6.31085205078125,191.23794555664062,73.0,30,65,372,444.0,122.0,312.0,,,520.0,395.0
tri_chase_BS_ctf4 (4).dm_26.dm_meta,8657200,8162750,,MOD_REPEATER_ALT_SPLASH,bad,True,0.16666666666666666,0.20666666666666667,0.12486491802752764,0.04246403691801699,00:08:16.500,^3^^0dark.tranquillit^3y,^1j^7awa,MOD_REPEATER_ALT_SPLASH,22.60068130493164,0.45201361179351807,154.4739990234375,4681.0302734375,64.0,145,54,238,259.0,40.0,265.0,,,99.0,23.0
tri_chase_BS_ctf4 (4).dm_26.dm_meta,8663900,8162750,,MOD_ROCKET_SPLASH,bad,True,0.18333333333333332,0.20333333333333334,0.04974340694689521,0.05340225155185409,00:08:23.200,^3^^0dark.tranquillit^3y,^3^^0dark.tranquillit^3y,MOD_ROCKET_SPLASH,100.020263671875,0.5001013278961182,108.79463195800781,3296.80712890625,0.0,234,112,187,234.0,112.0,187.0,,,0.0,0.0
tri_chase_BS_ctf4 (4).dm_26.dm_meta,8695700,8162750,,MOD_BRYAR_PISTOL_ALT,bad,False,0.32666666666666666,0.32,0.3466192501606953,0.03954068687694626,00:08:55.000,^3^^0dark.tranquillit^3y,^1j^7awa,MOD_BRYAR_PISTOL_ALT,8.67175006866455,0.057811666280031204,20.858556747436523,632.0774536132812,146.0,426,0,433,868.0,263.0,442.0,100.0,-2.0,832.0,113.0
tri_chase_BS_ctf4 (4).dm_26.dm_meta,8811500,8162750,,MOD_ROCKET,bad,False,0.10666666666666667,0.1,0.047716989506040364,0.011383002227200647,00:10:50.800,^3^^0dark.tranquillit^3y,^4b^5S^7.^4L^7o^5nd^7o^4n,MOD_ROCKET,0.6646728515625,0.013293457217514515,8.758694648742676,265.41497802734375,154.0,13,15,220,494.0,76.0,59.0,200.0,-8.0,4.0,0.0
tri_chase_BS_ctf4 (4).dm_26.dm_meta,8925550,8162750,,MOD_ROCKET_SPLASH,bad,True,0.16333333333333333,0.11666666666666667,0.04121946571680179,0.06678270450916043,00:12:44.850,^3^^0dark.tranquillit^3y,^4b^5S^7.^4L^7o^5nd^7o^4n,MOD_ROCKET_SPLASH,169.02687072753906,0.482933908700943,174.91407775878906,5300.4267578125,200.0,447,105,640,173.0,108.0,284.0,,,51.0,1.0
tri_chase_BS_ctf4 (4).dm_26.dm_meta,8946650,8162750,,MOD_ROCKET_SPLASH,bad,True,0.23,0.14666666666666667,0.06077480920622118,0.02252767499252645,00:13:05.950,^3^^0dark.tranquillit^3y,^1j^7awa,MOD_ROCKET_SPLASH,55.27085876464844,0.11054171621799469,61.517276763916016,1864.159912109375,117.0,502,549,484,113.0,1041.0,349.0,,,215.0,213.0
tri_chase_BS_ctf4 (4).dm_26.dm_meta,8968850,8162750,,MOD_REPEATER_ALT,bad,True,0.18,0.09333333333333334,0.0002747935227790056,0.008935729785566055,00:13:28.150,^3^^0dark.tranquillit^3y,^1j^7awa,MOD_REPEATER_ALT,104.04371643066406,0.3468123972415924,131.05081176757812,3971.23681640625,31.0,232,94,373,101.0,154.0,240.0,,,25.0,0.0
tri_chase_BS_ctf4 (4).dm_26.dm_meta,9091950,8162750,,MOD_DET_PACK_SPLASH,bad,True,,,,,00:15:31.250,^3^^0dark.tranquillit^3y,^1j^7awa,MOD_DET_PACK_SPLASH,0.0,0.0,32.350555419921875,980.3198852539062,93.0,932,228,335,344.0,122.0,177.0,,,68.0,9.0
tri_chase_BS_ctf4 (4).dm_26.dm_meta,9091950,8162750,,MOD_DET_PACK_SPLASH,bad,True,,,,,00:15:31.250,^3^^0dark.tranquillit^3y,^4b^5S^7.^4L^7o^5nd^7o^4n,MOD_DET_PACK_SPLASH,0.0,0.0,32.350555419921875,980.3198852539062,71.0,932,228,335,646.0,299.0,447.0,,,193.0,26.0
tri_chase_BS_ctf4 (4).dm_26.dm_meta,9155100,8162750,,MOD_TRIP_MINE_SPLASH,bad,False,,,,,00:16:34.400,^3^^0dark.tranquillit^3y,^1j^7awa,MOD_TRIP_MINE_SPLASH,0.0,0.0,35.588829040527344,1078.4493408203125,117.0,410,82,525,527.0,37.0,452.0,,,85.0,14.0
tri_chase_BS_ctf4 (4).dm_26.dm_meta,9200450,8162750,,MOD_ROCKET_SPLASH,bad,True,0.14666666666666667,0.09,0.04963114888567548,0.027419864182155394,00:17:19.750,^3^^0dark.tranquillit^3y,^1j^7awa,MOD_ROCKET_SPLASH,3.3123779296875,0.02208251878619194,4.788454532623291,145.1046905517578,285.0,316,710,568,523.0,380.0,290.0,,,1904.0,1883.0
tri_chase_BS_ctf4 (4).dm_26.dm_meta,9267600,8162750,,MOD_ROCKET_SPLASH,bad,False,0.44,0.49,0.12663649934309099,0.16559308886083712,00:18:26.900,^3^^0dark.tranquillit^3y,^3^^0dark.tranquillit^3y,MOD_ROCKET_SPLASH,4.520243167877197,0.030134953558444977,66.66983032226562,2020.2978515625,0.0,337,115,171,337.0,115.0,171.0,,,0.0,0.0
tri_chase_BS_ctf4 (4).dm_26.dm_meta,9376500,8162750,,MOD_FALLING,bad,True,,,,,00:20:15.800,^3^^0dark.tranquillit^3y,^4b^5S^7.^4L^7o^5nd^7o^4n,MOD_FALLING,0.0,0.0,179.2021484375,5430.3681640625,,451,0,230,,,,,,,
tri_chase_BS_ctf4 (4).dm_26.dm_meta,9450400,8162750,,MOD_REPEATER_ALT_SPLASH,bad,True,0.32666666666666666,0.33,0.0772796870760366,0.28712233367493606,00:21:29.700,^3^^0dark.tranquillit^3y,^1j^7awa,MOD_REPEATER_ALT_SPLASH,48.194244384765625,0.19277697801589966,58.27373504638672,1765.8707275390625,83.0,248,136,293,6.0,271.0,197.0,,,5.0,5.0
tri_chase_ctf_manaan_015_smooth.dm_26.dm_meta,5729000,5710200,,MOD_ROCKET_SPLASH,bad,True,0.20666666666666667,0.16,0.22646083346413046,0.09828574261777569,00:00:21.300,,^7t^4u^7rk^4ey,MOD_ROCKET_SPLASH,0.0,0.0,195.09771728515625,5912.05224609375,188.0,422,495,496,591.0,951.0,499.0,,,302.0,246.0
tri_chase_ctf_manaan_015_smooth.dm_26.dm_meta,5787500,5710200,,MOD_REPEATER_ALT_SPLASH,bad,False,0.25,0.3,0.316739923203292,0.34575738662640954,00:01:19.800,,^1.^7Gram^1Pa,MOD_REPEATER_ALT_SPLASH,0.0,0.0,114.54174041748047,3470.9619140625,421.0,287,264,260,337.0,150.0,475.0,,,298.0,117.0
tri_chase_ctf_manaan_015_smooth.dm_26.dm_meta,5841500,5710200,,MOD_FALLING,bad,True,,,,,00:02:13.800,,^7t^4u^7rk^4ey,MOD_FALLING,114.98812866210938,0.2874703109264374,114.98812866210938,3484.48876953125,1836.0,436,0,304,24.0,60.0,61.0,,,64.0,59.0
tri_chase_ctf_manaan_015_smooth.dm_26.dm_meta,5869500,5710200,,MOD_ROCKET,bad,False,0.31,0.4066666666666667,0.2932752583742743,0.2684994058094821,00:02:41.800,,^1.^7Gram^1Pa,MOD_ROCKET,1.5250531435012817,0.015250531025230885,19.51494789123535,591.362060546875,615.0,233,100,281,625.0,179.0,210.0,700.0,14.0,234.0,23.0
tri_chase_ctf_manaan_015_smooth.dm_26.dm_meta,5919450,5710200,,MOD_FALLING,bad,False,,,,,00:03:31.750,,^7t^4u^7rk^4ey,MOD_FALLING,2.5791735649108887,0.008597245439887047,121.18412780761719,3672.246337890625,1531.0,611,210,542,24.0,60.0,62.0,,,90.0,84.0
tri_chase_ctf_manaan_015_smooth.dm_26.dm_meta,5983400,5710200,,MOD_ROCKET_SPLASH,bad,False,0.15666666666666668,0.23,0.39552539585117763,0.23896950889311816,00:04:35.700,,^7t^4u^7rk^4ey,MOD_ROCKET_SPLASH,1.2922953367233276,0.005169181153178215,23.111635208129883,700.3526000976562,583.0,299,124,433,437.0,102.0,426.0,,,125.0,2.0
tri_chase_ctf_manaan_015_smooth.dm_26.dm_meta,6027150,5710200,,MOD_ROCKET,bad,False,0.01,0.04,0.04097612859691038,0.007008230371083936,00:05:19.450,,^7t^4u^7rk^4ey,MOD_ROCKET,7.66064977645874,0.030642598867416382,87.2364730834961,2643.529541015625,49.0,401,75,649,557.0,277.0,306.0,,,150.0,63.0
tri_chase_ctf_manaan_015_smooth.dm_26.dm_meta,6055950,5710200,,MOD_FLECHETTE,bad,True,,,,,00:05:48.250,,^1.^7Gram^1Pa,MOD_FLECHETTE,0.0,0.0,178.8847198486328,5420.7490234375,498.0,556,70,565,643.0,14.0,692.0,150.0,-7.0,46.0,0.0
tri_chase_ctf_manaan_015_smooth.dm_26.dm_meta,6078550,5710200,,MOD_ROCKET_SPLASH,bad,False,0.17666666666666667,0.13333333333333333,0.11832872477310896,0.04795394510943304,00:06:10.850,,^7t^4u^7rk^4ey,MOD_ROCKET_SPLASH,6.814369201660156,0.034071847796440125,23.3712215423584,708.2188110351562,128.0,386,0,757,358.0,116.0,199.0,,,120.0,0.0
tri_chase_ctf_manaan_015_smooth.dm_26.dm_meta,6103550,5710200,,MOD_TRIP_MINE_SPLASH,bad,True,,,,,00:06:35.850,,^7t^4u^7rk^4ey,MOD_TRIP_MINE_SPLASH,0.0,0.0,178.97206115722656,5423.39599609375,97.0,559,0,531,247.0,188.0,329.0,,,27.0,9.0
tri_chase_ctf_manaan_015_smooth.dm_26.dm_meta,6124850,5710200,,MOD_FLECHETTE,bad,False,,,,,00:06:57.150,,^7t^4u^7rk^4ey,MOD_FLECHETTE,14.127445220947266,0.04709148406982422,52.032012939453125,1576.7276611328125,470.0,428,0,525,745.0,132.0,585.0,100.0,5.0,258.0,54.0
tri_chase_ctf_manaan_015_smooth.dm_26.dm_meta,6146900,5710200,,MOD_FALLING,bad,False,,,,,00:07:19.200,,^7t^4u^7rk^4ey,MOD_FALLING,19.644691467285156,0.07857876271009445,45.25883483886719,1371.4798583984375,970.0,592,63,460,21.0,60.0,61.0,,,70.0,66.0
tri_chase_ctf_manaan_015_smooth.dm_26.dm_meta,6229650,5710200,,MOD_ROCKET_SPLASH,bad,False,0.11333333333333333,0.14333333333333334,0.20911639093058076,0.15295859418515478,00:08:41.950,,^7t^4u^7rk^4ey,MOD_ROCKET_SPLASH,0.0,0.0,24.530309677124023,743.3427124023438,265.0,285,8,511,250.0,90.0,427.0,,,66.0,0.0
tri_chase_ctf_manaan_015_smooth.dm_26.dm_meta,6251550,5710200,,MOD_ROCKET_SPLASH,bad,False,0.1,0.2,0.1597183745311842,0.13445272725864296,00:09:03.850,,^7t^4u^7rk^4ey,MOD_ROCKET_SPLASH,15.432453155517578,0.015432452782988548,29.880373001098633,905.4658813476562,184.0,349,79,475,648.0,402.0,315.0,,,532.0,47.0
tri_chase_ctf_manaan_015_smooth.dm_26.dm_meta,6265650,5710200,,MOD_REPEATER_ALT_SPLASH,bad,False,0.20333333333333334,0.33,0.1841348698847619,0.13991661571898684,00:09:17.950,,^7t^4u^7rk^4ey,MOD_REPEATER_ALT_SPLASH,3.1519274711608887,0.02101285010576248,42.42463302612305,1285.594970703125,164.0,320,0,177,294.0,194.0,331.0,,,225.0,54.0
tri_chase_ctf_manaan_015_smooth.dm_26.dm_meta,6306450,5710200,,MOD_TRIP_MINE_SPLASH,bad,False,,,,,00:09:58.750,,^1.^7Gram^1Pa,MOD_TRIP_MINE_SPLASH,0.0,0.0,41.316810607910156,1252.0245361328125,303.0,510,87,403,248.0,289.0,380.0,,,104.0,45.0
tri_chase_ctf_manaan_015_smooth.dm_26.dm_meta,6329150,5710200,,MOD_TRIP_MINE_SPLASH,bad,False,,,,,00:10:21.450,,^7t^4u^7rk^4ey,MOD_TRIP_MINE_SPLASH,35.894344329833984,0.042228639125823975,69.94806671142578,2119.638427734375,51.0,481,111,245,290.0,292.0,676.0,,,19.0,0.0
tri_chase_ctf_manaan_015_smooth.dm_26.dm_meta,6479700,5710200,,MOD_BRYAR_PISTOL_ALT,bad,False,0.29,0.33666666666666667,0.13635713506447786,0.018193702828663415,00:12:52.000,,^7t^4u^7rk^4ey,MOD_BRYAR_PISTOL_ALT,21.89061737060547,0.08756247162818909,119.5084457397461,3621.468017578125,173.0,436,279,693,590.0,20.0,375.0,150.0,30.0,401.0,204.0
tri_chase_ctf_manaan_015_smooth.dm_26.dm_meta,6499550,5710200,,MOD_ROCKET_SPLASH,bad,False,0.23333333333333334,0.23,0.33266019184255624,0.12705640532281093,00:13:11.850,,^7t^4u^7rk^4ey,MOD_ROCKET_SPLASH,0.0,0.0,95.85942840576172,2904.831298828125,133.0,357,0,321,1076.0,309.0,669.0,,,297.0,10.0
tri_chase_ctf_manaan_015_smooth.dm_26.dm_meta,6505950,5710200,,MOD_ROCKET_SPLASH,bad,True,0.08666666666666667,0.09333333333333334,0.15230753584014947,0.05085541491235547,00:13:18.250,,^1.^7Gram^1Pa,MOD_ROCKET_SPLASH,51.58739471435547,0.20634958148002625,52.31103515625,1585.182861328125,201.0,285,51,278,558.0,185.0,351.0,,,162.0,27.0
tri_chase_ctf_manaan_015_smooth.dm_26.dm_meta,6557250,5710200,,MOD_REPEATER_ALT_SPLASH,bad,False,0.24666666666666667,0.30333333333333334,0.6780343603491834,0.22187217165644557,00:14:09.550,,^1.^7Gram^1Pa,MOD_REPEATER_ALT_SPLASH,0.0,0.0,17.061321258544922,517.009765625,928.0,327,66,365,387.0,202.0,711.0,,,72.0,26.0
tri_chase_ctf_manaan_015_smooth.dm_26.dm_meta,6559550,5710200,,MOD_REPEATER_ALT_SPLASH,bad,False,0.27,0.34,0.135732317474087,0.18207253824056005,00:14:11.850,,jc,MOD_REPEATER_ALT_SPLASH,0.0,0.0,37.29538345336914,1130.1630859375,92.0,129,105,336,160.0,222.0,265.0,,,75.0,28.0
tri_chase_ctf_manaan_015_smooth.dm_26.dm_meta,6648550,5710200,,MOD_ROCKET,bad,True,0.11333333333333333,0.09333333333333334,0.007263940297699776,0.005990181702866193,00:15:40.850,,^1.^7Gram^1Pa,MOD_ROCKET,2.5984060764312744,0.05196812003850937,173.0184326171875,5242.98291015625,65.0,611,79,681,456.0,472.0,416.0,200.0,-70.0,22.0,8.0
tri_chase_ctf_manaan_015_smooth.dm_26.dm_meta,6657450,5710200,,MOD_FALLING,bad,True,,,,,00:15:49.750,,jc,MOD_FALLING,37.96677017211914,0.08437059819698334,141.48104858398438,4287.3046875,5918.0,425,0,6078,0.0,60.0,54.0,,,60.0,60.0
tri_chase_ctf_manaan_015_smooth.dm_26.dm_meta,6691900,5710200,,MOD_FLECHETTE,bad,False,,,,,00:16:24.200,,^7t^4u^7rk^4ey,MOD_FLECHETTE,16.652233123779297,0.047577809542417526,27.998355865478516,848.43505859375,306.0,428,0,639,738.0,303.0,631.0,50.0,0.0,123.0,28.0
tri_chase_ctf_manaan_015_smooth.dm_26.dm_meta,6710300,5710200,,MOD_FALLING,bad,True,,,,,00:16:42.600,,^1.^7Gram^1Pa,MOD_FALLING,172.1399688720703,0.8606998324394226,172.1399688720703,5216.36279296875,3221.0,16,162,2111,18.0,60.0,57.0,,,62.0,60.0
tri_chase_ctf_manaan_015_smooth.dm_26.dm_meta,6746500,5710200,,MOD_REPEATER_ALT_SPLASH,bad,False,0.33,0.31666666666666665,0.1873445731744449,0.42777300342197566,00:17:18.800,,^7t^4u^7rk^4ey,MOD_REPEATER_ALT_SPLASH,7.4676432609558105,0.02133612334728241,19.710432052612305,597.2858276367188,428.0,781,253,799,708.0,500.0,611.0,,,971.0,641.0
tri_chase_ctf_manaan_015_smooth.dm_26.dm_meta,6787700,5710200,,MOD_FLECHETTE_ALT_SPLASH,bad,True,0.16333333333333333,0.08,0.17910260493468086,0.09655012976850219,00:18:00.000,,^1.^7Gram^1Pa,MOD_FLECHETTE_ALT_SPLASH,24.40576171875,0.24405761063098907,155.5894775390625,4714.83251953125,148.0,755,34,177,447.0,24.0,293.0,,,55.0,0.0
tri_chase_ctf_manaan_015_smooth.dm_26.dm_meta,6787700,5710200,,MOD_TRIP_MINE_SPLASH,bad,True,,,,,00:18:00.000,,jc,MOD_TRIP_MINE_SPLASH,24.40576171875,0.24405761063098907,155.5894775390625,4714.83251953125,95.0,755,34,177,609.0,255.0,170.0,,,835.0,318.0
tri_chase_ctf_manaan_015_smooth.dm_26.dm_meta,6811400,5710200,,MOD_ROCKET_SPLASH,bad,False,0.11666666666666667,0.11333333333333333,0.07850387928548655,0.07897646430272688,00:18:23.700,,^1.^7Gram^1Pa,MOD_ROCKET_SPLASH,2.567430019378662,0.017116200178861618,30.238624572753906,916.3219604492188,110.0,296,193,538,254.0,251.0,344.0,,,893.0,776.0
tri_chase_ctf_manaan_015_smooth.dm_26.dm_meta,6836100,5710200,,MOD_ROCKET,bad,True,0.19666666666666666,0.21666666666666667,0.052184756109072986,0.03212227109083423,00:18:48.400,,^7t^4u^7rk^4ey,MOD_ROCKET,62.506038665771484,0.15626509487628937,79.85525512695312,2419.856201171875,226.0,737,0,826,645.0,95.0,555.0,300.0,-16.0,380.0,53.0
tri_chase_ctf_manaan_015_smooth.dm_26.dm_meta,6859400,5710200,,MOD_ROCKET_SPLASH,bad,False,0.26,0.23,0.2366688688447101,0.18171064702476525,00:19:11.700,,^1.^7Gram^1Pa,MOD_ROCKET_SPLASH,0.41748046875,0.0041748047806322575,55.65277862548828,1686.4478759765625,185.0,146,4,92,463.0,223.0,316.0,,,286.0,0.0
tri_chase_ctf_manaan_015_smooth.dm_26.dm_meta,6863200,5710200,,MOD_TRIP_MINE_SPLASH,bad,False,,,,,00:19:15.500,,^^0/^4aL^7cA^5tr^7a^4Z^5/,MOD_TRIP_MINE_SPLASH,0.6317138671875,0.006317138671875,40.87874221801758,1238.749755859375,250.0,66,176,265,247.0,65.0,268.0,,,85.0,12.0
tri_chase_ctf_manaan_015_smooth.dm_26.dm_meta,6863200,5710200,,MOD_TRIP_MINE_SPLASH,bad,False,,,,,00:19:15.500,,^7t^4u^7rk^4ey,MOD_TRIP_MINE_SPLASH,0.6317138671875,0.006317138671875,40.87874221801758,1238.749755859375,331.0,66,176,265,700.0,244.0,231.0,,,371.0,43.0
tri_chase_ctf_manaan_015_smooth.dm_26.dm_meta,6896750,5710200,,MOD_REPEATER_ALT_SPLASH,bad,False,0.30333333333333334,0.31666666666666665,0.3074824039058028,0.2587022377921688,00:19:49.050,,^1.^7Gram^1Pa,MOD_REPEATER_ALT_SPLASH,0.0,0.0,126.47242736816406,3832.497802734375,188.0,249,6,360,630.0,423.0,581.0,,,185.0,92.0
whoracle_vs_bS_corellia_pov_tri_(2006-02-27).dm_26.dm_meta,26998600,26972200,28179900.0,MOD_DET_PACK_SPLASH,bad,True,,,,,00:00:29.150,,^4b^5S^7.^4L^7o^5nd^7o^4n,MOD_DET_PACK_SPLASH,0.0,0.0,178.2720947265625,5402.1845703125,272.0,0,0,687,1014.0,182.0,251.0,,,209.0,41.0
whoracle_vs_bS_corellia_pov_tri_(2006-02-27).dm_26.dm_meta,27062200,26972200,28179900.0,MOD_ROCKET_SPLASH,bad,True,0.18,0.13666666666666666,0.09200370741289934,0.10141809544610962,00:01:32.750,,^3b^7S^3.^7breath^3e,MOD_ROCKET_SPLASH,0.0,0.0,62.8753547668457,1905.3138427734375,137.0,960,443,914,467.0,198.0,378.0,,,287.0,71.0
whoracle_vs_bS_corellia_pov_tri_(2006-02-27).dm_26.dm_meta,27220150,26972200,28179900.0,MOD_CONC,bad,True,,,,,00:04:10.700,,^4b^7S^4.^7f^4m,MOD_CONC,73.11800384521484,0.18279500305652618,73.11800384521484,2215.697021484375,198.0,220,3,411,789.0,183.0,583.0,,,520.0,20.0
whoracle_vs_bS_corellia_pov_tri_(2006-02-27).dm_26.dm_meta,27372950,26972200,28179900.0,MOD_REPEATER_ALT_SPLASH,bad,False,0.10333333333333333,0.11,0.11014592397594723,0.06006326189579499,00:06:43.500,,^4b^5S^7.^4L^7o^5nd^7o^4n,MOD_REPEATER_ALT_SPLASH,7.4131669998168945,0.04942111298441887,18.04189682006836,546.72412109375,113.0,484,23,538,338.0,111.0,342.0,,,392.0,232.0
whoracle_vs_bS_corellia_pov_tri_(2006-02-27).dm_26.dm_meta,27386750,26972200,28179900.0,MOD_DET_PACK_SPLASH,bad,False,,,,,00:06:57.300,,^4b^5S^7.^4L^7o^5nd^7o^4n,MOD_DET_PACK_SPLASH,0.0,0.0,60.9476432800293,1846.8983154296875,288.0,34,2,57,695.0,193.0,638.0,,,280.0,22.0
whoracle_vs_bS_corellia_pov_tri_(2006-02-27).dm_26.dm_meta,27411200,26972200,28179900.0,MOD_DET_PACK_SPLASH,bad,False,,,,,00:07:21.750,,,MOD_DET_PACK_SPLASH,0.0,0.0,21.9451904296875,665.0057983398438,585.0,283,299,317,552.0,473.0,174.0,,,1052.0,404.0
whoracle_vs_bS_corellia_pov_tri_(2006-02-27).dm_26.dm_meta,27471500,26972200,28179900.0,MOD_TRIP_MINE_SPLASH,bad,False,,,,,00:08:22.050,,^4b^5S^7.^4L^7o^5nd^7o^4n,MOD_TRIP_MINE_SPLASH,2.365513563156128,0.023655135184526443,27.225318908691406,825.0096435546875,253.0,48,70,222,375.0,337.0,260.0,,,69.0,24.0
whoracle_vs_bS_corellia_pov_tri_(2006-02-27).dm_26.dm_meta,27560200,26972200,28179900.0,MOD_REPEATER_ALT_SPLASH,bad,True,0.20666666666666667,0.18,0.09345471326902727,0.14494796312896135,00:09:50.750,,^4b^7S^4.^7f^4m,MOD_REPEATER_ALT_SPLASH,50.50104522705078,0.08416841179132462,51.863468170166016,1571.6202392578125,97.0,204,52,482,466.0,476.0,478.0,,,658.0,428.0
whoracle_vs_bS_corellia_pov_tri_(2006-02-27).dm_26.dm_meta,27631800,26972200,28179900.0,MOD_REPEATER_ALT_SPLASH,bad,False,0.056666666666666664,0.08333333333333333,0.07604675290929422,0.02855352415840878,00:11:02.350,,^4b^7S^4.^7f^4m,MOD_REPEATER_ALT_SPLASH,7.783797740936279,0.1556759476661682,116.5689926147461,3532.393798828125,97.0,129,121,339,384.0,309.0,341.0,,,1562.0,1446.0
whoracle_vs_bS_corellia_pov_tri_(2006-02-27).dm_26.dm_meta,27745300,26972200,28179900.0,MOD_REPEATER_ALT_SPLASH,bad,False,0.22,0.3,0.12082248977452335,0.114459544293533,00:12:55.850,,^4b^5S^7.^4L^7o^5nd^7o^4n,MOD_REPEATER_ALT_SPLASH,14.527626037597656,0.041507501155138016,73.34483337402344,2222.57080078125,89.0,414,174,401,328.0,275.0,337.0,,,252.0,44.0
whoracle_vs_bS_corellia_pov_tri_(2006-02-27).dm_26.dm_meta,27759750,26972200,28179900.0,MOD_REPEATER_ALT_SPLASH,bad,True,0.17333333333333334,0.10333333333333333,0.0549929055886748,0.014096354739126491,00:13:10.300,,^4b^7S^4.^7f^4m,MOD_REPEATER_ALT_SPLASH,27.732187271118164,0.04266490414738655,36.71793746948242,1112.664794921875,46.0,672,777,715,561.0,38.0,261.0,,,68.0,13.0
whoracle_vs_bS_corellia_pov_tri_(2006-02-27).dm_26.dm_meta,27788150,26972200,28179900.0,MOD_REPEATER_ALT_SPLASH,bad,False,0.31333333333333335,0.33666666666666667,0.10484908580285651,0.08350604373855151,00:13:38.700,,^4b^7S^4.^7f^4m,MOD_REPEATER_ALT_SPLASH,37.872169494628906,0.058264877647161484,37.872169494628906,1147.6414794921875,116.0,185,81,369,237.0,57.0,248.0,,,111.0,38.0
whoracle_vs_bS_corellia_pov_tri_(2006-02-27).dm_26.dm_meta,27808900,26972200,28179900.0,MOD_REPEATER_ALT_SPLASH,bad,True,0.22666666666666666,0.2733333333333333,0.1065974695599412,0.0624679750951637,00:13:59.450,,^4b^5S^7.^4L^7o^5nd^7o^4n,MOD_REPEATER_ALT_SPLASH,75.19929504394531,0.16710954904556274,170.22329711914062,5158.28173828125,103.0,280,110,238,316.0,416.0,350.0,,,335.0,59.0
whoracle_vs_bS_corellia_pov_tri_(2006-02-27).dm_26.dm_meta,27825350,26972200,28179900.0,MOD_REPEATER_ALT_SPLASH,bad,True,0.08666666666666667,0.16666666666666666,0.0890603890548834,0.02138892584726209,00:14:15.900,,^4b^7S^4.^7f^4m,MOD_REPEATER_ALT_SPLASH,29.968097686767578,0.2996809780597687,50.05512237548828,1516.8218994140625,75.0,322,91,369,358.0,530.0,213.0,,,378.0,103.0
whoracle_vs_bS_corellia_pov_tri_(2006-02-27).dm_26.dm_meta,27851900,26972200,28179900.0,MOD_REPEATER_ALT,bad,True,0.20666666666666667,0.18333333333333332,0.006965211240920623,0.11925803988386978,00:14:42.450,,^4b^7S^4.^7f^4m,MOD_REPEATER_ALT,43.70307922363281,0.05827077105641365,43.93313980102539,1331.3072509765625,63.0,214,25,182,682.0,68.0,526.0,,,113.0,16.0
whoracle_vs_bS_corellia_pov_tri_(2006-02-27).dm_26.dm_meta,27893850,26972200,28179900.0,MOD_REPEATER_ALT,bad,False,0.22666666666666666,0.17666666666666667,0.011556889184163293,0.008607623093514172,00:15:24.400,,^4b^7S^4.^7f^4m,MOD_REPEATER_ALT,20.396984100341797,0.05827709659934044,28.810049057006836,873.0317993164062,41.0,380,505,515,112.0,140.0,355.0,50.0,12.0,59.0,51.0
whoracle_vs_bS_corellia_pov_tri_(2006-02-27).dm_26.dm_meta,27908600,26972200,28179900.0,MOD_REPEATER_ALT_SPLASH,bad,True,0.35,0.22333333333333333,0.11709445787041112,0.6438231908233485,00:15:39.150,,^4b^5S^7.^4L^7o^5nd^7o^4n,MOD_REPEATER_ALT_SPLASH,81.01465606689453,0.20253664255142212,148.73440551757812,4507.10302734375,281.0,332,75,368,137.0,81.0,189.0,,,128.0,93.0
whoracle_vs_bS_corellia_pov_tri_(2006-02-27).dm_26.dm_meta,27932350,26972200,28179900.0,MOD_REPEATER_ALT_SPLASH,bad,False,0.21333333333333335,0.3,0.169892734686109,0.21094450487421423,00:16:02.900,,^4b^5S^7.^4L^7o^5nd^7o^4n,MOD_REPEATER_ALT_SPLASH,0.0,0.0,55.967830657958984,1695.994873046875,146.0,328,158,327,200.0,407.0,403.0,,,37.0,32.0
whoracle_vs_bS_corellia_pov_tri_(2006-02-27).dm_26.dm_meta,27936400,26972200,28179900.0,MOD_ROCKET_SPLASH,bad,False,0.21666666666666667,0.18,0.12771427647675,0.06781514694313957,00:16:06.950,,,MOD_ROCKET_SPLASH,27.42902374267578,0.03047669306397438,35.86725997924805,1086.88671875,0.0,725,10,227,725.0,10.0,227.0,,,0.0,0.0
whoracle_vs_bS_corellia_pov_tri_(2006-02-27).dm_26.dm_meta,28058100,26972200,28179900.0,MOD_REPEATER_ALT_SPLASH,bad,False,0.21666666666666667,0.23,0.16415581601220436,0.21172634483563155,00:18:08.650,,^4b^7S^4.^7f^4m,MOD_REPEATER_ALT_SPLASH,10.466962814331055,0.013083703815937042,20.105607986450195,609.2608642578125,189.0,399,100,385,357.0,63.0,369.0,,,78.0,0.0
whoracle_vs_bS_corellia_pov_tri_(2006-02-27).dm_26.dm_meta,28113750,26972200,28179900.0,MOD_REPEATER_ALT_SPLASH,bad,True,0.1,0.12,0.1373984686565466,0.06100088736137609,00:19:04.300,,^4b^5S^7.^4L^7o^5nd^7o^4n,MOD_REPEATER_ALT_SPLASH,41.64774703979492,0.4164774715900421,123.53947448730469,3743.620361328125,113.0,231,45,193,404.0,185.0,447.0,,,217.0,28.0
